-- MySQL dump 10.19  Distrib 10.2.40-MariaDB, for Linux (x86_64)
--
-- Host: localhost    Database: ranger
-- ------------------------------------------------------
-- Server version	10.2.40-MariaDB-log

/*!40101 SET @OLD_CHARACTER_SET_CLIENT=@@CHARACTER_SET_CLIENT */;
/*!40101 SET @OLD_CHARACTER_SET_RESULTS=@@CHARACTER_SET_RESULTS */;
/*!40101 SET @OLD_COLLATION_CONNECTION=@@COLLATION_CONNECTION */;
/*!40101 SET NAMES utf8 */;
/*!40103 SET @OLD_TIME_ZONE=@@TIME_ZONE */;
/*!40103 SET TIME_ZONE='+00:00' */;
/*!40014 SET @OLD_UNIQUE_CHECKS=@@UNIQUE_CHECKS, UNIQUE_CHECKS=0 */;
/*!40014 SET @OLD_FOREIGN_KEY_CHECKS=@@FOREIGN_KEY_CHECKS, FOREIGN_KEY_CHECKS=0 */;
/*!40101 SET @OLD_SQL_MODE=@@SQL_MODE, SQL_MODE='NO_AUTO_VALUE_ON_ZERO' */;
/*!40111 SET @OLD_SQL_NOTES=@@SQL_NOTES, SQL_NOTES=0 */;

--
-- Temporary table structure for view `vx_trx_log`
--

DROP TABLE IF EXISTS `vx_trx_log`;
/*!50001 DROP VIEW IF EXISTS `vx_trx_log`*/;
SET @saved_cs_client     = @@character_set_client;
SET character_set_client = utf8;
/*!50001 CREATE TABLE `vx_trx_log` (
  `id` tinyint NOT NULL,
  `create_time` tinyint NOT NULL,
  `update_time` tinyint NOT NULL,
  `added_by_id` tinyint NOT NULL,
  `upd_by_id` tinyint NOT NULL,
  `class_type` tinyint NOT NULL,
  `object_id` tinyint NOT NULL,
  `parent_object_id` tinyint NOT NULL,
  `parent_object_class_type` tinyint NOT NULL,
  `attr_name` tinyint NOT NULL,
  `parent_object_name` tinyint NOT NULL,
  `object_name` tinyint NOT NULL,
  `prev_val` tinyint NOT NULL,
  `new_val` tinyint NOT NULL,
  `trx_id` tinyint NOT NULL,
  `action` tinyint NOT NULL,
  `sess_id` tinyint NOT NULL,
  `req_id` tinyint NOT NULL,
  `sess_type` tinyint NOT NULL
) ENGINE=MyISAM */;
SET character_set_client = @saved_cs_client;

--
-- Table structure for table `x_access_type_def`
--

DROP TABLE IF EXISTS `x_access_type_def`;
/*!40101 SET @saved_cs_client     = @@character_set_client */;
/*!40101 SET character_set_client = utf8 */;
CREATE TABLE `x_access_type_def` (
  `id` bigint(20) NOT NULL AUTO_INCREMENT,
  `guid` varchar(1024) DEFAULT NULL,
  `create_time` datetime DEFAULT NULL,
  `update_time` datetime DEFAULT NULL,
  `added_by_id` bigint(20) DEFAULT NULL,
  `upd_by_id` bigint(20) DEFAULT NULL,
  `def_id` bigint(20) NOT NULL,
  `item_id` bigint(20) NOT NULL,
  `name` varchar(1024) DEFAULT NULL,
  `label` varchar(1024) DEFAULT NULL,
  `rb_key_label` varchar(1024) DEFAULT NULL,
  `sort_order` int(11) DEFAULT 0,
  `datamask_options` varchar(1024) DEFAULT NULL,
  `rowfilter_options` varchar(1024) DEFAULT NULL,
  PRIMARY KEY (`id`),
  KEY `x_access_type_def_FK_added_by_id` (`added_by_id`),
  KEY `x_access_type_def_FK_upd_by_id` (`upd_by_id`),
  KEY `x_access_type_def_IDX_def_id` (`def_id`),
  CONSTRAINT `x_access_type_def_FK_added_by_id` FOREIGN KEY (`added_by_id`) REFERENCES `x_portal_user` (`id`),
  CONSTRAINT `x_access_type_def_FK_defid` FOREIGN KEY (`def_id`) REFERENCES `x_service_def` (`id`),
  CONSTRAINT `x_access_type_def_FK_upd_by_id` FOREIGN KEY (`upd_by_id`) REFERENCES `x_portal_user` (`id`)
) ENGINE=InnoDB AUTO_INCREMENT=213 DEFAULT CHARSET=utf8 ROW_FORMAT=DYNAMIC;
/*!40101 SET character_set_client = @saved_cs_client */;

--
-- Dumping data for table `x_access_type_def`
--

LOCK TABLES `x_access_type_def` WRITE;
/*!40000 ALTER TABLE `x_access_type_def` DISABLE KEYS */;
INSERT INTO `x_access_type_def` VALUES (1,NULL,'2022-05-16 13:23:59','2022-05-16 13:23:59',NULL,NULL,1,1,'read','Read',NULL,0,NULL,NULL),(2,NULL,'2022-05-16 13:23:59','2022-05-16 13:23:59',NULL,NULL,1,2,'write','Write',NULL,1,NULL,NULL),(3,NULL,'2022-05-16 13:23:59','2022-05-16 13:23:59',NULL,NULL,1,3,'execute','Execute',NULL,2,NULL,NULL),(4,NULL,'2022-05-16 13:24:00','2022-05-16 13:24:00',NULL,NULL,2,1,'read','Read',NULL,0,NULL,NULL),(5,NULL,'2022-05-16 13:24:00','2022-05-16 13:24:00',NULL,NULL,2,2,'write','Write',NULL,1,NULL,NULL),(6,NULL,'2022-05-16 13:24:00','2022-05-16 13:24:00',NULL,NULL,2,3,'create','Create',NULL,2,NULL,NULL),(7,NULL,'2022-05-16 13:24:00','2022-05-16 13:24:00',NULL,NULL,2,4,'admin','Admin',NULL,3,NULL,NULL),(8,NULL,'2022-05-16 13:24:00','2022-05-16 13:24:00',NULL,NULL,2,5,'execute','Execute',NULL,4,NULL,NULL),(9,NULL,'2022-05-16 13:24:00','2022-05-16 13:24:00',NULL,NULL,3,1,'select','select',NULL,0,'{\"itemId\":1,\"name\":\"select\",\"label\":\"select\",\"impliedGrants\":[]}','{\"itemId\":1,\"name\":\"select\",\"label\":\"select\",\"impliedGrants\":[]}'),(10,NULL,'2022-05-16 13:24:00','2022-05-16 13:24:00',NULL,NULL,3,2,'update','update',NULL,1,NULL,NULL),(11,NULL,'2022-05-16 13:24:00','2022-05-16 13:24:00',NULL,NULL,3,3,'create','Create',NULL,2,NULL,NULL),(12,NULL,'2022-05-16 13:24:00','2022-05-16 13:24:00',NULL,NULL,3,4,'drop','Drop',NULL,3,NULL,NULL),(13,NULL,'2022-05-16 13:24:00','2022-05-16 13:24:00',NULL,NULL,3,5,'alter','Alter',NULL,4,NULL,NULL),(14,NULL,'2022-05-16 13:24:00','2022-05-16 13:24:00',NULL,NULL,3,6,'index','Index',NULL,5,NULL,NULL),(15,NULL,'2022-05-16 13:24:00','2022-05-16 13:24:00',NULL,NULL,3,7,'lock','Lock',NULL,6,NULL,NULL),(16,NULL,'2022-05-16 13:24:00','2022-05-16 13:24:00',NULL,NULL,3,8,'all','All',NULL,7,NULL,NULL),(17,NULL,'2022-05-16 13:24:00','2022-05-16 13:24:00',NULL,NULL,3,9,'read','Read',NULL,8,NULL,NULL),(18,NULL,'2022-05-16 13:24:00','2022-05-16 13:24:00',NULL,NULL,3,10,'write','Write',NULL,9,NULL,NULL),(19,NULL,'2022-05-16 13:24:00','2022-05-16 13:24:00',NULL,NULL,3,11,'repladmin','ReplAdmin',NULL,10,NULL,NULL),(20,NULL,'2022-05-16 13:24:00','2022-05-16 13:24:00',NULL,NULL,3,12,'serviceadmin','Service Admin',NULL,11,NULL,NULL),(21,NULL,'2022-05-16 13:24:00','2022-05-16 13:24:00',NULL,NULL,3,13,'tempudfadmin','Temporary UDF Admin',NULL,12,NULL,NULL),(22,NULL,'2022-05-16 13:24:00','2022-05-16 13:24:00',NULL,NULL,3,14,'refresh','Refresh',NULL,13,NULL,NULL),(23,NULL,'2022-05-16 13:24:00','2022-05-16 13:24:00',NULL,NULL,3,15,'rwstorage','RW Storage',NULL,14,NULL,NULL),(24,NULL,'2022-05-16 13:24:00','2022-05-16 13:24:00',NULL,NULL,7,1,'create','Create',NULL,0,NULL,NULL),(25,NULL,'2022-05-16 13:24:00','2022-05-16 13:24:00',NULL,NULL,7,2,'delete','Delete',NULL,1,NULL,NULL),(26,NULL,'2022-05-16 13:24:00','2022-05-16 13:24:00',NULL,NULL,7,3,'rollover','Rollover',NULL,2,NULL,NULL),(27,NULL,'2022-05-16 13:24:00','2022-05-16 13:24:00',NULL,NULL,7,4,'setkeymaterial','Set Key Material',NULL,3,NULL,NULL),(28,NULL,'2022-05-16 13:24:00','2022-05-16 13:24:00',NULL,NULL,7,5,'get','Get',NULL,4,NULL,NULL),(29,NULL,'2022-05-16 13:24:00','2022-05-16 13:24:00',NULL,NULL,7,6,'getkeys','Get Keys',NULL,5,NULL,NULL),(30,NULL,'2022-05-16 13:24:00','2022-05-16 13:24:00',NULL,NULL,7,7,'getmetadata','Get Metadata',NULL,6,NULL,NULL),(31,NULL,'2022-05-16 13:24:00','2022-05-16 13:24:00',NULL,NULL,7,8,'generateeek','Generate EEK',NULL,7,NULL,NULL),(32,NULL,'2022-05-16 13:24:00','2022-05-16 13:24:00',NULL,NULL,7,9,'decrypteek','Decrypt EEK',NULL,8,NULL,NULL),(33,NULL,'2022-05-16 13:24:00','2022-05-16 13:24:00',NULL,NULL,5,1,'allow','Allow',NULL,0,NULL,NULL),(34,NULL,'2022-05-16 13:24:00','2022-05-16 13:24:00',NULL,NULL,4,1,'submit-app','submit-app',NULL,0,NULL,NULL),(35,NULL,'2022-05-16 13:24:00','2022-05-16 13:24:00',NULL,NULL,4,2,'admin-queue','admin-queue',NULL,1,NULL,NULL),(36,NULL,'2022-05-16 13:24:00','2022-05-16 13:24:00',NULL,NULL,9,1,'publish','Publish',NULL,0,NULL,NULL),(37,NULL,'2022-05-16 13:24:00','2022-05-16 13:24:00',NULL,NULL,9,2,'consume','Consume',NULL,1,NULL,NULL),(38,NULL,'2022-05-16 13:24:00','2022-05-16 13:24:00',NULL,NULL,9,5,'configure','Configure',NULL,2,NULL,NULL),(39,NULL,'2022-05-16 13:24:00','2022-05-16 13:24:00',NULL,NULL,9,6,'describe','Describe',NULL,3,NULL,NULL),(40,NULL,'2022-05-16 13:24:00','2022-05-16 13:24:00',NULL,NULL,9,7,'kafka_admin','Kafka Admin',NULL,4,NULL,NULL),(41,NULL,'2022-05-16 13:24:00','2022-05-16 13:24:01',NULL,NULL,9,8,'create','Create',NULL,5,NULL,NULL),(42,NULL,'2022-05-16 13:24:00','2022-05-16 13:24:01',NULL,NULL,9,9,'delete','Delete',NULL,6,NULL,NULL),(43,NULL,'2022-05-16 13:24:00','2022-05-16 13:24:01',NULL,NULL,9,10,'idempotent_write','Idempotent Write',NULL,7,NULL,NULL),(44,NULL,'2022-05-16 13:24:00','2022-05-16 13:24:01',NULL,NULL,9,11,'describe_configs','Describe Configs',NULL,8,NULL,NULL),(45,NULL,'2022-05-16 13:24:00','2022-05-16 13:24:01',NULL,NULL,9,12,'alter_configs','Alter Configs',NULL,9,NULL,NULL),(46,NULL,'2022-05-16 13:24:00','2022-05-16 13:24:01',NULL,NULL,9,13,'cluster_action','Cluster Action',NULL,10,NULL,NULL),(47,NULL,'2022-05-16 13:24:00','2022-05-16 13:24:01',NULL,NULL,9,14,'alter','Alter',NULL,11,NULL,NULL),(48,NULL,'2022-05-16 13:24:01','2022-05-16 13:24:01',NULL,NULL,8,100,'query','Query',NULL,0,NULL,NULL),(49,NULL,'2022-05-16 13:24:01','2022-05-16 13:24:01',NULL,NULL,8,200,'update','Update',NULL,1,NULL,NULL),(50,NULL,'2022-05-16 13:24:01','2022-05-16 13:24:01',NULL,NULL,8,300,'others','Others',NULL,2,NULL,NULL),(51,NULL,'2022-05-16 13:24:01','2022-05-16 13:24:01',NULL,NULL,8,900,'solr_admin','Solr Admin',NULL,3,NULL,NULL),(52,NULL,'2022-05-16 13:24:01','2022-05-16 13:24:01',NULL,NULL,202,1,'create','Create',NULL,0,NULL,NULL),(53,NULL,'2022-05-16 13:24:01','2022-05-16 13:24:01',NULL,NULL,202,2,'read','Read',NULL,1,NULL,NULL),(54,NULL,'2022-05-16 13:24:01','2022-05-16 13:24:01',NULL,NULL,202,3,'update','Update',NULL,2,NULL,NULL),(55,NULL,'2022-05-16 13:24:01','2022-05-16 13:24:01',NULL,NULL,202,4,'delete','Delete',NULL,3,NULL,NULL),(56,NULL,'2022-05-16 13:24:01','2022-05-16 13:24:01',NULL,NULL,10,100,'READ','Read',NULL,0,NULL,NULL),(57,NULL,'2022-05-16 13:24:01','2022-05-16 13:24:01',NULL,NULL,10,200,'WRITE','Write',NULL,1,NULL,NULL),(58,NULL,'2022-05-16 13:24:01','2022-05-16 13:24:01',NULL,NULL,13,100,'READ','Read',NULL,0,NULL,NULL),(59,NULL,'2022-05-16 13:24:01','2022-05-16 13:24:01',NULL,NULL,13,200,'WRITE','Write',NULL,1,NULL,NULL),(60,NULL,'2022-05-16 13:24:01','2022-05-16 13:24:01',NULL,NULL,13,300,'DELETE','Delete',NULL,2,NULL,NULL),(61,NULL,'2022-05-16 13:24:01','2022-05-16 13:24:01',NULL,NULL,15,1,'type-create','Create Type',NULL,0,NULL,NULL),(62,NULL,'2022-05-16 13:24:01','2022-05-16 13:24:01',NULL,NULL,15,2,'type-update','Update Type',NULL,1,NULL,NULL),(63,NULL,'2022-05-16 13:24:01','2022-05-16 13:24:01',NULL,NULL,15,3,'type-delete','Delete Type',NULL,2,NULL,NULL),(64,NULL,'2022-05-16 13:24:01','2022-05-16 13:24:01',NULL,NULL,15,4,'entity-read','Read Entity',NULL,3,NULL,NULL),(65,NULL,'2022-05-16 13:24:01','2022-05-16 13:24:01',NULL,NULL,15,5,'entity-create','Create Entity',NULL,4,NULL,NULL),(66,NULL,'2022-05-16 13:24:01','2022-05-16 13:24:01',NULL,NULL,15,6,'entity-update','Update Entity',NULL,5,NULL,NULL),(67,NULL,'2022-05-16 13:24:01','2022-05-16 13:24:01',NULL,NULL,15,7,'entity-delete','Delete Entity',NULL,6,NULL,NULL),(68,NULL,'2022-05-16 13:24:01','2022-05-16 13:24:01',NULL,NULL,15,8,'entity-add-classification','Add Classification',NULL,7,NULL,NULL),(69,NULL,'2022-05-16 13:24:01','2022-05-16 13:24:01',NULL,NULL,15,9,'entity-update-classification','Update Classification',NULL,8,NULL,NULL),(70,NULL,'2022-05-16 13:24:01','2022-05-16 13:24:01',NULL,NULL,15,10,'entity-remove-classification','Remove Classification',NULL,9,NULL,NULL),(71,NULL,'2022-05-16 13:24:01','2022-05-16 13:24:01',NULL,NULL,15,11,'admin-export','Admin Export',NULL,10,NULL,NULL),(72,NULL,'2022-05-16 13:24:01','2022-05-16 13:24:01',NULL,NULL,15,12,'admin-import','Admin Import',NULL,11,NULL,NULL),(73,NULL,'2022-05-16 13:24:01','2022-05-16 13:24:01',NULL,NULL,15,13,'add-relationship','Add Relationship',NULL,12,NULL,NULL),(74,NULL,'2022-05-16 13:24:01','2022-05-16 13:24:01',NULL,NULL,15,14,'update-relationship','Update Relationship',NULL,13,NULL,NULL),(75,NULL,'2022-05-16 13:24:01','2022-05-16 13:24:01',NULL,NULL,15,15,'remove-relationship','Remove Relationship',NULL,14,NULL,NULL),(76,NULL,'2022-05-16 13:24:01','2022-05-16 13:24:01',NULL,NULL,15,16,'admin-purge','Admin Purge',NULL,15,NULL,NULL),(77,NULL,'2022-05-16 13:24:01','2022-05-16 13:24:01',NULL,NULL,15,17,'entity-add-label','Add Label',NULL,16,NULL,NULL),(78,NULL,'2022-05-16 13:24:01','2022-05-16 13:24:01',NULL,NULL,15,18,'entity-remove-label','Remove Label',NULL,17,NULL,NULL),(79,NULL,'2022-05-16 13:24:01','2022-05-16 13:24:01',NULL,NULL,15,19,'entity-update-business-metadata','Update Business Metadata',NULL,18,NULL,NULL),(80,NULL,'2022-05-16 13:24:01','2022-05-16 13:24:01',NULL,NULL,15,20,'type-read','Read Type',NULL,19,NULL,NULL),(81,NULL,'2022-05-16 13:24:01','2022-05-16 13:24:01',NULL,NULL,15,21,'admin-audits','Admin Audits',NULL,20,NULL,NULL),(82,NULL,'2022-05-16 13:24:01','2022-05-16 13:24:01',NULL,NULL,201,8,'all','All',NULL,0,NULL,NULL),(83,NULL,'2022-05-16 13:24:01','2022-05-16 13:24:01',NULL,NULL,201,1,'read','Read',NULL,1,NULL,NULL),(84,NULL,'2022-05-16 13:24:01','2022-05-16 13:24:01',NULL,NULL,201,2,'write','Write',NULL,2,NULL,NULL),(85,NULL,'2022-05-16 13:24:01','2022-05-16 13:24:01',NULL,NULL,201,3,'create','Create',NULL,3,NULL,NULL),(86,NULL,'2022-05-16 13:24:01','2022-05-16 13:24:01',NULL,NULL,201,4,'list','List',NULL,4,NULL,NULL),(87,NULL,'2022-05-16 13:24:01','2022-05-16 13:24:01',NULL,NULL,201,5,'delete','Delete',NULL,5,NULL,NULL),(88,NULL,'2022-05-16 13:24:01','2022-05-16 13:24:01',NULL,NULL,201,6,'read_acl','Read_ACL',NULL,6,NULL,NULL),(89,NULL,'2022-05-16 13:24:01','2022-05-16 13:24:01',NULL,NULL,201,7,'write_acl','Write_ACL',NULL,7,NULL,NULL),(90,NULL,'2022-05-16 13:24:02','2022-05-16 13:24:02',NULL,NULL,104,1,'read','Read',NULL,0,NULL,NULL),(91,NULL,'2022-05-16 13:24:02','2022-05-16 13:24:02',NULL,NULL,104,2,'write','Write',NULL,1,NULL,NULL),(92,NULL,'2022-05-16 13:24:02','2022-05-16 13:24:02',NULL,NULL,104,3,'execute','Execute',NULL,2,NULL,NULL),(93,NULL,'2022-05-16 13:24:02','2022-05-16 13:24:02',NULL,NULL,104,4,'delete','Delete',NULL,3,NULL,NULL),(94,NULL,'2022-05-16 13:24:02','2022-05-16 13:24:02',NULL,NULL,104,5,'delete-recursive','Delete Recursive',NULL,4,NULL,NULL),(95,NULL,'2022-05-16 13:24:02','2022-05-16 13:24:02',NULL,NULL,104,6,'list','List',NULL,5,NULL,NULL),(96,NULL,'2022-05-16 13:24:02','2022-05-16 13:24:02',NULL,NULL,104,7,'move','Move',NULL,6,NULL,NULL),(97,NULL,'2022-05-16 13:24:02','2022-05-16 13:24:02',NULL,NULL,104,8,'modify-permissions','Modify Permissions',NULL,7,NULL,NULL),(98,NULL,'2022-05-16 13:24:02','2022-05-16 13:24:09',NULL,NULL,100,104105,'adls:read','Read',NULL,0,NULL,NULL),(99,NULL,'2022-05-16 13:24:02','2022-05-16 13:24:09',NULL,NULL,100,104106,'adls:write','Write',NULL,1,NULL,NULL),(100,NULL,'2022-05-16 13:24:02','2022-05-16 13:24:09',NULL,NULL,100,104107,'adls:execute','Execute',NULL,2,NULL,NULL),(101,NULL,'2022-05-16 13:24:02','2022-05-16 13:24:09',NULL,NULL,100,104108,'adls:delete','Delete',NULL,3,NULL,NULL),(102,NULL,'2022-05-16 13:24:02','2022-05-16 13:24:09',NULL,NULL,100,104109,'adls:delete-recursive','Delete Recursive',NULL,4,NULL,NULL),(103,NULL,'2022-05-16 13:24:02','2022-05-16 13:24:09',NULL,NULL,100,104110,'adls:list','List',NULL,5,NULL,NULL),(104,NULL,'2022-05-16 13:24:02','2022-05-16 13:24:09',NULL,NULL,100,104111,'adls:move','Move',NULL,6,NULL,NULL),(105,NULL,'2022-05-16 13:24:02','2022-05-16 13:24:09',NULL,NULL,100,104112,'adls:modify-permissions','Modify Permissions',NULL,7,NULL,NULL),(106,NULL,'2022-05-16 13:24:02','2022-05-16 13:24:02',NULL,NULL,105,1,'select','SELECT',NULL,0,NULL,NULL),(107,NULL,'2022-05-16 13:24:02','2022-05-16 13:24:02',NULL,NULL,105,2,'insert','INSERT',NULL,1,NULL,NULL),(108,NULL,'2022-05-16 13:24:02','2022-05-16 13:24:02',NULL,NULL,105,3,'update','UPDATE',NULL,2,NULL,NULL),(109,NULL,'2022-05-16 13:24:02','2022-05-16 13:24:02',NULL,NULL,105,4,'delete','DELETE',NULL,3,NULL,NULL),(110,NULL,'2022-05-16 13:24:02','2022-05-16 13:24:02',NULL,NULL,105,5,'alter','ALTER',NULL,4,NULL,NULL),(111,NULL,'2022-05-16 13:24:02','2022-05-16 13:24:02',NULL,NULL,105,6,'create','CREATE',NULL,5,NULL,NULL),(112,NULL,'2022-05-16 13:24:02','2022-05-16 13:24:02',NULL,NULL,105,7,'drop','DROP',NULL,6,NULL,NULL),(113,NULL,'2022-05-16 13:24:02','2022-05-16 13:24:02',NULL,NULL,105,8,'metadata','METADATA',NULL,7,NULL,NULL),(114,NULL,'2022-05-16 13:24:02','2022-05-16 13:24:02',NULL,NULL,105,9,'all','ALL',NULL,8,NULL,NULL),(115,NULL,'2022-05-16 13:24:02','2022-05-16 13:24:09',NULL,NULL,100,105106,'kudu:select','SELECT',NULL,8,NULL,NULL),(116,NULL,'2022-05-16 13:24:02','2022-05-16 13:24:09',NULL,NULL,100,105107,'kudu:insert','INSERT',NULL,9,NULL,NULL),(117,NULL,'2022-05-16 13:24:02','2022-05-16 13:24:09',NULL,NULL,100,105108,'kudu:update','UPDATE',NULL,10,NULL,NULL),(118,NULL,'2022-05-16 13:24:02','2022-05-16 13:24:09',NULL,NULL,100,105109,'kudu:delete','DELETE',NULL,11,NULL,NULL),(119,NULL,'2022-05-16 13:24:02','2022-05-16 13:24:09',NULL,NULL,100,105110,'kudu:alter','ALTER',NULL,12,NULL,NULL),(120,NULL,'2022-05-16 13:24:02','2022-05-16 13:24:09',NULL,NULL,100,105111,'kudu:create','CREATE',NULL,13,NULL,NULL),(121,NULL,'2022-05-16 13:24:02','2022-05-16 13:24:09',NULL,NULL,100,105112,'kudu:drop','DROP',NULL,14,NULL,NULL),(122,NULL,'2022-05-16 13:24:02','2022-05-16 13:24:09',NULL,NULL,100,105113,'kudu:metadata','METADATA',NULL,15,NULL,NULL),(123,NULL,'2022-05-16 13:24:02','2022-05-16 13:24:09',NULL,NULL,100,105114,'kudu:all','ALL',NULL,16,NULL,NULL),(124,NULL,'2022-05-16 13:24:02','2022-05-16 13:24:09',NULL,NULL,100,1002,'hdfs:read','Read',NULL,17,NULL,NULL),(125,NULL,'2022-05-16 13:24:02','2022-05-16 13:24:09',NULL,NULL,100,1003,'hdfs:write','Write',NULL,18,NULL,NULL),(126,NULL,'2022-05-16 13:24:02','2022-05-16 13:24:09',NULL,NULL,100,1004,'hdfs:execute','Execute',NULL,19,NULL,NULL),(127,NULL,'2022-05-16 13:24:02','2022-05-16 13:24:09',NULL,NULL,100,2003,'hbase:read','Read',NULL,20,NULL,NULL),(128,NULL,'2022-05-16 13:24:02','2022-05-16 13:24:09',NULL,NULL,100,2004,'hbase:write','Write',NULL,21,NULL,NULL),(129,NULL,'2022-05-16 13:24:02','2022-05-16 13:24:09',NULL,NULL,100,2005,'hbase:create','Create',NULL,22,NULL,NULL),(130,NULL,'2022-05-16 13:24:02','2022-05-16 13:24:09',NULL,NULL,100,2006,'hbase:admin','Admin',NULL,23,NULL,NULL),(131,NULL,'2022-05-16 13:24:02','2022-05-16 13:24:09',NULL,NULL,100,2007,'hbase:execute','Execute',NULL,24,NULL,NULL),(132,NULL,'2022-05-16 13:24:02','2022-05-16 13:24:09',NULL,NULL,100,3004,'hive:select','select',NULL,25,'{\"itemId\":3004,\"name\":\"hive:select\",\"label\":\"select\",\"impliedGrants\":[]}',NULL),(133,NULL,'2022-05-16 13:24:02','2022-05-16 13:24:09',NULL,NULL,100,3005,'hive:update','update',NULL,26,NULL,NULL),(134,NULL,'2022-05-16 13:24:02','2022-05-16 13:24:09',NULL,NULL,100,3006,'hive:create','Create',NULL,27,NULL,NULL),(135,NULL,'2022-05-16 13:24:02','2022-05-16 13:24:09',NULL,NULL,100,3007,'hive:drop','Drop',NULL,28,NULL,NULL),(136,NULL,'2022-05-16 13:24:02','2022-05-16 13:24:09',NULL,NULL,100,3008,'hive:alter','Alter',NULL,29,NULL,NULL),(137,NULL,'2022-05-16 13:24:02','2022-05-16 13:24:09',NULL,NULL,100,3009,'hive:index','Index',NULL,30,NULL,NULL),(138,NULL,'2022-05-16 13:24:02','2022-05-16 13:24:09',NULL,NULL,100,3010,'hive:lock','Lock',NULL,31,NULL,NULL),(139,NULL,'2022-05-16 13:24:02','2022-05-16 13:24:09',NULL,NULL,100,3011,'hive:all','All',NULL,32,NULL,NULL),(140,NULL,'2022-05-16 13:24:02','2022-05-16 13:24:09',NULL,NULL,100,3012,'hive:read','Read',NULL,33,NULL,NULL),(141,NULL,'2022-05-16 13:24:02','2022-05-16 13:24:09',NULL,NULL,100,3013,'hive:write','Write',NULL,34,NULL,NULL),(142,NULL,'2022-05-16 13:24:02','2022-05-16 13:24:09',NULL,NULL,100,3014,'hive:repladmin','ReplAdmin',NULL,35,NULL,NULL),(143,NULL,'2022-05-16 13:24:02','2022-05-16 13:24:09',NULL,NULL,100,3015,'hive:serviceadmin','Service Admin',NULL,36,NULL,NULL),(144,NULL,'2022-05-16 13:24:02','2022-05-16 13:24:09',NULL,NULL,100,3016,'hive:tempudfadmin','Temporary UDF Admin',NULL,37,NULL,NULL),(145,NULL,'2022-05-16 13:24:02','2022-05-16 13:24:09',NULL,NULL,100,3017,'hive:refresh','Refresh',NULL,38,NULL,NULL),(146,NULL,'2022-05-16 13:24:02','2022-05-16 13:24:09',NULL,NULL,100,3018,'hive:rwstorage','RW Storage',NULL,39,NULL,NULL),(147,NULL,'2022-05-16 13:24:02','2022-05-16 13:24:09',NULL,NULL,100,4005,'yarn:submit-app','submit-app',NULL,40,NULL,NULL),(148,NULL,'2022-05-16 13:24:02','2022-05-16 13:24:09',NULL,NULL,100,4006,'yarn:admin-queue','admin-queue',NULL,41,NULL,NULL),(149,NULL,'2022-05-16 13:24:02','2022-05-16 13:24:09',NULL,NULL,100,5006,'knox:allow','Allow',NULL,42,NULL,NULL),(150,NULL,'2022-05-16 13:24:02','2022-05-16 13:24:09',NULL,NULL,100,7008,'kms:create','Create',NULL,43,NULL,NULL),(151,NULL,'2022-05-16 13:24:02','2022-05-16 13:24:09',NULL,NULL,100,7009,'kms:delete','Delete',NULL,44,NULL,NULL),(152,NULL,'2022-05-16 13:24:02','2022-05-16 13:24:09',NULL,NULL,100,7010,'kms:rollover','Rollover',NULL,45,NULL,NULL),(153,NULL,'2022-05-16 13:24:02','2022-05-16 13:24:09',NULL,NULL,100,7011,'kms:setkeymaterial','Set Key Material',NULL,46,NULL,NULL),(154,NULL,'2022-05-16 13:24:02','2022-05-16 13:24:09',NULL,NULL,100,7012,'kms:get','Get',NULL,47,NULL,NULL),(155,NULL,'2022-05-16 13:24:02','2022-05-16 13:24:09',NULL,NULL,100,7013,'kms:getkeys','Get Keys',NULL,48,NULL,NULL),(156,NULL,'2022-05-16 13:24:02','2022-05-16 13:24:09',NULL,NULL,100,7014,'kms:getmetadata','Get Metadata',NULL,49,NULL,NULL),(157,NULL,'2022-05-16 13:24:02','2022-05-16 13:24:09',NULL,NULL,100,7015,'kms:generateeek','Generate EEK',NULL,50,NULL,NULL),(158,NULL,'2022-05-16 13:24:02','2022-05-16 13:24:09',NULL,NULL,100,7016,'kms:decrypteek','Decrypt EEK',NULL,51,NULL,NULL),(159,NULL,'2022-05-16 13:24:02','2022-05-16 13:24:09',NULL,NULL,100,8108,'solr:query','Query',NULL,52,NULL,NULL),(160,NULL,'2022-05-16 13:24:02','2022-05-16 13:24:09',NULL,NULL,100,8208,'solr:update','Update',NULL,53,NULL,NULL),(161,NULL,'2022-05-16 13:24:02','2022-05-16 13:24:09',NULL,NULL,100,8308,'solr:others','Others',NULL,54,NULL,NULL),(162,NULL,'2022-05-16 13:24:02','2022-05-16 13:24:09',NULL,NULL,100,8908,'solr:solr_admin','Solr Admin',NULL,55,NULL,NULL),(163,NULL,'2022-05-16 13:24:02','2022-05-16 13:24:09',NULL,NULL,100,9010,'kafka:publish','Publish',NULL,56,NULL,NULL),(164,NULL,'2022-05-16 13:24:02','2022-05-16 13:24:09',NULL,NULL,100,9011,'kafka:consume','Consume',NULL,57,NULL,NULL),(165,NULL,'2022-05-16 13:24:02','2022-05-16 13:24:09',NULL,NULL,100,9014,'kafka:configure','Configure',NULL,58,NULL,NULL),(166,NULL,'2022-05-16 13:24:02','2022-05-16 13:24:09',NULL,NULL,100,9015,'kafka:describe','Describe',NULL,59,NULL,NULL),(167,NULL,'2022-05-16 13:24:02','2022-05-16 13:24:09',NULL,NULL,100,9016,'kafka:kafka_admin','Kafka Admin',NULL,60,NULL,NULL),(168,NULL,'2022-05-16 13:24:02','2022-05-16 13:24:10',NULL,NULL,100,9017,'kafka:create','Create',NULL,61,NULL,NULL),(169,NULL,'2022-05-16 13:24:02','2022-05-16 13:24:10',NULL,NULL,100,9018,'kafka:delete','Delete',NULL,62,NULL,NULL),(170,NULL,'2022-05-16 13:24:02','2022-05-16 13:24:10',NULL,NULL,100,9019,'kafka:idempotent_write','Idempotent Write',NULL,63,NULL,NULL),(171,NULL,'2022-05-16 13:24:02','2022-05-16 13:24:10',NULL,NULL,100,9020,'kafka:describe_configs','Describe Configs',NULL,64,NULL,NULL),(172,NULL,'2022-05-16 13:24:02','2022-05-16 13:24:10',NULL,NULL,100,9021,'kafka:alter_configs','Alter Configs',NULL,65,NULL,NULL),(173,NULL,'2022-05-16 13:24:02','2022-05-16 13:24:10',NULL,NULL,100,9022,'kafka:cluster_action','Cluster Action',NULL,66,NULL,NULL),(174,NULL,'2022-05-16 13:24:02','2022-05-16 13:24:10',NULL,NULL,100,9023,'kafka:alter','Alter',NULL,67,NULL,NULL),(175,NULL,'2022-05-16 13:24:02','2022-05-16 13:24:10',NULL,NULL,100,10110,'nifi:READ','Read',NULL,68,NULL,NULL),(176,NULL,'2022-05-16 13:24:02','2022-05-16 13:24:10',NULL,NULL,100,10210,'nifi:WRITE','Write',NULL,69,NULL,NULL),(177,NULL,'2022-05-16 13:24:02','2022-05-16 13:24:10',NULL,NULL,100,13113,'nifi-registry:READ','Read',NULL,70,NULL,NULL),(178,NULL,'2022-05-16 13:24:02','2022-05-16 13:24:10',NULL,NULL,100,13213,'nifi-registry:WRITE','Write',NULL,71,NULL,NULL),(179,NULL,'2022-05-16 13:24:02','2022-05-16 13:24:10',NULL,NULL,100,13313,'nifi-registry:DELETE','Delete',NULL,72,NULL,NULL),(180,NULL,'2022-05-16 13:24:02','2022-05-16 13:24:10',NULL,NULL,100,15016,'atlas:type-create','Create Type',NULL,73,NULL,NULL),(181,NULL,'2022-05-16 13:24:02','2022-05-16 13:24:10',NULL,NULL,100,15017,'atlas:type-update','Update Type',NULL,74,NULL,NULL),(182,NULL,'2022-05-16 13:24:02','2022-05-16 13:24:10',NULL,NULL,100,15018,'atlas:type-delete','Delete Type',NULL,75,NULL,NULL),(183,NULL,'2022-05-16 13:24:02','2022-05-16 13:24:10',NULL,NULL,100,15019,'atlas:entity-read','Read Entity',NULL,76,NULL,NULL),(184,NULL,'2022-05-16 13:24:02','2022-05-16 13:24:10',NULL,NULL,100,15020,'atlas:entity-create','Create Entity',NULL,77,NULL,NULL),(185,NULL,'2022-05-16 13:24:02','2022-05-16 13:24:10',NULL,NULL,100,15021,'atlas:entity-update','Update Entity',NULL,78,NULL,NULL),(186,NULL,'2022-05-16 13:24:02','2022-05-16 13:24:10',NULL,NULL,100,15022,'atlas:entity-delete','Delete Entity',NULL,79,NULL,NULL),(187,NULL,'2022-05-16 13:24:02','2022-05-16 13:24:10',NULL,NULL,100,15023,'atlas:entity-add-classification','Add Classification',NULL,80,NULL,NULL),(188,NULL,'2022-05-16 13:24:02','2022-05-16 13:24:10',NULL,NULL,100,15024,'atlas:entity-update-classification','Update Classification',NULL,81,NULL,NULL),(189,NULL,'2022-05-16 13:24:02','2022-05-16 13:24:10',NULL,NULL,100,15025,'atlas:entity-remove-classification','Remove Classification',NULL,82,NULL,NULL),(190,NULL,'2022-05-16 13:24:02','2022-05-16 13:24:10',NULL,NULL,100,15026,'atlas:admin-export','Admin Export',NULL,83,NULL,NULL),(191,NULL,'2022-05-16 13:24:02','2022-05-16 13:24:10',NULL,NULL,100,15027,'atlas:admin-import','Admin Import',NULL,84,NULL,NULL),(192,NULL,'2022-05-16 13:24:02','2022-05-16 13:24:10',NULL,NULL,100,15028,'atlas:add-relationship','Add Relationship',NULL,85,NULL,NULL),(193,NULL,'2022-05-16 13:24:02','2022-05-16 13:24:10',NULL,NULL,100,15029,'atlas:update-relationship','Update Relationship',NULL,86,NULL,NULL),(194,NULL,'2022-05-16 13:24:02','2022-05-16 13:24:10',NULL,NULL,100,15030,'atlas:remove-relationship','Remove Relationship',NULL,87,NULL,NULL),(195,NULL,'2022-05-16 13:24:02','2022-05-16 13:24:10',NULL,NULL,100,15031,'atlas:admin-purge','Admin Purge',NULL,88,NULL,NULL),(196,NULL,'2022-05-16 13:24:02','2022-05-16 13:24:10',NULL,NULL,100,15032,'atlas:entity-add-label','Add Label',NULL,89,NULL,NULL),(197,NULL,'2022-05-16 13:24:02','2022-05-16 13:24:10',NULL,NULL,100,15033,'atlas:entity-remove-label','Remove Label',NULL,90,NULL,NULL),(198,NULL,'2022-05-16 13:24:02','2022-05-16 13:24:10',NULL,NULL,100,15034,'atlas:entity-update-business-metadata','Update Business Metadata',NULL,91,NULL,NULL),(199,NULL,'2022-05-16 13:24:02','2022-05-16 13:24:10',NULL,NULL,100,15035,'atlas:type-read','Read Type',NULL,92,NULL,NULL),(200,NULL,'2022-05-16 13:24:02','2022-05-16 13:24:10',NULL,NULL,100,15036,'atlas:admin-audits','Admin Audits',NULL,93,NULL,NULL),(201,NULL,'2022-05-16 13:24:02','2022-05-16 13:24:10',NULL,NULL,100,201209,'ozone:all','All',NULL,94,NULL,NULL),(202,NULL,'2022-05-16 13:24:02','2022-05-16 13:24:10',NULL,NULL,100,201202,'ozone:read','Read',NULL,95,NULL,NULL),(203,NULL,'2022-05-16 13:24:02','2022-05-16 13:24:10',NULL,NULL,100,201203,'ozone:write','Write',NULL,96,NULL,NULL),(204,NULL,'2022-05-16 13:24:02','2022-05-16 13:24:10',NULL,NULL,100,201204,'ozone:create','Create',NULL,97,NULL,NULL),(205,NULL,'2022-05-16 13:24:02','2022-05-16 13:24:10',NULL,NULL,100,201205,'ozone:list','List',NULL,98,NULL,NULL),(206,NULL,'2022-05-16 13:24:02','2022-05-16 13:24:10',NULL,NULL,100,201206,'ozone:delete','Delete',NULL,99,NULL,NULL),(207,NULL,'2022-05-16 13:24:02','2022-05-16 13:24:10',NULL,NULL,100,201207,'ozone:read_acl','Read_ACL',NULL,100,NULL,NULL),(208,NULL,'2022-05-16 13:24:02','2022-05-16 13:24:10',NULL,NULL,100,201208,'ozone:write_acl','Write_ACL',NULL,101,NULL,NULL),(209,NULL,'2022-05-16 13:24:02','2022-05-16 13:24:10',NULL,NULL,100,202203,'schema-registry:create','Create',NULL,102,NULL,NULL),(210,NULL,'2022-05-16 13:24:02','2022-05-16 13:24:10',NULL,NULL,100,202204,'schema-registry:read','Read',NULL,103,NULL,NULL),(211,NULL,'2022-05-16 13:24:02','2022-05-16 13:24:10',NULL,NULL,100,202205,'schema-registry:update','Update',NULL,104,NULL,NULL),(212,NULL,'2022-05-16 13:24:02','2022-05-16 13:24:10',NULL,NULL,100,202206,'schema-registry:delete','Delete',NULL,105,NULL,NULL);
/*!40000 ALTER TABLE `x_access_type_def` ENABLE KEYS */;
UNLOCK TABLES;

--
-- Table structure for table `x_access_type_def_grants`
--

DROP TABLE IF EXISTS `x_access_type_def_grants`;
/*!40101 SET @saved_cs_client     = @@character_set_client */;
/*!40101 SET character_set_client = utf8 */;
CREATE TABLE `x_access_type_def_grants` (
  `id` bigint(20) NOT NULL AUTO_INCREMENT,
  `guid` varchar(1024) DEFAULT NULL,
  `create_time` datetime DEFAULT NULL,
  `update_time` datetime DEFAULT NULL,
  `added_by_id` bigint(20) DEFAULT NULL,
  `upd_by_id` bigint(20) DEFAULT NULL,
  `atd_id` bigint(20) NOT NULL,
  `implied_grant` varchar(1024) DEFAULT NULL,
  PRIMARY KEY (`id`),
  KEY `x_atd_grants_FK_added_by_id` (`added_by_id`),
  KEY `x_atd_grants_FK_upd_by_id` (`upd_by_id`),
  KEY `x_access_type_def_IDX_grants_atd_id` (`atd_id`),
  CONSTRAINT `x_atd_grants_FK_added_by_id` FOREIGN KEY (`added_by_id`) REFERENCES `x_portal_user` (`id`),
  CONSTRAINT `x_atd_grants_FK_atdid` FOREIGN KEY (`atd_id`) REFERENCES `x_access_type_def` (`id`),
  CONSTRAINT `x_atd_grants_FK_upd_by_id` FOREIGN KEY (`upd_by_id`) REFERENCES `x_portal_user` (`id`)
) ENGINE=InnoDB AUTO_INCREMENT=123 DEFAULT CHARSET=utf8 ROW_FORMAT=DYNAMIC;
/*!40101 SET character_set_client = @saved_cs_client */;

--
-- Dumping data for table `x_access_type_def_grants`
--

LOCK TABLES `x_access_type_def_grants` WRITE;
/*!40000 ALTER TABLE `x_access_type_def_grants` DISABLE KEYS */;
INSERT INTO `x_access_type_def_grants` VALUES (1,NULL,'2022-05-16 13:24:00','2022-05-16 13:24:00',NULL,NULL,7,'read'),(2,NULL,'2022-05-16 13:24:00','2022-05-16 13:24:00',NULL,NULL,7,'write'),(3,NULL,'2022-05-16 13:24:00','2022-05-16 13:24:00',NULL,NULL,7,'create'),(4,NULL,'2022-05-16 13:24:00','2022-05-16 13:24:00',NULL,NULL,16,'select'),(5,NULL,'2022-05-16 13:24:00','2022-05-16 13:24:00',NULL,NULL,16,'update'),(6,NULL,'2022-05-16 13:24:00','2022-05-16 13:24:00',NULL,NULL,16,'create'),(7,NULL,'2022-05-16 13:24:00','2022-05-16 13:24:00',NULL,NULL,16,'drop'),(8,NULL,'2022-05-16 13:24:00','2022-05-16 13:24:00',NULL,NULL,16,'alter'),(9,NULL,'2022-05-16 13:24:00','2022-05-16 13:24:00',NULL,NULL,16,'index'),(10,NULL,'2022-05-16 13:24:00','2022-05-16 13:24:00',NULL,NULL,16,'lock'),(11,NULL,'2022-05-16 13:24:00','2022-05-16 13:24:00',NULL,NULL,16,'read'),(12,NULL,'2022-05-16 13:24:00','2022-05-16 13:24:00',NULL,NULL,16,'write'),(13,NULL,'2022-05-16 13:24:00','2022-05-16 13:24:00',NULL,NULL,16,'repladmin'),(14,NULL,'2022-05-16 13:24:00','2022-05-16 13:24:00',NULL,NULL,16,'serviceadmin'),(15,NULL,'2022-05-16 13:24:00','2022-05-16 13:24:00',NULL,NULL,16,'refresh'),(16,NULL,'2022-05-16 13:24:00','2022-05-16 13:24:00',NULL,NULL,35,'submit-app'),(17,NULL,'2022-05-16 13:24:00','2022-05-16 13:24:00',NULL,NULL,36,'describe'),(18,NULL,'2022-05-16 13:24:00','2022-05-16 13:24:00',NULL,NULL,37,'describe'),(19,NULL,'2022-05-16 13:24:00','2022-05-16 13:24:00',NULL,NULL,38,'describe'),(20,NULL,'2022-05-16 13:24:00','2022-05-16 13:24:00',NULL,NULL,40,'publish'),(21,NULL,'2022-05-16 13:24:00','2022-05-16 13:24:00',NULL,NULL,40,'consume'),(22,NULL,'2022-05-16 13:24:00','2022-05-16 13:24:00',NULL,NULL,40,'configure'),(23,NULL,'2022-05-16 13:24:00','2022-05-16 13:24:00',NULL,NULL,40,'describe'),(24,NULL,'2022-05-16 13:24:00','2022-05-16 13:24:00',NULL,NULL,40,'create'),(25,NULL,'2022-05-16 13:24:00','2022-05-16 13:24:00',NULL,NULL,40,'delete'),(26,NULL,'2022-05-16 13:24:00','2022-05-16 13:24:00',NULL,NULL,40,'describe_configs'),(27,NULL,'2022-05-16 13:24:00','2022-05-16 13:24:00',NULL,NULL,40,'alter_configs'),(28,NULL,'2022-05-16 13:24:01','2022-05-16 13:24:01',NULL,NULL,40,'alter'),(29,NULL,'2022-05-16 13:24:01','2022-05-16 13:24:01',NULL,NULL,40,'idempotent_write'),(30,NULL,'2022-05-16 13:24:01','2022-05-16 13:24:01',NULL,NULL,40,'cluster_action'),(31,NULL,'2022-05-16 13:24:01','2022-05-16 13:24:01',NULL,NULL,42,'describe'),(32,NULL,'2022-05-16 13:24:01','2022-05-16 13:24:01',NULL,NULL,45,'describe_configs'),(33,NULL,'2022-05-16 13:24:01','2022-05-16 13:24:01',NULL,NULL,51,'query'),(34,NULL,'2022-05-16 13:24:01','2022-05-16 13:24:01',NULL,NULL,51,'update'),(35,NULL,'2022-05-16 13:24:01','2022-05-16 13:24:01',NULL,NULL,51,'others'),(36,NULL,'2022-05-16 13:24:01','2022-05-16 13:24:01',NULL,NULL,61,'type-read'),(37,NULL,'2022-05-16 13:24:01','2022-05-16 13:24:01',NULL,NULL,62,'type-read'),(38,NULL,'2022-05-16 13:24:01','2022-05-16 13:24:01',NULL,NULL,63,'type-read'),(39,NULL,'2022-05-16 13:24:01','2022-05-16 13:24:01',NULL,NULL,82,'read'),(40,NULL,'2022-05-16 13:24:01','2022-05-16 13:24:01',NULL,NULL,82,'write'),(41,NULL,'2022-05-16 13:24:01','2022-05-16 13:24:01',NULL,NULL,82,'create'),(42,NULL,'2022-05-16 13:24:01','2022-05-16 13:24:01',NULL,NULL,82,'list'),(43,NULL,'2022-05-16 13:24:01','2022-05-16 13:24:01',NULL,NULL,82,'delete'),(44,NULL,'2022-05-16 13:24:01','2022-05-16 13:24:01',NULL,NULL,82,'read_acl'),(45,NULL,'2022-05-16 13:24:01','2022-05-16 13:24:01',NULL,NULL,82,'write_acl'),(46,NULL,'2022-05-16 13:24:02','2022-05-16 13:24:02',NULL,NULL,90,'execute'),(47,NULL,'2022-05-16 13:24:02','2022-05-16 13:24:02',NULL,NULL,98,'adls:execute'),(48,NULL,'2022-05-16 13:24:02','2022-05-16 13:24:02',NULL,NULL,106,'metadata'),(49,NULL,'2022-05-16 13:24:02','2022-05-16 13:24:02',NULL,NULL,107,'metadata'),(50,NULL,'2022-05-16 13:24:02','2022-05-16 13:24:02',NULL,NULL,108,'metadata'),(51,NULL,'2022-05-16 13:24:02','2022-05-16 13:24:02',NULL,NULL,109,'metadata'),(52,NULL,'2022-05-16 13:24:02','2022-05-16 13:24:02',NULL,NULL,110,'metadata'),(53,NULL,'2022-05-16 13:24:02','2022-05-16 13:24:02',NULL,NULL,111,'metadata'),(54,NULL,'2022-05-16 13:24:02','2022-05-16 13:24:02',NULL,NULL,112,'metadata'),(55,NULL,'2022-05-16 13:24:02','2022-05-16 13:24:02',NULL,NULL,114,'select'),(56,NULL,'2022-05-16 13:24:02','2022-05-16 13:24:02',NULL,NULL,114,'insert'),(57,NULL,'2022-05-16 13:24:02','2022-05-16 13:24:02',NULL,NULL,114,'update'),(58,NULL,'2022-05-16 13:24:02','2022-05-16 13:24:02',NULL,NULL,114,'delete'),(59,NULL,'2022-05-16 13:24:02','2022-05-16 13:24:02',NULL,NULL,114,'alter'),(60,NULL,'2022-05-16 13:24:02','2022-05-16 13:24:02',NULL,NULL,114,'create'),(61,NULL,'2022-05-16 13:24:02','2022-05-16 13:24:02',NULL,NULL,114,'drop'),(62,NULL,'2022-05-16 13:24:02','2022-05-16 13:24:02',NULL,NULL,114,'metadata'),(63,NULL,'2022-05-16 13:24:02','2022-05-16 13:24:02',NULL,NULL,115,'kudu:metadata'),(64,NULL,'2022-05-16 13:24:02','2022-05-16 13:24:02',NULL,NULL,116,'kudu:metadata'),(65,NULL,'2022-05-16 13:24:02','2022-05-16 13:24:02',NULL,NULL,117,'kudu:metadata'),(66,NULL,'2022-05-16 13:24:02','2022-05-16 13:24:02',NULL,NULL,118,'kudu:metadata'),(67,NULL,'2022-05-16 13:24:02','2022-05-16 13:24:02',NULL,NULL,119,'kudu:metadata'),(68,NULL,'2022-05-16 13:24:02','2022-05-16 13:24:02',NULL,NULL,120,'kudu:metadata'),(69,NULL,'2022-05-16 13:24:02','2022-05-16 13:24:02',NULL,NULL,121,'kudu:metadata'),(70,NULL,'2022-05-16 13:24:02','2022-05-16 13:24:02',NULL,NULL,123,'kudu:select'),(71,NULL,'2022-05-16 13:24:02','2022-05-16 13:24:02',NULL,NULL,123,'kudu:insert'),(72,NULL,'2022-05-16 13:24:02','2022-05-16 13:24:02',NULL,NULL,123,'kudu:update'),(73,NULL,'2022-05-16 13:24:02','2022-05-16 13:24:02',NULL,NULL,123,'kudu:delete'),(74,NULL,'2022-05-16 13:24:02','2022-05-16 13:24:02',NULL,NULL,123,'kudu:alter'),(75,NULL,'2022-05-16 13:24:02','2022-05-16 13:24:02',NULL,NULL,123,'kudu:create'),(76,NULL,'2022-05-16 13:24:02','2022-05-16 13:24:02',NULL,NULL,123,'kudu:drop'),(77,NULL,'2022-05-16 13:24:02','2022-05-16 13:24:02',NULL,NULL,123,'kudu:metadata'),(78,NULL,'2022-05-16 13:24:03','2022-05-16 13:24:03',NULL,NULL,130,'hbase:read'),(79,NULL,'2022-05-16 13:24:03','2022-05-16 13:24:03',NULL,NULL,130,'hbase:write'),(80,NULL,'2022-05-16 13:24:03','2022-05-16 13:24:03',NULL,NULL,130,'hbase:create'),(81,NULL,'2022-05-16 13:24:04','2022-05-16 13:24:04',NULL,NULL,139,'hive:select'),(82,NULL,'2022-05-16 13:24:04','2022-05-16 13:24:04',NULL,NULL,139,'hive:update'),(83,NULL,'2022-05-16 13:24:04','2022-05-16 13:24:04',NULL,NULL,139,'hive:create'),(84,NULL,'2022-05-16 13:24:04','2022-05-16 13:24:04',NULL,NULL,139,'hive:drop'),(85,NULL,'2022-05-16 13:24:04','2022-05-16 13:24:04',NULL,NULL,139,'hive:alter'),(86,NULL,'2022-05-16 13:24:04','2022-05-16 13:24:04',NULL,NULL,139,'hive:index'),(87,NULL,'2022-05-16 13:24:04','2022-05-16 13:24:04',NULL,NULL,139,'hive:lock'),(88,NULL,'2022-05-16 13:24:04','2022-05-16 13:24:04',NULL,NULL,139,'hive:read'),(89,NULL,'2022-05-16 13:24:04','2022-05-16 13:24:04',NULL,NULL,139,'hive:write'),(90,NULL,'2022-05-16 13:24:04','2022-05-16 13:24:04',NULL,NULL,139,'hive:repladmin'),(91,NULL,'2022-05-16 13:24:04','2022-05-16 13:24:04',NULL,NULL,139,'hive:serviceadmin'),(92,NULL,'2022-05-16 13:24:04','2022-05-16 13:24:04',NULL,NULL,139,'hive:refresh'),(93,NULL,'2022-05-16 13:24:04','2022-05-16 13:24:04',NULL,NULL,148,'yarn:submit-app'),(94,NULL,'2022-05-16 13:24:05','2022-05-16 13:24:05',NULL,NULL,162,'solr:query'),(95,NULL,'2022-05-16 13:24:05','2022-05-16 13:24:05',NULL,NULL,162,'solr:update'),(96,NULL,'2022-05-16 13:24:05','2022-05-16 13:24:05',NULL,NULL,162,'solr:others'),(97,NULL,'2022-05-16 13:24:06','2022-05-16 13:24:06',NULL,NULL,163,'kafka:describe'),(98,NULL,'2022-05-16 13:24:06','2022-05-16 13:24:06',NULL,NULL,164,'kafka:describe'),(99,NULL,'2022-05-16 13:24:06','2022-05-16 13:24:06',NULL,NULL,165,'kafka:describe'),(100,NULL,'2022-05-16 13:24:06','2022-05-16 13:24:06',NULL,NULL,167,'kafka:publish'),(101,NULL,'2022-05-16 13:24:06','2022-05-16 13:24:06',NULL,NULL,167,'kafka:consume'),(102,NULL,'2022-05-16 13:24:06','2022-05-16 13:24:06',NULL,NULL,167,'kafka:configure'),(103,NULL,'2022-05-16 13:24:06','2022-05-16 13:24:06',NULL,NULL,167,'kafka:describe'),(104,NULL,'2022-05-16 13:24:06','2022-05-16 13:24:06',NULL,NULL,167,'kafka:create'),(105,NULL,'2022-05-16 13:24:06','2022-05-16 13:24:06',NULL,NULL,167,'kafka:delete'),(106,NULL,'2022-05-16 13:24:06','2022-05-16 13:24:06',NULL,NULL,167,'kafka:describe_configs'),(107,NULL,'2022-05-16 13:24:06','2022-05-16 13:24:06',NULL,NULL,167,'kafka:alter_configs'),(108,NULL,'2022-05-16 13:24:06','2022-05-16 13:24:06',NULL,NULL,167,'kafka:alter'),(109,NULL,'2022-05-16 13:24:06','2022-05-16 13:24:06',NULL,NULL,167,'kafka:idempotent_write'),(110,NULL,'2022-05-16 13:24:06','2022-05-16 13:24:06',NULL,NULL,167,'kafka:cluster_action'),(111,NULL,'2022-05-16 13:24:06','2022-05-16 13:24:06',NULL,NULL,169,'kafka:describe'),(112,NULL,'2022-05-16 13:24:06','2022-05-16 13:24:06',NULL,NULL,172,'kafka:describe_configs'),(113,NULL,'2022-05-16 13:24:07','2022-05-16 13:24:07',NULL,NULL,180,'atlas:type-read'),(114,NULL,'2022-05-16 13:24:07','2022-05-16 13:24:07',NULL,NULL,181,'atlas:type-read'),(115,NULL,'2022-05-16 13:24:07','2022-05-16 13:24:07',NULL,NULL,182,'atlas:type-read'),(116,NULL,'2022-05-16 13:24:08','2022-05-16 13:24:08',NULL,NULL,201,'ozone:read'),(117,NULL,'2022-05-16 13:24:08','2022-05-16 13:24:08',NULL,NULL,201,'ozone:write'),(118,NULL,'2022-05-16 13:24:08','2022-05-16 13:24:08',NULL,NULL,201,'ozone:create'),(119,NULL,'2022-05-16 13:24:08','2022-05-16 13:24:08',NULL,NULL,201,'ozone:list'),(120,NULL,'2022-05-16 13:24:08','2022-05-16 13:24:08',NULL,NULL,201,'ozone:delete'),(121,NULL,'2022-05-16 13:24:08','2022-05-16 13:24:08',NULL,NULL,201,'ozone:read_acl'),(122,NULL,'2022-05-16 13:24:08','2022-05-16 13:24:08',NULL,NULL,201,'ozone:write_acl');
/*!40000 ALTER TABLE `x_access_type_def_grants` ENABLE KEYS */;
UNLOCK TABLES;

--
-- Table structure for table `x_asset`
--

DROP TABLE IF EXISTS `x_asset`;
/*!40101 SET @saved_cs_client     = @@character_set_client */;
/*!40101 SET character_set_client = utf8 */;
CREATE TABLE `x_asset` (
  `id` bigint(20) NOT NULL AUTO_INCREMENT,
  `create_time` datetime DEFAULT NULL,
  `update_time` datetime DEFAULT NULL,
  `added_by_id` bigint(20) DEFAULT NULL,
  `upd_by_id` bigint(20) DEFAULT NULL,
  `asset_name` varchar(1024) NOT NULL,
  `descr` varchar(4000) NOT NULL,
  `act_status` int(11) NOT NULL DEFAULT 0,
  `asset_type` int(11) NOT NULL DEFAULT 0,
  `config` mediumtext DEFAULT NULL,
  `sup_native` tinyint(1) NOT NULL DEFAULT 0,
  PRIMARY KEY (`id`),
  KEY `x_asset_FK_added_by_id` (`added_by_id`),
  KEY `x_asset_FK_upd_by_id` (`upd_by_id`),
  KEY `x_asset_cr_time` (`create_time`),
  KEY `x_asset_up_time` (`update_time`),
  CONSTRAINT `x_asset_FK_added_by_id` FOREIGN KEY (`added_by_id`) REFERENCES `x_portal_user` (`id`),
  CONSTRAINT `x_asset_FK_upd_by_id` FOREIGN KEY (`upd_by_id`) REFERENCES `x_portal_user` (`id`)
) ENGINE=InnoDB DEFAULT CHARSET=utf8 ROW_FORMAT=DYNAMIC;
/*!40101 SET character_set_client = @saved_cs_client */;

--
-- Dumping data for table `x_asset`
--

LOCK TABLES `x_asset` WRITE;
/*!40000 ALTER TABLE `x_asset` DISABLE KEYS */;
/*!40000 ALTER TABLE `x_asset` ENABLE KEYS */;
UNLOCK TABLES;

--
-- Table structure for table `x_audit_map`
--

DROP TABLE IF EXISTS `x_audit_map`;
/*!40101 SET @saved_cs_client     = @@character_set_client */;
/*!40101 SET character_set_client = utf8 */;
CREATE TABLE `x_audit_map` (
  `id` bigint(20) NOT NULL AUTO_INCREMENT,
  `create_time` datetime DEFAULT NULL,
  `update_time` datetime DEFAULT NULL,
  `added_by_id` bigint(20) DEFAULT NULL,
  `upd_by_id` bigint(20) DEFAULT NULL,
  `res_id` bigint(20) DEFAULT NULL,
  `group_id` bigint(20) DEFAULT NULL,
  `user_id` bigint(20) DEFAULT NULL,
  `audit_type` int(11) NOT NULL DEFAULT 0,
  PRIMARY KEY (`id`),
  KEY `x_audit_map_FK_added_by_id` (`added_by_id`),
  KEY `x_audit_map_FK_upd_by_id` (`upd_by_id`),
  KEY `x_audit_map_FK_res_id` (`res_id`),
  KEY `x_audit_map_FK_group_id` (`group_id`),
  KEY `x_audit_map_FK_user_id` (`user_id`),
  KEY `x_audit_map_cr_time` (`create_time`),
  KEY `x_audit_map_up_time` (`update_time`),
  CONSTRAINT `x_audit_map_FK_added_by_id` FOREIGN KEY (`added_by_id`) REFERENCES `x_portal_user` (`id`),
  CONSTRAINT `x_audit_map_FK_group_id` FOREIGN KEY (`group_id`) REFERENCES `x_group` (`id`),
  CONSTRAINT `x_audit_map_FK_res_id` FOREIGN KEY (`res_id`) REFERENCES `x_resource` (`id`),
  CONSTRAINT `x_audit_map_FK_upd_by_id` FOREIGN KEY (`upd_by_id`) REFERENCES `x_portal_user` (`id`),
  CONSTRAINT `x_audit_map_FK_user_id` FOREIGN KEY (`user_id`) REFERENCES `x_user` (`id`)
) ENGINE=InnoDB DEFAULT CHARSET=utf8 ROW_FORMAT=DYNAMIC;
/*!40101 SET character_set_client = @saved_cs_client */;

--
-- Dumping data for table `x_audit_map`
--

LOCK TABLES `x_audit_map` WRITE;
/*!40000 ALTER TABLE `x_audit_map` DISABLE KEYS */;
/*!40000 ALTER TABLE `x_audit_map` ENABLE KEYS */;
UNLOCK TABLES;

--
-- Table structure for table `x_auth_sess`
--

DROP TABLE IF EXISTS `x_auth_sess`;
/*!40101 SET @saved_cs_client     = @@character_set_client */;
/*!40101 SET character_set_client = utf8 */;
CREATE TABLE `x_auth_sess` (
  `id` bigint(20) NOT NULL AUTO_INCREMENT,
  `create_time` datetime DEFAULT NULL,
  `update_time` datetime DEFAULT NULL,
  `added_by_id` bigint(20) DEFAULT NULL,
  `upd_by_id` bigint(20) DEFAULT NULL,
  `login_id` varchar(767) NOT NULL,
  `user_id` bigint(20) DEFAULT NULL,
  `ext_sess_id` varchar(512) DEFAULT NULL,
  `auth_time` datetime NOT NULL,
  `auth_status` int(11) NOT NULL DEFAULT 0,
  `auth_type` int(11) NOT NULL DEFAULT 0,
  `auth_provider` int(11) NOT NULL DEFAULT 0,
  `device_type` int(11) NOT NULL DEFAULT 0,
  `req_ip` varchar(48) NOT NULL,
  `req_ua` varchar(1024) DEFAULT NULL,
  PRIMARY KEY (`id`),
  KEY `x_auth_sess_FK_added_by_id` (`added_by_id`),
  KEY `x_auth_sess_FK_upd_by_id` (`upd_by_id`),
  KEY `x_auth_sess_FK_user_id` (`user_id`),
  KEY `x_auth_sess_cr_time` (`create_time`),
  KEY `x_auth_sess_up_time` (`update_time`),
  CONSTRAINT `x_auth_sess_FK_added_by_id` FOREIGN KEY (`added_by_id`) REFERENCES `x_portal_user` (`id`),
  CONSTRAINT `x_auth_sess_FK_upd_by_id` FOREIGN KEY (`upd_by_id`) REFERENCES `x_portal_user` (`id`),
  CONSTRAINT `x_auth_sess_FK_user_id` FOREIGN KEY (`user_id`) REFERENCES `x_portal_user` (`id`)
) ENGINE=InnoDB AUTO_INCREMENT=33 DEFAULT CHARSET=utf8 ROW_FORMAT=DYNAMIC;
/*!40101 SET character_set_client = @saved_cs_client */;

--
-- Dumping data for table `x_auth_sess`
--

LOCK TABLES `x_auth_sess` WRITE;
/*!40000 ALTER TABLE `x_auth_sess` DISABLE KEYS */;
INSERT INTO `x_auth_sess` VALUES (1,'2022-05-16 13:24:55','2022-05-16 13:24:55',NULL,NULL,'rangerusersync',2,'923DD50FC2CF498773766608E82EB95F','2022-05-16 13:24:55',1,2,0,1,'10.0.0.103','Java/1.8.0_232'),(2,'2022-05-16 13:25:00','2022-05-16 13:25:00',NULL,NULL,'admin',1,'C328E27218AFAF6249578BA50C5C3333','2022-05-16 13:25:00',1,1,0,1,'10.0.0.103','curl/7.29.0'),(3,'2022-05-16 13:25:03','2022-05-16 13:25:03',NULL,NULL,'admin',1,'81296385F41E71483293FC65F595EE0D','2022-05-16 13:25:03',1,1,0,1,'10.0.0.103','curl/7.29.0'),(4,'2022-05-16 13:25:06','2022-05-16 13:25:06',NULL,NULL,'admin',1,'32053BE01B579CED00B39553D28187AF','2022-05-16 13:25:06',1,1,0,1,'10.0.0.103','curl/7.29.0'),(5,'2022-05-16 13:25:09','2022-05-16 13:25:09',NULL,NULL,'admin',1,'80E3F956378763EB7F0C15DA6C629E25','2022-05-16 13:25:09',1,1,0,1,'10.0.0.103','curl/7.29.0'),(6,'2022-05-16 13:25:12','2022-05-16 13:25:12',NULL,NULL,'admin',1,'3604D95B8583B0B43DA0154291FF5431','2022-05-16 13:25:12',1,1,0,1,'10.0.0.103','curl/7.29.0'),(7,'2022-05-16 13:25:15','2022-05-16 13:25:15',NULL,NULL,'admin',1,'C03CBF651D37CB0280F5DC807E25A35A','2022-05-16 13:25:15',1,1,0,1,'10.0.0.103','curl/7.29.0'),(8,'2022-05-16 13:25:18','2022-05-16 13:25:18',NULL,NULL,'admin',1,'5AD5C9AC01D9DF89259B30AD5204E913','2022-05-16 13:25:18',1,1,0,1,'10.0.0.103','curl/7.29.0'),(9,'2022-05-16 13:25:22','2022-05-16 13:25:22',NULL,NULL,'admin',1,'F513DC3FD85BB3C0C8D124DA22DC2597','2022-05-16 13:25:22',1,1,0,1,'10.0.0.103','curl/7.29.0'),(10,'2022-05-16 13:25:25','2022-05-16 13:25:25',NULL,NULL,'admin',1,'DEC74E28C5520348C70E2A56665D5EA3','2022-05-16 13:25:25',1,1,0,1,'10.0.0.103','curl/7.29.0'),(11,'2022-05-16 13:25:28','2022-05-16 13:25:28',NULL,NULL,'admin',1,'AD82D41532F22D7232D1F1078CDAC11B','2022-05-16 13:25:28',1,1,0,1,'10.0.0.103','curl/7.29.0'),(12,'2022-05-16 13:30:51','2022-05-16 13:30:51',NULL,NULL,'kafka',23,'8D2A1B93AC2F4C60E74B568740D3ECF2','2022-05-16 13:30:51',1,2,0,1,'10.0.0.104','curl/7.29.0'),(13,'2022-05-16 13:30:51','2022-05-16 13:30:51',NULL,NULL,'kafka',23,'CEBFB741A91193DD5A6F59C759128C36','2022-05-16 13:30:51',1,2,0,1,'10.0.0.106','curl/7.29.0'),(14,'2022-05-16 13:30:51','2022-05-16 13:30:51',NULL,NULL,'kafka',23,'6644944F149E20E926733668A7D177BE','2022-05-16 13:30:51',1,2,0,1,'10.0.0.105','curl/7.29.0'),(15,'2022-05-16 13:36:25','2022-05-16 13:36:25',NULL,NULL,'rangertagsync',4,'D050670E85A5CA43CEE5E8E7CF371760','2022-05-16 13:36:25',1,2,0,1,'10.0.0.103','Java/1.8.0_232'),(16,'2022-05-16 13:59:57','2022-05-16 13:59:57',NULL,NULL,'admin',1,'FEA3056873C84AF793A038ADEB6ED401','2022-05-16 13:59:57',1,1,0,1,'10.0.0.100','Mozilla/5.0 (X11; Linux x86_64; rv:91.0) Gecko/20100101 Firefox/91.0'),(17,'2022-05-16 14:04:24','2022-05-16 14:04:24',NULL,NULL,'cdpadmin',68,'CFD96500657332410184A3B804278837','2022-05-16 14:04:24',1,1,0,1,'10.0.0.100','Mozilla/5.0 (X11; Linux x86_64; rv:91.0) Gecko/20100101 Firefox/91.0'),(18,'2022-05-16 14:07:12','2022-05-16 14:07:12',NULL,NULL,'sam_sec',55,'E3EBA6481CEFD978C347196185A78355','2022-05-16 14:07:12',1,1,0,1,'10.0.0.100','Mozilla/5.0 (X11; Linux x86_64; rv:91.0) Gecko/20100101 Firefox/91.0'),(19,'2022-05-16 14:10:48','2022-05-16 14:10:48',NULL,NULL,'allan_admin',NULL,'1C5662EDF6437E2FD235189B501BD03B','2022-05-16 14:10:48',3,1,0,0,'10.0.0.100',NULL),(20,'2022-05-16 14:10:56','2022-05-16 14:10:56',NULL,NULL,'allan_admin',NULL,'1C5662EDF6437E2FD235189B501BD03B','2022-05-16 14:10:56',3,1,0,0,'10.0.0.100',NULL),(21,'2022-05-16 14:11:09','2022-05-16 14:11:09',NULL,NULL,'allan_admin',24,'1C5662EDF6437E2FD235189B501BD03B','2022-05-16 14:11:09',1,1,0,1,'10.0.0.100','Mozilla/5.0 (X11; Linux x86_64; rv:91.0) Gecko/20100101 Firefox/91.0'),(22,'2022-05-17 12:34:43','2022-05-17 12:34:43',NULL,NULL,'kafka',23,'44DAFE6B7F09417DBE1EAE3998FDFED3','2022-05-17 12:34:43',1,2,0,1,'10.0.0.106','curl/7.29.0'),(23,'2022-05-17 12:34:43','2022-05-17 12:34:43',NULL,NULL,'kafka',23,'609B3083B20DC8DC3E17A0969028542D','2022-05-17 12:34:43',1,2,0,1,'10.0.0.104','curl/7.29.0'),(24,'2022-05-17 12:34:43','2022-05-17 12:34:43',NULL,NULL,'rangerusersync',2,'8E371E03B977A111055E225BFD4E80E6','2022-05-17 12:34:43',1,2,0,1,'10.0.0.103','Java/1.8.0_232'),(25,'2022-05-17 12:34:43','2022-05-17 12:34:43',NULL,NULL,'kafka',23,'7720B38777B79F013A56C9E3D3E5929C','2022-05-17 12:34:43',1,2,0,1,'10.0.0.105','curl/7.29.0'),(26,'2022-05-17 12:35:49','2022-05-17 12:35:49',NULL,NULL,'rangertagsync',4,'F79471154093AA656564041E4D93B4B5','2022-05-17 12:35:49',1,2,0,1,'10.0.0.103','Java/1.8.0_232'),(27,'2022-05-18 09:49:27','2022-05-18 09:49:27',NULL,NULL,'rangerusersync',2,'C3D16B0EE12287899911CC98F2953238','2022-05-18 09:49:27',1,2,0,1,'10.0.0.103','Java/1.8.0_232'),(28,'2022-05-18 09:49:27','2022-05-18 09:49:27',NULL,NULL,'kafka',23,'01FCC76B433D872A1C3115B28230EE56','2022-05-18 09:49:27',1,2,0,1,'10.0.0.104','curl/7.29.0'),(29,'2022-05-18 09:49:27','2022-05-18 09:49:27',NULL,NULL,'kafka',23,'064C7CF186CEA699A2FCE6E9BDDF0972','2022-05-18 09:49:27',1,2,0,1,'10.0.0.105','curl/7.29.0'),(30,'2022-05-18 09:49:27','2022-05-18 09:49:27',NULL,NULL,'kafka',23,'FDE33DA67E6864804BF28A5AFB1D5E09','2022-05-18 09:49:27',1,2,0,1,'10.0.0.106','curl/7.29.0'),(31,'2022-05-18 09:50:34','2022-05-18 09:50:34',NULL,NULL,'rangertagsync',4,'8CDBCFF3C493E959CF94C8B6E36419F8','2022-05-18 09:50:34',1,2,0,1,'10.0.0.103','Java/1.8.0_232'),(32,'2022-05-18 10:04:35','2022-05-18 10:04:35',NULL,NULL,'allan_admin',24,'E0C66087F8EDFBE2786CA39CC11475F6','2022-05-18 10:04:35',1,1,0,1,'10.0.0.100','Mozilla/5.0 (X11; Linux x86_64; rv:91.0) Gecko/20100101 Firefox/91.0');
/*!40000 ALTER TABLE `x_auth_sess` ENABLE KEYS */;
UNLOCK TABLES;

--
-- Table structure for table `x_context_enricher_def`
--

DROP TABLE IF EXISTS `x_context_enricher_def`;
/*!40101 SET @saved_cs_client     = @@character_set_client */;
/*!40101 SET character_set_client = utf8 */;
CREATE TABLE `x_context_enricher_def` (
  `id` bigint(20) NOT NULL AUTO_INCREMENT,
  `guid` varchar(1024) DEFAULT NULL,
  `create_time` datetime DEFAULT NULL,
  `update_time` datetime DEFAULT NULL,
  `added_by_id` bigint(20) DEFAULT NULL,
  `upd_by_id` bigint(20) DEFAULT NULL,
  `def_id` bigint(20) NOT NULL,
  `item_id` bigint(20) NOT NULL,
  `name` varchar(1024) DEFAULT NULL,
  `enricher` varchar(1024) DEFAULT NULL,
  `enricher_options` varchar(1024) DEFAULT NULL,
  `sort_order` int(11) DEFAULT 0,
  PRIMARY KEY (`id`),
  KEY `x_context_enricher_def_FK_added_by_id` (`added_by_id`),
  KEY `x_context_enricher_def_FK_upd_by_id` (`upd_by_id`),
  KEY `x_context_enricher_def_IDX_def_id` (`def_id`),
  CONSTRAINT `x_context_enricher_def_FK_added_by_id` FOREIGN KEY (`added_by_id`) REFERENCES `x_portal_user` (`id`),
  CONSTRAINT `x_context_enricher_def_FK_defid` FOREIGN KEY (`def_id`) REFERENCES `x_service_def` (`id`),
  CONSTRAINT `x_context_enricher_def_FK_upd_by_id` FOREIGN KEY (`upd_by_id`) REFERENCES `x_portal_user` (`id`)
) ENGINE=InnoDB AUTO_INCREMENT=2 DEFAULT CHARSET=utf8 ROW_FORMAT=DYNAMIC;
/*!40101 SET character_set_client = @saved_cs_client */;

--
-- Dumping data for table `x_context_enricher_def`
--

LOCK TABLES `x_context_enricher_def` WRITE;
/*!40000 ALTER TABLE `x_context_enricher_def` DISABLE KEYS */;
INSERT INTO `x_context_enricher_def` VALUES (1,NULL,'2022-05-16 13:24:02','2022-05-16 13:24:10',NULL,NULL,100,1,'TagEnricher','org.apache.ranger.plugin.contextenricher.RangerTagEnricher','{\"tagRetrieverClassName\":\"org.apache.ranger.plugin.contextenricher.RangerAdminTagRetriever\",\"tagRefresherPollingInterval\":\"60000\"}',0);
/*!40000 ALTER TABLE `x_context_enricher_def` ENABLE KEYS */;
UNLOCK TABLES;

--
-- Table structure for table `x_cred_store`
--

DROP TABLE IF EXISTS `x_cred_store`;
/*!40101 SET @saved_cs_client     = @@character_set_client */;
/*!40101 SET character_set_client = utf8 */;
CREATE TABLE `x_cred_store` (
  `id` bigint(20) NOT NULL AUTO_INCREMENT,
  `create_time` datetime DEFAULT NULL,
  `update_time` datetime DEFAULT NULL,
  `added_by_id` bigint(20) DEFAULT NULL,
  `upd_by_id` bigint(20) DEFAULT NULL,
  `store_name` varchar(1024) NOT NULL,
  `descr` varchar(4000) NOT NULL,
  PRIMARY KEY (`id`),
  KEY `x_cred_store_FK_added_by_id` (`added_by_id`),
  KEY `x_cred_store_FK_upd_by_id` (`upd_by_id`),
  KEY `x_cred_store_cr_time` (`create_time`),
  KEY `x_cred_store_up_time` (`update_time`),
  CONSTRAINT `x_cred_store_FK_added_by_id` FOREIGN KEY (`added_by_id`) REFERENCES `x_portal_user` (`id`),
  CONSTRAINT `x_cred_store_FK_upd_by_id` FOREIGN KEY (`upd_by_id`) REFERENCES `x_portal_user` (`id`)
) ENGINE=InnoDB DEFAULT CHARSET=utf8 ROW_FORMAT=DYNAMIC;
/*!40101 SET character_set_client = @saved_cs_client */;

--
-- Dumping data for table `x_cred_store`
--

LOCK TABLES `x_cred_store` WRITE;
/*!40000 ALTER TABLE `x_cred_store` DISABLE KEYS */;
/*!40000 ALTER TABLE `x_cred_store` ENABLE KEYS */;
UNLOCK TABLES;

--
-- Table structure for table `x_data_hist`
--

DROP TABLE IF EXISTS `x_data_hist`;
/*!40101 SET @saved_cs_client     = @@character_set_client */;
/*!40101 SET character_set_client = utf8 */;
CREATE TABLE `x_data_hist` (
  `id` bigint(20) NOT NULL AUTO_INCREMENT,
  `create_time` datetime DEFAULT NULL,
  `update_time` datetime DEFAULT NULL,
  `obj_guid` varchar(1024) NOT NULL,
  `obj_class_type` int(11) NOT NULL,
  `obj_id` bigint(20) NOT NULL,
  `obj_name` varchar(1024) NOT NULL,
  `version` bigint(20) DEFAULT NULL,
  `action` varchar(512) NOT NULL,
  `from_time` datetime NOT NULL,
  `to_time` datetime DEFAULT NULL,
  `content` mediumtext NOT NULL,
  PRIMARY KEY (`id`),
  KEY `x_data_hist_idx_objid_objclstype` (`obj_id`,`obj_class_type`)
) ENGINE=InnoDB AUTO_INCREMENT=115 DEFAULT CHARSET=utf8 ROW_FORMAT=DYNAMIC;
/*!40101 SET character_set_client = @saved_cs_client */;

--
-- Dumping data for table `x_data_hist`
--

LOCK TABLES `x_data_hist` WRITE;
/*!40000 ALTER TABLE `x_data_hist` DISABLE KEYS */;
INSERT INTO `x_data_hist` VALUES (1,'2022-05-16 13:23:59','2022-05-16 13:23:59','0d047247-bafe-4cf8-8e9b-d5d377284b2d',1033,1,'hdfs',1,'Create','2022-05-16 13:23:59',NULL,'{\"id\":1,\"guid\":\"0d047247-bafe-4cf8-8e9b-d5d377284b2d\",\"isEnabled\":true,\"createTime\":1652732639000,\"updateTime\":1652732639000,\"version\":1,\"name\":\"hdfs\",\"displayName\":\"hdfs\",\"implClass\":\"org.apache.ranger.services.hdfs.RangerServiceHdfs\",\"label\":\"HDFS Repository\",\"description\":\"HDFS Repository\",\"options\":{\"enableDenyAndExceptionsInPolicies\":\"true\"},\"configs\":[{\"itemId\":1,\"name\":\"username\",\"type\":\"string\",\"subType\":\"\",\"mandatory\":true,\"validationRegEx\":\"\",\"validationMessage\":\"\",\"uiHint\":\"\",\"label\":\"Username\"},{\"itemId\":2,\"name\":\"password\",\"type\":\"password\",\"subType\":\"\",\"mandatory\":true,\"validationRegEx\":\"\",\"validationMessage\":\"\",\"uiHint\":\"\",\"label\":\"Password\"},{\"itemId\":3,\"name\":\"fs.default.name\",\"type\":\"string\",\"subType\":\"\",\"mandatory\":true,\"validationRegEx\":\"\",\"validationMessage\":\"\",\"uiHint\":\"{\\\"TextFieldWithIcon\\\":true, \\\"info\\\": \\\"1.For one Namenode Url, eg.<br>hdfs://&lt;host&gt;:&lt;port&gt;<br>2.For HA Namenode Urls(use , delimiter), eg.<br>hdfs://&lt;host&gt;:&lt;port&gt;,hdfs://&lt;host2&gt;:&lt;port2&gt;<br>\\\"}\",\"label\":\"Namenode URL\"},{\"itemId\":4,\"name\":\"hadoop.security.authorization\",\"type\":\"bool\",\"subType\":\"YesTrue:NoFalse\",\"mandatory\":true,\"defaultValue\":\"false\",\"validationRegEx\":\"\",\"validationMessage\":\"\",\"uiHint\":\"\",\"label\":\"Authorization Enabled\"},{\"itemId\":5,\"name\":\"hadoop.security.authentication\",\"type\":\"enum\",\"subType\":\"authnType\",\"mandatory\":true,\"defaultValue\":\"simple\",\"validationRegEx\":\"\",\"validationMessage\":\"\",\"uiHint\":\"\",\"label\":\"Authentication Type\"},{\"itemId\":6,\"name\":\"hadoop.security.auth_to_local\",\"type\":\"string\",\"subType\":\"\",\"mandatory\":false,\"validationRegEx\":\"\",\"validationMessage\":\"\",\"uiHint\":\"\"},{\"itemId\":7,\"name\":\"dfs.datanode.kerberos.principal\",\"type\":\"string\",\"subType\":\"\",\"mandatory\":false,\"validationRegEx\":\"\",\"validationMessage\":\"\",\"uiHint\":\"\"},{\"itemId\":8,\"name\":\"dfs.namenode.kerberos.principal\",\"type\":\"string\",\"subType\":\"\",\"mandatory\":false,\"validationRegEx\":\"\",\"validationMessage\":\"\",\"uiHint\":\"\"},{\"itemId\":9,\"name\":\"dfs.secondary.namenode.kerberos.principal\",\"type\":\"string\",\"subType\":\"\",\"mandatory\":false,\"validationRegEx\":\"\",\"validationMessage\":\"\",\"uiHint\":\"\"},{\"itemId\":10,\"name\":\"hadoop.rpc.protection\",\"type\":\"enum\",\"subType\":\"rpcProtection\",\"mandatory\":false,\"defaultValue\":\"authentication\",\"validationRegEx\":\"\",\"validationMessage\":\"\",\"uiHint\":\"\",\"label\":\"RPC Protection Type\"},{\"itemId\":11,\"name\":\"commonNameForCertificate\",\"type\":\"string\",\"subType\":\"\",\"mandatory\":false,\"validationRegEx\":\"\",\"validationMessage\":\"\",\"uiHint\":\"\",\"label\":\"Common Name for Certificate\"},{\"itemId\":12,\"name\":\"ranger.plugin.audit.filters\",\"type\":\"string\",\"subType\":\"\",\"mandatory\":false,\"defaultValue\":\"[{\'accessResult\': \'DENIED\', \'isAudited\': true}, {\'actions\':[\'delete\',\'rename\'],\'isAudited\':true}, {\'users\':[\'hdfs\'], \'actions\': [\'listStatus\', \'getfileinfo\', \'listCachePools\', \'listCacheDirectives\', \'listCorruptFileBlocks\', \'monitorHealth\', \'rollEditLog\', \'open\'], \'isAudited\': false}, {\'users\': [\'oozie\'],\'resources\': {\'path\': {\'values\': [\'/user/oozie/share/lib\'],\'isRecursive\': true}},\'isAudited\': false},{\'users\': [\'spark\'],\'resources\': {\'path\': {\'values\': [\'/user/spark/applicationHistory\'],\'isRecursive\': true}},\'isAudited\': false},{\'users\': [\'hue\'],\'resources\': {\'path\': {\'values\': [\'/user/hue\'],\'isRecursive\': true}},\'isAudited\': false},{\'users\': [\'hbase\'],\'resources\': {\'path\': {\'values\': [\'/hbase\'],\'isRecursive\': true}},\'isAudited\': false},{\'users\': [\'mapred\'],\'resources\': {\'path\': {\'values\': [\'/user/history\'],\'isRecursive\': true}},\'isAudited\': false}, {\'actions\': [\'getfileinfo\'], \'isAudited\':false} ]\",\"validationRegEx\":\"\",\"validationMessage\":\"\",\"uiHint\":\"\",\"label\":\"Ranger Default Audit Filters\"}],\"resources\":[{\"itemId\":1,\"name\":\"path\",\"type\":\"path\",\"level\":10,\"mandatory\":true,\"lookupSupported\":true,\"recursiveSupported\":true,\"excludesSupported\":false,\"matcher\":\"org.apache.ranger.plugin.resourcematcher.RangerPathResourceMatcher\",\"matcherOptions\":{\"wildCard\":\"true\",\"ignoreCase\":\"false\"},\"validationRegEx\":\"\",\"validationMessage\":\"\",\"uiHint\":\"\",\"label\":\"Resource Path\",\"description\":\"HDFS file or directory path\",\"accessTypeRestrictions\":[],\"isValidLeaf\":true}],\"accessTypes\":[{\"itemId\":1,\"name\":\"read\",\"label\":\"Read\",\"impliedGrants\":[]},{\"itemId\":2,\"name\":\"write\",\"label\":\"Write\",\"impliedGrants\":[]},{\"itemId\":3,\"name\":\"execute\",\"label\":\"Execute\",\"impliedGrants\":[]}],\"policyConditions\":[],\"contextEnrichers\":[],\"enums\":[{\"itemId\":1,\"name\":\"authnType\",\"elements\":[{\"itemId\":1,\"name\":\"simple\",\"label\":\"Simple\"},{\"itemId\":2,\"name\":\"kerberos\",\"label\":\"Kerberos\"}],\"defaultIndex\":0},{\"itemId\":2,\"name\":\"rpcProtection\",\"elements\":[{\"itemId\":1,\"name\":\"authentication\",\"label\":\"Authentication\"},{\"itemId\":2,\"name\":\"integrity\",\"label\":\"Integrity\"},{\"itemId\":3,\"name\":\"privacy\",\"label\":\"Privacy\"}],\"defaultIndex\":0}],\"dataMaskDef\":{\"maskTypes\":[],\"accessTypes\":[],\"resources\":[]},\"rowFilterDef\":{\"accessTypes\":[],\"resources\":[]}}'),(2,'2022-05-16 13:24:00','2022-05-16 13:24:00','d6cea1f0-2509-4791-8fc1-7b092399ba3b',1033,2,'hbase',1,'Create','2022-05-16 13:24:00',NULL,'{\"id\":2,\"guid\":\"d6cea1f0-2509-4791-8fc1-7b092399ba3b\",\"isEnabled\":true,\"createTime\":1652732640000,\"updateTime\":1652732640000,\"version\":1,\"name\":\"hbase\",\"displayName\":\"hbase\",\"implClass\":\"org.apache.ranger.services.hbase.RangerServiceHBase\",\"label\":\"HBase\",\"description\":\"HBase\",\"options\":{\"enableDenyAndExceptionsInPolicies\":\"true\"},\"configs\":[{\"itemId\":1,\"name\":\"username\",\"type\":\"string\",\"subType\":\"\",\"mandatory\":true,\"validationRegEx\":\"\",\"validationMessage\":\"\",\"uiHint\":\"\",\"label\":\"Username\"},{\"itemId\":2,\"name\":\"password\",\"type\":\"password\",\"subType\":\"\",\"mandatory\":true,\"validationRegEx\":\"\",\"validationMessage\":\"\",\"uiHint\":\"\",\"label\":\"Password\"},{\"itemId\":3,\"name\":\"hadoop.security.authentication\",\"type\":\"enum\",\"subType\":\"authnType\",\"mandatory\":true,\"defaultValue\":\"simple\",\"validationRegEx\":\"\",\"validationMessage\":\"\",\"uiHint\":\"\"},{\"itemId\":4,\"name\":\"hbase.master.kerberos.principal\",\"type\":\"string\",\"subType\":\"\",\"mandatory\":false,\"defaultValue\":\"\"},{\"itemId\":5,\"name\":\"hbase.security.authentication\",\"type\":\"enum\",\"subType\":\"authnType\",\"mandatory\":true,\"defaultValue\":\"simple\",\"validationRegEx\":\"\",\"validationMessage\":\"\",\"uiHint\":\"\"},{\"itemId\":6,\"name\":\"hbase.zookeeper.property.clientPort\",\"type\":\"int\",\"subType\":\"\",\"mandatory\":true,\"defaultValue\":\"2181\",\"validationRegEx\":\"\",\"validationMessage\":\"\",\"uiHint\":\"\"},{\"itemId\":7,\"name\":\"hbase.zookeeper.quorum\",\"type\":\"string\",\"subType\":\"\",\"mandatory\":true,\"defaultValue\":\"\",\"validationRegEx\":\"\",\"validationMessage\":\"\"},{\"itemId\":8,\"name\":\"zookeeper.znode.parent\",\"type\":\"string\",\"subType\":\"\",\"mandatory\":true,\"defaultValue\":\"/hbase\",\"validationRegEx\":\"\",\"validationMessage\":\"\",\"uiHint\":\"\"},{\"itemId\":9,\"name\":\"commonNameForCertificate\",\"type\":\"string\",\"subType\":\"\",\"mandatory\":false,\"validationRegEx\":\"\",\"validationMessage\":\"\",\"uiHint\":\"\",\"label\":\"Common Name for Certificate\"},{\"itemId\":10,\"name\":\"ranger.plugin.audit.filters\",\"type\":\"string\",\"subType\":\"\",\"mandatory\":false,\"defaultValue\":\"[{\'accessResult\': \'DENIED\', \'isAudited\': true},{\'resources\':{\'table\':{\'values\':[\'*-ROOT-*\',\'*.META.*\', \'*_acl_*\', \'hbase:meta\', \'hbase:acl\', \'default\', \'hbase\']}}, \'users\':[\'hbase\'], \'isAudited\': false }, {\'resources\':{\'table\':{\'values\':[\'atlas_janus\',\'ATLAS_ENTITY_AUDIT_EVENTS\']},\'column-family\':{\'values\':[\'*\']},\'column\':{\'values\':[\'*\']}},\'users\':[\'atlas\', \'hbase\'],\'isAudited\':false},{\'users\':[\'hbase\'], \'actions\':[\'balance\'],\'isAudited\':false}]\",\"validationRegEx\":\"\",\"validationMessage\":\"\",\"uiHint\":\"\",\"label\":\"Ranger Default Audit Filters\"}],\"resources\":[{\"itemId\":1,\"name\":\"table\",\"type\":\"string\",\"level\":10,\"mandatory\":true,\"lookupSupported\":true,\"recursiveSupported\":false,\"excludesSupported\":true,\"matcher\":\"org.apache.ranger.plugin.resourcematcher.RangerDefaultResourceMatcher\",\"matcherOptions\":{\"wildCard\":\"true\",\"ignoreCase\":\"false\"},\"validationRegEx\":\"\",\"validationMessage\":\"\",\"uiHint\":\"\",\"label\":\"HBase Table\",\"description\":\"HBase Table\",\"accessTypeRestrictions\":[],\"isValidLeaf\":false},{\"itemId\":2,\"name\":\"column-family\",\"type\":\"string\",\"level\":20,\"parent\":\"table\",\"mandatory\":true,\"lookupSupported\":true,\"recursiveSupported\":false,\"excludesSupported\":true,\"matcher\":\"org.apache.ranger.plugin.resourcematcher.RangerDefaultResourceMatcher\",\"matcherOptions\":{\"wildCard\":\"true\",\"ignoreCase\":\"false\"},\"validationRegEx\":\"\",\"validationMessage\":\"\",\"uiHint\":\"\",\"label\":\"HBase Column-family\",\"description\":\"HBase Column-family\",\"accessTypeRestrictions\":[],\"isValidLeaf\":false},{\"itemId\":3,\"name\":\"column\",\"type\":\"string\",\"level\":30,\"parent\":\"column-family\",\"mandatory\":true,\"lookupSupported\":false,\"recursiveSupported\":false,\"excludesSupported\":true,\"matcher\":\"org.apache.ranger.plugin.resourcematcher.RangerDefaultResourceMatcher\",\"matcherOptions\":{\"wildCard\":\"true\",\"ignoreCase\":\"false\"},\"validationRegEx\":\"\",\"validationMessage\":\"\",\"uiHint\":\"\",\"label\":\"HBase Column\",\"description\":\"HBase Column\",\"accessTypeRestrictions\":[],\"isValidLeaf\":true}],\"accessTypes\":[{\"itemId\":1,\"name\":\"read\",\"label\":\"Read\",\"impliedGrants\":[]},{\"itemId\":2,\"name\":\"write\",\"label\":\"Write\",\"impliedGrants\":[]},{\"itemId\":3,\"name\":\"create\",\"label\":\"Create\",\"impliedGrants\":[]},{\"itemId\":4,\"name\":\"admin\",\"label\":\"Admin\",\"impliedGrants\":[\"read\",\"write\",\"create\"]},{\"itemId\":5,\"name\":\"execute\",\"label\":\"Execute\",\"impliedGrants\":[]}],\"policyConditions\":[],\"contextEnrichers\":[],\"enums\":[{\"itemId\":1,\"name\":\"authnType\",\"elements\":[{\"itemId\":1,\"name\":\"simple\",\"label\":\"Simple\"},{\"itemId\":2,\"name\":\"kerberos\",\"label\":\"Kerberos\"}],\"defaultIndex\":0}],\"dataMaskDef\":{\"maskTypes\":[],\"accessTypes\":[],\"resources\":[]},\"rowFilterDef\":{\"accessTypes\":[],\"resources\":[]}}'),(3,'2022-05-16 13:24:00','2022-05-16 13:24:00','3e1afb5a-184a-4e82-9d9c-87a5cacc243c',1033,3,'hive',1,'Create','2022-05-16 13:24:00',NULL,'{\"id\":3,\"guid\":\"3e1afb5a-184a-4e82-9d9c-87a5cacc243c\",\"isEnabled\":true,\"createTime\":1652732640000,\"updateTime\":1652732640000,\"version\":1,\"name\":\"hive\",\"displayName\":\"Hadoop SQL\",\"implClass\":\"org.apache.ranger.services.hive.RangerServiceHive\",\"label\":\"Hive Server2\",\"description\":\"Hive Server2\",\"options\":{\"enableDenyAndExceptionsInPolicies\":\"true\"},\"configs\":[{\"itemId\":1,\"name\":\"username\",\"type\":\"string\",\"mandatory\":true,\"validationRegEx\":\"\",\"validationMessage\":\"\",\"uiHint\":\"\",\"label\":\"Username\"},{\"itemId\":2,\"name\":\"password\",\"type\":\"password\",\"mandatory\":true,\"validationRegEx\":\"\",\"validationMessage\":\"\",\"uiHint\":\"\",\"label\":\"Password\"},{\"itemId\":3,\"name\":\"jdbc.driverClassName\",\"type\":\"string\",\"mandatory\":true,\"defaultValue\":\"org.apache.hive.jdbc.HiveDriver\",\"validationRegEx\":\"\",\"validationMessage\":\"\",\"uiHint\":\"\"},{\"itemId\":4,\"name\":\"jdbc.url\",\"type\":\"string\",\"mandatory\":true,\"defaultValue\":\"\",\"validationRegEx\":\"\",\"validationMessage\":\"\",\"uiHint\":\"{\\\"TextFieldWithIcon\\\":true, \\\"info\\\": \\\"1.For Remote Mode, eg.<br>jdbc:hive2://&lt;host&gt;:&lt;port&gt;<br>2.For Embedded Mode (no host or port), eg.<br>jdbc:hive2:///;initFile=&lt;file&gt;<br>3.For HTTP Mode, eg.<br>jdbc:hive2://&lt;host&gt;:&lt;port&gt;/;<br>transportMode=http;httpPath=&lt;httpPath&gt;<br>4.For SSL Mode, eg.<br>jdbc:hive2://&lt;host&gt;:&lt;port&gt;/;ssl=true;<br>sslTrustStore=tStore;trustStorePassword=pw<br>5.For ZooKeeper Mode, eg.<br>jdbc:hive2://&lt;host&gt;/;serviceDiscoveryMode=<br>zooKeeper;zooKeeperNamespace=hiveserver2<br>6.For Kerberos Mode, eg.<br>jdbc:hive2://&lt;host&gt;:&lt;port&gt;/;<br>principal=hive/domain@EXAMPLE.COM<br>\\\"}\"},{\"itemId\":5,\"name\":\"commonNameForCertificate\",\"type\":\"string\",\"mandatory\":false,\"validationRegEx\":\"\",\"validationMessage\":\"\",\"uiHint\":\"\",\"label\":\"Common Name for Certificate\"},{\"itemId\":6,\"name\":\"ranger.plugin.audit.filters\",\"type\":\"string\",\"subType\":\"\",\"mandatory\":false,\"defaultValue\":\"[ {\'accessResult\': \'DENIED\', \'isAudited\': true}, {\'actions\':[\'METADATA OPERATION\'], \'isAudited\': false}]\",\"validationRegEx\":\"\",\"validationMessage\":\"\",\"uiHint\":\"\",\"label\":\"Ranger Default Audit Filters\"}],\"resources\":[{\"itemId\":1,\"name\":\"database\",\"type\":\"string\",\"level\":10,\"mandatory\":true,\"lookupSupported\":true,\"recursiveSupported\":false,\"excludesSupported\":true,\"matcher\":\"org.apache.ranger.plugin.resourcematcher.RangerDefaultResourceMatcher\",\"matcherOptions\":{\"wildCard\":\"true\",\"ignoreCase\":\"true\"},\"validationRegEx\":\"\",\"validationMessage\":\"\",\"uiHint\":\"\",\"label\":\"Hive Database\",\"description\":\"Hive Database\",\"accessTypeRestrictions\":[],\"isValidLeaf\":true},{\"itemId\":5,\"name\":\"url\",\"type\":\"string\",\"level\":10,\"mandatory\":true,\"lookupSupported\":false,\"recursiveSupported\":true,\"excludesSupported\":false,\"matcher\":\"org.apache.ranger.plugin.resourcematcher.RangerURLResourceMatcher\",\"matcherOptions\":{\"wildCard\":\"true\",\"ignoreCase\":\"false\"},\"validationRegEx\":\"\",\"validationMessage\":\"\",\"uiHint\":\"\",\"label\":\"URL\",\"description\":\"URL\",\"accessTypeRestrictions\":[],\"isValidLeaf\":true},{\"itemId\":6,\"name\":\"hiveservice\",\"type\":\"string\",\"level\":10,\"mandatory\":true,\"lookupSupported\":false,\"recursiveSupported\":false,\"excludesSupported\":false,\"matcher\":\"org.apache.ranger.plugin.resourcematcher.RangerDefaultResourceMatcher\",\"matcherOptions\":{\"wildCard\":\"true\",\"ignoreCase\":\"false\"},\"validationRegEx\":\"\",\"validationMessage\":\"\",\"uiHint\":\"\",\"label\":\"Hive Service\",\"description\":\"Hive Service\",\"accessTypeRestrictions\":[],\"isValidLeaf\":true},{\"itemId\":7,\"name\":\"global\",\"type\":\"string\",\"level\":10,\"mandatory\":true,\"lookupSupported\":false,\"recursiveSupported\":false,\"excludesSupported\":false,\"matcher\":\"org.apache.ranger.plugin.resourcematcher.RangerDefaultResourceMatcher\",\"matcherOptions\":{\"wildCard\":\"true\",\"ignoreCase\":\"false\"},\"validationRegEx\":\"\",\"validationMessage\":\"\",\"uiHint\":\"\",\"label\":\"Global\",\"description\":\"Global\",\"accessTypeRestrictions\":[],\"isValidLeaf\":true},{\"itemId\":8,\"name\":\"storage-type\",\"type\":\"string\",\"level\":10,\"mandatory\":true,\"lookupSupported\":false,\"recursiveSupported\":false,\"excludesSupported\":false,\"matcher\":\"org.apache.ranger.plugin.resourcematcher.RangerDefaultResourceMatcher\",\"matcherOptions\":{\"wildCard\":\"true\",\"ignoreCase\":\"false\"},\"validationRegEx\":\"\",\"validationMessage\":\"\",\"uiHint\":\"\",\"label\":\"Storage Type\",\"description\":\"Storage Type\",\"accessTypeRestrictions\":[],\"isValidLeaf\":false},{\"itemId\":2,\"name\":\"table\",\"type\":\"string\",\"level\":20,\"parent\":\"database\",\"mandatory\":true,\"lookupSupported\":true,\"recursiveSupported\":false,\"excludesSupported\":true,\"matcher\":\"org.apache.ranger.plugin.resourcematcher.RangerDefaultResourceMatcher\",\"matcherOptions\":{\"wildCard\":\"true\",\"ignoreCase\":\"true\"},\"validationRegEx\":\"\",\"validationMessage\":\"\",\"uiHint\":\"\",\"label\":\"Hive Table\",\"description\":\"Hive Table\",\"accessTypeRestrictions\":[],\"isValidLeaf\":true},{\"itemId\":3,\"name\":\"udf\",\"type\":\"string\",\"level\":20,\"parent\":\"database\",\"mandatory\":true,\"lookupSupported\":true,\"recursiveSupported\":false,\"excludesSupported\":true,\"matcher\":\"org.apache.ranger.plugin.resourcematcher.RangerDefaultResourceMatcher\",\"matcherOptions\":{\"wildCard\":\"true\",\"ignoreCase\":\"true\"},\"validationRegEx\":\"\",\"validationMessage\":\"\",\"uiHint\":\"\",\"label\":\"Hive UDF\",\"description\":\"Hive UDF\",\"accessTypeRestrictions\":[],\"isValidLeaf\":true},{\"itemId\":9,\"name\":\"storage-url\",\"type\":\"string\",\"level\":20,\"parent\":\"storage-type\",\"mandatory\":true,\"lookupSupported\":false,\"recursiveSupported\":false,\"excludesSupported\":true,\"matcher\":\"org.apache.ranger.plugin.resourcematcher.RangerURLResourceMatcher\",\"matcherOptions\":{\"wildCard\":\"true\",\"ignoreCase\":\"true\"},\"validationRegEx\":\"\",\"validationMessage\":\"\",\"uiHint\":\"\",\"label\":\"Storage URL\",\"description\":\"Storage URL\",\"accessTypeRestrictions\":[\"rwstorage\"],\"isValidLeaf\":true},{\"itemId\":4,\"name\":\"column\",\"type\":\"string\",\"level\":30,\"parent\":\"table\",\"mandatory\":true,\"lookupSupported\":true,\"recursiveSupported\":false,\"excludesSupported\":true,\"matcher\":\"org.apache.ranger.plugin.resourcematcher.RangerDefaultResourceMatcher\",\"matcherOptions\":{\"wildCard\":\"true\",\"ignoreCase\":\"true\"},\"validationRegEx\":\"\",\"validationMessage\":\"\",\"uiHint\":\"\",\"label\":\"Hive Column\",\"description\":\"Hive Column\",\"accessTypeRestrictions\":[],\"isValidLeaf\":true}],\"accessTypes\":[{\"itemId\":1,\"name\":\"select\",\"label\":\"select\",\"impliedGrants\":[]},{\"itemId\":2,\"name\":\"update\",\"label\":\"update\",\"impliedGrants\":[]},{\"itemId\":3,\"name\":\"create\",\"label\":\"Create\",\"impliedGrants\":[]},{\"itemId\":4,\"name\":\"drop\",\"label\":\"Drop\",\"impliedGrants\":[]},{\"itemId\":5,\"name\":\"alter\",\"label\":\"Alter\",\"impliedGrants\":[]},{\"itemId\":6,\"name\":\"index\",\"label\":\"Index\",\"impliedGrants\":[]},{\"itemId\":7,\"name\":\"lock\",\"label\":\"Lock\",\"impliedGrants\":[]},{\"itemId\":8,\"name\":\"all\",\"label\":\"All\",\"impliedGrants\":[\"select\",\"update\",\"create\",\"drop\",\"alter\",\"index\",\"lock\",\"read\",\"write\",\"repladmin\",\"serviceadmin\",\"refresh\"]},{\"itemId\":9,\"name\":\"read\",\"label\":\"Read\",\"impliedGrants\":[]},{\"itemId\":10,\"name\":\"write\",\"label\":\"Write\",\"impliedGrants\":[]},{\"itemId\":11,\"name\":\"repladmin\",\"label\":\"ReplAdmin\",\"impliedGrants\":[]},{\"itemId\":12,\"name\":\"serviceadmin\",\"label\":\"Service Admin\",\"impliedGrants\":[]},{\"itemId\":13,\"name\":\"tempudfadmin\",\"label\":\"Temporary UDF Admin\",\"impliedGrants\":[]},{\"itemId\":14,\"name\":\"refresh\",\"label\":\"Refresh\",\"impliedGrants\":[]},{\"itemId\":15,\"name\":\"rwstorage\",\"label\":\"RW Storage\",\"impliedGrants\":[]}],\"policyConditions\":[],\"contextEnrichers\":[],\"enums\":[],\"dataMaskDef\":{\"maskTypes\":[{\"itemId\":1,\"name\":\"MASK\",\"label\":\"Redact\",\"description\":\"Replace lowercase with \'x\', uppercase with \'X\', digits with \'0\'\",\"transformer\":\"mask({col})\",\"dataMaskOptions\":{}},{\"itemId\":2,\"name\":\"MASK_SHOW_LAST_4\",\"label\":\"Partial mask: show last 4\",\"description\":\"Show last 4 characters; replace rest with \'x\'\",\"transformer\":\"mask_show_last_n({col}, 4, \'x\', \'x\', \'x\', -1, \'1\')\",\"dataMaskOptions\":{}},{\"itemId\":3,\"name\":\"MASK_SHOW_FIRST_4\",\"label\":\"Partial mask: show first 4\",\"description\":\"Show first 4 characters; replace rest with \'x\'\",\"transformer\":\"mask_show_first_n({col}, 4, \'x\', \'x\', \'x\', -1, \'1\')\",\"dataMaskOptions\":{}},{\"itemId\":4,\"name\":\"MASK_HASH\",\"label\":\"Hash\",\"description\":\"Hash the value\",\"transformer\":\"mask_hash({col})\",\"dataMaskOptions\":{}},{\"itemId\":5,\"name\":\"MASK_NULL\",\"label\":\"Nullify\",\"description\":\"Replace with NULL\",\"dataMaskOptions\":{}},{\"itemId\":6,\"name\":\"MASK_NONE\",\"label\":\"Unmasked (retain original value)\",\"description\":\"No masking\",\"dataMaskOptions\":{}},{\"itemId\":12,\"name\":\"MASK_DATE_SHOW_YEAR\",\"label\":\"Date: show only year\",\"description\":\"Date: show only year\",\"transformer\":\"mask({col}, \'x\', \'x\', \'x\', -1, \'1\', 1, 0, -1)\",\"dataMaskOptions\":{}},{\"itemId\":13,\"name\":\"CUSTOM\",\"label\":\"Custom\",\"description\":\"Custom\",\"dataMaskOptions\":{}}],\"accessTypes\":[{\"itemId\":1,\"name\":\"select\",\"label\":\"select\",\"impliedGrants\":[]}],\"resources\":[{\"itemId\":1,\"name\":\"database\",\"type\":\"string\",\"level\":10,\"mandatory\":true,\"lookupSupported\":true,\"recursiveSupported\":false,\"excludesSupported\":false,\"matcher\":\"org.apache.ranger.plugin.resourcematcher.RangerDefaultResourceMatcher\",\"matcherOptions\":{\"wildCard\":\"false\",\"ignoreCase\":\"true\"},\"validationRegEx\":\"\",\"validationMessage\":\"\",\"uiHint\":\"{ \\\"singleValue\\\":true }\",\"label\":\"Hive Database\",\"description\":\"Hive Database\",\"accessTypeRestrictions\":[],\"isValidLeaf\":false},{\"itemId\":2,\"name\":\"table\",\"type\":\"string\",\"level\":20,\"parent\":\"database\",\"mandatory\":true,\"lookupSupported\":true,\"recursiveSupported\":false,\"excludesSupported\":false,\"matcher\":\"org.apache.ranger.plugin.resourcematcher.RangerDefaultResourceMatcher\",\"matcherOptions\":{\"wildCard\":\"false\",\"ignoreCase\":\"true\"},\"validationRegEx\":\"\",\"validationMessage\":\"\",\"uiHint\":\"{ \\\"singleValue\\\":true }\",\"label\":\"Hive Table\",\"description\":\"Hive Table\",\"accessTypeRestrictions\":[],\"isValidLeaf\":false},{\"itemId\":4,\"name\":\"column\",\"type\":\"string\",\"level\":30,\"parent\":\"table\",\"mandatory\":true,\"lookupSupported\":true,\"recursiveSupported\":false,\"excludesSupported\":false,\"matcher\":\"org.apache.ranger.plugin.resourcematcher.RangerDefaultResourceMatcher\",\"matcherOptions\":{\"wildCard\":\"false\",\"ignoreCase\":\"true\"},\"validationRegEx\":\"\",\"validationMessage\":\"\",\"uiHint\":\"{ \\\"singleValue\\\":true }\",\"label\":\"Hive Column\",\"description\":\"Hive Column\",\"accessTypeRestrictions\":[],\"isValidLeaf\":true}]},\"rowFilterDef\":{\"accessTypes\":[{\"itemId\":1,\"name\":\"select\",\"label\":\"select\",\"impliedGrants\":[]}],\"resources\":[{\"itemId\":1,\"name\":\"database\",\"type\":\"string\",\"level\":10,\"mandatory\":true,\"lookupSupported\":true,\"recursiveSupported\":false,\"excludesSupported\":false,\"matcher\":\"org.apache.ranger.plugin.resourcematcher.RangerDefaultResourceMatcher\",\"matcherOptions\":{\"wildCard\":\"false\",\"ignoreCase\":\"true\"},\"validationRegEx\":\"\",\"validationMessage\":\"\",\"uiHint\":\"{ \\\"singleValue\\\":true }\",\"label\":\"Hive Database\",\"description\":\"Hive Database\",\"accessTypeRestrictions\":[],\"isValidLeaf\":false},{\"itemId\":2,\"name\":\"table\",\"type\":\"string\",\"level\":20,\"parent\":\"database\",\"mandatory\":true,\"lookupSupported\":true,\"recursiveSupported\":false,\"excludesSupported\":false,\"matcher\":\"org.apache.ranger.plugin.resourcematcher.RangerDefaultResourceMatcher\",\"matcherOptions\":{\"wildCard\":\"false\",\"ignoreCase\":\"true\"},\"validationRegEx\":\"\",\"validationMessage\":\"\",\"uiHint\":\"{ \\\"singleValue\\\":true }\",\"label\":\"Hive Table\",\"description\":\"Hive Table\",\"accessTypeRestrictions\":[],\"isValidLeaf\":true}]}}'),(4,'2022-05-16 13:24:00','2022-05-16 13:24:00','c852b7a5-c85e-438a-a27e-91c9b3376c95',1033,7,'kms',1,'Create','2022-05-16 13:24:00',NULL,'{\"id\":7,\"guid\":\"c852b7a5-c85e-438a-a27e-91c9b3376c95\",\"isEnabled\":true,\"createTime\":1652732640000,\"updateTime\":1652732640000,\"version\":1,\"name\":\"kms\",\"displayName\":\"kms\",\"implClass\":\"org.apache.ranger.services.kms.RangerServiceKMS\",\"label\":\"KMS\",\"description\":\"KMS\",\"options\":{\"enableDenyAndExceptionsInPolicies\":\"true\",\"ui.pages\":\"encryption\",\"security.allowed.roles\":\"keyadmin\"},\"configs\":[{\"itemId\":1,\"name\":\"provider\",\"type\":\"string\",\"mandatory\":true,\"label\":\"KMS URL\"},{\"itemId\":2,\"name\":\"username\",\"type\":\"string\",\"mandatory\":true,\"label\":\"Username\"},{\"itemId\":3,\"name\":\"password\",\"type\":\"password\",\"mandatory\":true,\"label\":\"Password\"},{\"itemId\":4,\"name\":\"ranger.plugin.audit.filters\",\"type\":\"string\",\"mandatory\":false,\"defaultValue\":\"[ {\'accessResult\': \'DENIED\', \'isAudited\': true}, {\'users\':[\'keyadmin\'] ,\'isAudited\':false} ]\",\"validationRegEx\":\"\",\"validationMessage\":\"\",\"uiHint\":\"\",\"label\":\"Ranger Default Audit Filters\"}],\"resources\":[{\"itemId\":1,\"name\":\"keyname\",\"type\":\"string\",\"level\":10,\"mandatory\":true,\"lookupSupported\":true,\"recursiveSupported\":false,\"excludesSupported\":false,\"matcher\":\"org.apache.ranger.plugin.resourcematcher.RangerDefaultResourceMatcher\",\"matcherOptions\":{\"wildCard\":\"true\",\"ignoreCase\":\"false\"},\"validationRegEx\":\"\",\"validationMessage\":\"\",\"uiHint\":\"\",\"label\":\"Key Name\",\"description\":\"Key Name\",\"accessTypeRestrictions\":[],\"isValidLeaf\":true}],\"accessTypes\":[{\"itemId\":1,\"name\":\"create\",\"label\":\"Create\",\"impliedGrants\":[]},{\"itemId\":2,\"name\":\"delete\",\"label\":\"Delete\",\"impliedGrants\":[]},{\"itemId\":3,\"name\":\"rollover\",\"label\":\"Rollover\",\"impliedGrants\":[]},{\"itemId\":4,\"name\":\"setkeymaterial\",\"label\":\"Set Key Material\",\"impliedGrants\":[]},{\"itemId\":5,\"name\":\"get\",\"label\":\"Get\",\"impliedGrants\":[]},{\"itemId\":6,\"name\":\"getkeys\",\"label\":\"Get Keys\",\"impliedGrants\":[]},{\"itemId\":7,\"name\":\"getmetadata\",\"label\":\"Get Metadata\",\"impliedGrants\":[]},{\"itemId\":8,\"name\":\"generateeek\",\"label\":\"Generate EEK\",\"impliedGrants\":[]},{\"itemId\":9,\"name\":\"decrypteek\",\"label\":\"Decrypt EEK\",\"impliedGrants\":[]}],\"policyConditions\":[],\"contextEnrichers\":[],\"enums\":[],\"dataMaskDef\":{\"maskTypes\":[],\"accessTypes\":[],\"resources\":[]},\"rowFilterDef\":{\"accessTypes\":[],\"resources\":[]}}'),(5,'2022-05-16 13:24:00','2022-05-16 13:24:00','84b481b5-f23b-4f71-b8b6-ab33977149ca',1033,5,'knox',1,'Create','2022-05-16 13:24:00',NULL,'{\"id\":5,\"guid\":\"84b481b5-f23b-4f71-b8b6-ab33977149ca\",\"isEnabled\":true,\"createTime\":1652732640000,\"updateTime\":1652732640000,\"version\":1,\"name\":\"knox\",\"displayName\":\"knox\",\"implClass\":\"org.apache.ranger.services.knox.RangerServiceKnox\",\"label\":\"Knox Gateway\",\"description\":\"Knox Gateway\",\"options\":{\"enableDenyAndExceptionsInPolicies\":\"true\"},\"configs\":[{\"itemId\":1,\"name\":\"username\",\"type\":\"string\",\"mandatory\":true,\"validationRegEx\":\"\",\"validationMessage\":\"\",\"uiHint\":\"\",\"label\":\"Username\"},{\"itemId\":2,\"name\":\"password\",\"type\":\"password\",\"mandatory\":true,\"validationRegEx\":\"\",\"validationMessage\":\"\",\"uiHint\":\"\",\"label\":\"Password\"},{\"itemId\":3,\"name\":\"knox.url\",\"type\":\"string\",\"mandatory\":true,\"defaultValue\":\"\",\"validationRegEx\":\"\",\"validationMessage\":\"\",\"uiHint\":\"\"},{\"itemId\":4,\"name\":\"commonNameForCertificate\",\"type\":\"string\",\"mandatory\":false,\"validationRegEx\":\"\",\"validationMessage\":\"\",\"uiHint\":\"\",\"label\":\"Common Name for Certificate\"},{\"itemId\":5,\"name\":\"ranger.plugin.audit.filters\",\"type\":\"string\",\"subType\":\"\",\"mandatory\":false,\"defaultValue\":\"[ {\'accessResult\': \'DENIED\', \'isAudited\': true}, {\'users\':[\'knox\'] ,\'isAudited\':false} ]\",\"validationRegEx\":\"\",\"validationMessage\":\"\",\"uiHint\":\"\",\"label\":\"Ranger Default Audit Filters\"}],\"resources\":[{\"itemId\":1,\"name\":\"topology\",\"type\":\"string\",\"level\":10,\"mandatory\":true,\"lookupSupported\":true,\"recursiveSupported\":false,\"excludesSupported\":true,\"matcher\":\"org.apache.ranger.plugin.resourcematcher.RangerDefaultResourceMatcher\",\"matcherOptions\":{\"wildCard\":\"true\",\"ignoreCase\":\"false\"},\"validationRegEx\":\"\",\"validationMessage\":\"\",\"uiHint\":\"\",\"label\":\"Knox Topology\",\"description\":\"Knox Topology\",\"accessTypeRestrictions\":[],\"isValidLeaf\":false},{\"itemId\":2,\"name\":\"service\",\"type\":\"string\",\"level\":20,\"parent\":\"topology\",\"mandatory\":true,\"lookupSupported\":true,\"recursiveSupported\":false,\"excludesSupported\":true,\"matcher\":\"org.apache.ranger.plugin.resourcematcher.RangerDefaultResourceMatcher\",\"matcherOptions\":{\"wildCard\":\"true\",\"ignoreCase\":\"false\"},\"validationRegEx\":\"\",\"validationMessage\":\"\",\"uiHint\":\"\",\"label\":\"Knox Service\",\"description\":\"Knox Service\",\"accessTypeRestrictions\":[],\"isValidLeaf\":true}],\"accessTypes\":[{\"itemId\":1,\"name\":\"allow\",\"label\":\"Allow\",\"impliedGrants\":[]}],\"policyConditions\":[{\"itemId\":1,\"name\":\"ip-range\",\"evaluator\":\"org.apache.ranger.plugin.conditionevaluator.RangerIpMatcher\",\"evaluatorOptions\":{},\"validationRegEx\":\"\",\"validationMessage\":\"\",\"uiHint\":\"\",\"label\":\"IP Address Range\",\"description\":\"IP Address Range\"}],\"contextEnrichers\":[],\"enums\":[],\"dataMaskDef\":{\"maskTypes\":[],\"accessTypes\":[],\"resources\":[]},\"rowFilterDef\":{\"accessTypes\":[],\"resources\":[]}}'),(6,'2022-05-16 13:24:00','2022-05-16 13:24:00','5b710438-edcf-4e20-834c-a9a267b5b963',1033,4,'yarn',1,'Create','2022-05-16 13:24:00',NULL,'{\"id\":4,\"guid\":\"5b710438-edcf-4e20-834c-a9a267b5b963\",\"isEnabled\":true,\"createTime\":1652732640000,\"updateTime\":1652732640000,\"version\":1,\"name\":\"yarn\",\"displayName\":\"yarn\",\"implClass\":\"org.apache.ranger.services.yarn.RangerServiceYarn\",\"label\":\"YARN\",\"description\":\"YARN\",\"options\":{\"enableDenyAndExceptionsInPolicies\":\"true\"},\"configs\":[{\"itemId\":1,\"name\":\"username\",\"type\":\"string\",\"mandatory\":true,\"validationRegEx\":\"\",\"validationMessage\":\"\",\"uiHint\":\"\",\"label\":\"Username\"},{\"itemId\":2,\"name\":\"password\",\"type\":\"password\",\"mandatory\":true,\"validationRegEx\":\"\",\"validationMessage\":\"\",\"uiHint\":\"\",\"label\":\"Password\"},{\"itemId\":3,\"name\":\"yarn.url\",\"type\":\"string\",\"mandatory\":true,\"defaultValue\":\"\",\"validationRegEx\":\"\",\"validationMessage\":\"\",\"uiHint\":\"{\\\"TextFieldWithIcon\\\":true, \\\"info\\\": \\\"1.For one url, eg.<br>\'http or https://&lt;ipaddr&gt;:8088\'<br>2.For multiple urls (use , or ; delimiter), eg.<br>\'http://&lt;ipaddr1&gt;:8088,http://&lt;ipaddr2&gt;:8088\'\\\"}\",\"label\":\"YARN REST URL\"},{\"itemId\":4,\"name\":\"hadoop.security.authentication\",\"type\":\"enum\",\"subType\":\"authnType\",\"mandatory\":false,\"defaultValue\":\"simple\",\"validationRegEx\":\"\",\"validationMessage\":\"\",\"uiHint\":\"\",\"label\":\"Authentication Type\"},{\"itemId\":5,\"name\":\"commonNameForCertificate\",\"type\":\"string\",\"mandatory\":false,\"validationRegEx\":\"\",\"validationMessage\":\"\",\"uiHint\":\"\",\"label\":\"Common Name for Certificate\"},{\"itemId\":6,\"name\":\"ranger.plugin.audit.filters\",\"type\":\"string\",\"subType\":\"\",\"mandatory\":false,\"defaultValue\":\"[]\",\"validationRegEx\":\"\",\"validationMessage\":\"\",\"uiHint\":\"\",\"label\":\"Ranger Default Audit Filters\"}],\"resources\":[{\"itemId\":1,\"name\":\"queue\",\"type\":\"string\",\"level\":10,\"mandatory\":true,\"lookupSupported\":true,\"recursiveSupported\":true,\"excludesSupported\":false,\"matcher\":\"org.apache.ranger.plugin.resourcematcher.RangerPathResourceMatcher\",\"matcherOptions\":{\"pathSeparatorChar\":\".\",\"wildCard\":\"true\",\"ignoreCase\":\"false\"},\"validationRegEx\":\"\",\"validationMessage\":\"\",\"uiHint\":\"\",\"label\":\"Queue\",\"description\":\"Queue\",\"accessTypeRestrictions\":[],\"isValidLeaf\":true}],\"accessTypes\":[{\"itemId\":1,\"name\":\"submit-app\",\"label\":\"submit-app\",\"impliedGrants\":[]},{\"itemId\":2,\"name\":\"admin-queue\",\"label\":\"admin-queue\",\"impliedGrants\":[\"submit-app\"]}],\"policyConditions\":[],\"contextEnrichers\":[],\"enums\":[{\"itemId\":1,\"name\":\"authnType\",\"elements\":[{\"itemId\":1,\"name\":\"simple\",\"label\":\"Simple\"},{\"itemId\":2,\"name\":\"kerberos\",\"label\":\"Kerberos\"}],\"defaultIndex\":0}],\"dataMaskDef\":{\"maskTypes\":[],\"accessTypes\":[],\"resources\":[]},\"rowFilterDef\":{\"accessTypes\":[],\"resources\":[]}}'),(7,'2022-05-16 13:24:01','2022-05-16 13:24:01','67d58ad8-21d3-441d-9c77-0df0611b5f92',1033,9,'kafka',1,'Create','2022-05-16 13:24:01',NULL,'{\"id\":9,\"guid\":\"67d58ad8-21d3-441d-9c77-0df0611b5f92\",\"isEnabled\":true,\"createTime\":1652732640000,\"updateTime\":1652732640000,\"version\":1,\"name\":\"kafka\",\"displayName\":\"kafka\",\"implClass\":\"org.apache.ranger.services.kafka.RangerServiceKafka\",\"label\":\"Kafka\",\"description\":\"Apache Kafka\",\"options\":{\"enableDenyAndExceptionsInPolicies\":\"true\"},\"configs\":[{\"itemId\":1,\"name\":\"username\",\"type\":\"string\",\"mandatory\":true,\"label\":\"Username\"},{\"itemId\":2,\"name\":\"password\",\"type\":\"password\",\"mandatory\":true,\"label\":\"Password\"},{\"itemId\":3,\"name\":\"zookeeper.connect\",\"type\":\"string\",\"mandatory\":true,\"defaultValue\":\"localhost:2181\",\"label\":\"Zookeeper Connect String\"},{\"itemId\":4,\"name\":\"commonNameForCertificate\",\"type\":\"string\",\"mandatory\":false,\"label\":\"Ranger Plugin SSL CName\"},{\"itemId\":5,\"name\":\"ranger.plugin.audit.filters\",\"type\":\"string\",\"subType\":\"\",\"mandatory\":false,\"defaultValue\":\"[{\'accessResult\': \'DENIED\', \'isAudited\': true},{\'resources\':{\'topic\':{\'values\':[\'ATLAS_ENTITIES\',\'ATLAS_HOOK\',\'ATLAS_SPARK_HOOK\']}},\'users\':[\'atlas\'],\'actions\':[\'describe\',\'publish\',\'consume\'],\'isAudited\':false},{\'resources\':{\'topic\':{\'values\':[\'ATLAS_HOOK\']}},\'users\':[\'hive\',\'hbase\',\'impala\',\'nifi\'],\'actions\':[\'publish\',\'describe\'],\'isAudited\':false},{\'resources\':{\'topic\':{\'values\':[\'ATLAS_ENTITIES\']}},\'users\':[\'rangertagsync\'],\'actions\':[\'consume\',\'describe\'],\'isAudited\':false},{\'resources\':{\'consumergroup\':{\'values\':[\'*\']}},\'users\':[\'atlas\',\'rangertagsync\'],\'actions\':[\'consume\'],\'isAudited\':false},{\'users\':[\'kafka\'],\'isAudited\':false}]\",\"validationRegEx\":\"\",\"validationMessage\":\"\",\"uiHint\":\"\",\"label\":\"Ranger Default Audit Filters\"}],\"resources\":[{\"itemId\":1,\"name\":\"topic\",\"type\":\"string\",\"level\":1,\"mandatory\":true,\"lookupSupported\":true,\"recursiveSupported\":false,\"excludesSupported\":true,\"matcher\":\"org.apache.ranger.plugin.resourcematcher.RangerDefaultResourceMatcher\",\"matcherOptions\":{\"wildCard\":\"true\",\"ignoreCase\":\"true\"},\"validationRegEx\":\"\",\"validationMessage\":\"\",\"uiHint\":\"\",\"label\":\"Topic\",\"description\":\"Topic\",\"accessTypeRestrictions\":[\"describe_configs\",\"alter_configs\",\"publish\",\"create\",\"consume\",\"configure\",\"describe\",\"delete\",\"alter\"],\"isValidLeaf\":true},{\"itemId\":2,\"name\":\"transactionalid\",\"type\":\"string\",\"level\":1,\"mandatory\":true,\"lookupSupported\":false,\"recursiveSupported\":false,\"excludesSupported\":true,\"matcher\":\"org.apache.ranger.plugin.resourcematcher.RangerDefaultResourceMatcher\",\"matcherOptions\":{\"wildCard\":\"true\",\"ignoreCase\":\"true\"},\"label\":\"Transactional Id\",\"description\":\"Transactional Id\",\"accessTypeRestrictions\":[\"publish\",\"describe\"],\"isValidLeaf\":true},{\"itemId\":3,\"name\":\"cluster\",\"type\":\"string\",\"level\":1,\"mandatory\":true,\"lookupSupported\":false,\"recursiveSupported\":false,\"excludesSupported\":true,\"matcher\":\"org.apache.ranger.plugin.resourcematcher.RangerDefaultResourceMatcher\",\"matcherOptions\":{\"wildCard\":\"true\",\"ignoreCase\":\"true\"},\"label\":\"Cluster\",\"description\":\"Cluster\",\"accessTypeRestrictions\":[\"describe_configs\",\"alter_configs\",\"idempotent_write\",\"create\",\"configure\",\"describe\",\"kafka_admin\",\"cluster_action\",\"alter\"],\"isValidLeaf\":true},{\"itemId\":4,\"name\":\"delegationtoken\",\"type\":\"string\",\"level\":1,\"mandatory\":true,\"lookupSupported\":false,\"recursiveSupported\":false,\"excludesSupported\":true,\"matcher\":\"org.apache.ranger.plugin.resourcematcher.RangerDefaultResourceMatcher\",\"matcherOptions\":{\"wildCard\":\"true\",\"ignoreCase\":\"true\"},\"label\":\"Delegation Token\",\"description\":\"Delegation Token\",\"accessTypeRestrictions\":[\"describe\"],\"isValidLeaf\":true},{\"itemId\":5,\"name\":\"consumergroup\",\"type\":\"string\",\"level\":1,\"mandatory\":true,\"lookupSupported\":false,\"recursiveSupported\":false,\"excludesSupported\":true,\"matcher\":\"org.apache.ranger.plugin.resourcematcher.RangerDefaultResourceMatcher\",\"matcherOptions\":{\"wildCard\":\"true\",\"ignoreCase\":\"true\"},\"label\":\"Consumer Group\",\"description\":\"Consumer Group\",\"accessTypeRestrictions\":[\"consume\",\"describe\",\"delete\"],\"isValidLeaf\":true}],\"accessTypes\":[{\"itemId\":1,\"name\":\"publish\",\"label\":\"Publish\",\"impliedGrants\":[\"describe\"]},{\"itemId\":2,\"name\":\"consume\",\"label\":\"Consume\",\"impliedGrants\":[\"describe\"]},{\"itemId\":5,\"name\":\"configure\",\"label\":\"Configure\",\"impliedGrants\":[\"describe\"]},{\"itemId\":6,\"name\":\"describe\",\"label\":\"Describe\",\"impliedGrants\":[]},{\"itemId\":7,\"name\":\"kafka_admin\",\"label\":\"Kafka Admin\",\"impliedGrants\":[\"publish\",\"consume\",\"configure\",\"describe\",\"create\",\"delete\",\"describe_configs\",\"alter_configs\",\"alter\",\"idempotent_write\",\"cluster_action\"]},{\"itemId\":8,\"name\":\"create\",\"label\":\"Create\",\"impliedGrants\":[]},{\"itemId\":9,\"name\":\"delete\",\"label\":\"Delete\",\"impliedGrants\":[\"describe\"]},{\"itemId\":10,\"name\":\"idempotent_write\",\"label\":\"Idempotent Write\",\"impliedGrants\":[]},{\"itemId\":11,\"name\":\"describe_configs\",\"label\":\"Describe Configs\",\"impliedGrants\":[]},{\"itemId\":12,\"name\":\"alter_configs\",\"label\":\"Alter Configs\",\"impliedGrants\":[\"describe_configs\"]},{\"itemId\":13,\"name\":\"cluster_action\",\"label\":\"Cluster Action\",\"impliedGrants\":[]},{\"itemId\":14,\"name\":\"alter\",\"label\":\"Alter\",\"impliedGrants\":[]}],\"policyConditions\":[{\"itemId\":1,\"name\":\"ip-range\",\"evaluator\":\"org.apache.ranger.plugin.conditionevaluator.RangerIpMatcher\",\"evaluatorOptions\":{},\"validationRegEx\":\"\",\"validationMessage\":\"\",\"uiHint\":\"\",\"label\":\"IP Address Range\",\"description\":\"IP Address Range\"}],\"contextEnrichers\":[],\"enums\":[],\"dataMaskDef\":{\"maskTypes\":[],\"accessTypes\":[],\"resources\":[]},\"rowFilterDef\":{\"accessTypes\":[],\"resources\":[]}}'),(8,'2022-05-16 13:24:01','2022-05-16 13:24:01','402a8333-e918-48ff-ae3a-5f8fe7a3c1a9',1033,8,'solr',1,'Create','2022-05-16 13:24:01',NULL,'{\"id\":8,\"guid\":\"402a8333-e918-48ff-ae3a-5f8fe7a3c1a9\",\"isEnabled\":true,\"createTime\":1652732641000,\"updateTime\":1652732641000,\"version\":1,\"name\":\"solr\",\"displayName\":\"solr\",\"implClass\":\"org.apache.ranger.services.solr.RangerServiceSolr\",\"label\":\"SOLR\",\"description\":\"Solr\",\"options\":{\"enableDenyAndExceptionsInPolicies\":\"true\"},\"configs\":[{\"itemId\":100,\"name\":\"username\",\"type\":\"string\",\"mandatory\":true,\"validationRegEx\":\"\",\"validationMessage\":\"\",\"uiHint\":\"\",\"label\":\"Username\"},{\"itemId\":200,\"name\":\"password\",\"type\":\"password\",\"mandatory\":true,\"validationRegEx\":\"\",\"validationMessage\":\"\",\"uiHint\":\"\",\"label\":\"Password\"},{\"itemId\":400,\"name\":\"solr.url\",\"type\":\"string\",\"mandatory\":true,\"defaultValue\":\"\",\"validationRegEx\":\"\",\"validationMessage\":\"\",\"uiHint\":\"\",\"label\":\"Solr URL\"},{\"itemId\":500,\"name\":\"commonNameForCertificate\",\"type\":\"string\",\"mandatory\":false,\"validationRegEx\":\"\",\"validationMessage\":\"\",\"uiHint\":\"\",\"label\":\"Ranger Plugin SSL CName\"},{\"itemId\":600,\"name\":\"ranger.plugin.audit.filters\",\"type\":\"string\",\"subType\":\"\",\"mandatory\":false,\"defaultValue\":\"[ {\'accessResult\': \'DENIED\', \'isAudited\': true}, {\'users\':[\'hive\',\'hdfs\',\'kafka\',\'hbase\',\'solr\',\'rangerraz\',\'knox\',\'atlas\'] ,\'isAudited\':false} ]\",\"validationRegEx\":\"\",\"validationMessage\":\"\",\"uiHint\":\"\",\"label\":\"Ranger Default Audit Filters\"}],\"resources\":[{\"itemId\":100,\"name\":\"collection\",\"type\":\"string\",\"level\":10,\"mandatory\":true,\"lookupSupported\":true,\"recursiveSupported\":false,\"excludesSupported\":true,\"matcher\":\"org.apache.ranger.plugin.resourcematcher.RangerDefaultResourceMatcher\",\"matcherOptions\":{\"wildCard\":\"true\",\"ignoreCase\":\"true\"},\"validationRegEx\":\"\",\"validationMessage\":\"\",\"uiHint\":\"\",\"label\":\"Solr Collection\",\"description\":\"Solr Collection\",\"accessTypeRestrictions\":[],\"isValidLeaf\":true}],\"accessTypes\":[{\"itemId\":100,\"name\":\"query\",\"label\":\"Query\",\"impliedGrants\":[]},{\"itemId\":200,\"name\":\"update\",\"label\":\"Update\",\"impliedGrants\":[]},{\"itemId\":300,\"name\":\"others\",\"label\":\"Others\",\"impliedGrants\":[]},{\"itemId\":900,\"name\":\"solr_admin\",\"label\":\"Solr Admin\",\"impliedGrants\":[\"query\",\"update\",\"others\"]}],\"policyConditions\":[{\"itemId\":100,\"name\":\"ip-range\",\"evaluator\":\"org.apache.ranger.plugin.conditionevaluator.RangerIpMatcher\",\"evaluatorOptions\":{},\"validationRegEx\":\"\",\"validationMessage\":\"\",\"uiHint\":\"\",\"label\":\"IP Address Range\",\"description\":\"IP Address Range\"}],\"contextEnrichers\":[],\"enums\":[],\"dataMaskDef\":{\"maskTypes\":[],\"accessTypes\":[],\"resources\":[]},\"rowFilterDef\":{\"accessTypes\":[],\"resources\":[]}}'),(9,'2022-05-16 13:24:01','2022-05-16 13:24:01','4f80dd08-1816-4d53-948c-8f99dac7ba8e',1033,202,'schema-registry',1,'Create','2022-05-16 13:24:01',NULL,'{\"id\":202,\"guid\":\"4f80dd08-1816-4d53-948c-8f99dac7ba8e\",\"isEnabled\":true,\"createTime\":1652732641000,\"updateTime\":1652732641000,\"version\":1,\"name\":\"schema-registry\",\"displayName\":\"schema-registry\",\"implClass\":\"org.apache.ranger.services.schema.registry.RangerServiceSchemaRegistry\",\"label\":\"Schema Registry\",\"description\":\"Schema Registry\",\"options\":{\"enableDenyAndExceptionsInPolicies\":\"true\"},\"configs\":[{\"itemId\":1,\"name\":\"schema.registry.url\",\"type\":\"string\",\"mandatory\":true,\"defaultValue\":\"\",\"validationRegEx\":\"\",\"validationMessage\":\"\",\"uiHint\":\"\",\"label\":\"Schema Registry URL\"},{\"itemId\":2,\"name\":\"schema-registry.authentication\",\"type\":\"enum\",\"subType\":\"authType\",\"mandatory\":true,\"defaultValue\":\"KERBEROS\",\"validationRegEx\":\"\",\"validationMessage\":\"\",\"uiHint\":\"\",\"label\":\"Authentication Type\"},{\"itemId\":3,\"name\":\"commonNameForCertificate\",\"type\":\"string\",\"mandatory\":false,\"validationRegEx\":\"\",\"validationMessage\":\"\",\"uiHint\":\"\",\"label\":\"Ranger Plugin SSL CName\"},{\"itemId\":4,\"name\":\"ranger.plugin.audit.filters\",\"type\":\"string\",\"subType\":\"\",\"mandatory\":false,\"defaultValue\":\"[]\",\"validationRegEx\":\"\",\"validationMessage\":\"\",\"uiHint\":\"\",\"label\":\"Ranger Default Audit Filters\"}],\"resources\":[{\"itemId\":1,\"name\":\"registry-service\",\"type\":\"string\",\"level\":10,\"mandatory\":true,\"lookupSupported\":true,\"recursiveSupported\":false,\"excludesSupported\":true,\"matcher\":\"org.apache.ranger.plugin.resourcematcher.RangerDefaultResourceMatcher\",\"matcherOptions\":{\"wildCard\":\"true\",\"ignoreCase\":\"true\"},\"validationRegEx\":\"^\\\\*$\",\"validationMessage\":\"\",\"uiHint\":\"\",\"label\":\"Schema Registry Service\",\"description\":\"Schema Registry Service\",\"accessTypeRestrictions\":[],\"isValidLeaf\":true},{\"itemId\":2,\"name\":\"schema-group\",\"type\":\"string\",\"level\":10,\"mandatory\":true,\"lookupSupported\":true,\"recursiveSupported\":false,\"excludesSupported\":true,\"matcher\":\"org.apache.ranger.plugin.resourcematcher.RangerDefaultResourceMatcher\",\"matcherOptions\":{\"wildCard\":\"true\",\"ignoreCase\":\"true\"},\"validationRegEx\":\"\",\"validationMessage\":\"\",\"uiHint\":\"\",\"label\":\"Schema Group\",\"description\":\"Schema Group\",\"accessTypeRestrictions\":[],\"isValidLeaf\":false},{\"itemId\":6,\"name\":\"serde\",\"type\":\"string\",\"level\":10,\"mandatory\":true,\"lookupSupported\":true,\"recursiveSupported\":false,\"excludesSupported\":true,\"matcher\":\"org.apache.ranger.plugin.resourcematcher.RangerDefaultResourceMatcher\",\"matcherOptions\":{\"wildCard\":\"true\",\"ignoreCase\":\"true\"},\"validationRegEx\":\"^\\\\*$\",\"validationMessage\":\"\",\"uiHint\":\"\",\"label\":\"Serializer/Deserializer\",\"description\":\"Serializer/Deserializer\",\"accessTypeRestrictions\":[],\"isValidLeaf\":true},{\"itemId\":3,\"name\":\"schema-metadata\",\"type\":\"string\",\"level\":20,\"parent\":\"schema-group\",\"mandatory\":true,\"lookupSupported\":true,\"recursiveSupported\":false,\"excludesSupported\":true,\"matcher\":\"org.apache.ranger.plugin.resourcematcher.RangerDefaultResourceMatcher\",\"matcherOptions\":{\"wildCard\":\"true\",\"ignoreCase\":\"true\"},\"validationRegEx\":\"\",\"validationMessage\":\"\",\"uiHint\":\"\",\"label\":\"Schema Name\",\"description\":\"Schema Name\",\"accessTypeRestrictions\":[],\"isValidLeaf\":true},{\"itemId\":4,\"name\":\"schema-branch\",\"type\":\"string\",\"level\":30,\"parent\":\"schema-metadata\",\"mandatory\":true,\"lookupSupported\":true,\"recursiveSupported\":false,\"excludesSupported\":true,\"matcher\":\"org.apache.ranger.plugin.resourcematcher.RangerDefaultResourceMatcher\",\"matcherOptions\":{\"wildCard\":\"true\",\"ignoreCase\":\"true\"},\"validationRegEx\":\"\",\"validationMessage\":\"\",\"uiHint\":\"\",\"label\":\"Schema Branch\",\"description\":\"Schema Branch\",\"accessTypeRestrictions\":[],\"isValidLeaf\":true},{\"itemId\":5,\"name\":\"schema-version\",\"type\":\"string\",\"level\":40,\"parent\":\"schema-branch\",\"mandatory\":true,\"lookupSupported\":true,\"recursiveSupported\":false,\"excludesSupported\":true,\"matcher\":\"org.apache.ranger.plugin.resourcematcher.RangerDefaultResourceMatcher\",\"matcherOptions\":{\"wildCard\":\"true\",\"ignoreCase\":\"true\"},\"validationRegEx\":\"^\\\\*$\",\"validationMessage\":\"\",\"uiHint\":\"\",\"label\":\"Schema Version\",\"description\":\"Schema Version\",\"accessTypeRestrictions\":[],\"isValidLeaf\":true}],\"accessTypes\":[{\"itemId\":1,\"name\":\"create\",\"label\":\"Create\",\"impliedGrants\":[]},{\"itemId\":2,\"name\":\"read\",\"label\":\"Read\",\"impliedGrants\":[]},{\"itemId\":3,\"name\":\"update\",\"label\":\"Update\",\"impliedGrants\":[]},{\"itemId\":4,\"name\":\"delete\",\"label\":\"Delete\",\"impliedGrants\":[]}],\"policyConditions\":[{\"itemId\":1,\"name\":\"ip-range\",\"evaluator\":\"org.apache.ranger.plugin.conditionevaluator.RangerIpMatcher\",\"evaluatorOptions\":{},\"validationRegEx\":\"\",\"validationMessage\":\"\",\"uiHint\":\"\",\"label\":\"IP Address Range\",\"description\":\"IP Address Range\"}],\"contextEnrichers\":[],\"enums\":[{\"itemId\":1,\"name\":\"authType\",\"elements\":[{\"itemId\":1,\"name\":\"NONE\",\"label\":\"None\"},{\"itemId\":2,\"name\":\"KERBEROS\",\"label\":\"Kerberos\"}],\"defaultIndex\":0}],\"dataMaskDef\":{\"maskTypes\":[],\"accessTypes\":[],\"resources\":[]},\"rowFilterDef\":{\"accessTypes\":[],\"resources\":[]}}'),(10,'2022-05-16 13:24:01','2022-05-16 13:24:01','52c2e1cb-dcab-471c-a3f2-957be5f6f2a3',1033,10,'nifi',1,'Create','2022-05-16 13:24:01',NULL,'{\"id\":10,\"guid\":\"52c2e1cb-dcab-471c-a3f2-957be5f6f2a3\",\"isEnabled\":true,\"createTime\":1652732641000,\"updateTime\":1652732641000,\"version\":1,\"name\":\"nifi\",\"displayName\":\"nifi\",\"implClass\":\"org.apache.ranger.services.nifi.RangerServiceNiFi\",\"label\":\"NIFI\",\"description\":\"NiFi\",\"options\":{\"enableDenyAndExceptionsInPolicies\":\"false\"},\"configs\":[{\"itemId\":400,\"name\":\"nifi.url\",\"type\":\"string\",\"mandatory\":true,\"defaultValue\":\"http://localhost:8080/nifi-api/resources\",\"validationRegEx\":\"\",\"validationMessage\":\"\",\"uiHint\":\"{\\\"TextFieldWithIcon\\\":true, \\\"info\\\": \\\"The URL of the NiFi REST API that provides the available resources.\\\"}\",\"label\":\"NiFi URL\"},{\"itemId\":410,\"name\":\"nifi.authentication\",\"type\":\"enum\",\"subType\":\"authType\",\"mandatory\":true,\"defaultValue\":\"NONE\",\"validationRegEx\":\"\",\"validationMessage\":\"\",\"uiHint\":\"\",\"label\":\"Authentication Type\"},{\"itemId\":411,\"name\":\"nifi.ssl.use.default.context\",\"type\":\"bool\",\"subType\":\"YesTrue:NoFalse\",\"mandatory\":true,\"defaultValue\":\"false\",\"validationRegEx\":\"\",\"validationMessage\":\"\",\"uiHint\":\"{\\\"TextFieldWithIcon\\\":true, \\\"info\\\": \\\"If true, then Ranger\'s keystore and truststore will be used to communicate with NiFi. If false, the keystore and truststore properties must be provided.\\\"}\",\"label\":\"Use Ranger\'s Default SSL Context\"},{\"itemId\":500,\"name\":\"nifi.ssl.keystore\",\"type\":\"string\",\"mandatory\":false,\"defaultValue\":\"\",\"validationRegEx\":\"\",\"validationMessage\":\"\",\"uiHint\":\"\",\"label\":\"Keystore\"},{\"itemId\":510,\"name\":\"nifi.ssl.keystoreType\",\"type\":\"string\",\"mandatory\":false,\"defaultValue\":\"\",\"validationRegEx\":\"\",\"validationMessage\":\"\",\"uiHint\":\"\",\"label\":\"Keystore Type\"},{\"itemId\":520,\"name\":\"nifi.ssl.keystorePassword\",\"type\":\"password\",\"mandatory\":false,\"defaultValue\":\"\",\"validationRegEx\":\"\",\"validationMessage\":\"\",\"uiHint\":\"\",\"label\":\"Keystore Password\"},{\"itemId\":530,\"name\":\"nifi.ssl.truststore\",\"type\":\"string\",\"mandatory\":false,\"defaultValue\":\"\",\"validationRegEx\":\"\",\"validationMessage\":\"\",\"uiHint\":\"\",\"label\":\"Truststore\"},{\"itemId\":540,\"name\":\"nifi.ssl.truststoreType\",\"type\":\"string\",\"mandatory\":false,\"defaultValue\":\"\",\"validationRegEx\":\"\",\"validationMessage\":\"\",\"uiHint\":\"\",\"label\":\"Truststore Type\"},{\"itemId\":550,\"name\":\"nifi.ssl.truststorePassword\",\"type\":\"password\",\"mandatory\":false,\"defaultValue\":\"\",\"validationRegEx\":\"\",\"validationMessage\":\"\",\"uiHint\":\"\",\"label\":\"Truststore Password\"},{\"itemId\":560,\"name\":\"ranger.plugin.audit.filters\",\"type\":\"string\",\"subType\":\"\",\"mandatory\":false,\"defaultValue\":\"[]\",\"validationRegEx\":\"\",\"validationMessage\":\"\",\"uiHint\":\"\",\"label\":\"Ranger Default Audit Filters\"}],\"resources\":[{\"itemId\":100,\"name\":\"nifi-resource\",\"type\":\"string\",\"level\":10,\"mandatory\":true,\"lookupSupported\":true,\"recursiveSupported\":false,\"excludesSupported\":false,\"matcher\":\"org.apache.ranger.plugin.resourcematcher.RangerDefaultResourceMatcher\",\"matcherOptions\":{\"wildCard\":\"true\",\"ignoreCase\":\"true\"},\"validationRegEx\":\"\",\"validationMessage\":\"\",\"uiHint\":\"\",\"label\":\"NiFi Resource Identifier\",\"description\":\"NiFi Resource\",\"accessTypeRestrictions\":[],\"isValidLeaf\":true}],\"accessTypes\":[{\"itemId\":100,\"name\":\"READ\",\"label\":\"Read\",\"impliedGrants\":[]},{\"itemId\":200,\"name\":\"WRITE\",\"label\":\"Write\",\"impliedGrants\":[]}],\"policyConditions\":[],\"contextEnrichers\":[],\"enums\":[{\"itemId\":1,\"name\":\"authType\",\"elements\":[{\"itemId\":1,\"name\":\"NONE\",\"label\":\"None\"},{\"itemId\":2,\"name\":\"SSL\",\"label\":\"SSL\"}],\"defaultIndex\":0}],\"dataMaskDef\":{\"maskTypes\":[],\"accessTypes\":[],\"resources\":[]},\"rowFilterDef\":{\"accessTypes\":[],\"resources\":[]}}'),(11,'2022-05-16 13:24:01','2022-05-16 13:24:01','55ed135a-170e-49bc-994f-65c98f609272',1033,13,'nifi-registry',1,'Create','2022-05-16 13:24:01',NULL,'{\"id\":13,\"guid\":\"55ed135a-170e-49bc-994f-65c98f609272\",\"isEnabled\":true,\"createTime\":1652732641000,\"updateTime\":1652732641000,\"version\":1,\"name\":\"nifi-registry\",\"displayName\":\"nifi-registry\",\"implClass\":\"org.apache.ranger.services.nifi.registry.RangerServiceNiFiRegistry\",\"label\":\"NIFI Registry\",\"description\":\"NiFi Registry\",\"options\":{\"enableDenyAndExceptionsInPolicies\":\"false\"},\"configs\":[{\"itemId\":400,\"name\":\"nifi.registry.url\",\"type\":\"string\",\"mandatory\":true,\"defaultValue\":\"http://localhost:18080/nifi-registry-api/policies/resources\",\"validationRegEx\":\"\",\"validationMessage\":\"\",\"uiHint\":\"{\\\"TextFieldWithIcon\\\":true, \\\"info\\\": \\\"The URL of the NiFi Registry REST API that provides the available resources.\\\"}\",\"label\":\"NiFi Registry URL\"},{\"itemId\":410,\"name\":\"nifi.registry.authentication\",\"type\":\"enum\",\"subType\":\"authType\",\"mandatory\":true,\"defaultValue\":\"NONE\",\"validationRegEx\":\"\",\"validationMessage\":\"\",\"uiHint\":\"\",\"label\":\"Authentication Type\"},{\"itemId\":411,\"name\":\"nifi.registry.ssl.use.default.context\",\"type\":\"bool\",\"subType\":\"YesTrue:NoFalse\",\"mandatory\":true,\"defaultValue\":\"false\",\"validationRegEx\":\"\",\"validationMessage\":\"\",\"uiHint\":\"{\\\"TextFieldWithIcon\\\":true, \\\"info\\\": \\\"If true, then Ranger\'s keystore and truststore will be used to communicate with NiFi Registry. If false, the keystore and truststore properties must be provided.\\\"}\",\"label\":\"Use Ranger\'s Default SSL Context\"},{\"itemId\":500,\"name\":\"nifi.registry.ssl.keystore\",\"type\":\"string\",\"mandatory\":false,\"defaultValue\":\"\",\"validationRegEx\":\"\",\"validationMessage\":\"\",\"uiHint\":\"\",\"label\":\"Keystore\"},{\"itemId\":510,\"name\":\"nifi.registry.ssl.keystoreType\",\"type\":\"string\",\"mandatory\":false,\"defaultValue\":\"\",\"validationRegEx\":\"\",\"validationMessage\":\"\",\"uiHint\":\"\",\"label\":\"Keystore Type\"},{\"itemId\":520,\"name\":\"nifi.registry.ssl.keystorePassword\",\"type\":\"password\",\"mandatory\":false,\"defaultValue\":\"\",\"validationRegEx\":\"\",\"validationMessage\":\"\",\"uiHint\":\"\",\"label\":\"Keystore Password\"},{\"itemId\":530,\"name\":\"nifi.registry.ssl.truststore\",\"type\":\"string\",\"mandatory\":false,\"defaultValue\":\"\",\"validationRegEx\":\"\",\"validationMessage\":\"\",\"uiHint\":\"\",\"label\":\"Truststore\"},{\"itemId\":540,\"name\":\"nifi.registry.ssl.truststoreType\",\"type\":\"string\",\"mandatory\":false,\"defaultValue\":\"\",\"validationRegEx\":\"\",\"validationMessage\":\"\",\"uiHint\":\"\",\"label\":\"Truststore Type\"},{\"itemId\":550,\"name\":\"nifi.registry.ssl.truststorePassword\",\"type\":\"password\",\"mandatory\":false,\"defaultValue\":\"\",\"validationRegEx\":\"\",\"validationMessage\":\"\",\"uiHint\":\"\",\"label\":\"Truststore Password\"},{\"itemId\":560,\"name\":\"ranger.plugin.audit.filters\",\"type\":\"string\",\"subType\":\"\",\"mandatory\":false,\"defaultValue\":\"[]\",\"validationRegEx\":\"\",\"validationMessage\":\"\",\"uiHint\":\"\",\"label\":\"Ranger Default Audit Filters\"}],\"resources\":[{\"itemId\":100,\"name\":\"nifi-registry-resource\",\"type\":\"string\",\"level\":10,\"mandatory\":true,\"lookupSupported\":true,\"recursiveSupported\":false,\"excludesSupported\":false,\"matcher\":\"org.apache.ranger.plugin.resourcematcher.RangerDefaultResourceMatcher\",\"matcherOptions\":{\"wildCard\":\"true\",\"ignoreCase\":\"true\"},\"validationRegEx\":\"\",\"validationMessage\":\"\",\"uiHint\":\"\",\"label\":\"NiFi Registry Resource Identifier\",\"description\":\"NiFi Registry Resource\",\"accessTypeRestrictions\":[],\"isValidLeaf\":true}],\"accessTypes\":[{\"itemId\":100,\"name\":\"READ\",\"label\":\"Read\",\"impliedGrants\":[]},{\"itemId\":200,\"name\":\"WRITE\",\"label\":\"Write\",\"impliedGrants\":[]},{\"itemId\":300,\"name\":\"DELETE\",\"label\":\"Delete\",\"impliedGrants\":[]}],\"policyConditions\":[],\"contextEnrichers\":[],\"enums\":[{\"itemId\":1,\"name\":\"authType\",\"elements\":[{\"itemId\":1,\"name\":\"NONE\",\"label\":\"None\"},{\"itemId\":2,\"name\":\"SSL\",\"label\":\"SSL\"}],\"defaultIndex\":0}],\"dataMaskDef\":{\"maskTypes\":[],\"accessTypes\":[],\"resources\":[]},\"rowFilterDef\":{\"accessTypes\":[],\"resources\":[]}}'),(12,'2022-05-16 13:24:01','2022-05-16 13:24:01','311a79b7-16f5-46f4-9829-a0224b9999c5',1033,15,'atlas',1,'Create','2022-05-16 13:24:01',NULL,'{\"id\":15,\"guid\":\"311a79b7-16f5-46f4-9829-a0224b9999c5\",\"isEnabled\":true,\"createTime\":1652732641000,\"updateTime\":1652732641000,\"version\":1,\"name\":\"atlas\",\"displayName\":\"atlas\",\"implClass\":\"org.apache.ranger.services.atlas.RangerServiceAtlas\",\"label\":\"Atlas Metadata Server\",\"description\":\"Atlas Metadata Server\",\"options\":{\"enableDenyAndExceptionsInPolicies\":\"true\"},\"configs\":[{\"itemId\":1,\"name\":\"username\",\"type\":\"string\",\"mandatory\":true,\"label\":\"Username\"},{\"itemId\":2,\"name\":\"password\",\"type\":\"password\",\"mandatory\":true,\"label\":\"Password\"},{\"itemId\":3,\"name\":\"atlas.rest.address\",\"type\":\"string\",\"mandatory\":true,\"defaultValue\":\"http://localhost:21000\"},{\"itemId\":4,\"name\":\"commonNameForCertificate\",\"type\":\"string\",\"mandatory\":false,\"label\":\"Common Name for Certificate\"},{\"itemId\":5,\"name\":\"ranger.plugin.audit.filters\",\"type\":\"string\",\"subType\":\"\",\"mandatory\":false,\"defaultValue\":\"[ {\'accessResult\': \'DENIED\', \'isAudited\': true}, {\'users\':[\'atlas\'] ,\'isAudited\':false} ]\",\"validationRegEx\":\"\",\"validationMessage\":\"\",\"uiHint\":\"\",\"label\":\"Ranger Default Audit Filters\"}],\"resources\":[{\"itemId\":1,\"name\":\"type-category\",\"type\":\"string\",\"level\":10,\"mandatory\":true,\"lookupSupported\":true,\"recursiveSupported\":false,\"excludesSupported\":true,\"matcher\":\"org.apache.ranger.plugin.resourcematcher.RangerDefaultResourceMatcher\",\"matcherOptions\":{\"wildCard\":\"true\",\"ignoreCase\":\"true\"},\"label\":\"Type Catagory\",\"description\":\"Type Catagory\",\"accessTypeRestrictions\":[],\"isValidLeaf\":false},{\"itemId\":3,\"name\":\"entity-type\",\"type\":\"string\",\"level\":10,\"mandatory\":true,\"lookupSupported\":true,\"recursiveSupported\":false,\"excludesSupported\":true,\"matcher\":\"org.apache.ranger.plugin.resourcematcher.RangerDefaultResourceMatcher\",\"matcherOptions\":{\"wildCard\":\"true\",\"ignoreCase\":\"true\"},\"label\":\"Entity Type\",\"description\":\"Entity Type\",\"accessTypeRestrictions\":[],\"isValidLeaf\":false},{\"itemId\":6,\"name\":\"atlas-service\",\"type\":\"string\",\"level\":10,\"mandatory\":true,\"lookupSupported\":true,\"recursiveSupported\":false,\"excludesSupported\":true,\"matcher\":\"org.apache.ranger.plugin.resourcematcher.RangerDefaultResourceMatcher\",\"matcherOptions\":{\"wildCard\":\"true\",\"ignoreCase\":\"true\"},\"label\":\"Atlas Service\",\"description\":\"Atlas Service\",\"accessTypeRestrictions\":[\"admin-purge\",\"admin-import\",\"admin-export\",\"admin-audits\"],\"isValidLeaf\":true},{\"itemId\":7,\"name\":\"relationship-type\",\"type\":\"string\",\"level\":10,\"mandatory\":true,\"lookupSupported\":true,\"recursiveSupported\":false,\"excludesSupported\":true,\"matcher\":\"org.apache.ranger.plugin.resourcematcher.RangerDefaultResourceMatcher\",\"matcherOptions\":{\"wildCard\":\"true\",\"ignoreCase\":\"true\"},\"label\":\"Relationship Type\",\"description\":\"Relationship Type\",\"accessTypeRestrictions\":[],\"isValidLeaf\":false},{\"itemId\":2,\"name\":\"type\",\"type\":\"string\",\"level\":20,\"parent\":\"type-category\",\"mandatory\":true,\"lookupSupported\":true,\"recursiveSupported\":false,\"excludesSupported\":true,\"matcher\":\"org.apache.ranger.plugin.resourcematcher.RangerDefaultResourceMatcher\",\"matcherOptions\":{\"wildCard\":\"true\",\"ignoreCase\":\"true\"},\"label\":\"Type Name\",\"description\":\"Type Name\",\"accessTypeRestrictions\":[\"type-create\",\"type-delete\",\"type-read\",\"type-update\"],\"isValidLeaf\":true},{\"itemId\":4,\"name\":\"entity-classification\",\"type\":\"string\",\"level\":20,\"parent\":\"entity-type\",\"mandatory\":true,\"lookupSupported\":true,\"recursiveSupported\":false,\"excludesSupported\":true,\"matcher\":\"org.apache.ranger.plugin.resourcematcher.RangerDefaultResourceMatcher\",\"matcherOptions\":{\"wildCard\":\"true\",\"ignoreCase\":\"true\"},\"label\":\"Entity Classification\",\"description\":\"Entity Classification\",\"accessTypeRestrictions\":[],\"isValidLeaf\":false},{\"itemId\":8,\"name\":\"end-one-entity-type\",\"type\":\"string\",\"level\":20,\"parent\":\"relationship-type\",\"mandatory\":true,\"lookupSupported\":true,\"recursiveSupported\":false,\"excludesSupported\":true,\"matcher\":\"org.apache.ranger.plugin.resourcematcher.RangerDefaultResourceMatcher\",\"matcherOptions\":{\"wildCard\":\"true\",\"ignoreCase\":\"true\"},\"label\":\"End1 Entity Type\",\"description\":\"End1 Entity Type\",\"accessTypeRestrictions\":[],\"isValidLeaf\":false},{\"itemId\":5,\"name\":\"entity\",\"type\":\"string\",\"level\":30,\"parent\":\"entity-classification\",\"mandatory\":true,\"lookupSupported\":true,\"recursiveSupported\":false,\"excludesSupported\":true,\"matcher\":\"org.apache.ranger.plugin.resourcematcher.RangerDefaultResourceMatcher\",\"matcherOptions\":{\"wildCard\":\"true\",\"ignoreCase\":\"true\"},\"label\":\"Entity ID\",\"description\":\"Entity ID\",\"accessTypeRestrictions\":[\"entity-read\",\"entity-create\",\"entity-update\",\"entity-delete\",\"entity-remove-classification\",\"entity-add-classification\",\"entity-update-classification\"],\"isValidLeaf\":true},{\"itemId\":9,\"name\":\"end-one-entity-classification\",\"type\":\"string\",\"level\":30,\"parent\":\"end-one-entity-type\",\"mandatory\":true,\"lookupSupported\":true,\"recursiveSupported\":false,\"excludesSupported\":true,\"matcher\":\"org.apache.ranger.plugin.resourcematcher.RangerDefaultResourceMatcher\",\"matcherOptions\":{\"wildCard\":\"true\",\"ignoreCase\":\"true\"},\"label\":\"End1 Entity Classification\",\"description\":\"End1 Entity Classification\",\"accessTypeRestrictions\":[],\"isValidLeaf\":false},{\"itemId\":10,\"name\":\"end-one-entity\",\"type\":\"string\",\"level\":40,\"parent\":\"end-one-entity-classification\",\"mandatory\":true,\"lookupSupported\":true,\"recursiveSupported\":false,\"excludesSupported\":true,\"matcher\":\"org.apache.ranger.plugin.resourcematcher.RangerDefaultResourceMatcher\",\"matcherOptions\":{\"wildCard\":\"true\",\"ignoreCase\":\"true\"},\"label\":\"End1 Entity ID\",\"description\":\"End1 Entity ID\",\"accessTypeRestrictions\":[],\"isValidLeaf\":false},{\"itemId\":14,\"name\":\"entity-label\",\"type\":\"string\",\"level\":40,\"parent\":\"entity\",\"mandatory\":true,\"lookupSupported\":true,\"recursiveSupported\":false,\"excludesSupported\":true,\"matcher\":\"org.apache.ranger.plugin.resourcematcher.RangerDefaultResourceMatcher\",\"matcherOptions\":{\"wildCard\":\"true\",\"ignoreCase\":\"true\"},\"label\":\"Label\",\"description\":\"Label\",\"accessTypeRestrictions\":[\"entity-add-label\",\"entity-remove-label\"],\"isValidLeaf\":true},{\"itemId\":15,\"name\":\"entity-business-metadata\",\"type\":\"string\",\"level\":40,\"parent\":\"entity\",\"mandatory\":true,\"lookupSupported\":true,\"recursiveSupported\":false,\"excludesSupported\":true,\"matcher\":\"org.apache.ranger.plugin.resourcematcher.RangerDefaultResourceMatcher\",\"matcherOptions\":{\"wildCard\":\"true\",\"ignoreCase\":\"true\"},\"label\":\"Business Metadata\",\"description\":\"Business Metadata\",\"accessTypeRestrictions\":[\"entity-update-business-metadata\"],\"isValidLeaf\":true},{\"itemId\":11,\"name\":\"end-two-entity-type\",\"type\":\"string\",\"level\":50,\"parent\":\"end-one-entity\",\"mandatory\":true,\"lookupSupported\":true,\"recursiveSupported\":false,\"excludesSupported\":true,\"matcher\":\"org.apache.ranger.plugin.resourcematcher.RangerDefaultResourceMatcher\",\"matcherOptions\":{\"wildCard\":\"true\",\"ignoreCase\":\"true\"},\"label\":\"End2 Entity Type\",\"description\":\"End2 Entity Type\",\"accessTypeRestrictions\":[],\"isValidLeaf\":false},{\"itemId\":12,\"name\":\"end-two-entity-classification\",\"type\":\"string\",\"level\":60,\"parent\":\"end-two-entity-type\",\"mandatory\":true,\"lookupSupported\":true,\"recursiveSupported\":false,\"excludesSupported\":true,\"matcher\":\"org.apache.ranger.plugin.resourcematcher.RangerDefaultResourceMatcher\",\"matcherOptions\":{\"wildCard\":\"true\",\"ignoreCase\":\"true\"},\"label\":\"End2 Entity Classification\",\"description\":\"End2 Entity Classification\",\"accessTypeRestrictions\":[],\"isValidLeaf\":false},{\"itemId\":13,\"name\":\"end-two-entity\",\"type\":\"string\",\"level\":70,\"parent\":\"end-two-entity-classification\",\"mandatory\":true,\"lookupSupported\":true,\"recursiveSupported\":false,\"excludesSupported\":true,\"matcher\":\"org.apache.ranger.plugin.resourcematcher.RangerDefaultResourceMatcher\",\"matcherOptions\":{\"wildCard\":\"true\",\"ignoreCase\":\"true\"},\"label\":\"End2 Entity ID\",\"description\":\"End2 Entity ID\",\"accessTypeRestrictions\":[\"remove-relationship\",\"update-relationship\",\"add-relationship\"],\"isValidLeaf\":true}],\"accessTypes\":[{\"itemId\":1,\"name\":\"type-create\",\"label\":\"Create Type\",\"impliedGrants\":[\"type-read\"]},{\"itemId\":2,\"name\":\"type-update\",\"label\":\"Update Type\",\"impliedGrants\":[\"type-read\"]},{\"itemId\":3,\"name\":\"type-delete\",\"label\":\"Delete Type\",\"impliedGrants\":[\"type-read\"]},{\"itemId\":4,\"name\":\"entity-read\",\"label\":\"Read Entity\",\"impliedGrants\":[]},{\"itemId\":5,\"name\":\"entity-create\",\"label\":\"Create Entity\",\"impliedGrants\":[]},{\"itemId\":6,\"name\":\"entity-update\",\"label\":\"Update Entity\",\"impliedGrants\":[]},{\"itemId\":7,\"name\":\"entity-delete\",\"label\":\"Delete Entity\",\"impliedGrants\":[]},{\"itemId\":8,\"name\":\"entity-add-classification\",\"label\":\"Add Classification\",\"impliedGrants\":[]},{\"itemId\":9,\"name\":\"entity-update-classification\",\"label\":\"Update Classification\",\"impliedGrants\":[]},{\"itemId\":10,\"name\":\"entity-remove-classification\",\"label\":\"Remove Classification\",\"impliedGrants\":[]},{\"itemId\":11,\"name\":\"admin-export\",\"label\":\"Admin Export\",\"impliedGrants\":[]},{\"itemId\":12,\"name\":\"admin-import\",\"label\":\"Admin Import\",\"impliedGrants\":[]},{\"itemId\":13,\"name\":\"add-relationship\",\"label\":\"Add Relationship\",\"impliedGrants\":[]},{\"itemId\":14,\"name\":\"update-relationship\",\"label\":\"Update Relationship\",\"impliedGrants\":[]},{\"itemId\":15,\"name\":\"remove-relationship\",\"label\":\"Remove Relationship\",\"impliedGrants\":[]},{\"itemId\":16,\"name\":\"admin-purge\",\"label\":\"Admin Purge\",\"impliedGrants\":[]},{\"itemId\":17,\"name\":\"entity-add-label\",\"label\":\"Add Label\",\"impliedGrants\":[]},{\"itemId\":18,\"name\":\"entity-remove-label\",\"label\":\"Remove Label\",\"impliedGrants\":[]},{\"itemId\":19,\"name\":\"entity-update-business-metadata\",\"label\":\"Update Business Metadata\",\"impliedGrants\":[]},{\"itemId\":20,\"name\":\"type-read\",\"label\":\"Read Type\",\"impliedGrants\":[]},{\"itemId\":21,\"name\":\"admin-audits\",\"label\":\"Admin Audits\",\"impliedGrants\":[]}],\"policyConditions\":[],\"contextEnrichers\":[],\"enums\":[],\"dataMaskDef\":{\"maskTypes\":[],\"accessTypes\":[],\"resources\":[]},\"rowFilterDef\":{\"accessTypes\":[],\"resources\":[]}}'),(13,'2022-05-16 13:24:02','2022-05-16 13:24:02','26ceccfe-0488-47c7-8b0e-3fd62f28f7fb',1033,201,'ozone',1,'Create','2022-05-16 13:24:02',NULL,'{\"id\":201,\"guid\":\"26ceccfe-0488-47c7-8b0e-3fd62f28f7fb\",\"isEnabled\":true,\"createTime\":1652732641000,\"updateTime\":1652732641000,\"version\":1,\"name\":\"ozone\",\"displayName\":\"ozone\",\"implClass\":\"org.apache.ranger.services.ozone.RangerServiceOzone\",\"label\":\"OZONE\",\"description\":\"Ozone Repository\",\"options\":{\"enableDenyAndExceptionsInPolicies\":\"true\"},\"configs\":[{\"itemId\":1,\"name\":\"username\",\"type\":\"string\",\"subType\":\"\",\"mandatory\":true,\"validationRegEx\":\"\",\"validationMessage\":\"\",\"uiHint\":\"\",\"label\":\"Username\"},{\"itemId\":2,\"name\":\"password\",\"type\":\"password\",\"subType\":\"\",\"mandatory\":true,\"validationRegEx\":\"\",\"validationMessage\":\"\",\"uiHint\":\"\",\"label\":\"Password\"},{\"itemId\":3,\"name\":\"ozone.om.http-address\",\"type\":\"string\",\"subType\":\"\",\"mandatory\":true,\"validationRegEx\":\"\",\"validationMessage\":\"\",\"uiHint\":\"{\\\"TextFieldWithIcon\\\":true, \\\"info\\\": \\\"For Ozone Url, eg.<br>&lt;host&gt;:&lt;port&gt;<br>\\\"}\",\"label\":\"Ozone URL\"},{\"itemId\":4,\"name\":\"hadoop.security.authorization\",\"type\":\"bool\",\"subType\":\"YesTrue:NoFalse\",\"mandatory\":true,\"defaultValue\":\"false\",\"validationRegEx\":\"\",\"validationMessage\":\"\",\"uiHint\":\"\",\"label\":\"Authorization Enabled\"},{\"itemId\":5,\"name\":\"hadoop.security.authentication\",\"type\":\"enum\",\"subType\":\"authnType\",\"mandatory\":true,\"defaultValue\":\"simple\",\"validationRegEx\":\"\",\"validationMessage\":\"\",\"uiHint\":\"\",\"label\":\"Authentication Type\"},{\"itemId\":6,\"name\":\"hadoop.security.auth_to_local\",\"type\":\"string\",\"subType\":\"\",\"mandatory\":false,\"validationRegEx\":\"\",\"validationMessage\":\"\",\"uiHint\":\"\"},{\"itemId\":7,\"name\":\"ranger.plugin.audit.filters\",\"type\":\"string\",\"subType\":\"\",\"mandatory\":false,\"defaultValue\":\"[ {\'accessResult\': \'DENIED\', \'isAudited\': true} ]\",\"validationRegEx\":\"\",\"validationMessage\":\"\",\"uiHint\":\"\",\"label\":\"Ranger Default Audit Filters\"}],\"resources\":[{\"itemId\":1,\"name\":\"volume\",\"type\":\"string\",\"level\":10,\"mandatory\":true,\"lookupSupported\":true,\"recursiveSupported\":false,\"excludesSupported\":true,\"matcher\":\"org.apache.ranger.plugin.resourcematcher.RangerDefaultResourceMatcher\",\"matcherOptions\":{\"wildCard\":\"true\",\"ignoreCase\":\"false\"},\"validationRegEx\":\"\",\"validationMessage\":\"\",\"uiHint\":\"\",\"label\":\"Ozone Volume\",\"description\":\"Ozone Volume\",\"accessTypeRestrictions\":[],\"isValidLeaf\":true},{\"itemId\":2,\"name\":\"bucket\",\"type\":\"string\",\"level\":20,\"parent\":\"volume\",\"mandatory\":true,\"lookupSupported\":true,\"recursiveSupported\":false,\"excludesSupported\":true,\"matcher\":\"org.apache.ranger.plugin.resourcematcher.RangerDefaultResourceMatcher\",\"matcherOptions\":{\"wildCard\":\"true\",\"ignoreCase\":\"true\"},\"validationRegEx\":\"\",\"validationMessage\":\"\",\"uiHint\":\"\",\"label\":\"Ozone Bucket\",\"description\":\"Ozone Bucket\",\"accessTypeRestrictions\":[],\"isValidLeaf\":true},{\"itemId\":3,\"name\":\"key\",\"type\":\"string\",\"level\":30,\"parent\":\"bucket\",\"mandatory\":true,\"lookupSupported\":true,\"recursiveSupported\":true,\"excludesSupported\":true,\"matcher\":\"org.apache.ranger.plugin.resourcematcher.RangerDefaultResourceMatcher\",\"matcherOptions\":{\"wildCard\":\"true\",\"ignoreCase\":\"true\"},\"validationRegEx\":\"\",\"validationMessage\":\"\",\"uiHint\":\"\",\"label\":\"Ozone Key\",\"description\":\"Ozone Key\",\"accessTypeRestrictions\":[],\"isValidLeaf\":true}],\"accessTypes\":[{\"itemId\":8,\"name\":\"all\",\"label\":\"All\",\"impliedGrants\":[\"read\",\"write\",\"create\",\"list\",\"delete\",\"read_acl\",\"write_acl\"]},{\"itemId\":1,\"name\":\"read\",\"label\":\"Read\",\"impliedGrants\":[]},{\"itemId\":2,\"name\":\"write\",\"label\":\"Write\",\"impliedGrants\":[]},{\"itemId\":3,\"name\":\"create\",\"label\":\"Create\",\"impliedGrants\":[]},{\"itemId\":4,\"name\":\"list\",\"label\":\"List\",\"impliedGrants\":[]},{\"itemId\":5,\"name\":\"delete\",\"label\":\"Delete\",\"impliedGrants\":[]},{\"itemId\":6,\"name\":\"read_acl\",\"label\":\"Read_ACL\",\"impliedGrants\":[]},{\"itemId\":7,\"name\":\"write_acl\",\"label\":\"Write_ACL\",\"impliedGrants\":[]}],\"policyConditions\":[{\"itemId\":1,\"name\":\"ip-range\",\"evaluator\":\"org.apache.ranger.plugin.conditionevaluator.RangerIpMatcher\",\"evaluatorOptions\":{},\"validationRegEx\":\"\",\"validationMessage\":\"\",\"uiHint\":\"\",\"label\":\"IP Address Range\",\"description\":\"IP Address Range\"}],\"contextEnrichers\":[],\"enums\":[{\"itemId\":1,\"name\":\"authnType\",\"elements\":[{\"itemId\":1,\"name\":\"simple\",\"label\":\"Simple\"},{\"itemId\":2,\"name\":\"kerberos\",\"label\":\"Kerberos\"}],\"defaultIndex\":0}],\"dataMaskDef\":{\"maskTypes\":[],\"accessTypes\":[],\"resources\":[]},\"rowFilterDef\":{\"accessTypes\":[],\"resources\":[]}}'),(14,'2022-05-16 13:24:02','2022-05-16 13:24:10','0d047248-baff-4cf9-8e9e-d5d377284b2e',1033,100,'tag',1,'Create','2022-05-16 13:24:02','2022-05-16 13:24:10','{\"id\":100,\"guid\":\"0d047248-baff-4cf9-8e9e-d5d377284b2e\",\"isEnabled\":true,\"createTime\":1652732642000,\"updateTime\":1652732642000,\"version\":1,\"name\":\"tag\",\"displayName\":\"tag\",\"implClass\":\"org.apache.ranger.services.tag.RangerServiceTag\",\"label\":\"TAG\",\"description\":\"TAG Service Definition\",\"options\":{\"enableDenyAndExceptionsInPolicies\":\"true\",\"ui.pages\":\"tag-based-policies\"},\"configs\":[{\"itemId\":1,\"name\":\"ranger.plugin.audit.filters\",\"type\":\"string\",\"subType\":\"\",\"mandatory\":false,\"defaultValue\":\"[ {\'accessResult\': \'DENIED\', \'isAudited\': true} ]\",\"validationRegEx\":\"\",\"validationMessage\":\"\",\"uiHint\":\"\",\"label\":\"Ranger Default Audit Filters\"}],\"resources\":[{\"itemId\":1,\"name\":\"tag\",\"type\":\"string\",\"level\":1,\"mandatory\":true,\"lookupSupported\":true,\"recursiveSupported\":false,\"excludesSupported\":false,\"matcher\":\"org.apache.ranger.plugin.resourcematcher.RangerDefaultResourceMatcher\",\"matcherOptions\":{\"wildCard\":\"false\",\"ignoreCase\":\"false\"},\"validationRegEx\":\"\",\"validationMessage\":\"\",\"uiHint\":\"{ \\\"singleValue\\\":true }\",\"label\":\"TAG\",\"description\":\"TAG\",\"accessTypeRestrictions\":[],\"isValidLeaf\":true}],\"accessTypes\":[],\"policyConditions\":[{\"itemId\":1,\"name\":\"accessed-after-expiry\",\"evaluator\":\"org.apache.ranger.plugin.conditionevaluator.RangerScriptTemplateConditionEvaluator\",\"evaluatorOptions\":{\"scriptTemplate\":\"ctx.isAccessedAfter(\'expiry_date\');\"},\"uiHint\":\"{ \\\"singleValue\\\":true }\",\"label\":\"Accessed after expiry_date (yes/no)?\",\"description\":\"Accessed after expiry_date? (yes/no)\"},{\"itemId\":2,\"name\":\"expression\",\"evaluator\":\"org.apache.ranger.plugin.conditionevaluator.RangerScriptConditionEvaluator\",\"evaluatorOptions\":{\"engineName\":\"JavaScript\",\"ui.isMultiline\":\"true\"},\"label\":\"Enter boolean expression\",\"description\":\"Boolean expression\"}],\"contextEnrichers\":[{\"itemId\":1,\"name\":\"TagEnricher\",\"enricher\":\"org.apache.ranger.plugin.contextenricher.RangerTagEnricher\",\"enricherOptions\":{\"tagRetrieverClassName\":\"org.apache.ranger.plugin.contextenricher.RangerAdminTagRetriever\",\"tagRefresherPollingInterval\":\"60000\"}}],\"enums\":[],\"dataMaskDef\":{\"maskTypes\":[],\"accessTypes\":[],\"resources\":[]},\"rowFilterDef\":{\"accessTypes\":[],\"resources\":[]}}'),(15,'2022-05-16 13:24:02','2022-05-16 13:24:02','15529a12-c9ab-4e13-bbe3-daaedba4e6fa',1033,104,'adls',1,'Create','2022-05-16 13:24:02',NULL,'{\"id\":104,\"guid\":\"15529a12-c9ab-4e13-bbe3-daaedba4e6fa\",\"isEnabled\":true,\"createTime\":1652732642000,\"updateTime\":1652732642000,\"version\":1,\"name\":\"adls\",\"displayName\":\"adls\",\"implClass\":\"org.apache.ranger.services.adls.RangerServiceADLS\",\"label\":\"Azure Data Lake Storage\",\"description\":\"Ranger plugin for Azure Data Lake Storage\",\"options\":{\"enableDenyAndExceptionsInPolicies\":\"true\"},\"configs\":[{\"itemId\":1,\"name\":\"username\",\"type\":\"string\",\"subType\":\"\",\"mandatory\":false,\"validationRegEx\":\"\",\"validationMessage\":\"\",\"uiHint\":\"\",\"label\":\"Username\"},{\"itemId\":2,\"name\":\"password\",\"type\":\"password\",\"subType\":\"\",\"mandatory\":false,\"validationRegEx\":\"\",\"validationMessage\":\"\",\"uiHint\":\"\",\"label\":\"Password\"},{\"itemId\":3,\"name\":\"commonNameForCertificate\",\"type\":\"string\",\"subType\":\"\",\"mandatory\":false,\"validationRegEx\":\"\",\"validationMessage\":\"\",\"uiHint\":\"\",\"label\":\"Common Name for Certificate\"},{\"itemId\":4,\"name\":\"adls.url.data\",\"type\":\"string\",\"subType\":\"\",\"mandatory\":false,\"validationRegEx\":\"\",\"validationMessage\":\"\",\"uiHint\":\"\",\"label\":\"ADLS Data Location\"},{\"itemId\":5,\"name\":\"adls.url.logs\",\"type\":\"string\",\"subType\":\"\",\"mandatory\":false,\"validationRegEx\":\"\",\"validationMessage\":\"\",\"uiHint\":\"\",\"label\":\"ADLS Logs Location\"},{\"itemId\":6,\"name\":\"adls.url.audits.ranger\",\"type\":\"string\",\"subType\":\"\",\"mandatory\":false,\"validationRegEx\":\"\",\"validationMessage\":\"\",\"uiHint\":\"\",\"label\":\"Ranger audits Location\"},{\"itemId\":7,\"name\":\"ranger.plugin.audit.filters\",\"type\":\"string\",\"subType\":\"\",\"mandatory\":false,\"defaultValue\":\"[ {\'accessResult\': \'DENIED\', \'isAudited\': true}, {\'actions\':[\'METADATA OPERATION\'], \'isAudited\': false}, {\'users\':[\'superuser1\'],\'groups\':[\'supergroup1\'], \'isAudited\': false} ]\",\"validationRegEx\":\"\",\"validationMessage\":\"\",\"uiHint\":\"\",\"label\":\"Ranger Default Audit Filters\"}],\"resources\":[{\"itemId\":1,\"name\":\"storageaccount\",\"type\":\"string\",\"level\":10,\"mandatory\":true,\"lookupSupported\":false,\"recursiveSupported\":false,\"excludesSupported\":false,\"matcher\":\"org.apache.ranger.plugin.resourcematcher.RangerDefaultResourceMatcher\",\"matcherOptions\":{\"wildCard\":\"true\",\"ignoreCase\":\"false\"},\"validationRegEx\":\"\",\"validationMessage\":\"\",\"uiHint\":\"\",\"label\":\"Storage Account\",\"description\":\"Storage Account for the Path\",\"accessTypeRestrictions\":[],\"isValidLeaf\":false},{\"itemId\":2,\"name\":\"container\",\"type\":\"string\",\"level\":20,\"parent\":\"storageaccount\",\"mandatory\":true,\"lookupSupported\":false,\"recursiveSupported\":false,\"excludesSupported\":false,\"matcher\":\"org.apache.ranger.plugin.resourcematcher.RangerDefaultResourceMatcher\",\"matcherOptions\":{\"wildCard\":\"true\",\"ignoreCase\":\"false\"},\"validationRegEx\":\"\",\"validationMessage\":\"\",\"uiHint\":\"\",\"label\":\"Storage Account Container\",\"description\":\"Storage Account Container for the Path\",\"accessTypeRestrictions\":[],\"isValidLeaf\":false},{\"itemId\":3,\"name\":\"relativepath\",\"type\":\"path\",\"level\":30,\"parent\":\"container\",\"mandatory\":true,\"lookupSupported\":true,\"recursiveSupported\":true,\"excludesSupported\":false,\"matcher\":\"org.apache.ranger.plugin.resourcematcher.RangerPathResourceMatcher\",\"matcherOptions\":{\"wildCard\":\"true\",\"ignoreCase\":\"false\"},\"validationRegEx\":\"^[/*]$|^/.*?[^/]$\",\"validationMessage\":\"Relative Path must not end with a slash\",\"uiHint\":\"\",\"label\":\"Relative Path\",\"description\":\"Relative Path inside Storage Account Container\",\"accessTypeRestrictions\":[],\"isValidLeaf\":true}],\"accessTypes\":[{\"itemId\":1,\"name\":\"read\",\"label\":\"Read\",\"impliedGrants\":[\"execute\"]},{\"itemId\":2,\"name\":\"write\",\"label\":\"Write\",\"impliedGrants\":[]},{\"itemId\":3,\"name\":\"execute\",\"label\":\"Execute\",\"impliedGrants\":[]},{\"itemId\":4,\"name\":\"delete\",\"label\":\"Delete\",\"impliedGrants\":[]},{\"itemId\":5,\"name\":\"delete-recursive\",\"label\":\"Delete Recursive\",\"impliedGrants\":[]},{\"itemId\":6,\"name\":\"list\",\"label\":\"List\",\"impliedGrants\":[]},{\"itemId\":7,\"name\":\"move\",\"label\":\"Move\",\"impliedGrants\":[]},{\"itemId\":8,\"name\":\"modify-permissions\",\"label\":\"Modify Permissions\",\"impliedGrants\":[]}],\"policyConditions\":[],\"contextEnrichers\":[],\"enums\":[],\"dataMaskDef\":{\"maskTypes\":[],\"accessTypes\":[],\"resources\":[]},\"rowFilterDef\":{\"accessTypes\":[],\"resources\":[]}}'),(16,'2022-05-16 13:24:02','2022-05-16 13:24:02','0d047248-baff-4cf9-8e9e-d5d377284b2e',1033,100,'tag',2,'Update','2022-05-16 13:24:02',NULL,'{\"id\":100,\"guid\":\"0d047248-baff-4cf9-8e9e-d5d377284b2e\",\"isEnabled\":true,\"createTime\":1652732642000,\"updateTime\":1652732642279,\"version\":2,\"name\":\"tag\",\"displayName\":\"tag\",\"implClass\":\"org.apache.ranger.services.tag.RangerServiceTag\",\"label\":\"TAG\",\"description\":\"TAG Service Definition\",\"options\":{\"enableDenyAndExceptionsInPolicies\":\"true\",\"ui.pages\":\"tag-based-policies\"},\"configs\":[{\"itemId\":1,\"name\":\"ranger.plugin.audit.filters\",\"type\":\"string\",\"subType\":\"\",\"mandatory\":false,\"defaultValue\":\"[ {\'accessResult\': \'DENIED\', \'isAudited\': true} ]\",\"validationRegEx\":\"\",\"validationMessage\":\"\",\"uiHint\":\"\",\"label\":\"Ranger Default Audit Filters\"}],\"resources\":[{\"itemId\":1,\"name\":\"tag\",\"type\":\"string\",\"level\":1,\"mandatory\":true,\"lookupSupported\":true,\"recursiveSupported\":false,\"excludesSupported\":false,\"matcher\":\"org.apache.ranger.plugin.resourcematcher.RangerDefaultResourceMatcher\",\"matcherOptions\":{\"wildCard\":\"false\",\"ignoreCase\":\"false\"},\"validationRegEx\":\"\",\"validationMessage\":\"\",\"uiHint\":\"{ \\\"singleValue\\\":true }\",\"label\":\"TAG\",\"description\":\"TAG\",\"accessTypeRestrictions\":[],\"isValidLeaf\":true}],\"accessTypes\":[{\"itemId\":104105,\"name\":\"adls:read\",\"label\":\"Read\",\"impliedGrants\":[\"adls:execute\"]},{\"itemId\":104106,\"name\":\"adls:write\",\"label\":\"Write\",\"impliedGrants\":[]},{\"itemId\":104107,\"name\":\"adls:execute\",\"label\":\"Execute\",\"impliedGrants\":[]},{\"itemId\":104108,\"name\":\"adls:delete\",\"label\":\"Delete\",\"impliedGrants\":[]},{\"itemId\":104109,\"name\":\"adls:delete-recursive\",\"label\":\"Delete Recursive\",\"impliedGrants\":[]},{\"itemId\":104110,\"name\":\"adls:list\",\"label\":\"List\",\"impliedGrants\":[]},{\"itemId\":104111,\"name\":\"adls:move\",\"label\":\"Move\",\"impliedGrants\":[]},{\"itemId\":104112,\"name\":\"adls:modify-permissions\",\"label\":\"Modify Permissions\",\"impliedGrants\":[]}],\"policyConditions\":[{\"itemId\":1,\"name\":\"accessed-after-expiry\",\"evaluator\":\"org.apache.ranger.plugin.conditionevaluator.RangerScriptTemplateConditionEvaluator\",\"evaluatorOptions\":{\"scriptTemplate\":\"ctx.isAccessedAfter(\'expiry_date\');\"},\"uiHint\":\"{ \\\"singleValue\\\":true }\",\"label\":\"Accessed after expiry_date (yes/no)?\",\"description\":\"Accessed after expiry_date? (yes/no)\"},{\"itemId\":2,\"name\":\"expression\",\"evaluator\":\"org.apache.ranger.plugin.conditionevaluator.RangerScriptConditionEvaluator\",\"evaluatorOptions\":{\"engineName\":\"JavaScript\",\"ui.isMultiline\":\"true\"},\"label\":\"Enter boolean expression\",\"description\":\"Boolean expression\"}],\"contextEnrichers\":[{\"itemId\":1,\"name\":\"TagEnricher\",\"enricher\":\"org.apache.ranger.plugin.contextenricher.RangerTagEnricher\",\"enricherOptions\":{\"tagRetrieverClassName\":\"org.apache.ranger.plugin.contextenricher.RangerAdminTagRetriever\",\"tagRefresherPollingInterval\":\"60000\"}}],\"enums\":[],\"dataMaskDef\":{\"maskTypes\":[],\"accessTypes\":[],\"resources\":[]},\"rowFilterDef\":{\"accessTypes\":[],\"resources\":[]}}'),(17,'2022-05-16 13:24:02','2022-05-16 13:24:02','dac6d2f0-e620-4ae4-8582-1b18e15492bb',1033,105,'kudu',1,'Create','2022-05-16 13:24:02',NULL,'{\"id\":105,\"guid\":\"dac6d2f0-e620-4ae4-8582-1b18e15492bb\",\"isEnabled\":true,\"createTime\":1652732642000,\"updateTime\":1652732642000,\"version\":1,\"name\":\"kudu\",\"displayName\":\"kudu\",\"implClass\":\"org.apache.ranger.services.kudu.RangerServiceKudu\",\"label\":\"Kudu\",\"description\":\"Kudu\",\"options\":{\"enableDenyAndExceptionsInPolicies\":\"true\"},\"configs\":[{\"itemId\":1,\"name\":\"ranger.plugin.audit.filters\",\"type\":\"string\",\"subType\":\"\",\"mandatory\":false,\"defaultValue\":\"[]\",\"validationRegEx\":\"\",\"validationMessage\":\"\",\"uiHint\":\"\",\"label\":\"Ranger Default Audit Filters\"}],\"resources\":[{\"itemId\":1,\"name\":\"database\",\"type\":\"string\",\"level\":10,\"mandatory\":true,\"lookupSupported\":true,\"recursiveSupported\":false,\"excludesSupported\":true,\"matcher\":\"org.apache.ranger.plugin.resourcematcher.RangerDefaultResourceMatcher\",\"matcherOptions\":{\"wildCard\":\"true\",\"ignoreCase\":\"true\"},\"validationRegEx\":\"\",\"validationMessage\":\"\",\"uiHint\":\"\",\"label\":\"Database\",\"description\":\"Database\",\"accessTypeRestrictions\":[],\"isValidLeaf\":true},{\"itemId\":2,\"name\":\"table\",\"type\":\"string\",\"level\":20,\"parent\":\"database\",\"mandatory\":true,\"lookupSupported\":true,\"recursiveSupported\":false,\"excludesSupported\":true,\"matcher\":\"org.apache.ranger.plugin.resourcematcher.RangerDefaultResourceMatcher\",\"matcherOptions\":{\"wildCard\":\"true\",\"ignoreCase\":\"true\"},\"validationRegEx\":\"\",\"validationMessage\":\"\",\"uiHint\":\"\",\"label\":\"Table\",\"description\":\"Table\",\"accessTypeRestrictions\":[],\"isValidLeaf\":true},{\"itemId\":3,\"name\":\"column\",\"type\":\"string\",\"level\":30,\"parent\":\"table\",\"mandatory\":true,\"lookupSupported\":true,\"recursiveSupported\":false,\"excludesSupported\":true,\"matcher\":\"org.apache.ranger.plugin.resourcematcher.RangerDefaultResourceMatcher\",\"matcherOptions\":{\"wildCard\":\"true\",\"ignoreCase\":\"true\"},\"validationRegEx\":\"\",\"validationMessage\":\"\",\"uiHint\":\"\",\"label\":\"Column\",\"description\":\"Column\",\"accessTypeRestrictions\":[],\"isValidLeaf\":true}],\"accessTypes\":[{\"itemId\":1,\"name\":\"select\",\"label\":\"SELECT\",\"impliedGrants\":[\"metadata\"]},{\"itemId\":2,\"name\":\"insert\",\"label\":\"INSERT\",\"impliedGrants\":[\"metadata\"]},{\"itemId\":3,\"name\":\"update\",\"label\":\"UPDATE\",\"impliedGrants\":[\"metadata\"]},{\"itemId\":4,\"name\":\"delete\",\"label\":\"DELETE\",\"impliedGrants\":[\"metadata\"]},{\"itemId\":5,\"name\":\"alter\",\"label\":\"ALTER\",\"impliedGrants\":[\"metadata\"]},{\"itemId\":6,\"name\":\"create\",\"label\":\"CREATE\",\"impliedGrants\":[\"metadata\"]},{\"itemId\":7,\"name\":\"drop\",\"label\":\"DROP\",\"impliedGrants\":[\"metadata\"]},{\"itemId\":8,\"name\":\"metadata\",\"label\":\"METADATA\",\"impliedGrants\":[]},{\"itemId\":9,\"name\":\"all\",\"label\":\"ALL\",\"impliedGrants\":[\"select\",\"insert\",\"update\",\"delete\",\"alter\",\"create\",\"drop\",\"metadata\"]}],\"policyConditions\":[],\"contextEnrichers\":[],\"enums\":[],\"dataMaskDef\":{\"maskTypes\":[],\"accessTypes\":[],\"resources\":[]},\"rowFilterDef\":{\"accessTypes\":[],\"resources\":[]}}'),(18,'2022-05-16 13:24:02','2022-05-16 13:24:02','0d047248-baff-4cf9-8e9e-d5d377284b2e',1033,100,'tag',3,'Update','2022-05-16 13:24:02',NULL,'{\"id\":100,\"guid\":\"0d047248-baff-4cf9-8e9e-d5d377284b2e\",\"isEnabled\":true,\"createTime\":1652732642000,\"updateTime\":1652732642654,\"version\":3,\"name\":\"tag\",\"displayName\":\"tag\",\"implClass\":\"org.apache.ranger.services.tag.RangerServiceTag\",\"label\":\"TAG\",\"description\":\"TAG Service Definition\",\"options\":{\"enableDenyAndExceptionsInPolicies\":\"true\",\"ui.pages\":\"tag-based-policies\"},\"configs\":[{\"itemId\":1,\"name\":\"ranger.plugin.audit.filters\",\"type\":\"string\",\"subType\":\"\",\"mandatory\":false,\"defaultValue\":\"[ {\'accessResult\': \'DENIED\', \'isAudited\': true} ]\",\"validationRegEx\":\"\",\"validationMessage\":\"\",\"uiHint\":\"\",\"label\":\"Ranger Default Audit Filters\"}],\"resources\":[{\"itemId\":1,\"name\":\"tag\",\"type\":\"string\",\"level\":1,\"mandatory\":true,\"lookupSupported\":true,\"recursiveSupported\":false,\"excludesSupported\":false,\"matcher\":\"org.apache.ranger.plugin.resourcematcher.RangerDefaultResourceMatcher\",\"matcherOptions\":{\"wildCard\":\"false\",\"ignoreCase\":\"false\"},\"validationRegEx\":\"\",\"validationMessage\":\"\",\"uiHint\":\"{ \\\"singleValue\\\":true }\",\"label\":\"TAG\",\"description\":\"TAG\",\"accessTypeRestrictions\":[],\"isValidLeaf\":true}],\"accessTypes\":[{\"itemId\":104105,\"name\":\"adls:read\",\"label\":\"Read\",\"impliedGrants\":[\"adls:execute\"]},{\"itemId\":104106,\"name\":\"adls:write\",\"label\":\"Write\",\"impliedGrants\":[]},{\"itemId\":104107,\"name\":\"adls:execute\",\"label\":\"Execute\",\"impliedGrants\":[]},{\"itemId\":104108,\"name\":\"adls:delete\",\"label\":\"Delete\",\"impliedGrants\":[]},{\"itemId\":104109,\"name\":\"adls:delete-recursive\",\"label\":\"Delete Recursive\",\"impliedGrants\":[]},{\"itemId\":104110,\"name\":\"adls:list\",\"label\":\"List\",\"impliedGrants\":[]},{\"itemId\":104111,\"name\":\"adls:move\",\"label\":\"Move\",\"impliedGrants\":[]},{\"itemId\":104112,\"name\":\"adls:modify-permissions\",\"label\":\"Modify Permissions\",\"impliedGrants\":[]},{\"itemId\":105106,\"name\":\"kudu:select\",\"label\":\"SELECT\",\"impliedGrants\":[\"kudu:metadata\"]},{\"itemId\":105107,\"name\":\"kudu:insert\",\"label\":\"INSERT\",\"impliedGrants\":[\"kudu:metadata\"]},{\"itemId\":105108,\"name\":\"kudu:update\",\"label\":\"UPDATE\",\"impliedGrants\":[\"kudu:metadata\"]},{\"itemId\":105109,\"name\":\"kudu:delete\",\"label\":\"DELETE\",\"impliedGrants\":[\"kudu:metadata\"]},{\"itemId\":105110,\"name\":\"kudu:alter\",\"label\":\"ALTER\",\"impliedGrants\":[\"kudu:metadata\"]},{\"itemId\":105111,\"name\":\"kudu:create\",\"label\":\"CREATE\",\"impliedGrants\":[\"kudu:metadata\"]},{\"itemId\":105112,\"name\":\"kudu:drop\",\"label\":\"DROP\",\"impliedGrants\":[\"kudu:metadata\"]},{\"itemId\":105113,\"name\":\"kudu:metadata\",\"label\":\"METADATA\",\"impliedGrants\":[]},{\"itemId\":105114,\"name\":\"kudu:all\",\"label\":\"ALL\",\"impliedGrants\":[\"kudu:select\",\"kudu:insert\",\"kudu:update\",\"kudu:delete\",\"kudu:alter\",\"kudu:create\",\"kudu:drop\",\"kudu:metadata\"]}],\"policyConditions\":[{\"itemId\":1,\"name\":\"accessed-after-expiry\",\"evaluator\":\"org.apache.ranger.plugin.conditionevaluator.RangerScriptTemplateConditionEvaluator\",\"evaluatorOptions\":{\"scriptTemplate\":\"ctx.isAccessedAfter(\'expiry_date\');\"},\"uiHint\":\"{ \\\"singleValue\\\":true }\",\"label\":\"Accessed after expiry_date (yes/no)?\",\"description\":\"Accessed after expiry_date? (yes/no)\"},{\"itemId\":2,\"name\":\"expression\",\"evaluator\":\"org.apache.ranger.plugin.conditionevaluator.RangerScriptConditionEvaluator\",\"evaluatorOptions\":{\"engineName\":\"JavaScript\",\"ui.isMultiline\":\"true\"},\"label\":\"Enter boolean expression\",\"description\":\"Boolean expression\"}],\"contextEnrichers\":[{\"itemId\":1,\"name\":\"TagEnricher\",\"enricher\":\"org.apache.ranger.plugin.contextenricher.RangerTagEnricher\",\"enricherOptions\":{\"tagRetrieverClassName\":\"org.apache.ranger.plugin.contextenricher.RangerAdminTagRetriever\",\"tagRefresherPollingInterval\":\"60000\"}}],\"enums\":[],\"dataMaskDef\":{\"maskTypes\":[],\"accessTypes\":[],\"resources\":[]},\"rowFilterDef\":{\"accessTypes\":[],\"resources\":[]}}'),(19,'2022-05-16 13:24:03','2022-05-16 13:24:03','0d047248-baff-4cf9-8e9e-d5d377284b2e',1033,100,'tag',4,'Update','2022-05-16 13:24:03',NULL,'{\"id\":100,\"guid\":\"0d047248-baff-4cf9-8e9e-d5d377284b2e\",\"isEnabled\":true,\"createTime\":1652732642000,\"updateTime\":1652732643333,\"version\":4,\"name\":\"tag\",\"displayName\":\"tag\",\"implClass\":\"org.apache.ranger.services.tag.RangerServiceTag\",\"label\":\"TAG\",\"description\":\"TAG Service Definition\",\"options\":{\"enableDenyAndExceptionsInPolicies\":\"true\",\"ui.pages\":\"tag-based-policies\"},\"configs\":[{\"itemId\":1,\"name\":\"ranger.plugin.audit.filters\",\"type\":\"string\",\"subType\":\"\",\"mandatory\":false,\"defaultValue\":\"[ {\'accessResult\': \'DENIED\', \'isAudited\': true} ]\",\"validationRegEx\":\"\",\"validationMessage\":\"\",\"uiHint\":\"\",\"label\":\"Ranger Default Audit Filters\"}],\"resources\":[{\"itemId\":1,\"name\":\"tag\",\"type\":\"string\",\"level\":1,\"mandatory\":true,\"lookupSupported\":true,\"recursiveSupported\":false,\"excludesSupported\":false,\"matcher\":\"org.apache.ranger.plugin.resourcematcher.RangerDefaultResourceMatcher\",\"matcherOptions\":{\"wildCard\":\"false\",\"ignoreCase\":\"false\"},\"validationRegEx\":\"\",\"validationMessage\":\"\",\"uiHint\":\"{ \\\"singleValue\\\":true }\",\"label\":\"TAG\",\"description\":\"TAG\",\"accessTypeRestrictions\":[],\"isValidLeaf\":true}],\"accessTypes\":[{\"itemId\":104105,\"name\":\"adls:read\",\"label\":\"Read\",\"impliedGrants\":[\"adls:execute\"]},{\"itemId\":104106,\"name\":\"adls:write\",\"label\":\"Write\",\"impliedGrants\":[]},{\"itemId\":104107,\"name\":\"adls:execute\",\"label\":\"Execute\",\"impliedGrants\":[]},{\"itemId\":104108,\"name\":\"adls:delete\",\"label\":\"Delete\",\"impliedGrants\":[]},{\"itemId\":104109,\"name\":\"adls:delete-recursive\",\"label\":\"Delete Recursive\",\"impliedGrants\":[]},{\"itemId\":104110,\"name\":\"adls:list\",\"label\":\"List\",\"impliedGrants\":[]},{\"itemId\":104111,\"name\":\"adls:move\",\"label\":\"Move\",\"impliedGrants\":[]},{\"itemId\":104112,\"name\":\"adls:modify-permissions\",\"label\":\"Modify Permissions\",\"impliedGrants\":[]},{\"itemId\":105106,\"name\":\"kudu:select\",\"label\":\"SELECT\",\"impliedGrants\":[\"kudu:metadata\"]},{\"itemId\":105107,\"name\":\"kudu:insert\",\"label\":\"INSERT\",\"impliedGrants\":[\"kudu:metadata\"]},{\"itemId\":105108,\"name\":\"kudu:update\",\"label\":\"UPDATE\",\"impliedGrants\":[\"kudu:metadata\"]},{\"itemId\":105109,\"name\":\"kudu:delete\",\"label\":\"DELETE\",\"impliedGrants\":[\"kudu:metadata\"]},{\"itemId\":105110,\"name\":\"kudu:alter\",\"label\":\"ALTER\",\"impliedGrants\":[\"kudu:metadata\"]},{\"itemId\":105111,\"name\":\"kudu:create\",\"label\":\"CREATE\",\"impliedGrants\":[\"kudu:metadata\"]},{\"itemId\":105112,\"name\":\"kudu:drop\",\"label\":\"DROP\",\"impliedGrants\":[\"kudu:metadata\"]},{\"itemId\":105113,\"name\":\"kudu:metadata\",\"label\":\"METADATA\",\"impliedGrants\":[]},{\"itemId\":105114,\"name\":\"kudu:all\",\"label\":\"ALL\",\"impliedGrants\":[\"kudu:select\",\"kudu:insert\",\"kudu:update\",\"kudu:delete\",\"kudu:alter\",\"kudu:create\",\"kudu:drop\",\"kudu:metadata\"]},{\"itemId\":1002,\"name\":\"hdfs:read\",\"label\":\"Read\",\"impliedGrants\":[]},{\"itemId\":1003,\"name\":\"hdfs:write\",\"label\":\"Write\",\"impliedGrants\":[]},{\"itemId\":1004,\"name\":\"hdfs:execute\",\"label\":\"Execute\",\"impliedGrants\":[]}],\"policyConditions\":[{\"itemId\":1,\"name\":\"accessed-after-expiry\",\"evaluator\":\"org.apache.ranger.plugin.conditionevaluator.RangerScriptTemplateConditionEvaluator\",\"evaluatorOptions\":{\"scriptTemplate\":\"ctx.isAccessedAfter(\'expiry_date\');\"},\"uiHint\":\"{ \\\"singleValue\\\":true }\",\"label\":\"Accessed after expiry_date (yes/no)?\",\"description\":\"Accessed after expiry_date? (yes/no)\"},{\"itemId\":2,\"name\":\"expression\",\"evaluator\":\"org.apache.ranger.plugin.conditionevaluator.RangerScriptConditionEvaluator\",\"evaluatorOptions\":{\"engineName\":\"JavaScript\",\"ui.isMultiline\":\"true\"},\"label\":\"Enter boolean expression\",\"description\":\"Boolean expression\"}],\"contextEnrichers\":[{\"itemId\":1,\"name\":\"TagEnricher\",\"enricher\":\"org.apache.ranger.plugin.contextenricher.RangerTagEnricher\",\"enricherOptions\":{\"tagRetrieverClassName\":\"org.apache.ranger.plugin.contextenricher.RangerAdminTagRetriever\",\"tagRefresherPollingInterval\":\"60000\"}}],\"enums\":[],\"dataMaskDef\":{\"maskTypes\":[],\"accessTypes\":[],\"resources\":[]},\"rowFilterDef\":{\"accessTypes\":[],\"resources\":[]}}'),(20,'2022-05-16 13:24:04','2022-05-16 13:24:04','0d047248-baff-4cf9-8e9e-d5d377284b2e',1033,100,'tag',5,'Update','2022-05-16 13:24:04',NULL,'{\"id\":100,\"guid\":\"0d047248-baff-4cf9-8e9e-d5d377284b2e\",\"isEnabled\":true,\"createTime\":1652732642000,\"updateTime\":1652732643723,\"version\":5,\"name\":\"tag\",\"displayName\":\"tag\",\"implClass\":\"org.apache.ranger.services.tag.RangerServiceTag\",\"label\":\"TAG\",\"description\":\"TAG Service Definition\",\"options\":{\"enableDenyAndExceptionsInPolicies\":\"true\",\"ui.pages\":\"tag-based-policies\"},\"configs\":[{\"itemId\":1,\"name\":\"ranger.plugin.audit.filters\",\"type\":\"string\",\"subType\":\"\",\"mandatory\":false,\"defaultValue\":\"[ {\'accessResult\': \'DENIED\', \'isAudited\': true} ]\",\"validationRegEx\":\"\",\"validationMessage\":\"\",\"uiHint\":\"\",\"label\":\"Ranger Default Audit Filters\"}],\"resources\":[{\"itemId\":1,\"name\":\"tag\",\"type\":\"string\",\"level\":1,\"mandatory\":true,\"lookupSupported\":true,\"recursiveSupported\":false,\"excludesSupported\":false,\"matcher\":\"org.apache.ranger.plugin.resourcematcher.RangerDefaultResourceMatcher\",\"matcherOptions\":{\"wildCard\":\"false\",\"ignoreCase\":\"false\"},\"validationRegEx\":\"\",\"validationMessage\":\"\",\"uiHint\":\"{ \\\"singleValue\\\":true }\",\"label\":\"TAG\",\"description\":\"TAG\",\"accessTypeRestrictions\":[],\"isValidLeaf\":true}],\"accessTypes\":[{\"itemId\":104105,\"name\":\"adls:read\",\"label\":\"Read\",\"impliedGrants\":[\"adls:execute\"]},{\"itemId\":104106,\"name\":\"adls:write\",\"label\":\"Write\",\"impliedGrants\":[]},{\"itemId\":104107,\"name\":\"adls:execute\",\"label\":\"Execute\",\"impliedGrants\":[]},{\"itemId\":104108,\"name\":\"adls:delete\",\"label\":\"Delete\",\"impliedGrants\":[]},{\"itemId\":104109,\"name\":\"adls:delete-recursive\",\"label\":\"Delete Recursive\",\"impliedGrants\":[]},{\"itemId\":104110,\"name\":\"adls:list\",\"label\":\"List\",\"impliedGrants\":[]},{\"itemId\":104111,\"name\":\"adls:move\",\"label\":\"Move\",\"impliedGrants\":[]},{\"itemId\":104112,\"name\":\"adls:modify-permissions\",\"label\":\"Modify Permissions\",\"impliedGrants\":[]},{\"itemId\":105106,\"name\":\"kudu:select\",\"label\":\"SELECT\",\"impliedGrants\":[\"kudu:metadata\"]},{\"itemId\":105107,\"name\":\"kudu:insert\",\"label\":\"INSERT\",\"impliedGrants\":[\"kudu:metadata\"]},{\"itemId\":105108,\"name\":\"kudu:update\",\"label\":\"UPDATE\",\"impliedGrants\":[\"kudu:metadata\"]},{\"itemId\":105109,\"name\":\"kudu:delete\",\"label\":\"DELETE\",\"impliedGrants\":[\"kudu:metadata\"]},{\"itemId\":105110,\"name\":\"kudu:alter\",\"label\":\"ALTER\",\"impliedGrants\":[\"kudu:metadata\"]},{\"itemId\":105111,\"name\":\"kudu:create\",\"label\":\"CREATE\",\"impliedGrants\":[\"kudu:metadata\"]},{\"itemId\":105112,\"name\":\"kudu:drop\",\"label\":\"DROP\",\"impliedGrants\":[\"kudu:metadata\"]},{\"itemId\":105113,\"name\":\"kudu:metadata\",\"label\":\"METADATA\",\"impliedGrants\":[]},{\"itemId\":105114,\"name\":\"kudu:all\",\"label\":\"ALL\",\"impliedGrants\":[\"kudu:select\",\"kudu:insert\",\"kudu:update\",\"kudu:delete\",\"kudu:alter\",\"kudu:create\",\"kudu:drop\",\"kudu:metadata\"]},{\"itemId\":1002,\"name\":\"hdfs:read\",\"label\":\"Read\",\"impliedGrants\":[]},{\"itemId\":1003,\"name\":\"hdfs:write\",\"label\":\"Write\",\"impliedGrants\":[]},{\"itemId\":1004,\"name\":\"hdfs:execute\",\"label\":\"Execute\",\"impliedGrants\":[]},{\"itemId\":2003,\"name\":\"hbase:read\",\"label\":\"Read\",\"impliedGrants\":[]},{\"itemId\":2004,\"name\":\"hbase:write\",\"label\":\"Write\",\"impliedGrants\":[]},{\"itemId\":2005,\"name\":\"hbase:create\",\"label\":\"Create\",\"impliedGrants\":[]},{\"itemId\":2006,\"name\":\"hbase:admin\",\"label\":\"Admin\",\"impliedGrants\":[\"hbase:read\",\"hbase:write\",\"hbase:create\"]},{\"itemId\":2007,\"name\":\"hbase:execute\",\"label\":\"Execute\",\"impliedGrants\":[]}],\"policyConditions\":[{\"itemId\":1,\"name\":\"accessed-after-expiry\",\"evaluator\":\"org.apache.ranger.plugin.conditionevaluator.RangerScriptTemplateConditionEvaluator\",\"evaluatorOptions\":{\"scriptTemplate\":\"ctx.isAccessedAfter(\'expiry_date\');\"},\"uiHint\":\"{ \\\"singleValue\\\":true }\",\"label\":\"Accessed after expiry_date (yes/no)?\",\"description\":\"Accessed after expiry_date? (yes/no)\"},{\"itemId\":2,\"name\":\"expression\",\"evaluator\":\"org.apache.ranger.plugin.conditionevaluator.RangerScriptConditionEvaluator\",\"evaluatorOptions\":{\"engineName\":\"JavaScript\",\"ui.isMultiline\":\"true\"},\"label\":\"Enter boolean expression\",\"description\":\"Boolean expression\"}],\"contextEnrichers\":[{\"itemId\":1,\"name\":\"TagEnricher\",\"enricher\":\"org.apache.ranger.plugin.contextenricher.RangerTagEnricher\",\"enricherOptions\":{\"tagRetrieverClassName\":\"org.apache.ranger.plugin.contextenricher.RangerAdminTagRetriever\",\"tagRefresherPollingInterval\":\"60000\"}}],\"enums\":[],\"dataMaskDef\":{\"maskTypes\":[],\"accessTypes\":[],\"resources\":[]},\"rowFilterDef\":{\"accessTypes\":[],\"resources\":[]}}'),(21,'2022-05-16 13:24:04','2022-05-16 13:24:04','0d047248-baff-4cf9-8e9e-d5d377284b2e',1033,100,'tag',6,'Update','2022-05-16 13:24:04',NULL,'{\"id\":100,\"guid\":\"0d047248-baff-4cf9-8e9e-d5d377284b2e\",\"isEnabled\":true,\"createTime\":1652732642000,\"updateTime\":1652732644074,\"version\":6,\"name\":\"tag\",\"displayName\":\"tag\",\"implClass\":\"org.apache.ranger.services.tag.RangerServiceTag\",\"label\":\"TAG\",\"description\":\"TAG Service Definition\",\"options\":{\"enableDenyAndExceptionsInPolicies\":\"true\",\"ui.pages\":\"tag-based-policies\"},\"configs\":[{\"itemId\":1,\"name\":\"ranger.plugin.audit.filters\",\"type\":\"string\",\"subType\":\"\",\"mandatory\":false,\"defaultValue\":\"[ {\'accessResult\': \'DENIED\', \'isAudited\': true} ]\",\"validationRegEx\":\"\",\"validationMessage\":\"\",\"uiHint\":\"\",\"label\":\"Ranger Default Audit Filters\"}],\"resources\":[{\"itemId\":1,\"name\":\"tag\",\"type\":\"string\",\"level\":1,\"mandatory\":true,\"lookupSupported\":true,\"recursiveSupported\":false,\"excludesSupported\":false,\"matcher\":\"org.apache.ranger.plugin.resourcematcher.RangerDefaultResourceMatcher\",\"matcherOptions\":{\"wildCard\":\"false\",\"ignoreCase\":\"false\"},\"validationRegEx\":\"\",\"validationMessage\":\"\",\"uiHint\":\"{ \\\"singleValue\\\":true }\",\"label\":\"TAG\",\"description\":\"TAG\",\"accessTypeRestrictions\":[],\"isValidLeaf\":true}],\"accessTypes\":[{\"itemId\":104105,\"name\":\"adls:read\",\"label\":\"Read\",\"impliedGrants\":[\"adls:execute\"]},{\"itemId\":104106,\"name\":\"adls:write\",\"label\":\"Write\",\"impliedGrants\":[]},{\"itemId\":104107,\"name\":\"adls:execute\",\"label\":\"Execute\",\"impliedGrants\":[]},{\"itemId\":104108,\"name\":\"adls:delete\",\"label\":\"Delete\",\"impliedGrants\":[]},{\"itemId\":104109,\"name\":\"adls:delete-recursive\",\"label\":\"Delete Recursive\",\"impliedGrants\":[]},{\"itemId\":104110,\"name\":\"adls:list\",\"label\":\"List\",\"impliedGrants\":[]},{\"itemId\":104111,\"name\":\"adls:move\",\"label\":\"Move\",\"impliedGrants\":[]},{\"itemId\":104112,\"name\":\"adls:modify-permissions\",\"label\":\"Modify Permissions\",\"impliedGrants\":[]},{\"itemId\":105106,\"name\":\"kudu:select\",\"label\":\"SELECT\",\"impliedGrants\":[\"kudu:metadata\"]},{\"itemId\":105107,\"name\":\"kudu:insert\",\"label\":\"INSERT\",\"impliedGrants\":[\"kudu:metadata\"]},{\"itemId\":105108,\"name\":\"kudu:update\",\"label\":\"UPDATE\",\"impliedGrants\":[\"kudu:metadata\"]},{\"itemId\":105109,\"name\":\"kudu:delete\",\"label\":\"DELETE\",\"impliedGrants\":[\"kudu:metadata\"]},{\"itemId\":105110,\"name\":\"kudu:alter\",\"label\":\"ALTER\",\"impliedGrants\":[\"kudu:metadata\"]},{\"itemId\":105111,\"name\":\"kudu:create\",\"label\":\"CREATE\",\"impliedGrants\":[\"kudu:metadata\"]},{\"itemId\":105112,\"name\":\"kudu:drop\",\"label\":\"DROP\",\"impliedGrants\":[\"kudu:metadata\"]},{\"itemId\":105113,\"name\":\"kudu:metadata\",\"label\":\"METADATA\",\"impliedGrants\":[]},{\"itemId\":105114,\"name\":\"kudu:all\",\"label\":\"ALL\",\"impliedGrants\":[\"kudu:select\",\"kudu:insert\",\"kudu:update\",\"kudu:delete\",\"kudu:alter\",\"kudu:create\",\"kudu:drop\",\"kudu:metadata\"]},{\"itemId\":1002,\"name\":\"hdfs:read\",\"label\":\"Read\",\"impliedGrants\":[]},{\"itemId\":1003,\"name\":\"hdfs:write\",\"label\":\"Write\",\"impliedGrants\":[]},{\"itemId\":1004,\"name\":\"hdfs:execute\",\"label\":\"Execute\",\"impliedGrants\":[]},{\"itemId\":2003,\"name\":\"hbase:read\",\"label\":\"Read\",\"impliedGrants\":[]},{\"itemId\":2004,\"name\":\"hbase:write\",\"label\":\"Write\",\"impliedGrants\":[]},{\"itemId\":2005,\"name\":\"hbase:create\",\"label\":\"Create\",\"impliedGrants\":[]},{\"itemId\":2006,\"name\":\"hbase:admin\",\"label\":\"Admin\",\"impliedGrants\":[\"hbase:read\",\"hbase:write\",\"hbase:create\"]},{\"itemId\":2007,\"name\":\"hbase:execute\",\"label\":\"Execute\",\"impliedGrants\":[]},{\"itemId\":3004,\"name\":\"hive:select\",\"label\":\"select\",\"impliedGrants\":[]},{\"itemId\":3005,\"name\":\"hive:update\",\"label\":\"update\",\"impliedGrants\":[]},{\"itemId\":3006,\"name\":\"hive:create\",\"label\":\"Create\",\"impliedGrants\":[]},{\"itemId\":3007,\"name\":\"hive:drop\",\"label\":\"Drop\",\"impliedGrants\":[]},{\"itemId\":3008,\"name\":\"hive:alter\",\"label\":\"Alter\",\"impliedGrants\":[]},{\"itemId\":3009,\"name\":\"hive:index\",\"label\":\"Index\",\"impliedGrants\":[]},{\"itemId\":3010,\"name\":\"hive:lock\",\"label\":\"Lock\",\"impliedGrants\":[]},{\"itemId\":3011,\"name\":\"hive:all\",\"label\":\"All\",\"impliedGrants\":[\"hive:select\",\"hive:update\",\"hive:create\",\"hive:drop\",\"hive:alter\",\"hive:index\",\"hive:lock\",\"hive:read\",\"hive:write\",\"hive:repladmin\",\"hive:serviceadmin\",\"hive:refresh\"]},{\"itemId\":3012,\"name\":\"hive:read\",\"label\":\"Read\",\"impliedGrants\":[]},{\"itemId\":3013,\"name\":\"hive:write\",\"label\":\"Write\",\"impliedGrants\":[]},{\"itemId\":3014,\"name\":\"hive:repladmin\",\"label\":\"ReplAdmin\",\"impliedGrants\":[]},{\"itemId\":3015,\"name\":\"hive:serviceadmin\",\"label\":\"Service Admin\",\"impliedGrants\":[]},{\"itemId\":3016,\"name\":\"hive:tempudfadmin\",\"label\":\"Temporary UDF Admin\",\"impliedGrants\":[]},{\"itemId\":3017,\"name\":\"hive:refresh\",\"label\":\"Refresh\",\"impliedGrants\":[]},{\"itemId\":3018,\"name\":\"hive:rwstorage\",\"label\":\"RW Storage\",\"impliedGrants\":[]}],\"policyConditions\":[{\"itemId\":1,\"name\":\"accessed-after-expiry\",\"evaluator\":\"org.apache.ranger.plugin.conditionevaluator.RangerScriptTemplateConditionEvaluator\",\"evaluatorOptions\":{\"scriptTemplate\":\"ctx.isAccessedAfter(\'expiry_date\');\"},\"uiHint\":\"{ \\\"singleValue\\\":true }\",\"label\":\"Accessed after expiry_date (yes/no)?\",\"description\":\"Accessed after expiry_date? (yes/no)\"},{\"itemId\":2,\"name\":\"expression\",\"evaluator\":\"org.apache.ranger.plugin.conditionevaluator.RangerScriptConditionEvaluator\",\"evaluatorOptions\":{\"engineName\":\"JavaScript\",\"ui.isMultiline\":\"true\"},\"label\":\"Enter boolean expression\",\"description\":\"Boolean expression\"}],\"contextEnrichers\":[{\"itemId\":1,\"name\":\"TagEnricher\",\"enricher\":\"org.apache.ranger.plugin.contextenricher.RangerTagEnricher\",\"enricherOptions\":{\"tagRetrieverClassName\":\"org.apache.ranger.plugin.contextenricher.RangerAdminTagRetriever\",\"tagRefresherPollingInterval\":\"60000\"}}],\"enums\":[],\"dataMaskDef\":{\"maskTypes\":[{\"itemId\":3004,\"name\":\"hive:MASK\",\"label\":\"Redact\",\"description\":\"Replace lowercase with \'x\', uppercase with \'X\', digits with \'0\'\",\"transformer\":\"mask({col})\",\"dataMaskOptions\":{}},{\"itemId\":3005,\"name\":\"hive:MASK_SHOW_LAST_4\",\"label\":\"Partial mask: show last 4\",\"description\":\"Show last 4 characters; replace rest with \'x\'\",\"transformer\":\"mask_show_last_n({col}, 4, \'x\', \'x\', \'x\', -1, \'1\')\",\"dataMaskOptions\":{}},{\"itemId\":3006,\"name\":\"hive:MASK_SHOW_FIRST_4\",\"label\":\"Partial mask: show first 4\",\"description\":\"Show first 4 characters; replace rest with \'x\'\",\"transformer\":\"mask_show_first_n({col}, 4, \'x\', \'x\', \'x\', -1, \'1\')\",\"dataMaskOptions\":{}},{\"itemId\":3007,\"name\":\"hive:MASK_HASH\",\"label\":\"Hash\",\"description\":\"Hash the value\",\"transformer\":\"mask_hash({col})\",\"dataMaskOptions\":{}},{\"itemId\":3008,\"name\":\"hive:MASK_NULL\",\"label\":\"Nullify\",\"description\":\"Replace with NULL\",\"dataMaskOptions\":{}},{\"itemId\":3009,\"name\":\"hive:MASK_NONE\",\"label\":\"Unmasked (retain original value)\",\"description\":\"No masking\",\"dataMaskOptions\":{}},{\"itemId\":3015,\"name\":\"hive:MASK_DATE_SHOW_YEAR\",\"label\":\"Date: show only year\",\"description\":\"Date: show only year\",\"transformer\":\"mask({col}, \'x\', \'x\', \'x\', -1, \'1\', 1, 0, -1)\",\"dataMaskOptions\":{}},{\"itemId\":3016,\"name\":\"hive:CUSTOM\",\"label\":\"Custom\",\"description\":\"Custom\",\"dataMaskOptions\":{}}],\"accessTypes\":[{\"itemId\":3004,\"name\":\"hive:select\",\"label\":\"select\",\"impliedGrants\":[]}],\"resources\":[{\"itemId\":1,\"name\":\"tag\",\"type\":\"string\",\"level\":1,\"mandatory\":true,\"lookupSupported\":true,\"recursiveSupported\":false,\"excludesSupported\":false,\"matcher\":\"org.apache.ranger.plugin.resourcematcher.RangerDefaultResourceMatcher\",\"matcherOptions\":{\"__isValidLeaf\":\"true\",\"wildCard\":\"false\",\"__accessTypeRestrictions\":\"[]\",\"ignoreCase\":\"false\"},\"validationRegEx\":\"\",\"validationMessage\":\"\",\"uiHint\":\"{ \\\"singleValue\\\":true }\",\"label\":\"TAG\",\"description\":\"TAG\",\"accessTypeRestrictions\":[],\"isValidLeaf\":true}]},\"rowFilterDef\":{\"accessTypes\":[],\"resources\":[]}}'),(22,'2022-05-16 13:24:04','2022-05-16 13:24:04','0d047248-baff-4cf9-8e9e-d5d377284b2e',1033,100,'tag',7,'Update','2022-05-16 13:24:04',NULL,'{\"id\":100,\"guid\":\"0d047248-baff-4cf9-8e9e-d5d377284b2e\",\"isEnabled\":true,\"createTime\":1652732642000,\"updateTime\":1652732644526,\"version\":7,\"name\":\"tag\",\"displayName\":\"tag\",\"implClass\":\"org.apache.ranger.services.tag.RangerServiceTag\",\"label\":\"TAG\",\"description\":\"TAG Service Definition\",\"options\":{\"enableDenyAndExceptionsInPolicies\":\"true\",\"ui.pages\":\"tag-based-policies\"},\"configs\":[{\"itemId\":1,\"name\":\"ranger.plugin.audit.filters\",\"type\":\"string\",\"subType\":\"\",\"mandatory\":false,\"defaultValue\":\"[ {\'accessResult\': \'DENIED\', \'isAudited\': true} ]\",\"validationRegEx\":\"\",\"validationMessage\":\"\",\"uiHint\":\"\",\"label\":\"Ranger Default Audit Filters\"}],\"resources\":[{\"itemId\":1,\"name\":\"tag\",\"type\":\"string\",\"level\":1,\"mandatory\":true,\"lookupSupported\":true,\"recursiveSupported\":false,\"excludesSupported\":false,\"matcher\":\"org.apache.ranger.plugin.resourcematcher.RangerDefaultResourceMatcher\",\"matcherOptions\":{\"wildCard\":\"false\",\"ignoreCase\":\"false\"},\"validationRegEx\":\"\",\"validationMessage\":\"\",\"uiHint\":\"{ \\\"singleValue\\\":true }\",\"label\":\"TAG\",\"description\":\"TAG\",\"accessTypeRestrictions\":[],\"isValidLeaf\":true}],\"accessTypes\":[{\"itemId\":104105,\"name\":\"adls:read\",\"label\":\"Read\",\"impliedGrants\":[\"adls:execute\"]},{\"itemId\":104106,\"name\":\"adls:write\",\"label\":\"Write\",\"impliedGrants\":[]},{\"itemId\":104107,\"name\":\"adls:execute\",\"label\":\"Execute\",\"impliedGrants\":[]},{\"itemId\":104108,\"name\":\"adls:delete\",\"label\":\"Delete\",\"impliedGrants\":[]},{\"itemId\":104109,\"name\":\"adls:delete-recursive\",\"label\":\"Delete Recursive\",\"impliedGrants\":[]},{\"itemId\":104110,\"name\":\"adls:list\",\"label\":\"List\",\"impliedGrants\":[]},{\"itemId\":104111,\"name\":\"adls:move\",\"label\":\"Move\",\"impliedGrants\":[]},{\"itemId\":104112,\"name\":\"adls:modify-permissions\",\"label\":\"Modify Permissions\",\"impliedGrants\":[]},{\"itemId\":105106,\"name\":\"kudu:select\",\"label\":\"SELECT\",\"impliedGrants\":[\"kudu:metadata\"]},{\"itemId\":105107,\"name\":\"kudu:insert\",\"label\":\"INSERT\",\"impliedGrants\":[\"kudu:metadata\"]},{\"itemId\":105108,\"name\":\"kudu:update\",\"label\":\"UPDATE\",\"impliedGrants\":[\"kudu:metadata\"]},{\"itemId\":105109,\"name\":\"kudu:delete\",\"label\":\"DELETE\",\"impliedGrants\":[\"kudu:metadata\"]},{\"itemId\":105110,\"name\":\"kudu:alter\",\"label\":\"ALTER\",\"impliedGrants\":[\"kudu:metadata\"]},{\"itemId\":105111,\"name\":\"kudu:create\",\"label\":\"CREATE\",\"impliedGrants\":[\"kudu:metadata\"]},{\"itemId\":105112,\"name\":\"kudu:drop\",\"label\":\"DROP\",\"impliedGrants\":[\"kudu:metadata\"]},{\"itemId\":105113,\"name\":\"kudu:metadata\",\"label\":\"METADATA\",\"impliedGrants\":[]},{\"itemId\":105114,\"name\":\"kudu:all\",\"label\":\"ALL\",\"impliedGrants\":[\"kudu:select\",\"kudu:insert\",\"kudu:update\",\"kudu:delete\",\"kudu:alter\",\"kudu:create\",\"kudu:drop\",\"kudu:metadata\"]},{\"itemId\":1002,\"name\":\"hdfs:read\",\"label\":\"Read\",\"impliedGrants\":[]},{\"itemId\":1003,\"name\":\"hdfs:write\",\"label\":\"Write\",\"impliedGrants\":[]},{\"itemId\":1004,\"name\":\"hdfs:execute\",\"label\":\"Execute\",\"impliedGrants\":[]},{\"itemId\":2003,\"name\":\"hbase:read\",\"label\":\"Read\",\"impliedGrants\":[]},{\"itemId\":2004,\"name\":\"hbase:write\",\"label\":\"Write\",\"impliedGrants\":[]},{\"itemId\":2005,\"name\":\"hbase:create\",\"label\":\"Create\",\"impliedGrants\":[]},{\"itemId\":2006,\"name\":\"hbase:admin\",\"label\":\"Admin\",\"impliedGrants\":[\"hbase:read\",\"hbase:write\",\"hbase:create\"]},{\"itemId\":2007,\"name\":\"hbase:execute\",\"label\":\"Execute\",\"impliedGrants\":[]},{\"itemId\":3004,\"name\":\"hive:select\",\"label\":\"select\",\"impliedGrants\":[]},{\"itemId\":3005,\"name\":\"hive:update\",\"label\":\"update\",\"impliedGrants\":[]},{\"itemId\":3006,\"name\":\"hive:create\",\"label\":\"Create\",\"impliedGrants\":[]},{\"itemId\":3007,\"name\":\"hive:drop\",\"label\":\"Drop\",\"impliedGrants\":[]},{\"itemId\":3008,\"name\":\"hive:alter\",\"label\":\"Alter\",\"impliedGrants\":[]},{\"itemId\":3009,\"name\":\"hive:index\",\"label\":\"Index\",\"impliedGrants\":[]},{\"itemId\":3010,\"name\":\"hive:lock\",\"label\":\"Lock\",\"impliedGrants\":[]},{\"itemId\":3011,\"name\":\"hive:all\",\"label\":\"All\",\"impliedGrants\":[\"hive:select\",\"hive:update\",\"hive:create\",\"hive:drop\",\"hive:alter\",\"hive:index\",\"hive:lock\",\"hive:read\",\"hive:write\",\"hive:repladmin\",\"hive:serviceadmin\",\"hive:refresh\"]},{\"itemId\":3012,\"name\":\"hive:read\",\"label\":\"Read\",\"impliedGrants\":[]},{\"itemId\":3013,\"name\":\"hive:write\",\"label\":\"Write\",\"impliedGrants\":[]},{\"itemId\":3014,\"name\":\"hive:repladmin\",\"label\":\"ReplAdmin\",\"impliedGrants\":[]},{\"itemId\":3015,\"name\":\"hive:serviceadmin\",\"label\":\"Service Admin\",\"impliedGrants\":[]},{\"itemId\":3016,\"name\":\"hive:tempudfadmin\",\"label\":\"Temporary UDF Admin\",\"impliedGrants\":[]},{\"itemId\":3017,\"name\":\"hive:refresh\",\"label\":\"Refresh\",\"impliedGrants\":[]},{\"itemId\":3018,\"name\":\"hive:rwstorage\",\"label\":\"RW Storage\",\"impliedGrants\":[]},{\"itemId\":4005,\"name\":\"yarn:submit-app\",\"label\":\"submit-app\",\"impliedGrants\":[]},{\"itemId\":4006,\"name\":\"yarn:admin-queue\",\"label\":\"admin-queue\",\"impliedGrants\":[\"yarn:submit-app\"]}],\"policyConditions\":[{\"itemId\":1,\"name\":\"accessed-after-expiry\",\"evaluator\":\"org.apache.ranger.plugin.conditionevaluator.RangerScriptTemplateConditionEvaluator\",\"evaluatorOptions\":{\"scriptTemplate\":\"ctx.isAccessedAfter(\'expiry_date\');\"},\"uiHint\":\"{ \\\"singleValue\\\":true }\",\"label\":\"Accessed after expiry_date (yes/no)?\",\"description\":\"Accessed after expiry_date? (yes/no)\"},{\"itemId\":2,\"name\":\"expression\",\"evaluator\":\"org.apache.ranger.plugin.conditionevaluator.RangerScriptConditionEvaluator\",\"evaluatorOptions\":{\"engineName\":\"JavaScript\",\"ui.isMultiline\":\"true\"},\"label\":\"Enter boolean expression\",\"description\":\"Boolean expression\"}],\"contextEnrichers\":[{\"itemId\":1,\"name\":\"TagEnricher\",\"enricher\":\"org.apache.ranger.plugin.contextenricher.RangerTagEnricher\",\"enricherOptions\":{\"tagRetrieverClassName\":\"org.apache.ranger.plugin.contextenricher.RangerAdminTagRetriever\",\"tagRefresherPollingInterval\":\"60000\"}}],\"enums\":[],\"dataMaskDef\":{\"maskTypes\":[{\"itemId\":3004,\"name\":\"hive:MASK\",\"label\":\"Redact\",\"description\":\"Replace lowercase with \'x\', uppercase with \'X\', digits with \'0\'\",\"transformer\":\"mask({col})\",\"dataMaskOptions\":{}},{\"itemId\":3005,\"name\":\"hive:MASK_SHOW_LAST_4\",\"label\":\"Partial mask: show last 4\",\"description\":\"Show last 4 characters; replace rest with \'x\'\",\"transformer\":\"mask_show_last_n({col}, 4, \'x\', \'x\', \'x\', -1, \'1\')\",\"dataMaskOptions\":{}},{\"itemId\":3006,\"name\":\"hive:MASK_SHOW_FIRST_4\",\"label\":\"Partial mask: show first 4\",\"description\":\"Show first 4 characters; replace rest with \'x\'\",\"transformer\":\"mask_show_first_n({col}, 4, \'x\', \'x\', \'x\', -1, \'1\')\",\"dataMaskOptions\":{}},{\"itemId\":3007,\"name\":\"hive:MASK_HASH\",\"label\":\"Hash\",\"description\":\"Hash the value\",\"transformer\":\"mask_hash({col})\",\"dataMaskOptions\":{}},{\"itemId\":3008,\"name\":\"hive:MASK_NULL\",\"label\":\"Nullify\",\"description\":\"Replace with NULL\",\"dataMaskOptions\":{}},{\"itemId\":3009,\"name\":\"hive:MASK_NONE\",\"label\":\"Unmasked (retain original value)\",\"description\":\"No masking\",\"dataMaskOptions\":{}},{\"itemId\":3015,\"name\":\"hive:MASK_DATE_SHOW_YEAR\",\"label\":\"Date: show only year\",\"description\":\"Date: show only year\",\"transformer\":\"mask({col}, \'x\', \'x\', \'x\', -1, \'1\', 1, 0, -1)\",\"dataMaskOptions\":{}},{\"itemId\":3016,\"name\":\"hive:CUSTOM\",\"label\":\"Custom\",\"description\":\"Custom\",\"dataMaskOptions\":{}}],\"accessTypes\":[{\"itemId\":3004,\"name\":\"hive:select\",\"label\":\"select\",\"impliedGrants\":[]}],\"resources\":[{\"itemId\":1,\"name\":\"tag\",\"type\":\"string\",\"level\":1,\"mandatory\":true,\"lookupSupported\":true,\"recursiveSupported\":false,\"excludesSupported\":false,\"matcher\":\"org.apache.ranger.plugin.resourcematcher.RangerDefaultResourceMatcher\",\"matcherOptions\":{\"__isValidLeaf\":\"true\",\"wildCard\":\"false\",\"__accessTypeRestrictions\":\"[]\",\"ignoreCase\":\"false\"},\"validationRegEx\":\"\",\"validationMessage\":\"\",\"uiHint\":\"{ \\\"singleValue\\\":true }\",\"label\":\"TAG\",\"description\":\"TAG\",\"accessTypeRestrictions\":[],\"isValidLeaf\":true}]},\"rowFilterDef\":{\"accessTypes\":[],\"resources\":[]}}'),(23,'2022-05-16 13:24:05','2022-05-16 13:24:05','0d047248-baff-4cf9-8e9e-d5d377284b2e',1033,100,'tag',8,'Update','2022-05-16 13:24:05',NULL,'{\"id\":100,\"guid\":\"0d047248-baff-4cf9-8e9e-d5d377284b2e\",\"isEnabled\":true,\"createTime\":1652732642000,\"updateTime\":1652732644912,\"version\":8,\"name\":\"tag\",\"displayName\":\"tag\",\"implClass\":\"org.apache.ranger.services.tag.RangerServiceTag\",\"label\":\"TAG\",\"description\":\"TAG Service Definition\",\"options\":{\"enableDenyAndExceptionsInPolicies\":\"true\",\"ui.pages\":\"tag-based-policies\"},\"configs\":[{\"itemId\":1,\"name\":\"ranger.plugin.audit.filters\",\"type\":\"string\",\"subType\":\"\",\"mandatory\":false,\"defaultValue\":\"[ {\'accessResult\': \'DENIED\', \'isAudited\': true} ]\",\"validationRegEx\":\"\",\"validationMessage\":\"\",\"uiHint\":\"\",\"label\":\"Ranger Default Audit Filters\"}],\"resources\":[{\"itemId\":1,\"name\":\"tag\",\"type\":\"string\",\"level\":1,\"mandatory\":true,\"lookupSupported\":true,\"recursiveSupported\":false,\"excludesSupported\":false,\"matcher\":\"org.apache.ranger.plugin.resourcematcher.RangerDefaultResourceMatcher\",\"matcherOptions\":{\"wildCard\":\"false\",\"ignoreCase\":\"false\"},\"validationRegEx\":\"\",\"validationMessage\":\"\",\"uiHint\":\"{ \\\"singleValue\\\":true }\",\"label\":\"TAG\",\"description\":\"TAG\",\"accessTypeRestrictions\":[],\"isValidLeaf\":true}],\"accessTypes\":[{\"itemId\":104105,\"name\":\"adls:read\",\"label\":\"Read\",\"impliedGrants\":[\"adls:execute\"]},{\"itemId\":104106,\"name\":\"adls:write\",\"label\":\"Write\",\"impliedGrants\":[]},{\"itemId\":104107,\"name\":\"adls:execute\",\"label\":\"Execute\",\"impliedGrants\":[]},{\"itemId\":104108,\"name\":\"adls:delete\",\"label\":\"Delete\",\"impliedGrants\":[]},{\"itemId\":104109,\"name\":\"adls:delete-recursive\",\"label\":\"Delete Recursive\",\"impliedGrants\":[]},{\"itemId\":104110,\"name\":\"adls:list\",\"label\":\"List\",\"impliedGrants\":[]},{\"itemId\":104111,\"name\":\"adls:move\",\"label\":\"Move\",\"impliedGrants\":[]},{\"itemId\":104112,\"name\":\"adls:modify-permissions\",\"label\":\"Modify Permissions\",\"impliedGrants\":[]},{\"itemId\":105106,\"name\":\"kudu:select\",\"label\":\"SELECT\",\"impliedGrants\":[\"kudu:metadata\"]},{\"itemId\":105107,\"name\":\"kudu:insert\",\"label\":\"INSERT\",\"impliedGrants\":[\"kudu:metadata\"]},{\"itemId\":105108,\"name\":\"kudu:update\",\"label\":\"UPDATE\",\"impliedGrants\":[\"kudu:metadata\"]},{\"itemId\":105109,\"name\":\"kudu:delete\",\"label\":\"DELETE\",\"impliedGrants\":[\"kudu:metadata\"]},{\"itemId\":105110,\"name\":\"kudu:alter\",\"label\":\"ALTER\",\"impliedGrants\":[\"kudu:metadata\"]},{\"itemId\":105111,\"name\":\"kudu:create\",\"label\":\"CREATE\",\"impliedGrants\":[\"kudu:metadata\"]},{\"itemId\":105112,\"name\":\"kudu:drop\",\"label\":\"DROP\",\"impliedGrants\":[\"kudu:metadata\"]},{\"itemId\":105113,\"name\":\"kudu:metadata\",\"label\":\"METADATA\",\"impliedGrants\":[]},{\"itemId\":105114,\"name\":\"kudu:all\",\"label\":\"ALL\",\"impliedGrants\":[\"kudu:select\",\"kudu:insert\",\"kudu:update\",\"kudu:delete\",\"kudu:alter\",\"kudu:create\",\"kudu:drop\",\"kudu:metadata\"]},{\"itemId\":1002,\"name\":\"hdfs:read\",\"label\":\"Read\",\"impliedGrants\":[]},{\"itemId\":1003,\"name\":\"hdfs:write\",\"label\":\"Write\",\"impliedGrants\":[]},{\"itemId\":1004,\"name\":\"hdfs:execute\",\"label\":\"Execute\",\"impliedGrants\":[]},{\"itemId\":2003,\"name\":\"hbase:read\",\"label\":\"Read\",\"impliedGrants\":[]},{\"itemId\":2004,\"name\":\"hbase:write\",\"label\":\"Write\",\"impliedGrants\":[]},{\"itemId\":2005,\"name\":\"hbase:create\",\"label\":\"Create\",\"impliedGrants\":[]},{\"itemId\":2006,\"name\":\"hbase:admin\",\"label\":\"Admin\",\"impliedGrants\":[\"hbase:read\",\"hbase:write\",\"hbase:create\"]},{\"itemId\":2007,\"name\":\"hbase:execute\",\"label\":\"Execute\",\"impliedGrants\":[]},{\"itemId\":3004,\"name\":\"hive:select\",\"label\":\"select\",\"impliedGrants\":[]},{\"itemId\":3005,\"name\":\"hive:update\",\"label\":\"update\",\"impliedGrants\":[]},{\"itemId\":3006,\"name\":\"hive:create\",\"label\":\"Create\",\"impliedGrants\":[]},{\"itemId\":3007,\"name\":\"hive:drop\",\"label\":\"Drop\",\"impliedGrants\":[]},{\"itemId\":3008,\"name\":\"hive:alter\",\"label\":\"Alter\",\"impliedGrants\":[]},{\"itemId\":3009,\"name\":\"hive:index\",\"label\":\"Index\",\"impliedGrants\":[]},{\"itemId\":3010,\"name\":\"hive:lock\",\"label\":\"Lock\",\"impliedGrants\":[]},{\"itemId\":3011,\"name\":\"hive:all\",\"label\":\"All\",\"impliedGrants\":[\"hive:select\",\"hive:update\",\"hive:create\",\"hive:drop\",\"hive:alter\",\"hive:index\",\"hive:lock\",\"hive:read\",\"hive:write\",\"hive:repladmin\",\"hive:serviceadmin\",\"hive:refresh\"]},{\"itemId\":3012,\"name\":\"hive:read\",\"label\":\"Read\",\"impliedGrants\":[]},{\"itemId\":3013,\"name\":\"hive:write\",\"label\":\"Write\",\"impliedGrants\":[]},{\"itemId\":3014,\"name\":\"hive:repladmin\",\"label\":\"ReplAdmin\",\"impliedGrants\":[]},{\"itemId\":3015,\"name\":\"hive:serviceadmin\",\"label\":\"Service Admin\",\"impliedGrants\":[]},{\"itemId\":3016,\"name\":\"hive:tempudfadmin\",\"label\":\"Temporary UDF Admin\",\"impliedGrants\":[]},{\"itemId\":3017,\"name\":\"hive:refresh\",\"label\":\"Refresh\",\"impliedGrants\":[]},{\"itemId\":3018,\"name\":\"hive:rwstorage\",\"label\":\"RW Storage\",\"impliedGrants\":[]},{\"itemId\":4005,\"name\":\"yarn:submit-app\",\"label\":\"submit-app\",\"impliedGrants\":[]},{\"itemId\":4006,\"name\":\"yarn:admin-queue\",\"label\":\"admin-queue\",\"impliedGrants\":[\"yarn:submit-app\"]},{\"itemId\":5006,\"name\":\"knox:allow\",\"label\":\"Allow\",\"impliedGrants\":[]}],\"policyConditions\":[{\"itemId\":1,\"name\":\"accessed-after-expiry\",\"evaluator\":\"org.apache.ranger.plugin.conditionevaluator.RangerScriptTemplateConditionEvaluator\",\"evaluatorOptions\":{\"scriptTemplate\":\"ctx.isAccessedAfter(\'expiry_date\');\"},\"uiHint\":\"{ \\\"singleValue\\\":true }\",\"label\":\"Accessed after expiry_date (yes/no)?\",\"description\":\"Accessed after expiry_date? (yes/no)\"},{\"itemId\":2,\"name\":\"expression\",\"evaluator\":\"org.apache.ranger.plugin.conditionevaluator.RangerScriptConditionEvaluator\",\"evaluatorOptions\":{\"engineName\":\"JavaScript\",\"ui.isMultiline\":\"true\"},\"label\":\"Enter boolean expression\",\"description\":\"Boolean expression\"}],\"contextEnrichers\":[{\"itemId\":1,\"name\":\"TagEnricher\",\"enricher\":\"org.apache.ranger.plugin.contextenricher.RangerTagEnricher\",\"enricherOptions\":{\"tagRetrieverClassName\":\"org.apache.ranger.plugin.contextenricher.RangerAdminTagRetriever\",\"tagRefresherPollingInterval\":\"60000\"}}],\"enums\":[],\"dataMaskDef\":{\"maskTypes\":[{\"itemId\":3004,\"name\":\"hive:MASK\",\"label\":\"Redact\",\"description\":\"Replace lowercase with \'x\', uppercase with \'X\', digits with \'0\'\",\"transformer\":\"mask({col})\",\"dataMaskOptions\":{}},{\"itemId\":3005,\"name\":\"hive:MASK_SHOW_LAST_4\",\"label\":\"Partial mask: show last 4\",\"description\":\"Show last 4 characters; replace rest with \'x\'\",\"transformer\":\"mask_show_last_n({col}, 4, \'x\', \'x\', \'x\', -1, \'1\')\",\"dataMaskOptions\":{}},{\"itemId\":3006,\"name\":\"hive:MASK_SHOW_FIRST_4\",\"label\":\"Partial mask: show first 4\",\"description\":\"Show first 4 characters; replace rest with \'x\'\",\"transformer\":\"mask_show_first_n({col}, 4, \'x\', \'x\', \'x\', -1, \'1\')\",\"dataMaskOptions\":{}},{\"itemId\":3007,\"name\":\"hive:MASK_HASH\",\"label\":\"Hash\",\"description\":\"Hash the value\",\"transformer\":\"mask_hash({col})\",\"dataMaskOptions\":{}},{\"itemId\":3008,\"name\":\"hive:MASK_NULL\",\"label\":\"Nullify\",\"description\":\"Replace with NULL\",\"dataMaskOptions\":{}},{\"itemId\":3009,\"name\":\"hive:MASK_NONE\",\"label\":\"Unmasked (retain original value)\",\"description\":\"No masking\",\"dataMaskOptions\":{}},{\"itemId\":3015,\"name\":\"hive:MASK_DATE_SHOW_YEAR\",\"label\":\"Date: show only year\",\"description\":\"Date: show only year\",\"transformer\":\"mask({col}, \'x\', \'x\', \'x\', -1, \'1\', 1, 0, -1)\",\"dataMaskOptions\":{}},{\"itemId\":3016,\"name\":\"hive:CUSTOM\",\"label\":\"Custom\",\"description\":\"Custom\",\"dataMaskOptions\":{}}],\"accessTypes\":[{\"itemId\":3004,\"name\":\"hive:select\",\"label\":\"select\",\"impliedGrants\":[]}],\"resources\":[{\"itemId\":1,\"name\":\"tag\",\"type\":\"string\",\"level\":1,\"mandatory\":true,\"lookupSupported\":true,\"recursiveSupported\":false,\"excludesSupported\":false,\"matcher\":\"org.apache.ranger.plugin.resourcematcher.RangerDefaultResourceMatcher\",\"matcherOptions\":{\"__isValidLeaf\":\"true\",\"wildCard\":\"false\",\"__accessTypeRestrictions\":\"[]\",\"ignoreCase\":\"false\"},\"validationRegEx\":\"\",\"validationMessage\":\"\",\"uiHint\":\"{ \\\"singleValue\\\":true }\",\"label\":\"TAG\",\"description\":\"TAG\",\"accessTypeRestrictions\":[],\"isValidLeaf\":true}]},\"rowFilterDef\":{\"accessTypes\":[],\"resources\":[]}}'),(24,'2022-05-16 13:24:05','2022-05-16 13:24:05','0d047248-baff-4cf9-8e9e-d5d377284b2e',1033,100,'tag',9,'Update','2022-05-16 13:24:05',NULL,'{\"id\":100,\"guid\":\"0d047248-baff-4cf9-8e9e-d5d377284b2e\",\"isEnabled\":true,\"createTime\":1652732642000,\"updateTime\":1652732645299,\"version\":9,\"name\":\"tag\",\"displayName\":\"tag\",\"implClass\":\"org.apache.ranger.services.tag.RangerServiceTag\",\"label\":\"TAG\",\"description\":\"TAG Service Definition\",\"options\":{\"enableDenyAndExceptionsInPolicies\":\"true\",\"ui.pages\":\"tag-based-policies\"},\"configs\":[{\"itemId\":1,\"name\":\"ranger.plugin.audit.filters\",\"type\":\"string\",\"subType\":\"\",\"mandatory\":false,\"defaultValue\":\"[ {\'accessResult\': \'DENIED\', \'isAudited\': true} ]\",\"validationRegEx\":\"\",\"validationMessage\":\"\",\"uiHint\":\"\",\"label\":\"Ranger Default Audit Filters\"}],\"resources\":[{\"itemId\":1,\"name\":\"tag\",\"type\":\"string\",\"level\":1,\"mandatory\":true,\"lookupSupported\":true,\"recursiveSupported\":false,\"excludesSupported\":false,\"matcher\":\"org.apache.ranger.plugin.resourcematcher.RangerDefaultResourceMatcher\",\"matcherOptions\":{\"wildCard\":\"false\",\"ignoreCase\":\"false\"},\"validationRegEx\":\"\",\"validationMessage\":\"\",\"uiHint\":\"{ \\\"singleValue\\\":true }\",\"label\":\"TAG\",\"description\":\"TAG\",\"accessTypeRestrictions\":[],\"isValidLeaf\":true}],\"accessTypes\":[{\"itemId\":104105,\"name\":\"adls:read\",\"label\":\"Read\",\"impliedGrants\":[\"adls:execute\"]},{\"itemId\":104106,\"name\":\"adls:write\",\"label\":\"Write\",\"impliedGrants\":[]},{\"itemId\":104107,\"name\":\"adls:execute\",\"label\":\"Execute\",\"impliedGrants\":[]},{\"itemId\":104108,\"name\":\"adls:delete\",\"label\":\"Delete\",\"impliedGrants\":[]},{\"itemId\":104109,\"name\":\"adls:delete-recursive\",\"label\":\"Delete Recursive\",\"impliedGrants\":[]},{\"itemId\":104110,\"name\":\"adls:list\",\"label\":\"List\",\"impliedGrants\":[]},{\"itemId\":104111,\"name\":\"adls:move\",\"label\":\"Move\",\"impliedGrants\":[]},{\"itemId\":104112,\"name\":\"adls:modify-permissions\",\"label\":\"Modify Permissions\",\"impliedGrants\":[]},{\"itemId\":105106,\"name\":\"kudu:select\",\"label\":\"SELECT\",\"impliedGrants\":[\"kudu:metadata\"]},{\"itemId\":105107,\"name\":\"kudu:insert\",\"label\":\"INSERT\",\"impliedGrants\":[\"kudu:metadata\"]},{\"itemId\":105108,\"name\":\"kudu:update\",\"label\":\"UPDATE\",\"impliedGrants\":[\"kudu:metadata\"]},{\"itemId\":105109,\"name\":\"kudu:delete\",\"label\":\"DELETE\",\"impliedGrants\":[\"kudu:metadata\"]},{\"itemId\":105110,\"name\":\"kudu:alter\",\"label\":\"ALTER\",\"impliedGrants\":[\"kudu:metadata\"]},{\"itemId\":105111,\"name\":\"kudu:create\",\"label\":\"CREATE\",\"impliedGrants\":[\"kudu:metadata\"]},{\"itemId\":105112,\"name\":\"kudu:drop\",\"label\":\"DROP\",\"impliedGrants\":[\"kudu:metadata\"]},{\"itemId\":105113,\"name\":\"kudu:metadata\",\"label\":\"METADATA\",\"impliedGrants\":[]},{\"itemId\":105114,\"name\":\"kudu:all\",\"label\":\"ALL\",\"impliedGrants\":[\"kudu:select\",\"kudu:insert\",\"kudu:update\",\"kudu:delete\",\"kudu:alter\",\"kudu:create\",\"kudu:drop\",\"kudu:metadata\"]},{\"itemId\":1002,\"name\":\"hdfs:read\",\"label\":\"Read\",\"impliedGrants\":[]},{\"itemId\":1003,\"name\":\"hdfs:write\",\"label\":\"Write\",\"impliedGrants\":[]},{\"itemId\":1004,\"name\":\"hdfs:execute\",\"label\":\"Execute\",\"impliedGrants\":[]},{\"itemId\":2003,\"name\":\"hbase:read\",\"label\":\"Read\",\"impliedGrants\":[]},{\"itemId\":2004,\"name\":\"hbase:write\",\"label\":\"Write\",\"impliedGrants\":[]},{\"itemId\":2005,\"name\":\"hbase:create\",\"label\":\"Create\",\"impliedGrants\":[]},{\"itemId\":2006,\"name\":\"hbase:admin\",\"label\":\"Admin\",\"impliedGrants\":[\"hbase:read\",\"hbase:write\",\"hbase:create\"]},{\"itemId\":2007,\"name\":\"hbase:execute\",\"label\":\"Execute\",\"impliedGrants\":[]},{\"itemId\":3004,\"name\":\"hive:select\",\"label\":\"select\",\"impliedGrants\":[]},{\"itemId\":3005,\"name\":\"hive:update\",\"label\":\"update\",\"impliedGrants\":[]},{\"itemId\":3006,\"name\":\"hive:create\",\"label\":\"Create\",\"impliedGrants\":[]},{\"itemId\":3007,\"name\":\"hive:drop\",\"label\":\"Drop\",\"impliedGrants\":[]},{\"itemId\":3008,\"name\":\"hive:alter\",\"label\":\"Alter\",\"impliedGrants\":[]},{\"itemId\":3009,\"name\":\"hive:index\",\"label\":\"Index\",\"impliedGrants\":[]},{\"itemId\":3010,\"name\":\"hive:lock\",\"label\":\"Lock\",\"impliedGrants\":[]},{\"itemId\":3011,\"name\":\"hive:all\",\"label\":\"All\",\"impliedGrants\":[\"hive:select\",\"hive:update\",\"hive:create\",\"hive:drop\",\"hive:alter\",\"hive:index\",\"hive:lock\",\"hive:read\",\"hive:write\",\"hive:repladmin\",\"hive:serviceadmin\",\"hive:refresh\"]},{\"itemId\":3012,\"name\":\"hive:read\",\"label\":\"Read\",\"impliedGrants\":[]},{\"itemId\":3013,\"name\":\"hive:write\",\"label\":\"Write\",\"impliedGrants\":[]},{\"itemId\":3014,\"name\":\"hive:repladmin\",\"label\":\"ReplAdmin\",\"impliedGrants\":[]},{\"itemId\":3015,\"name\":\"hive:serviceadmin\",\"label\":\"Service Admin\",\"impliedGrants\":[]},{\"itemId\":3016,\"name\":\"hive:tempudfadmin\",\"label\":\"Temporary UDF Admin\",\"impliedGrants\":[]},{\"itemId\":3017,\"name\":\"hive:refresh\",\"label\":\"Refresh\",\"impliedGrants\":[]},{\"itemId\":3018,\"name\":\"hive:rwstorage\",\"label\":\"RW Storage\",\"impliedGrants\":[]},{\"itemId\":4005,\"name\":\"yarn:submit-app\",\"label\":\"submit-app\",\"impliedGrants\":[]},{\"itemId\":4006,\"name\":\"yarn:admin-queue\",\"label\":\"admin-queue\",\"impliedGrants\":[\"yarn:submit-app\"]},{\"itemId\":5006,\"name\":\"knox:allow\",\"label\":\"Allow\",\"impliedGrants\":[]},{\"itemId\":7008,\"name\":\"kms:create\",\"label\":\"Create\",\"impliedGrants\":[]},{\"itemId\":7009,\"name\":\"kms:delete\",\"label\":\"Delete\",\"impliedGrants\":[]},{\"itemId\":7010,\"name\":\"kms:rollover\",\"label\":\"Rollover\",\"impliedGrants\":[]},{\"itemId\":7011,\"name\":\"kms:setkeymaterial\",\"label\":\"Set Key Material\",\"impliedGrants\":[]},{\"itemId\":7012,\"name\":\"kms:get\",\"label\":\"Get\",\"impliedGrants\":[]},{\"itemId\":7013,\"name\":\"kms:getkeys\",\"label\":\"Get Keys\",\"impliedGrants\":[]},{\"itemId\":7014,\"name\":\"kms:getmetadata\",\"label\":\"Get Metadata\",\"impliedGrants\":[]},{\"itemId\":7015,\"name\":\"kms:generateeek\",\"label\":\"Generate EEK\",\"impliedGrants\":[]},{\"itemId\":7016,\"name\":\"kms:decrypteek\",\"label\":\"Decrypt EEK\",\"impliedGrants\":[]}],\"policyConditions\":[{\"itemId\":1,\"name\":\"accessed-after-expiry\",\"evaluator\":\"org.apache.ranger.plugin.conditionevaluator.RangerScriptTemplateConditionEvaluator\",\"evaluatorOptions\":{\"scriptTemplate\":\"ctx.isAccessedAfter(\'expiry_date\');\"},\"uiHint\":\"{ \\\"singleValue\\\":true }\",\"label\":\"Accessed after expiry_date (yes/no)?\",\"description\":\"Accessed after expiry_date? (yes/no)\"},{\"itemId\":2,\"name\":\"expression\",\"evaluator\":\"org.apache.ranger.plugin.conditionevaluator.RangerScriptConditionEvaluator\",\"evaluatorOptions\":{\"engineName\":\"JavaScript\",\"ui.isMultiline\":\"true\"},\"label\":\"Enter boolean expression\",\"description\":\"Boolean expression\"}],\"contextEnrichers\":[{\"itemId\":1,\"name\":\"TagEnricher\",\"enricher\":\"org.apache.ranger.plugin.contextenricher.RangerTagEnricher\",\"enricherOptions\":{\"tagRetrieverClassName\":\"org.apache.ranger.plugin.contextenricher.RangerAdminTagRetriever\",\"tagRefresherPollingInterval\":\"60000\"}}],\"enums\":[],\"dataMaskDef\":{\"maskTypes\":[{\"itemId\":3004,\"name\":\"hive:MASK\",\"label\":\"Redact\",\"description\":\"Replace lowercase with \'x\', uppercase with \'X\', digits with \'0\'\",\"transformer\":\"mask({col})\",\"dataMaskOptions\":{}},{\"itemId\":3005,\"name\":\"hive:MASK_SHOW_LAST_4\",\"label\":\"Partial mask: show last 4\",\"description\":\"Show last 4 characters; replace rest with \'x\'\",\"transformer\":\"mask_show_last_n({col}, 4, \'x\', \'x\', \'x\', -1, \'1\')\",\"dataMaskOptions\":{}},{\"itemId\":3006,\"name\":\"hive:MASK_SHOW_FIRST_4\",\"label\":\"Partial mask: show first 4\",\"description\":\"Show first 4 characters; replace rest with \'x\'\",\"transformer\":\"mask_show_first_n({col}, 4, \'x\', \'x\', \'x\', -1, \'1\')\",\"dataMaskOptions\":{}},{\"itemId\":3007,\"name\":\"hive:MASK_HASH\",\"label\":\"Hash\",\"description\":\"Hash the value\",\"transformer\":\"mask_hash({col})\",\"dataMaskOptions\":{}},{\"itemId\":3008,\"name\":\"hive:MASK_NULL\",\"label\":\"Nullify\",\"description\":\"Replace with NULL\",\"dataMaskOptions\":{}},{\"itemId\":3009,\"name\":\"hive:MASK_NONE\",\"label\":\"Unmasked (retain original value)\",\"description\":\"No masking\",\"dataMaskOptions\":{}},{\"itemId\":3015,\"name\":\"hive:MASK_DATE_SHOW_YEAR\",\"label\":\"Date: show only year\",\"description\":\"Date: show only year\",\"transformer\":\"mask({col}, \'x\', \'x\', \'x\', -1, \'1\', 1, 0, -1)\",\"dataMaskOptions\":{}},{\"itemId\":3016,\"name\":\"hive:CUSTOM\",\"label\":\"Custom\",\"description\":\"Custom\",\"dataMaskOptions\":{}}],\"accessTypes\":[{\"itemId\":3004,\"name\":\"hive:select\",\"label\":\"select\",\"impliedGrants\":[]}],\"resources\":[{\"itemId\":1,\"name\":\"tag\",\"type\":\"string\",\"level\":1,\"mandatory\":true,\"lookupSupported\":true,\"recursiveSupported\":false,\"excludesSupported\":false,\"matcher\":\"org.apache.ranger.plugin.resourcematcher.RangerDefaultResourceMatcher\",\"matcherOptions\":{\"__isValidLeaf\":\"true\",\"wildCard\":\"false\",\"__accessTypeRestrictions\":\"[]\",\"ignoreCase\":\"false\"},\"validationRegEx\":\"\",\"validationMessage\":\"\",\"uiHint\":\"{ \\\"singleValue\\\":true }\",\"label\":\"TAG\",\"description\":\"TAG\",\"accessTypeRestrictions\":[],\"isValidLeaf\":true}]},\"rowFilterDef\":{\"accessTypes\":[],\"resources\":[]}}'),(25,'2022-05-16 13:24:06','2022-05-16 13:24:06','0d047248-baff-4cf9-8e9e-d5d377284b2e',1033,100,'tag',10,'Update','2022-05-16 13:24:06',NULL,'{\"id\":100,\"guid\":\"0d047248-baff-4cf9-8e9e-d5d377284b2e\",\"isEnabled\":true,\"createTime\":1652732642000,\"updateTime\":1652732645655,\"version\":10,\"name\":\"tag\",\"displayName\":\"tag\",\"implClass\":\"org.apache.ranger.services.tag.RangerServiceTag\",\"label\":\"TAG\",\"description\":\"TAG Service Definition\",\"options\":{\"enableDenyAndExceptionsInPolicies\":\"true\",\"ui.pages\":\"tag-based-policies\"},\"configs\":[{\"itemId\":1,\"name\":\"ranger.plugin.audit.filters\",\"type\":\"string\",\"subType\":\"\",\"mandatory\":false,\"defaultValue\":\"[ {\'accessResult\': \'DENIED\', \'isAudited\': true} ]\",\"validationRegEx\":\"\",\"validationMessage\":\"\",\"uiHint\":\"\",\"label\":\"Ranger Default Audit Filters\"}],\"resources\":[{\"itemId\":1,\"name\":\"tag\",\"type\":\"string\",\"level\":1,\"mandatory\":true,\"lookupSupported\":true,\"recursiveSupported\":false,\"excludesSupported\":false,\"matcher\":\"org.apache.ranger.plugin.resourcematcher.RangerDefaultResourceMatcher\",\"matcherOptions\":{\"wildCard\":\"false\",\"ignoreCase\":\"false\"},\"validationRegEx\":\"\",\"validationMessage\":\"\",\"uiHint\":\"{ \\\"singleValue\\\":true }\",\"label\":\"TAG\",\"description\":\"TAG\",\"accessTypeRestrictions\":[],\"isValidLeaf\":true}],\"accessTypes\":[{\"itemId\":104105,\"name\":\"adls:read\",\"label\":\"Read\",\"impliedGrants\":[\"adls:execute\"]},{\"itemId\":104106,\"name\":\"adls:write\",\"label\":\"Write\",\"impliedGrants\":[]},{\"itemId\":104107,\"name\":\"adls:execute\",\"label\":\"Execute\",\"impliedGrants\":[]},{\"itemId\":104108,\"name\":\"adls:delete\",\"label\":\"Delete\",\"impliedGrants\":[]},{\"itemId\":104109,\"name\":\"adls:delete-recursive\",\"label\":\"Delete Recursive\",\"impliedGrants\":[]},{\"itemId\":104110,\"name\":\"adls:list\",\"label\":\"List\",\"impliedGrants\":[]},{\"itemId\":104111,\"name\":\"adls:move\",\"label\":\"Move\",\"impliedGrants\":[]},{\"itemId\":104112,\"name\":\"adls:modify-permissions\",\"label\":\"Modify Permissions\",\"impliedGrants\":[]},{\"itemId\":105106,\"name\":\"kudu:select\",\"label\":\"SELECT\",\"impliedGrants\":[\"kudu:metadata\"]},{\"itemId\":105107,\"name\":\"kudu:insert\",\"label\":\"INSERT\",\"impliedGrants\":[\"kudu:metadata\"]},{\"itemId\":105108,\"name\":\"kudu:update\",\"label\":\"UPDATE\",\"impliedGrants\":[\"kudu:metadata\"]},{\"itemId\":105109,\"name\":\"kudu:delete\",\"label\":\"DELETE\",\"impliedGrants\":[\"kudu:metadata\"]},{\"itemId\":105110,\"name\":\"kudu:alter\",\"label\":\"ALTER\",\"impliedGrants\":[\"kudu:metadata\"]},{\"itemId\":105111,\"name\":\"kudu:create\",\"label\":\"CREATE\",\"impliedGrants\":[\"kudu:metadata\"]},{\"itemId\":105112,\"name\":\"kudu:drop\",\"label\":\"DROP\",\"impliedGrants\":[\"kudu:metadata\"]},{\"itemId\":105113,\"name\":\"kudu:metadata\",\"label\":\"METADATA\",\"impliedGrants\":[]},{\"itemId\":105114,\"name\":\"kudu:all\",\"label\":\"ALL\",\"impliedGrants\":[\"kudu:select\",\"kudu:insert\",\"kudu:update\",\"kudu:delete\",\"kudu:alter\",\"kudu:create\",\"kudu:drop\",\"kudu:metadata\"]},{\"itemId\":1002,\"name\":\"hdfs:read\",\"label\":\"Read\",\"impliedGrants\":[]},{\"itemId\":1003,\"name\":\"hdfs:write\",\"label\":\"Write\",\"impliedGrants\":[]},{\"itemId\":1004,\"name\":\"hdfs:execute\",\"label\":\"Execute\",\"impliedGrants\":[]},{\"itemId\":2003,\"name\":\"hbase:read\",\"label\":\"Read\",\"impliedGrants\":[]},{\"itemId\":2004,\"name\":\"hbase:write\",\"label\":\"Write\",\"impliedGrants\":[]},{\"itemId\":2005,\"name\":\"hbase:create\",\"label\":\"Create\",\"impliedGrants\":[]},{\"itemId\":2006,\"name\":\"hbase:admin\",\"label\":\"Admin\",\"impliedGrants\":[\"hbase:read\",\"hbase:write\",\"hbase:create\"]},{\"itemId\":2007,\"name\":\"hbase:execute\",\"label\":\"Execute\",\"impliedGrants\":[]},{\"itemId\":3004,\"name\":\"hive:select\",\"label\":\"select\",\"impliedGrants\":[]},{\"itemId\":3005,\"name\":\"hive:update\",\"label\":\"update\",\"impliedGrants\":[]},{\"itemId\":3006,\"name\":\"hive:create\",\"label\":\"Create\",\"impliedGrants\":[]},{\"itemId\":3007,\"name\":\"hive:drop\",\"label\":\"Drop\",\"impliedGrants\":[]},{\"itemId\":3008,\"name\":\"hive:alter\",\"label\":\"Alter\",\"impliedGrants\":[]},{\"itemId\":3009,\"name\":\"hive:index\",\"label\":\"Index\",\"impliedGrants\":[]},{\"itemId\":3010,\"name\":\"hive:lock\",\"label\":\"Lock\",\"impliedGrants\":[]},{\"itemId\":3011,\"name\":\"hive:all\",\"label\":\"All\",\"impliedGrants\":[\"hive:select\",\"hive:update\",\"hive:create\",\"hive:drop\",\"hive:alter\",\"hive:index\",\"hive:lock\",\"hive:read\",\"hive:write\",\"hive:repladmin\",\"hive:serviceadmin\",\"hive:refresh\"]},{\"itemId\":3012,\"name\":\"hive:read\",\"label\":\"Read\",\"impliedGrants\":[]},{\"itemId\":3013,\"name\":\"hive:write\",\"label\":\"Write\",\"impliedGrants\":[]},{\"itemId\":3014,\"name\":\"hive:repladmin\",\"label\":\"ReplAdmin\",\"impliedGrants\":[]},{\"itemId\":3015,\"name\":\"hive:serviceadmin\",\"label\":\"Service Admin\",\"impliedGrants\":[]},{\"itemId\":3016,\"name\":\"hive:tempudfadmin\",\"label\":\"Temporary UDF Admin\",\"impliedGrants\":[]},{\"itemId\":3017,\"name\":\"hive:refresh\",\"label\":\"Refresh\",\"impliedGrants\":[]},{\"itemId\":3018,\"name\":\"hive:rwstorage\",\"label\":\"RW Storage\",\"impliedGrants\":[]},{\"itemId\":4005,\"name\":\"yarn:submit-app\",\"label\":\"submit-app\",\"impliedGrants\":[]},{\"itemId\":4006,\"name\":\"yarn:admin-queue\",\"label\":\"admin-queue\",\"impliedGrants\":[\"yarn:submit-app\"]},{\"itemId\":5006,\"name\":\"knox:allow\",\"label\":\"Allow\",\"impliedGrants\":[]},{\"itemId\":7008,\"name\":\"kms:create\",\"label\":\"Create\",\"impliedGrants\":[]},{\"itemId\":7009,\"name\":\"kms:delete\",\"label\":\"Delete\",\"impliedGrants\":[]},{\"itemId\":7010,\"name\":\"kms:rollover\",\"label\":\"Rollover\",\"impliedGrants\":[]},{\"itemId\":7011,\"name\":\"kms:setkeymaterial\",\"label\":\"Set Key Material\",\"impliedGrants\":[]},{\"itemId\":7012,\"name\":\"kms:get\",\"label\":\"Get\",\"impliedGrants\":[]},{\"itemId\":7013,\"name\":\"kms:getkeys\",\"label\":\"Get Keys\",\"impliedGrants\":[]},{\"itemId\":7014,\"name\":\"kms:getmetadata\",\"label\":\"Get Metadata\",\"impliedGrants\":[]},{\"itemId\":7015,\"name\":\"kms:generateeek\",\"label\":\"Generate EEK\",\"impliedGrants\":[]},{\"itemId\":7016,\"name\":\"kms:decrypteek\",\"label\":\"Decrypt EEK\",\"impliedGrants\":[]},{\"itemId\":8108,\"name\":\"solr:query\",\"label\":\"Query\",\"impliedGrants\":[]},{\"itemId\":8208,\"name\":\"solr:update\",\"label\":\"Update\",\"impliedGrants\":[]},{\"itemId\":8308,\"name\":\"solr:others\",\"label\":\"Others\",\"impliedGrants\":[]},{\"itemId\":8908,\"name\":\"solr:solr_admin\",\"label\":\"Solr Admin\",\"impliedGrants\":[\"solr:query\",\"solr:update\",\"solr:others\"]}],\"policyConditions\":[{\"itemId\":1,\"name\":\"accessed-after-expiry\",\"evaluator\":\"org.apache.ranger.plugin.conditionevaluator.RangerScriptTemplateConditionEvaluator\",\"evaluatorOptions\":{\"scriptTemplate\":\"ctx.isAccessedAfter(\'expiry_date\');\"},\"uiHint\":\"{ \\\"singleValue\\\":true }\",\"label\":\"Accessed after expiry_date (yes/no)?\",\"description\":\"Accessed after expiry_date? (yes/no)\"},{\"itemId\":2,\"name\":\"expression\",\"evaluator\":\"org.apache.ranger.plugin.conditionevaluator.RangerScriptConditionEvaluator\",\"evaluatorOptions\":{\"engineName\":\"JavaScript\",\"ui.isMultiline\":\"true\"},\"label\":\"Enter boolean expression\",\"description\":\"Boolean expression\"}],\"contextEnrichers\":[{\"itemId\":1,\"name\":\"TagEnricher\",\"enricher\":\"org.apache.ranger.plugin.contextenricher.RangerTagEnricher\",\"enricherOptions\":{\"tagRetrieverClassName\":\"org.apache.ranger.plugin.contextenricher.RangerAdminTagRetriever\",\"tagRefresherPollingInterval\":\"60000\"}}],\"enums\":[],\"dataMaskDef\":{\"maskTypes\":[{\"itemId\":3004,\"name\":\"hive:MASK\",\"label\":\"Redact\",\"description\":\"Replace lowercase with \'x\', uppercase with \'X\', digits with \'0\'\",\"transformer\":\"mask({col})\",\"dataMaskOptions\":{}},{\"itemId\":3005,\"name\":\"hive:MASK_SHOW_LAST_4\",\"label\":\"Partial mask: show last 4\",\"description\":\"Show last 4 characters; replace rest with \'x\'\",\"transformer\":\"mask_show_last_n({col}, 4, \'x\', \'x\', \'x\', -1, \'1\')\",\"dataMaskOptions\":{}},{\"itemId\":3006,\"name\":\"hive:MASK_SHOW_FIRST_4\",\"label\":\"Partial mask: show first 4\",\"description\":\"Show first 4 characters; replace rest with \'x\'\",\"transformer\":\"mask_show_first_n({col}, 4, \'x\', \'x\', \'x\', -1, \'1\')\",\"dataMaskOptions\":{}},{\"itemId\":3007,\"name\":\"hive:MASK_HASH\",\"label\":\"Hash\",\"description\":\"Hash the value\",\"transformer\":\"mask_hash({col})\",\"dataMaskOptions\":{}},{\"itemId\":3008,\"name\":\"hive:MASK_NULL\",\"label\":\"Nullify\",\"description\":\"Replace with NULL\",\"dataMaskOptions\":{}},{\"itemId\":3009,\"name\":\"hive:MASK_NONE\",\"label\":\"Unmasked (retain original value)\",\"description\":\"No masking\",\"dataMaskOptions\":{}},{\"itemId\":3015,\"name\":\"hive:MASK_DATE_SHOW_YEAR\",\"label\":\"Date: show only year\",\"description\":\"Date: show only year\",\"transformer\":\"mask({col}, \'x\', \'x\', \'x\', -1, \'1\', 1, 0, -1)\",\"dataMaskOptions\":{}},{\"itemId\":3016,\"name\":\"hive:CUSTOM\",\"label\":\"Custom\",\"description\":\"Custom\",\"dataMaskOptions\":{}}],\"accessTypes\":[{\"itemId\":3004,\"name\":\"hive:select\",\"label\":\"select\",\"impliedGrants\":[]}],\"resources\":[{\"itemId\":1,\"name\":\"tag\",\"type\":\"string\",\"level\":1,\"mandatory\":true,\"lookupSupported\":true,\"recursiveSupported\":false,\"excludesSupported\":false,\"matcher\":\"org.apache.ranger.plugin.resourcematcher.RangerDefaultResourceMatcher\",\"matcherOptions\":{\"__isValidLeaf\":\"true\",\"wildCard\":\"false\",\"__accessTypeRestrictions\":\"[]\",\"ignoreCase\":\"false\"},\"validationRegEx\":\"\",\"validationMessage\":\"\",\"uiHint\":\"{ \\\"singleValue\\\":true }\",\"label\":\"TAG\",\"description\":\"TAG\",\"accessTypeRestrictions\":[],\"isValidLeaf\":true}]},\"rowFilterDef\":{\"accessTypes\":[],\"resources\":[]}}'),(26,'2022-05-16 13:24:06','2022-05-16 13:24:06','0d047248-baff-4cf9-8e9e-d5d377284b2e',1033,100,'tag',11,'Update','2022-05-16 13:24:06',NULL,'{\"id\":100,\"guid\":\"0d047248-baff-4cf9-8e9e-d5d377284b2e\",\"isEnabled\":true,\"createTime\":1652732642000,\"updateTime\":1652732646067,\"version\":11,\"name\":\"tag\",\"displayName\":\"tag\",\"implClass\":\"org.apache.ranger.services.tag.RangerServiceTag\",\"label\":\"TAG\",\"description\":\"TAG Service Definition\",\"options\":{\"enableDenyAndExceptionsInPolicies\":\"true\",\"ui.pages\":\"tag-based-policies\"},\"configs\":[{\"itemId\":1,\"name\":\"ranger.plugin.audit.filters\",\"type\":\"string\",\"subType\":\"\",\"mandatory\":false,\"defaultValue\":\"[ {\'accessResult\': \'DENIED\', \'isAudited\': true} ]\",\"validationRegEx\":\"\",\"validationMessage\":\"\",\"uiHint\":\"\",\"label\":\"Ranger Default Audit Filters\"}],\"resources\":[{\"itemId\":1,\"name\":\"tag\",\"type\":\"string\",\"level\":1,\"mandatory\":true,\"lookupSupported\":true,\"recursiveSupported\":false,\"excludesSupported\":false,\"matcher\":\"org.apache.ranger.plugin.resourcematcher.RangerDefaultResourceMatcher\",\"matcherOptions\":{\"wildCard\":\"false\",\"ignoreCase\":\"false\"},\"validationRegEx\":\"\",\"validationMessage\":\"\",\"uiHint\":\"{ \\\"singleValue\\\":true }\",\"label\":\"TAG\",\"description\":\"TAG\",\"accessTypeRestrictions\":[],\"isValidLeaf\":true}],\"accessTypes\":[{\"itemId\":104105,\"name\":\"adls:read\",\"label\":\"Read\",\"impliedGrants\":[\"adls:execute\"]},{\"itemId\":104106,\"name\":\"adls:write\",\"label\":\"Write\",\"impliedGrants\":[]},{\"itemId\":104107,\"name\":\"adls:execute\",\"label\":\"Execute\",\"impliedGrants\":[]},{\"itemId\":104108,\"name\":\"adls:delete\",\"label\":\"Delete\",\"impliedGrants\":[]},{\"itemId\":104109,\"name\":\"adls:delete-recursive\",\"label\":\"Delete Recursive\",\"impliedGrants\":[]},{\"itemId\":104110,\"name\":\"adls:list\",\"label\":\"List\",\"impliedGrants\":[]},{\"itemId\":104111,\"name\":\"adls:move\",\"label\":\"Move\",\"impliedGrants\":[]},{\"itemId\":104112,\"name\":\"adls:modify-permissions\",\"label\":\"Modify Permissions\",\"impliedGrants\":[]},{\"itemId\":105106,\"name\":\"kudu:select\",\"label\":\"SELECT\",\"impliedGrants\":[\"kudu:metadata\"]},{\"itemId\":105107,\"name\":\"kudu:insert\",\"label\":\"INSERT\",\"impliedGrants\":[\"kudu:metadata\"]},{\"itemId\":105108,\"name\":\"kudu:update\",\"label\":\"UPDATE\",\"impliedGrants\":[\"kudu:metadata\"]},{\"itemId\":105109,\"name\":\"kudu:delete\",\"label\":\"DELETE\",\"impliedGrants\":[\"kudu:metadata\"]},{\"itemId\":105110,\"name\":\"kudu:alter\",\"label\":\"ALTER\",\"impliedGrants\":[\"kudu:metadata\"]},{\"itemId\":105111,\"name\":\"kudu:create\",\"label\":\"CREATE\",\"impliedGrants\":[\"kudu:metadata\"]},{\"itemId\":105112,\"name\":\"kudu:drop\",\"label\":\"DROP\",\"impliedGrants\":[\"kudu:metadata\"]},{\"itemId\":105113,\"name\":\"kudu:metadata\",\"label\":\"METADATA\",\"impliedGrants\":[]},{\"itemId\":105114,\"name\":\"kudu:all\",\"label\":\"ALL\",\"impliedGrants\":[\"kudu:select\",\"kudu:insert\",\"kudu:update\",\"kudu:delete\",\"kudu:alter\",\"kudu:create\",\"kudu:drop\",\"kudu:metadata\"]},{\"itemId\":1002,\"name\":\"hdfs:read\",\"label\":\"Read\",\"impliedGrants\":[]},{\"itemId\":1003,\"name\":\"hdfs:write\",\"label\":\"Write\",\"impliedGrants\":[]},{\"itemId\":1004,\"name\":\"hdfs:execute\",\"label\":\"Execute\",\"impliedGrants\":[]},{\"itemId\":2003,\"name\":\"hbase:read\",\"label\":\"Read\",\"impliedGrants\":[]},{\"itemId\":2004,\"name\":\"hbase:write\",\"label\":\"Write\",\"impliedGrants\":[]},{\"itemId\":2005,\"name\":\"hbase:create\",\"label\":\"Create\",\"impliedGrants\":[]},{\"itemId\":2006,\"name\":\"hbase:admin\",\"label\":\"Admin\",\"impliedGrants\":[\"hbase:read\",\"hbase:write\",\"hbase:create\"]},{\"itemId\":2007,\"name\":\"hbase:execute\",\"label\":\"Execute\",\"impliedGrants\":[]},{\"itemId\":3004,\"name\":\"hive:select\",\"label\":\"select\",\"impliedGrants\":[]},{\"itemId\":3005,\"name\":\"hive:update\",\"label\":\"update\",\"impliedGrants\":[]},{\"itemId\":3006,\"name\":\"hive:create\",\"label\":\"Create\",\"impliedGrants\":[]},{\"itemId\":3007,\"name\":\"hive:drop\",\"label\":\"Drop\",\"impliedGrants\":[]},{\"itemId\":3008,\"name\":\"hive:alter\",\"label\":\"Alter\",\"impliedGrants\":[]},{\"itemId\":3009,\"name\":\"hive:index\",\"label\":\"Index\",\"impliedGrants\":[]},{\"itemId\":3010,\"name\":\"hive:lock\",\"label\":\"Lock\",\"impliedGrants\":[]},{\"itemId\":3011,\"name\":\"hive:all\",\"label\":\"All\",\"impliedGrants\":[\"hive:select\",\"hive:update\",\"hive:create\",\"hive:drop\",\"hive:alter\",\"hive:index\",\"hive:lock\",\"hive:read\",\"hive:write\",\"hive:repladmin\",\"hive:serviceadmin\",\"hive:refresh\"]},{\"itemId\":3012,\"name\":\"hive:read\",\"label\":\"Read\",\"impliedGrants\":[]},{\"itemId\":3013,\"name\":\"hive:write\",\"label\":\"Write\",\"impliedGrants\":[]},{\"itemId\":3014,\"name\":\"hive:repladmin\",\"label\":\"ReplAdmin\",\"impliedGrants\":[]},{\"itemId\":3015,\"name\":\"hive:serviceadmin\",\"label\":\"Service Admin\",\"impliedGrants\":[]},{\"itemId\":3016,\"name\":\"hive:tempudfadmin\",\"label\":\"Temporary UDF Admin\",\"impliedGrants\":[]},{\"itemId\":3017,\"name\":\"hive:refresh\",\"label\":\"Refresh\",\"impliedGrants\":[]},{\"itemId\":3018,\"name\":\"hive:rwstorage\",\"label\":\"RW Storage\",\"impliedGrants\":[]},{\"itemId\":4005,\"name\":\"yarn:submit-app\",\"label\":\"submit-app\",\"impliedGrants\":[]},{\"itemId\":4006,\"name\":\"yarn:admin-queue\",\"label\":\"admin-queue\",\"impliedGrants\":[\"yarn:submit-app\"]},{\"itemId\":5006,\"name\":\"knox:allow\",\"label\":\"Allow\",\"impliedGrants\":[]},{\"itemId\":7008,\"name\":\"kms:create\",\"label\":\"Create\",\"impliedGrants\":[]},{\"itemId\":7009,\"name\":\"kms:delete\",\"label\":\"Delete\",\"impliedGrants\":[]},{\"itemId\":7010,\"name\":\"kms:rollover\",\"label\":\"Rollover\",\"impliedGrants\":[]},{\"itemId\":7011,\"name\":\"kms:setkeymaterial\",\"label\":\"Set Key Material\",\"impliedGrants\":[]},{\"itemId\":7012,\"name\":\"kms:get\",\"label\":\"Get\",\"impliedGrants\":[]},{\"itemId\":7013,\"name\":\"kms:getkeys\",\"label\":\"Get Keys\",\"impliedGrants\":[]},{\"itemId\":7014,\"name\":\"kms:getmetadata\",\"label\":\"Get Metadata\",\"impliedGrants\":[]},{\"itemId\":7015,\"name\":\"kms:generateeek\",\"label\":\"Generate EEK\",\"impliedGrants\":[]},{\"itemId\":7016,\"name\":\"kms:decrypteek\",\"label\":\"Decrypt EEK\",\"impliedGrants\":[]},{\"itemId\":8108,\"name\":\"solr:query\",\"label\":\"Query\",\"impliedGrants\":[]},{\"itemId\":8208,\"name\":\"solr:update\",\"label\":\"Update\",\"impliedGrants\":[]},{\"itemId\":8308,\"name\":\"solr:others\",\"label\":\"Others\",\"impliedGrants\":[]},{\"itemId\":8908,\"name\":\"solr:solr_admin\",\"label\":\"Solr Admin\",\"impliedGrants\":[\"solr:query\",\"solr:update\",\"solr:others\"]},{\"itemId\":9010,\"name\":\"kafka:publish\",\"label\":\"Publish\",\"impliedGrants\":[\"kafka:describe\"]},{\"itemId\":9011,\"name\":\"kafka:consume\",\"label\":\"Consume\",\"impliedGrants\":[\"kafka:describe\"]},{\"itemId\":9014,\"name\":\"kafka:configure\",\"label\":\"Configure\",\"impliedGrants\":[\"kafka:describe\"]},{\"itemId\":9015,\"name\":\"kafka:describe\",\"label\":\"Describe\",\"impliedGrants\":[]},{\"itemId\":9016,\"name\":\"kafka:kafka_admin\",\"label\":\"Kafka Admin\",\"impliedGrants\":[\"kafka:publish\",\"kafka:consume\",\"kafka:configure\",\"kafka:describe\",\"kafka:create\",\"kafka:delete\",\"kafka:describe_configs\",\"kafka:alter_configs\",\"kafka:alter\",\"kafka:idempotent_write\",\"kafka:cluster_action\"]},{\"itemId\":9017,\"name\":\"kafka:create\",\"label\":\"Create\",\"impliedGrants\":[]},{\"itemId\":9018,\"name\":\"kafka:delete\",\"label\":\"Delete\",\"impliedGrants\":[\"kafka:describe\"]},{\"itemId\":9019,\"name\":\"kafka:idempotent_write\",\"label\":\"Idempotent Write\",\"impliedGrants\":[]},{\"itemId\":9020,\"name\":\"kafka:describe_configs\",\"label\":\"Describe Configs\",\"impliedGrants\":[]},{\"itemId\":9021,\"name\":\"kafka:alter_configs\",\"label\":\"Alter Configs\",\"impliedGrants\":[\"kafka:describe_configs\"]},{\"itemId\":9022,\"name\":\"kafka:cluster_action\",\"label\":\"Cluster Action\",\"impliedGrants\":[]},{\"itemId\":9023,\"name\":\"kafka:alter\",\"label\":\"Alter\",\"impliedGrants\":[]}],\"policyConditions\":[{\"itemId\":1,\"name\":\"accessed-after-expiry\",\"evaluator\":\"org.apache.ranger.plugin.conditionevaluator.RangerScriptTemplateConditionEvaluator\",\"evaluatorOptions\":{\"scriptTemplate\":\"ctx.isAccessedAfter(\'expiry_date\');\"},\"uiHint\":\"{ \\\"singleValue\\\":true }\",\"label\":\"Accessed after expiry_date (yes/no)?\",\"description\":\"Accessed after expiry_date? (yes/no)\"},{\"itemId\":2,\"name\":\"expression\",\"evaluator\":\"org.apache.ranger.plugin.conditionevaluator.RangerScriptConditionEvaluator\",\"evaluatorOptions\":{\"engineName\":\"JavaScript\",\"ui.isMultiline\":\"true\"},\"label\":\"Enter boolean expression\",\"description\":\"Boolean expression\"}],\"contextEnrichers\":[{\"itemId\":1,\"name\":\"TagEnricher\",\"enricher\":\"org.apache.ranger.plugin.contextenricher.RangerTagEnricher\",\"enricherOptions\":{\"tagRetrieverClassName\":\"org.apache.ranger.plugin.contextenricher.RangerAdminTagRetriever\",\"tagRefresherPollingInterval\":\"60000\"}}],\"enums\":[],\"dataMaskDef\":{\"maskTypes\":[{\"itemId\":3004,\"name\":\"hive:MASK\",\"label\":\"Redact\",\"description\":\"Replace lowercase with \'x\', uppercase with \'X\', digits with \'0\'\",\"transformer\":\"mask({col})\",\"dataMaskOptions\":{}},{\"itemId\":3005,\"name\":\"hive:MASK_SHOW_LAST_4\",\"label\":\"Partial mask: show last 4\",\"description\":\"Show last 4 characters; replace rest with \'x\'\",\"transformer\":\"mask_show_last_n({col}, 4, \'x\', \'x\', \'x\', -1, \'1\')\",\"dataMaskOptions\":{}},{\"itemId\":3006,\"name\":\"hive:MASK_SHOW_FIRST_4\",\"label\":\"Partial mask: show first 4\",\"description\":\"Show first 4 characters; replace rest with \'x\'\",\"transformer\":\"mask_show_first_n({col}, 4, \'x\', \'x\', \'x\', -1, \'1\')\",\"dataMaskOptions\":{}},{\"itemId\":3007,\"name\":\"hive:MASK_HASH\",\"label\":\"Hash\",\"description\":\"Hash the value\",\"transformer\":\"mask_hash({col})\",\"dataMaskOptions\":{}},{\"itemId\":3008,\"name\":\"hive:MASK_NULL\",\"label\":\"Nullify\",\"description\":\"Replace with NULL\",\"dataMaskOptions\":{}},{\"itemId\":3009,\"name\":\"hive:MASK_NONE\",\"label\":\"Unmasked (retain original value)\",\"description\":\"No masking\",\"dataMaskOptions\":{}},{\"itemId\":3015,\"name\":\"hive:MASK_DATE_SHOW_YEAR\",\"label\":\"Date: show only year\",\"description\":\"Date: show only year\",\"transformer\":\"mask({col}, \'x\', \'x\', \'x\', -1, \'1\', 1, 0, -1)\",\"dataMaskOptions\":{}},{\"itemId\":3016,\"name\":\"hive:CUSTOM\",\"label\":\"Custom\",\"description\":\"Custom\",\"dataMaskOptions\":{}}],\"accessTypes\":[{\"itemId\":3004,\"name\":\"hive:select\",\"label\":\"select\",\"impliedGrants\":[]}],\"resources\":[{\"itemId\":1,\"name\":\"tag\",\"type\":\"string\",\"level\":1,\"mandatory\":true,\"lookupSupported\":true,\"recursiveSupported\":false,\"excludesSupported\":false,\"matcher\":\"org.apache.ranger.plugin.resourcematcher.RangerDefaultResourceMatcher\",\"matcherOptions\":{\"__isValidLeaf\":\"true\",\"wildCard\":\"false\",\"__accessTypeRestrictions\":\"[]\",\"ignoreCase\":\"false\"},\"validationRegEx\":\"\",\"validationMessage\":\"\",\"uiHint\":\"{ \\\"singleValue\\\":true }\",\"label\":\"TAG\",\"description\":\"TAG\",\"accessTypeRestrictions\":[],\"isValidLeaf\":true}]},\"rowFilterDef\":{\"accessTypes\":[],\"resources\":[]}}'),(27,'2022-05-16 13:24:06','2022-05-16 13:24:06','0d047248-baff-4cf9-8e9e-d5d377284b2e',1033,100,'tag',12,'Update','2022-05-16 13:24:06',NULL,'{\"id\":100,\"guid\":\"0d047248-baff-4cf9-8e9e-d5d377284b2e\",\"isEnabled\":true,\"createTime\":1652732642000,\"updateTime\":1652732646600,\"version\":12,\"name\":\"tag\",\"displayName\":\"tag\",\"implClass\":\"org.apache.ranger.services.tag.RangerServiceTag\",\"label\":\"TAG\",\"description\":\"TAG Service Definition\",\"options\":{\"enableDenyAndExceptionsInPolicies\":\"true\",\"ui.pages\":\"tag-based-policies\"},\"configs\":[{\"itemId\":1,\"name\":\"ranger.plugin.audit.filters\",\"type\":\"string\",\"subType\":\"\",\"mandatory\":false,\"defaultValue\":\"[ {\'accessResult\': \'DENIED\', \'isAudited\': true} ]\",\"validationRegEx\":\"\",\"validationMessage\":\"\",\"uiHint\":\"\",\"label\":\"Ranger Default Audit Filters\"}],\"resources\":[{\"itemId\":1,\"name\":\"tag\",\"type\":\"string\",\"level\":1,\"mandatory\":true,\"lookupSupported\":true,\"recursiveSupported\":false,\"excludesSupported\":false,\"matcher\":\"org.apache.ranger.plugin.resourcematcher.RangerDefaultResourceMatcher\",\"matcherOptions\":{\"wildCard\":\"false\",\"ignoreCase\":\"false\"},\"validationRegEx\":\"\",\"validationMessage\":\"\",\"uiHint\":\"{ \\\"singleValue\\\":true }\",\"label\":\"TAG\",\"description\":\"TAG\",\"accessTypeRestrictions\":[],\"isValidLeaf\":true}],\"accessTypes\":[{\"itemId\":104105,\"name\":\"adls:read\",\"label\":\"Read\",\"impliedGrants\":[\"adls:execute\"]},{\"itemId\":104106,\"name\":\"adls:write\",\"label\":\"Write\",\"impliedGrants\":[]},{\"itemId\":104107,\"name\":\"adls:execute\",\"label\":\"Execute\",\"impliedGrants\":[]},{\"itemId\":104108,\"name\":\"adls:delete\",\"label\":\"Delete\",\"impliedGrants\":[]},{\"itemId\":104109,\"name\":\"adls:delete-recursive\",\"label\":\"Delete Recursive\",\"impliedGrants\":[]},{\"itemId\":104110,\"name\":\"adls:list\",\"label\":\"List\",\"impliedGrants\":[]},{\"itemId\":104111,\"name\":\"adls:move\",\"label\":\"Move\",\"impliedGrants\":[]},{\"itemId\":104112,\"name\":\"adls:modify-permissions\",\"label\":\"Modify Permissions\",\"impliedGrants\":[]},{\"itemId\":105106,\"name\":\"kudu:select\",\"label\":\"SELECT\",\"impliedGrants\":[\"kudu:metadata\"]},{\"itemId\":105107,\"name\":\"kudu:insert\",\"label\":\"INSERT\",\"impliedGrants\":[\"kudu:metadata\"]},{\"itemId\":105108,\"name\":\"kudu:update\",\"label\":\"UPDATE\",\"impliedGrants\":[\"kudu:metadata\"]},{\"itemId\":105109,\"name\":\"kudu:delete\",\"label\":\"DELETE\",\"impliedGrants\":[\"kudu:metadata\"]},{\"itemId\":105110,\"name\":\"kudu:alter\",\"label\":\"ALTER\",\"impliedGrants\":[\"kudu:metadata\"]},{\"itemId\":105111,\"name\":\"kudu:create\",\"label\":\"CREATE\",\"impliedGrants\":[\"kudu:metadata\"]},{\"itemId\":105112,\"name\":\"kudu:drop\",\"label\":\"DROP\",\"impliedGrants\":[\"kudu:metadata\"]},{\"itemId\":105113,\"name\":\"kudu:metadata\",\"label\":\"METADATA\",\"impliedGrants\":[]},{\"itemId\":105114,\"name\":\"kudu:all\",\"label\":\"ALL\",\"impliedGrants\":[\"kudu:select\",\"kudu:insert\",\"kudu:update\",\"kudu:delete\",\"kudu:alter\",\"kudu:create\",\"kudu:drop\",\"kudu:metadata\"]},{\"itemId\":1002,\"name\":\"hdfs:read\",\"label\":\"Read\",\"impliedGrants\":[]},{\"itemId\":1003,\"name\":\"hdfs:write\",\"label\":\"Write\",\"impliedGrants\":[]},{\"itemId\":1004,\"name\":\"hdfs:execute\",\"label\":\"Execute\",\"impliedGrants\":[]},{\"itemId\":2003,\"name\":\"hbase:read\",\"label\":\"Read\",\"impliedGrants\":[]},{\"itemId\":2004,\"name\":\"hbase:write\",\"label\":\"Write\",\"impliedGrants\":[]},{\"itemId\":2005,\"name\":\"hbase:create\",\"label\":\"Create\",\"impliedGrants\":[]},{\"itemId\":2006,\"name\":\"hbase:admin\",\"label\":\"Admin\",\"impliedGrants\":[\"hbase:read\",\"hbase:write\",\"hbase:create\"]},{\"itemId\":2007,\"name\":\"hbase:execute\",\"label\":\"Execute\",\"impliedGrants\":[]},{\"itemId\":3004,\"name\":\"hive:select\",\"label\":\"select\",\"impliedGrants\":[]},{\"itemId\":3005,\"name\":\"hive:update\",\"label\":\"update\",\"impliedGrants\":[]},{\"itemId\":3006,\"name\":\"hive:create\",\"label\":\"Create\",\"impliedGrants\":[]},{\"itemId\":3007,\"name\":\"hive:drop\",\"label\":\"Drop\",\"impliedGrants\":[]},{\"itemId\":3008,\"name\":\"hive:alter\",\"label\":\"Alter\",\"impliedGrants\":[]},{\"itemId\":3009,\"name\":\"hive:index\",\"label\":\"Index\",\"impliedGrants\":[]},{\"itemId\":3010,\"name\":\"hive:lock\",\"label\":\"Lock\",\"impliedGrants\":[]},{\"itemId\":3011,\"name\":\"hive:all\",\"label\":\"All\",\"impliedGrants\":[\"hive:select\",\"hive:update\",\"hive:create\",\"hive:drop\",\"hive:alter\",\"hive:index\",\"hive:lock\",\"hive:read\",\"hive:write\",\"hive:repladmin\",\"hive:serviceadmin\",\"hive:refresh\"]},{\"itemId\":3012,\"name\":\"hive:read\",\"label\":\"Read\",\"impliedGrants\":[]},{\"itemId\":3013,\"name\":\"hive:write\",\"label\":\"Write\",\"impliedGrants\":[]},{\"itemId\":3014,\"name\":\"hive:repladmin\",\"label\":\"ReplAdmin\",\"impliedGrants\":[]},{\"itemId\":3015,\"name\":\"hive:serviceadmin\",\"label\":\"Service Admin\",\"impliedGrants\":[]},{\"itemId\":3016,\"name\":\"hive:tempudfadmin\",\"label\":\"Temporary UDF Admin\",\"impliedGrants\":[]},{\"itemId\":3017,\"name\":\"hive:refresh\",\"label\":\"Refresh\",\"impliedGrants\":[]},{\"itemId\":3018,\"name\":\"hive:rwstorage\",\"label\":\"RW Storage\",\"impliedGrants\":[]},{\"itemId\":4005,\"name\":\"yarn:submit-app\",\"label\":\"submit-app\",\"impliedGrants\":[]},{\"itemId\":4006,\"name\":\"yarn:admin-queue\",\"label\":\"admin-queue\",\"impliedGrants\":[\"yarn:submit-app\"]},{\"itemId\":5006,\"name\":\"knox:allow\",\"label\":\"Allow\",\"impliedGrants\":[]},{\"itemId\":7008,\"name\":\"kms:create\",\"label\":\"Create\",\"impliedGrants\":[]},{\"itemId\":7009,\"name\":\"kms:delete\",\"label\":\"Delete\",\"impliedGrants\":[]},{\"itemId\":7010,\"name\":\"kms:rollover\",\"label\":\"Rollover\",\"impliedGrants\":[]},{\"itemId\":7011,\"name\":\"kms:setkeymaterial\",\"label\":\"Set Key Material\",\"impliedGrants\":[]},{\"itemId\":7012,\"name\":\"kms:get\",\"label\":\"Get\",\"impliedGrants\":[]},{\"itemId\":7013,\"name\":\"kms:getkeys\",\"label\":\"Get Keys\",\"impliedGrants\":[]},{\"itemId\":7014,\"name\":\"kms:getmetadata\",\"label\":\"Get Metadata\",\"impliedGrants\":[]},{\"itemId\":7015,\"name\":\"kms:generateeek\",\"label\":\"Generate EEK\",\"impliedGrants\":[]},{\"itemId\":7016,\"name\":\"kms:decrypteek\",\"label\":\"Decrypt EEK\",\"impliedGrants\":[]},{\"itemId\":8108,\"name\":\"solr:query\",\"label\":\"Query\",\"impliedGrants\":[]},{\"itemId\":8208,\"name\":\"solr:update\",\"label\":\"Update\",\"impliedGrants\":[]},{\"itemId\":8308,\"name\":\"solr:others\",\"label\":\"Others\",\"impliedGrants\":[]},{\"itemId\":8908,\"name\":\"solr:solr_admin\",\"label\":\"Solr Admin\",\"impliedGrants\":[\"solr:query\",\"solr:update\",\"solr:others\"]},{\"itemId\":9010,\"name\":\"kafka:publish\",\"label\":\"Publish\",\"impliedGrants\":[\"kafka:describe\"]},{\"itemId\":9011,\"name\":\"kafka:consume\",\"label\":\"Consume\",\"impliedGrants\":[\"kafka:describe\"]},{\"itemId\":9014,\"name\":\"kafka:configure\",\"label\":\"Configure\",\"impliedGrants\":[\"kafka:describe\"]},{\"itemId\":9015,\"name\":\"kafka:describe\",\"label\":\"Describe\",\"impliedGrants\":[]},{\"itemId\":9016,\"name\":\"kafka:kafka_admin\",\"label\":\"Kafka Admin\",\"impliedGrants\":[\"kafka:publish\",\"kafka:consume\",\"kafka:configure\",\"kafka:describe\",\"kafka:create\",\"kafka:delete\",\"kafka:describe_configs\",\"kafka:alter_configs\",\"kafka:alter\",\"kafka:idempotent_write\",\"kafka:cluster_action\"]},{\"itemId\":9017,\"name\":\"kafka:create\",\"label\":\"Create\",\"impliedGrants\":[]},{\"itemId\":9018,\"name\":\"kafka:delete\",\"label\":\"Delete\",\"impliedGrants\":[\"kafka:describe\"]},{\"itemId\":9019,\"name\":\"kafka:idempotent_write\",\"label\":\"Idempotent Write\",\"impliedGrants\":[]},{\"itemId\":9020,\"name\":\"kafka:describe_configs\",\"label\":\"Describe Configs\",\"impliedGrants\":[]},{\"itemId\":9021,\"name\":\"kafka:alter_configs\",\"label\":\"Alter Configs\",\"impliedGrants\":[\"kafka:describe_configs\"]},{\"itemId\":9022,\"name\":\"kafka:cluster_action\",\"label\":\"Cluster Action\",\"impliedGrants\":[]},{\"itemId\":9023,\"name\":\"kafka:alter\",\"label\":\"Alter\",\"impliedGrants\":[]},{\"itemId\":10110,\"name\":\"nifi:READ\",\"label\":\"Read\",\"impliedGrants\":[]},{\"itemId\":10210,\"name\":\"nifi:WRITE\",\"label\":\"Write\",\"impliedGrants\":[]}],\"policyConditions\":[{\"itemId\":1,\"name\":\"accessed-after-expiry\",\"evaluator\":\"org.apache.ranger.plugin.conditionevaluator.RangerScriptTemplateConditionEvaluator\",\"evaluatorOptions\":{\"scriptTemplate\":\"ctx.isAccessedAfter(\'expiry_date\');\"},\"uiHint\":\"{ \\\"singleValue\\\":true }\",\"label\":\"Accessed after expiry_date (yes/no)?\",\"description\":\"Accessed after expiry_date? (yes/no)\"},{\"itemId\":2,\"name\":\"expression\",\"evaluator\":\"org.apache.ranger.plugin.conditionevaluator.RangerScriptConditionEvaluator\",\"evaluatorOptions\":{\"engineName\":\"JavaScript\",\"ui.isMultiline\":\"true\"},\"label\":\"Enter boolean expression\",\"description\":\"Boolean expression\"}],\"contextEnrichers\":[{\"itemId\":1,\"name\":\"TagEnricher\",\"enricher\":\"org.apache.ranger.plugin.contextenricher.RangerTagEnricher\",\"enricherOptions\":{\"tagRetrieverClassName\":\"org.apache.ranger.plugin.contextenricher.RangerAdminTagRetriever\",\"tagRefresherPollingInterval\":\"60000\"}}],\"enums\":[],\"dataMaskDef\":{\"maskTypes\":[{\"itemId\":3004,\"name\":\"hive:MASK\",\"label\":\"Redact\",\"description\":\"Replace lowercase with \'x\', uppercase with \'X\', digits with \'0\'\",\"transformer\":\"mask({col})\",\"dataMaskOptions\":{}},{\"itemId\":3005,\"name\":\"hive:MASK_SHOW_LAST_4\",\"label\":\"Partial mask: show last 4\",\"description\":\"Show last 4 characters; replace rest with \'x\'\",\"transformer\":\"mask_show_last_n({col}, 4, \'x\', \'x\', \'x\', -1, \'1\')\",\"dataMaskOptions\":{}},{\"itemId\":3006,\"name\":\"hive:MASK_SHOW_FIRST_4\",\"label\":\"Partial mask: show first 4\",\"description\":\"Show first 4 characters; replace rest with \'x\'\",\"transformer\":\"mask_show_first_n({col}, 4, \'x\', \'x\', \'x\', -1, \'1\')\",\"dataMaskOptions\":{}},{\"itemId\":3007,\"name\":\"hive:MASK_HASH\",\"label\":\"Hash\",\"description\":\"Hash the value\",\"transformer\":\"mask_hash({col})\",\"dataMaskOptions\":{}},{\"itemId\":3008,\"name\":\"hive:MASK_NULL\",\"label\":\"Nullify\",\"description\":\"Replace with NULL\",\"dataMaskOptions\":{}},{\"itemId\":3009,\"name\":\"hive:MASK_NONE\",\"label\":\"Unmasked (retain original value)\",\"description\":\"No masking\",\"dataMaskOptions\":{}},{\"itemId\":3015,\"name\":\"hive:MASK_DATE_SHOW_YEAR\",\"label\":\"Date: show only year\",\"description\":\"Date: show only year\",\"transformer\":\"mask({col}, \'x\', \'x\', \'x\', -1, \'1\', 1, 0, -1)\",\"dataMaskOptions\":{}},{\"itemId\":3016,\"name\":\"hive:CUSTOM\",\"label\":\"Custom\",\"description\":\"Custom\",\"dataMaskOptions\":{}}],\"accessTypes\":[{\"itemId\":3004,\"name\":\"hive:select\",\"label\":\"select\",\"impliedGrants\":[]}],\"resources\":[{\"itemId\":1,\"name\":\"tag\",\"type\":\"string\",\"level\":1,\"mandatory\":true,\"lookupSupported\":true,\"recursiveSupported\":false,\"excludesSupported\":false,\"matcher\":\"org.apache.ranger.plugin.resourcematcher.RangerDefaultResourceMatcher\",\"matcherOptions\":{\"__isValidLeaf\":\"true\",\"wildCard\":\"false\",\"__accessTypeRestrictions\":\"[]\",\"ignoreCase\":\"false\"},\"validationRegEx\":\"\",\"validationMessage\":\"\",\"uiHint\":\"{ \\\"singleValue\\\":true }\",\"label\":\"TAG\",\"description\":\"TAG\",\"accessTypeRestrictions\":[],\"isValidLeaf\":true}]},\"rowFilterDef\":{\"accessTypes\":[],\"resources\":[]}}'),(28,'2022-05-16 13:24:07','2022-05-16 13:24:07','0d047248-baff-4cf9-8e9e-d5d377284b2e',1033,100,'tag',13,'Update','2022-05-16 13:24:07',NULL,'{\"id\":100,\"guid\":\"0d047248-baff-4cf9-8e9e-d5d377284b2e\",\"isEnabled\":true,\"createTime\":1652732642000,\"updateTime\":1652732647082,\"version\":13,\"name\":\"tag\",\"displayName\":\"tag\",\"implClass\":\"org.apache.ranger.services.tag.RangerServiceTag\",\"label\":\"TAG\",\"description\":\"TAG Service Definition\",\"options\":{\"enableDenyAndExceptionsInPolicies\":\"true\",\"ui.pages\":\"tag-based-policies\"},\"configs\":[{\"itemId\":1,\"name\":\"ranger.plugin.audit.filters\",\"type\":\"string\",\"subType\":\"\",\"mandatory\":false,\"defaultValue\":\"[ {\'accessResult\': \'DENIED\', \'isAudited\': true} ]\",\"validationRegEx\":\"\",\"validationMessage\":\"\",\"uiHint\":\"\",\"label\":\"Ranger Default Audit Filters\"}],\"resources\":[{\"itemId\":1,\"name\":\"tag\",\"type\":\"string\",\"level\":1,\"mandatory\":true,\"lookupSupported\":true,\"recursiveSupported\":false,\"excludesSupported\":false,\"matcher\":\"org.apache.ranger.plugin.resourcematcher.RangerDefaultResourceMatcher\",\"matcherOptions\":{\"wildCard\":\"false\",\"ignoreCase\":\"false\"},\"validationRegEx\":\"\",\"validationMessage\":\"\",\"uiHint\":\"{ \\\"singleValue\\\":true }\",\"label\":\"TAG\",\"description\":\"TAG\",\"accessTypeRestrictions\":[],\"isValidLeaf\":true}],\"accessTypes\":[{\"itemId\":104105,\"name\":\"adls:read\",\"label\":\"Read\",\"impliedGrants\":[\"adls:execute\"]},{\"itemId\":104106,\"name\":\"adls:write\",\"label\":\"Write\",\"impliedGrants\":[]},{\"itemId\":104107,\"name\":\"adls:execute\",\"label\":\"Execute\",\"impliedGrants\":[]},{\"itemId\":104108,\"name\":\"adls:delete\",\"label\":\"Delete\",\"impliedGrants\":[]},{\"itemId\":104109,\"name\":\"adls:delete-recursive\",\"label\":\"Delete Recursive\",\"impliedGrants\":[]},{\"itemId\":104110,\"name\":\"adls:list\",\"label\":\"List\",\"impliedGrants\":[]},{\"itemId\":104111,\"name\":\"adls:move\",\"label\":\"Move\",\"impliedGrants\":[]},{\"itemId\":104112,\"name\":\"adls:modify-permissions\",\"label\":\"Modify Permissions\",\"impliedGrants\":[]},{\"itemId\":105106,\"name\":\"kudu:select\",\"label\":\"SELECT\",\"impliedGrants\":[\"kudu:metadata\"]},{\"itemId\":105107,\"name\":\"kudu:insert\",\"label\":\"INSERT\",\"impliedGrants\":[\"kudu:metadata\"]},{\"itemId\":105108,\"name\":\"kudu:update\",\"label\":\"UPDATE\",\"impliedGrants\":[\"kudu:metadata\"]},{\"itemId\":105109,\"name\":\"kudu:delete\",\"label\":\"DELETE\",\"impliedGrants\":[\"kudu:metadata\"]},{\"itemId\":105110,\"name\":\"kudu:alter\",\"label\":\"ALTER\",\"impliedGrants\":[\"kudu:metadata\"]},{\"itemId\":105111,\"name\":\"kudu:create\",\"label\":\"CREATE\",\"impliedGrants\":[\"kudu:metadata\"]},{\"itemId\":105112,\"name\":\"kudu:drop\",\"label\":\"DROP\",\"impliedGrants\":[\"kudu:metadata\"]},{\"itemId\":105113,\"name\":\"kudu:metadata\",\"label\":\"METADATA\",\"impliedGrants\":[]},{\"itemId\":105114,\"name\":\"kudu:all\",\"label\":\"ALL\",\"impliedGrants\":[\"kudu:select\",\"kudu:insert\",\"kudu:update\",\"kudu:delete\",\"kudu:alter\",\"kudu:create\",\"kudu:drop\",\"kudu:metadata\"]},{\"itemId\":1002,\"name\":\"hdfs:read\",\"label\":\"Read\",\"impliedGrants\":[]},{\"itemId\":1003,\"name\":\"hdfs:write\",\"label\":\"Write\",\"impliedGrants\":[]},{\"itemId\":1004,\"name\":\"hdfs:execute\",\"label\":\"Execute\",\"impliedGrants\":[]},{\"itemId\":2003,\"name\":\"hbase:read\",\"label\":\"Read\",\"impliedGrants\":[]},{\"itemId\":2004,\"name\":\"hbase:write\",\"label\":\"Write\",\"impliedGrants\":[]},{\"itemId\":2005,\"name\":\"hbase:create\",\"label\":\"Create\",\"impliedGrants\":[]},{\"itemId\":2006,\"name\":\"hbase:admin\",\"label\":\"Admin\",\"impliedGrants\":[\"hbase:read\",\"hbase:write\",\"hbase:create\"]},{\"itemId\":2007,\"name\":\"hbase:execute\",\"label\":\"Execute\",\"impliedGrants\":[]},{\"itemId\":3004,\"name\":\"hive:select\",\"label\":\"select\",\"impliedGrants\":[]},{\"itemId\":3005,\"name\":\"hive:update\",\"label\":\"update\",\"impliedGrants\":[]},{\"itemId\":3006,\"name\":\"hive:create\",\"label\":\"Create\",\"impliedGrants\":[]},{\"itemId\":3007,\"name\":\"hive:drop\",\"label\":\"Drop\",\"impliedGrants\":[]},{\"itemId\":3008,\"name\":\"hive:alter\",\"label\":\"Alter\",\"impliedGrants\":[]},{\"itemId\":3009,\"name\":\"hive:index\",\"label\":\"Index\",\"impliedGrants\":[]},{\"itemId\":3010,\"name\":\"hive:lock\",\"label\":\"Lock\",\"impliedGrants\":[]},{\"itemId\":3011,\"name\":\"hive:all\",\"label\":\"All\",\"impliedGrants\":[\"hive:select\",\"hive:update\",\"hive:create\",\"hive:drop\",\"hive:alter\",\"hive:index\",\"hive:lock\",\"hive:read\",\"hive:write\",\"hive:repladmin\",\"hive:serviceadmin\",\"hive:refresh\"]},{\"itemId\":3012,\"name\":\"hive:read\",\"label\":\"Read\",\"impliedGrants\":[]},{\"itemId\":3013,\"name\":\"hive:write\",\"label\":\"Write\",\"impliedGrants\":[]},{\"itemId\":3014,\"name\":\"hive:repladmin\",\"label\":\"ReplAdmin\",\"impliedGrants\":[]},{\"itemId\":3015,\"name\":\"hive:serviceadmin\",\"label\":\"Service Admin\",\"impliedGrants\":[]},{\"itemId\":3016,\"name\":\"hive:tempudfadmin\",\"label\":\"Temporary UDF Admin\",\"impliedGrants\":[]},{\"itemId\":3017,\"name\":\"hive:refresh\",\"label\":\"Refresh\",\"impliedGrants\":[]},{\"itemId\":3018,\"name\":\"hive:rwstorage\",\"label\":\"RW Storage\",\"impliedGrants\":[]},{\"itemId\":4005,\"name\":\"yarn:submit-app\",\"label\":\"submit-app\",\"impliedGrants\":[]},{\"itemId\":4006,\"name\":\"yarn:admin-queue\",\"label\":\"admin-queue\",\"impliedGrants\":[\"yarn:submit-app\"]},{\"itemId\":5006,\"name\":\"knox:allow\",\"label\":\"Allow\",\"impliedGrants\":[]},{\"itemId\":7008,\"name\":\"kms:create\",\"label\":\"Create\",\"impliedGrants\":[]},{\"itemId\":7009,\"name\":\"kms:delete\",\"label\":\"Delete\",\"impliedGrants\":[]},{\"itemId\":7010,\"name\":\"kms:rollover\",\"label\":\"Rollover\",\"impliedGrants\":[]},{\"itemId\":7011,\"name\":\"kms:setkeymaterial\",\"label\":\"Set Key Material\",\"impliedGrants\":[]},{\"itemId\":7012,\"name\":\"kms:get\",\"label\":\"Get\",\"impliedGrants\":[]},{\"itemId\":7013,\"name\":\"kms:getkeys\",\"label\":\"Get Keys\",\"impliedGrants\":[]},{\"itemId\":7014,\"name\":\"kms:getmetadata\",\"label\":\"Get Metadata\",\"impliedGrants\":[]},{\"itemId\":7015,\"name\":\"kms:generateeek\",\"label\":\"Generate EEK\",\"impliedGrants\":[]},{\"itemId\":7016,\"name\":\"kms:decrypteek\",\"label\":\"Decrypt EEK\",\"impliedGrants\":[]},{\"itemId\":8108,\"name\":\"solr:query\",\"label\":\"Query\",\"impliedGrants\":[]},{\"itemId\":8208,\"name\":\"solr:update\",\"label\":\"Update\",\"impliedGrants\":[]},{\"itemId\":8308,\"name\":\"solr:others\",\"label\":\"Others\",\"impliedGrants\":[]},{\"itemId\":8908,\"name\":\"solr:solr_admin\",\"label\":\"Solr Admin\",\"impliedGrants\":[\"solr:query\",\"solr:update\",\"solr:others\"]},{\"itemId\":9010,\"name\":\"kafka:publish\",\"label\":\"Publish\",\"impliedGrants\":[\"kafka:describe\"]},{\"itemId\":9011,\"name\":\"kafka:consume\",\"label\":\"Consume\",\"impliedGrants\":[\"kafka:describe\"]},{\"itemId\":9014,\"name\":\"kafka:configure\",\"label\":\"Configure\",\"impliedGrants\":[\"kafka:describe\"]},{\"itemId\":9015,\"name\":\"kafka:describe\",\"label\":\"Describe\",\"impliedGrants\":[]},{\"itemId\":9016,\"name\":\"kafka:kafka_admin\",\"label\":\"Kafka Admin\",\"impliedGrants\":[\"kafka:publish\",\"kafka:consume\",\"kafka:configure\",\"kafka:describe\",\"kafka:create\",\"kafka:delete\",\"kafka:describe_configs\",\"kafka:alter_configs\",\"kafka:alter\",\"kafka:idempotent_write\",\"kafka:cluster_action\"]},{\"itemId\":9017,\"name\":\"kafka:create\",\"label\":\"Create\",\"impliedGrants\":[]},{\"itemId\":9018,\"name\":\"kafka:delete\",\"label\":\"Delete\",\"impliedGrants\":[\"kafka:describe\"]},{\"itemId\":9019,\"name\":\"kafka:idempotent_write\",\"label\":\"Idempotent Write\",\"impliedGrants\":[]},{\"itemId\":9020,\"name\":\"kafka:describe_configs\",\"label\":\"Describe Configs\",\"impliedGrants\":[]},{\"itemId\":9021,\"name\":\"kafka:alter_configs\",\"label\":\"Alter Configs\",\"impliedGrants\":[\"kafka:describe_configs\"]},{\"itemId\":9022,\"name\":\"kafka:cluster_action\",\"label\":\"Cluster Action\",\"impliedGrants\":[]},{\"itemId\":9023,\"name\":\"kafka:alter\",\"label\":\"Alter\",\"impliedGrants\":[]},{\"itemId\":10110,\"name\":\"nifi:READ\",\"label\":\"Read\",\"impliedGrants\":[]},{\"itemId\":10210,\"name\":\"nifi:WRITE\",\"label\":\"Write\",\"impliedGrants\":[]},{\"itemId\":13113,\"name\":\"nifi-registry:READ\",\"label\":\"Read\",\"impliedGrants\":[]},{\"itemId\":13213,\"name\":\"nifi-registry:WRITE\",\"label\":\"Write\",\"impliedGrants\":[]},{\"itemId\":13313,\"name\":\"nifi-registry:DELETE\",\"label\":\"Delete\",\"impliedGrants\":[]}],\"policyConditions\":[{\"itemId\":1,\"name\":\"accessed-after-expiry\",\"evaluator\":\"org.apache.ranger.plugin.conditionevaluator.RangerScriptTemplateConditionEvaluator\",\"evaluatorOptions\":{\"scriptTemplate\":\"ctx.isAccessedAfter(\'expiry_date\');\"},\"uiHint\":\"{ \\\"singleValue\\\":true }\",\"label\":\"Accessed after expiry_date (yes/no)?\",\"description\":\"Accessed after expiry_date? (yes/no)\"},{\"itemId\":2,\"name\":\"expression\",\"evaluator\":\"org.apache.ranger.plugin.conditionevaluator.RangerScriptConditionEvaluator\",\"evaluatorOptions\":{\"engineName\":\"JavaScript\",\"ui.isMultiline\":\"true\"},\"label\":\"Enter boolean expression\",\"description\":\"Boolean expression\"}],\"contextEnrichers\":[{\"itemId\":1,\"name\":\"TagEnricher\",\"enricher\":\"org.apache.ranger.plugin.contextenricher.RangerTagEnricher\",\"enricherOptions\":{\"tagRetrieverClassName\":\"org.apache.ranger.plugin.contextenricher.RangerAdminTagRetriever\",\"tagRefresherPollingInterval\":\"60000\"}}],\"enums\":[],\"dataMaskDef\":{\"maskTypes\":[{\"itemId\":3004,\"name\":\"hive:MASK\",\"label\":\"Redact\",\"description\":\"Replace lowercase with \'x\', uppercase with \'X\', digits with \'0\'\",\"transformer\":\"mask({col})\",\"dataMaskOptions\":{}},{\"itemId\":3005,\"name\":\"hive:MASK_SHOW_LAST_4\",\"label\":\"Partial mask: show last 4\",\"description\":\"Show last 4 characters; replace rest with \'x\'\",\"transformer\":\"mask_show_last_n({col}, 4, \'x\', \'x\', \'x\', -1, \'1\')\",\"dataMaskOptions\":{}},{\"itemId\":3006,\"name\":\"hive:MASK_SHOW_FIRST_4\",\"label\":\"Partial mask: show first 4\",\"description\":\"Show first 4 characters; replace rest with \'x\'\",\"transformer\":\"mask_show_first_n({col}, 4, \'x\', \'x\', \'x\', -1, \'1\')\",\"dataMaskOptions\":{}},{\"itemId\":3007,\"name\":\"hive:MASK_HASH\",\"label\":\"Hash\",\"description\":\"Hash the value\",\"transformer\":\"mask_hash({col})\",\"dataMaskOptions\":{}},{\"itemId\":3008,\"name\":\"hive:MASK_NULL\",\"label\":\"Nullify\",\"description\":\"Replace with NULL\",\"dataMaskOptions\":{}},{\"itemId\":3009,\"name\":\"hive:MASK_NONE\",\"label\":\"Unmasked (retain original value)\",\"description\":\"No masking\",\"dataMaskOptions\":{}},{\"itemId\":3015,\"name\":\"hive:MASK_DATE_SHOW_YEAR\",\"label\":\"Date: show only year\",\"description\":\"Date: show only year\",\"transformer\":\"mask({col}, \'x\', \'x\', \'x\', -1, \'1\', 1, 0, -1)\",\"dataMaskOptions\":{}},{\"itemId\":3016,\"name\":\"hive:CUSTOM\",\"label\":\"Custom\",\"description\":\"Custom\",\"dataMaskOptions\":{}}],\"accessTypes\":[{\"itemId\":3004,\"name\":\"hive:select\",\"label\":\"select\",\"impliedGrants\":[]}],\"resources\":[{\"itemId\":1,\"name\":\"tag\",\"type\":\"string\",\"level\":1,\"mandatory\":true,\"lookupSupported\":true,\"recursiveSupported\":false,\"excludesSupported\":false,\"matcher\":\"org.apache.ranger.plugin.resourcematcher.RangerDefaultResourceMatcher\",\"matcherOptions\":{\"__isValidLeaf\":\"true\",\"wildCard\":\"false\",\"__accessTypeRestrictions\":\"[]\",\"ignoreCase\":\"false\"},\"validationRegEx\":\"\",\"validationMessage\":\"\",\"uiHint\":\"{ \\\"singleValue\\\":true }\",\"label\":\"TAG\",\"description\":\"TAG\",\"accessTypeRestrictions\":[],\"isValidLeaf\":true}]},\"rowFilterDef\":{\"accessTypes\":[],\"resources\":[]}}'),(29,'2022-05-16 13:24:08','2022-05-16 13:24:08','0d047248-baff-4cf9-8e9e-d5d377284b2e',1033,100,'tag',14,'Update','2022-05-16 13:24:08',NULL,'{\"id\":100,\"guid\":\"0d047248-baff-4cf9-8e9e-d5d377284b2e\",\"isEnabled\":true,\"createTime\":1652732642000,\"updateTime\":1652732647574,\"version\":14,\"name\":\"tag\",\"displayName\":\"tag\",\"implClass\":\"org.apache.ranger.services.tag.RangerServiceTag\",\"label\":\"TAG\",\"description\":\"TAG Service Definition\",\"options\":{\"enableDenyAndExceptionsInPolicies\":\"true\",\"ui.pages\":\"tag-based-policies\"},\"configs\":[{\"itemId\":1,\"name\":\"ranger.plugin.audit.filters\",\"type\":\"string\",\"subType\":\"\",\"mandatory\":false,\"defaultValue\":\"[ {\'accessResult\': \'DENIED\', \'isAudited\': true} ]\",\"validationRegEx\":\"\",\"validationMessage\":\"\",\"uiHint\":\"\",\"label\":\"Ranger Default Audit Filters\"}],\"resources\":[{\"itemId\":1,\"name\":\"tag\",\"type\":\"string\",\"level\":1,\"mandatory\":true,\"lookupSupported\":true,\"recursiveSupported\":false,\"excludesSupported\":false,\"matcher\":\"org.apache.ranger.plugin.resourcematcher.RangerDefaultResourceMatcher\",\"matcherOptions\":{\"wildCard\":\"false\",\"ignoreCase\":\"false\"},\"validationRegEx\":\"\",\"validationMessage\":\"\",\"uiHint\":\"{ \\\"singleValue\\\":true }\",\"label\":\"TAG\",\"description\":\"TAG\",\"accessTypeRestrictions\":[],\"isValidLeaf\":true}],\"accessTypes\":[{\"itemId\":104105,\"name\":\"adls:read\",\"label\":\"Read\",\"impliedGrants\":[\"adls:execute\"]},{\"itemId\":104106,\"name\":\"adls:write\",\"label\":\"Write\",\"impliedGrants\":[]},{\"itemId\":104107,\"name\":\"adls:execute\",\"label\":\"Execute\",\"impliedGrants\":[]},{\"itemId\":104108,\"name\":\"adls:delete\",\"label\":\"Delete\",\"impliedGrants\":[]},{\"itemId\":104109,\"name\":\"adls:delete-recursive\",\"label\":\"Delete Recursive\",\"impliedGrants\":[]},{\"itemId\":104110,\"name\":\"adls:list\",\"label\":\"List\",\"impliedGrants\":[]},{\"itemId\":104111,\"name\":\"adls:move\",\"label\":\"Move\",\"impliedGrants\":[]},{\"itemId\":104112,\"name\":\"adls:modify-permissions\",\"label\":\"Modify Permissions\",\"impliedGrants\":[]},{\"itemId\":105106,\"name\":\"kudu:select\",\"label\":\"SELECT\",\"impliedGrants\":[\"kudu:metadata\"]},{\"itemId\":105107,\"name\":\"kudu:insert\",\"label\":\"INSERT\",\"impliedGrants\":[\"kudu:metadata\"]},{\"itemId\":105108,\"name\":\"kudu:update\",\"label\":\"UPDATE\",\"impliedGrants\":[\"kudu:metadata\"]},{\"itemId\":105109,\"name\":\"kudu:delete\",\"label\":\"DELETE\",\"impliedGrants\":[\"kudu:metadata\"]},{\"itemId\":105110,\"name\":\"kudu:alter\",\"label\":\"ALTER\",\"impliedGrants\":[\"kudu:metadata\"]},{\"itemId\":105111,\"name\":\"kudu:create\",\"label\":\"CREATE\",\"impliedGrants\":[\"kudu:metadata\"]},{\"itemId\":105112,\"name\":\"kudu:drop\",\"label\":\"DROP\",\"impliedGrants\":[\"kudu:metadata\"]},{\"itemId\":105113,\"name\":\"kudu:metadata\",\"label\":\"METADATA\",\"impliedGrants\":[]},{\"itemId\":105114,\"name\":\"kudu:all\",\"label\":\"ALL\",\"impliedGrants\":[\"kudu:select\",\"kudu:insert\",\"kudu:update\",\"kudu:delete\",\"kudu:alter\",\"kudu:create\",\"kudu:drop\",\"kudu:metadata\"]},{\"itemId\":1002,\"name\":\"hdfs:read\",\"label\":\"Read\",\"impliedGrants\":[]},{\"itemId\":1003,\"name\":\"hdfs:write\",\"label\":\"Write\",\"impliedGrants\":[]},{\"itemId\":1004,\"name\":\"hdfs:execute\",\"label\":\"Execute\",\"impliedGrants\":[]},{\"itemId\":2003,\"name\":\"hbase:read\",\"label\":\"Read\",\"impliedGrants\":[]},{\"itemId\":2004,\"name\":\"hbase:write\",\"label\":\"Write\",\"impliedGrants\":[]},{\"itemId\":2005,\"name\":\"hbase:create\",\"label\":\"Create\",\"impliedGrants\":[]},{\"itemId\":2006,\"name\":\"hbase:admin\",\"label\":\"Admin\",\"impliedGrants\":[\"hbase:read\",\"hbase:write\",\"hbase:create\"]},{\"itemId\":2007,\"name\":\"hbase:execute\",\"label\":\"Execute\",\"impliedGrants\":[]},{\"itemId\":3004,\"name\":\"hive:select\",\"label\":\"select\",\"impliedGrants\":[]},{\"itemId\":3005,\"name\":\"hive:update\",\"label\":\"update\",\"impliedGrants\":[]},{\"itemId\":3006,\"name\":\"hive:create\",\"label\":\"Create\",\"impliedGrants\":[]},{\"itemId\":3007,\"name\":\"hive:drop\",\"label\":\"Drop\",\"impliedGrants\":[]},{\"itemId\":3008,\"name\":\"hive:alter\",\"label\":\"Alter\",\"impliedGrants\":[]},{\"itemId\":3009,\"name\":\"hive:index\",\"label\":\"Index\",\"impliedGrants\":[]},{\"itemId\":3010,\"name\":\"hive:lock\",\"label\":\"Lock\",\"impliedGrants\":[]},{\"itemId\":3011,\"name\":\"hive:all\",\"label\":\"All\",\"impliedGrants\":[\"hive:select\",\"hive:update\",\"hive:create\",\"hive:drop\",\"hive:alter\",\"hive:index\",\"hive:lock\",\"hive:read\",\"hive:write\",\"hive:repladmin\",\"hive:serviceadmin\",\"hive:refresh\"]},{\"itemId\":3012,\"name\":\"hive:read\",\"label\":\"Read\",\"impliedGrants\":[]},{\"itemId\":3013,\"name\":\"hive:write\",\"label\":\"Write\",\"impliedGrants\":[]},{\"itemId\":3014,\"name\":\"hive:repladmin\",\"label\":\"ReplAdmin\",\"impliedGrants\":[]},{\"itemId\":3015,\"name\":\"hive:serviceadmin\",\"label\":\"Service Admin\",\"impliedGrants\":[]},{\"itemId\":3016,\"name\":\"hive:tempudfadmin\",\"label\":\"Temporary UDF Admin\",\"impliedGrants\":[]},{\"itemId\":3017,\"name\":\"hive:refresh\",\"label\":\"Refresh\",\"impliedGrants\":[]},{\"itemId\":3018,\"name\":\"hive:rwstorage\",\"label\":\"RW Storage\",\"impliedGrants\":[]},{\"itemId\":4005,\"name\":\"yarn:submit-app\",\"label\":\"submit-app\",\"impliedGrants\":[]},{\"itemId\":4006,\"name\":\"yarn:admin-queue\",\"label\":\"admin-queue\",\"impliedGrants\":[\"yarn:submit-app\"]},{\"itemId\":5006,\"name\":\"knox:allow\",\"label\":\"Allow\",\"impliedGrants\":[]},{\"itemId\":7008,\"name\":\"kms:create\",\"label\":\"Create\",\"impliedGrants\":[]},{\"itemId\":7009,\"name\":\"kms:delete\",\"label\":\"Delete\",\"impliedGrants\":[]},{\"itemId\":7010,\"name\":\"kms:rollover\",\"label\":\"Rollover\",\"impliedGrants\":[]},{\"itemId\":7011,\"name\":\"kms:setkeymaterial\",\"label\":\"Set Key Material\",\"impliedGrants\":[]},{\"itemId\":7012,\"name\":\"kms:get\",\"label\":\"Get\",\"impliedGrants\":[]},{\"itemId\":7013,\"name\":\"kms:getkeys\",\"label\":\"Get Keys\",\"impliedGrants\":[]},{\"itemId\":7014,\"name\":\"kms:getmetadata\",\"label\":\"Get Metadata\",\"impliedGrants\":[]},{\"itemId\":7015,\"name\":\"kms:generateeek\",\"label\":\"Generate EEK\",\"impliedGrants\":[]},{\"itemId\":7016,\"name\":\"kms:decrypteek\",\"label\":\"Decrypt EEK\",\"impliedGrants\":[]},{\"itemId\":8108,\"name\":\"solr:query\",\"label\":\"Query\",\"impliedGrants\":[]},{\"itemId\":8208,\"name\":\"solr:update\",\"label\":\"Update\",\"impliedGrants\":[]},{\"itemId\":8308,\"name\":\"solr:others\",\"label\":\"Others\",\"impliedGrants\":[]},{\"itemId\":8908,\"name\":\"solr:solr_admin\",\"label\":\"Solr Admin\",\"impliedGrants\":[\"solr:query\",\"solr:update\",\"solr:others\"]},{\"itemId\":9010,\"name\":\"kafka:publish\",\"label\":\"Publish\",\"impliedGrants\":[\"kafka:describe\"]},{\"itemId\":9011,\"name\":\"kafka:consume\",\"label\":\"Consume\",\"impliedGrants\":[\"kafka:describe\"]},{\"itemId\":9014,\"name\":\"kafka:configure\",\"label\":\"Configure\",\"impliedGrants\":[\"kafka:describe\"]},{\"itemId\":9015,\"name\":\"kafka:describe\",\"label\":\"Describe\",\"impliedGrants\":[]},{\"itemId\":9016,\"name\":\"kafka:kafka_admin\",\"label\":\"Kafka Admin\",\"impliedGrants\":[\"kafka:publish\",\"kafka:consume\",\"kafka:configure\",\"kafka:describe\",\"kafka:create\",\"kafka:delete\",\"kafka:describe_configs\",\"kafka:alter_configs\",\"kafka:alter\",\"kafka:idempotent_write\",\"kafka:cluster_action\"]},{\"itemId\":9017,\"name\":\"kafka:create\",\"label\":\"Create\",\"impliedGrants\":[]},{\"itemId\":9018,\"name\":\"kafka:delete\",\"label\":\"Delete\",\"impliedGrants\":[\"kafka:describe\"]},{\"itemId\":9019,\"name\":\"kafka:idempotent_write\",\"label\":\"Idempotent Write\",\"impliedGrants\":[]},{\"itemId\":9020,\"name\":\"kafka:describe_configs\",\"label\":\"Describe Configs\",\"impliedGrants\":[]},{\"itemId\":9021,\"name\":\"kafka:alter_configs\",\"label\":\"Alter Configs\",\"impliedGrants\":[\"kafka:describe_configs\"]},{\"itemId\":9022,\"name\":\"kafka:cluster_action\",\"label\":\"Cluster Action\",\"impliedGrants\":[]},{\"itemId\":9023,\"name\":\"kafka:alter\",\"label\":\"Alter\",\"impliedGrants\":[]},{\"itemId\":10110,\"name\":\"nifi:READ\",\"label\":\"Read\",\"impliedGrants\":[]},{\"itemId\":10210,\"name\":\"nifi:WRITE\",\"label\":\"Write\",\"impliedGrants\":[]},{\"itemId\":13113,\"name\":\"nifi-registry:READ\",\"label\":\"Read\",\"impliedGrants\":[]},{\"itemId\":13213,\"name\":\"nifi-registry:WRITE\",\"label\":\"Write\",\"impliedGrants\":[]},{\"itemId\":13313,\"name\":\"nifi-registry:DELETE\",\"label\":\"Delete\",\"impliedGrants\":[]},{\"itemId\":15016,\"name\":\"atlas:type-create\",\"label\":\"Create Type\",\"impliedGrants\":[\"atlas:type-read\"]},{\"itemId\":15017,\"name\":\"atlas:type-update\",\"label\":\"Update Type\",\"impliedGrants\":[\"atlas:type-read\"]},{\"itemId\":15018,\"name\":\"atlas:type-delete\",\"label\":\"Delete Type\",\"impliedGrants\":[\"atlas:type-read\"]},{\"itemId\":15019,\"name\":\"atlas:entity-read\",\"label\":\"Read Entity\",\"impliedGrants\":[]},{\"itemId\":15020,\"name\":\"atlas:entity-create\",\"label\":\"Create Entity\",\"impliedGrants\":[]},{\"itemId\":15021,\"name\":\"atlas:entity-update\",\"label\":\"Update Entity\",\"impliedGrants\":[]},{\"itemId\":15022,\"name\":\"atlas:entity-delete\",\"label\":\"Delete Entity\",\"impliedGrants\":[]},{\"itemId\":15023,\"name\":\"atlas:entity-add-classification\",\"label\":\"Add Classification\",\"impliedGrants\":[]},{\"itemId\":15024,\"name\":\"atlas:entity-update-classification\",\"label\":\"Update Classification\",\"impliedGrants\":[]},{\"itemId\":15025,\"name\":\"atlas:entity-remove-classification\",\"label\":\"Remove Classification\",\"impliedGrants\":[]},{\"itemId\":15026,\"name\":\"atlas:admin-export\",\"label\":\"Admin Export\",\"impliedGrants\":[]},{\"itemId\":15027,\"name\":\"atlas:admin-import\",\"label\":\"Admin Import\",\"impliedGrants\":[]},{\"itemId\":15028,\"name\":\"atlas:add-relationship\",\"label\":\"Add Relationship\",\"impliedGrants\":[]},{\"itemId\":15029,\"name\":\"atlas:update-relationship\",\"label\":\"Update Relationship\",\"impliedGrants\":[]},{\"itemId\":15030,\"name\":\"atlas:remove-relationship\",\"label\":\"Remove Relationship\",\"impliedGrants\":[]},{\"itemId\":15031,\"name\":\"atlas:admin-purge\",\"label\":\"Admin Purge\",\"impliedGrants\":[]},{\"itemId\":15032,\"name\":\"atlas:entity-add-label\",\"label\":\"Add Label\",\"impliedGrants\":[]},{\"itemId\":15033,\"name\":\"atlas:entity-remove-label\",\"label\":\"Remove Label\",\"impliedGrants\":[]},{\"itemId\":15034,\"name\":\"atlas:entity-update-business-metadata\",\"label\":\"Update Business Metadata\",\"impliedGrants\":[]},{\"itemId\":15035,\"name\":\"atlas:type-read\",\"label\":\"Read Type\",\"impliedGrants\":[]},{\"itemId\":15036,\"name\":\"atlas:admin-audits\",\"label\":\"Admin Audits\",\"impliedGrants\":[]}],\"policyConditions\":[{\"itemId\":1,\"name\":\"accessed-after-expiry\",\"evaluator\":\"org.apache.ranger.plugin.conditionevaluator.RangerScriptTemplateConditionEvaluator\",\"evaluatorOptions\":{\"scriptTemplate\":\"ctx.isAccessedAfter(\'expiry_date\');\"},\"uiHint\":\"{ \\\"singleValue\\\":true }\",\"label\":\"Accessed after expiry_date (yes/no)?\",\"description\":\"Accessed after expiry_date? (yes/no)\"},{\"itemId\":2,\"name\":\"expression\",\"evaluator\":\"org.apache.ranger.plugin.conditionevaluator.RangerScriptConditionEvaluator\",\"evaluatorOptions\":{\"engineName\":\"JavaScript\",\"ui.isMultiline\":\"true\"},\"label\":\"Enter boolean expression\",\"description\":\"Boolean expression\"}],\"contextEnrichers\":[{\"itemId\":1,\"name\":\"TagEnricher\",\"enricher\":\"org.apache.ranger.plugin.contextenricher.RangerTagEnricher\",\"enricherOptions\":{\"tagRetrieverClassName\":\"org.apache.ranger.plugin.contextenricher.RangerAdminTagRetriever\",\"tagRefresherPollingInterval\":\"60000\"}}],\"enums\":[],\"dataMaskDef\":{\"maskTypes\":[{\"itemId\":3004,\"name\":\"hive:MASK\",\"label\":\"Redact\",\"description\":\"Replace lowercase with \'x\', uppercase with \'X\', digits with \'0\'\",\"transformer\":\"mask({col})\",\"dataMaskOptions\":{}},{\"itemId\":3005,\"name\":\"hive:MASK_SHOW_LAST_4\",\"label\":\"Partial mask: show last 4\",\"description\":\"Show last 4 characters; replace rest with \'x\'\",\"transformer\":\"mask_show_last_n({col}, 4, \'x\', \'x\', \'x\', -1, \'1\')\",\"dataMaskOptions\":{}},{\"itemId\":3006,\"name\":\"hive:MASK_SHOW_FIRST_4\",\"label\":\"Partial mask: show first 4\",\"description\":\"Show first 4 characters; replace rest with \'x\'\",\"transformer\":\"mask_show_first_n({col}, 4, \'x\', \'x\', \'x\', -1, \'1\')\",\"dataMaskOptions\":{}},{\"itemId\":3007,\"name\":\"hive:MASK_HASH\",\"label\":\"Hash\",\"description\":\"Hash the value\",\"transformer\":\"mask_hash({col})\",\"dataMaskOptions\":{}},{\"itemId\":3008,\"name\":\"hive:MASK_NULL\",\"label\":\"Nullify\",\"description\":\"Replace with NULL\",\"dataMaskOptions\":{}},{\"itemId\":3009,\"name\":\"hive:MASK_NONE\",\"label\":\"Unmasked (retain original value)\",\"description\":\"No masking\",\"dataMaskOptions\":{}},{\"itemId\":3015,\"name\":\"hive:MASK_DATE_SHOW_YEAR\",\"label\":\"Date: show only year\",\"description\":\"Date: show only year\",\"transformer\":\"mask({col}, \'x\', \'x\', \'x\', -1, \'1\', 1, 0, -1)\",\"dataMaskOptions\":{}},{\"itemId\":3016,\"name\":\"hive:CUSTOM\",\"label\":\"Custom\",\"description\":\"Custom\",\"dataMaskOptions\":{}}],\"accessTypes\":[{\"itemId\":3004,\"name\":\"hive:select\",\"label\":\"select\",\"impliedGrants\":[]}],\"resources\":[{\"itemId\":1,\"name\":\"tag\",\"type\":\"string\",\"level\":1,\"mandatory\":true,\"lookupSupported\":true,\"recursiveSupported\":false,\"excludesSupported\":false,\"matcher\":\"org.apache.ranger.plugin.resourcematcher.RangerDefaultResourceMatcher\",\"matcherOptions\":{\"__isValidLeaf\":\"true\",\"wildCard\":\"false\",\"__accessTypeRestrictions\":\"[]\",\"ignoreCase\":\"false\"},\"validationRegEx\":\"\",\"validationMessage\":\"\",\"uiHint\":\"{ \\\"singleValue\\\":true }\",\"label\":\"TAG\",\"description\":\"TAG\",\"accessTypeRestrictions\":[],\"isValidLeaf\":true}]},\"rowFilterDef\":{\"accessTypes\":[],\"resources\":[]}}'),(30,'2022-05-16 13:24:09','2022-05-16 13:24:09','0d047248-baff-4cf9-8e9e-d5d377284b2e',1033,100,'tag',15,'Update','2022-05-16 13:24:09',NULL,'{\"id\":100,\"guid\":\"0d047248-baff-4cf9-8e9e-d5d377284b2e\",\"isEnabled\":true,\"createTime\":1652732642000,\"updateTime\":1652732648390,\"version\":15,\"name\":\"tag\",\"displayName\":\"tag\",\"implClass\":\"org.apache.ranger.services.tag.RangerServiceTag\",\"label\":\"TAG\",\"description\":\"TAG Service Definition\",\"options\":{\"enableDenyAndExceptionsInPolicies\":\"true\",\"ui.pages\":\"tag-based-policies\"},\"configs\":[{\"itemId\":1,\"name\":\"ranger.plugin.audit.filters\",\"type\":\"string\",\"subType\":\"\",\"mandatory\":false,\"defaultValue\":\"[ {\'accessResult\': \'DENIED\', \'isAudited\': true} ]\",\"validationRegEx\":\"\",\"validationMessage\":\"\",\"uiHint\":\"\",\"label\":\"Ranger Default Audit Filters\"}],\"resources\":[{\"itemId\":1,\"name\":\"tag\",\"type\":\"string\",\"level\":1,\"mandatory\":true,\"lookupSupported\":true,\"recursiveSupported\":false,\"excludesSupported\":false,\"matcher\":\"org.apache.ranger.plugin.resourcematcher.RangerDefaultResourceMatcher\",\"matcherOptions\":{\"wildCard\":\"false\",\"ignoreCase\":\"false\"},\"validationRegEx\":\"\",\"validationMessage\":\"\",\"uiHint\":\"{ \\\"singleValue\\\":true }\",\"label\":\"TAG\",\"description\":\"TAG\",\"accessTypeRestrictions\":[],\"isValidLeaf\":true}],\"accessTypes\":[{\"itemId\":104105,\"name\":\"adls:read\",\"label\":\"Read\",\"impliedGrants\":[\"adls:execute\"]},{\"itemId\":104106,\"name\":\"adls:write\",\"label\":\"Write\",\"impliedGrants\":[]},{\"itemId\":104107,\"name\":\"adls:execute\",\"label\":\"Execute\",\"impliedGrants\":[]},{\"itemId\":104108,\"name\":\"adls:delete\",\"label\":\"Delete\",\"impliedGrants\":[]},{\"itemId\":104109,\"name\":\"adls:delete-recursive\",\"label\":\"Delete Recursive\",\"impliedGrants\":[]},{\"itemId\":104110,\"name\":\"adls:list\",\"label\":\"List\",\"impliedGrants\":[]},{\"itemId\":104111,\"name\":\"adls:move\",\"label\":\"Move\",\"impliedGrants\":[]},{\"itemId\":104112,\"name\":\"adls:modify-permissions\",\"label\":\"Modify Permissions\",\"impliedGrants\":[]},{\"itemId\":105106,\"name\":\"kudu:select\",\"label\":\"SELECT\",\"impliedGrants\":[\"kudu:metadata\"]},{\"itemId\":105107,\"name\":\"kudu:insert\",\"label\":\"INSERT\",\"impliedGrants\":[\"kudu:metadata\"]},{\"itemId\":105108,\"name\":\"kudu:update\",\"label\":\"UPDATE\",\"impliedGrants\":[\"kudu:metadata\"]},{\"itemId\":105109,\"name\":\"kudu:delete\",\"label\":\"DELETE\",\"impliedGrants\":[\"kudu:metadata\"]},{\"itemId\":105110,\"name\":\"kudu:alter\",\"label\":\"ALTER\",\"impliedGrants\":[\"kudu:metadata\"]},{\"itemId\":105111,\"name\":\"kudu:create\",\"label\":\"CREATE\",\"impliedGrants\":[\"kudu:metadata\"]},{\"itemId\":105112,\"name\":\"kudu:drop\",\"label\":\"DROP\",\"impliedGrants\":[\"kudu:metadata\"]},{\"itemId\":105113,\"name\":\"kudu:metadata\",\"label\":\"METADATA\",\"impliedGrants\":[]},{\"itemId\":105114,\"name\":\"kudu:all\",\"label\":\"ALL\",\"impliedGrants\":[\"kudu:select\",\"kudu:insert\",\"kudu:update\",\"kudu:delete\",\"kudu:alter\",\"kudu:create\",\"kudu:drop\",\"kudu:metadata\"]},{\"itemId\":1002,\"name\":\"hdfs:read\",\"label\":\"Read\",\"impliedGrants\":[]},{\"itemId\":1003,\"name\":\"hdfs:write\",\"label\":\"Write\",\"impliedGrants\":[]},{\"itemId\":1004,\"name\":\"hdfs:execute\",\"label\":\"Execute\",\"impliedGrants\":[]},{\"itemId\":2003,\"name\":\"hbase:read\",\"label\":\"Read\",\"impliedGrants\":[]},{\"itemId\":2004,\"name\":\"hbase:write\",\"label\":\"Write\",\"impliedGrants\":[]},{\"itemId\":2005,\"name\":\"hbase:create\",\"label\":\"Create\",\"impliedGrants\":[]},{\"itemId\":2006,\"name\":\"hbase:admin\",\"label\":\"Admin\",\"impliedGrants\":[\"hbase:read\",\"hbase:write\",\"hbase:create\"]},{\"itemId\":2007,\"name\":\"hbase:execute\",\"label\":\"Execute\",\"impliedGrants\":[]},{\"itemId\":3004,\"name\":\"hive:select\",\"label\":\"select\",\"impliedGrants\":[]},{\"itemId\":3005,\"name\":\"hive:update\",\"label\":\"update\",\"impliedGrants\":[]},{\"itemId\":3006,\"name\":\"hive:create\",\"label\":\"Create\",\"impliedGrants\":[]},{\"itemId\":3007,\"name\":\"hive:drop\",\"label\":\"Drop\",\"impliedGrants\":[]},{\"itemId\":3008,\"name\":\"hive:alter\",\"label\":\"Alter\",\"impliedGrants\":[]},{\"itemId\":3009,\"name\":\"hive:index\",\"label\":\"Index\",\"impliedGrants\":[]},{\"itemId\":3010,\"name\":\"hive:lock\",\"label\":\"Lock\",\"impliedGrants\":[]},{\"itemId\":3011,\"name\":\"hive:all\",\"label\":\"All\",\"impliedGrants\":[\"hive:select\",\"hive:update\",\"hive:create\",\"hive:drop\",\"hive:alter\",\"hive:index\",\"hive:lock\",\"hive:read\",\"hive:write\",\"hive:repladmin\",\"hive:serviceadmin\",\"hive:refresh\"]},{\"itemId\":3012,\"name\":\"hive:read\",\"label\":\"Read\",\"impliedGrants\":[]},{\"itemId\":3013,\"name\":\"hive:write\",\"label\":\"Write\",\"impliedGrants\":[]},{\"itemId\":3014,\"name\":\"hive:repladmin\",\"label\":\"ReplAdmin\",\"impliedGrants\":[]},{\"itemId\":3015,\"name\":\"hive:serviceadmin\",\"label\":\"Service Admin\",\"impliedGrants\":[]},{\"itemId\":3016,\"name\":\"hive:tempudfadmin\",\"label\":\"Temporary UDF Admin\",\"impliedGrants\":[]},{\"itemId\":3017,\"name\":\"hive:refresh\",\"label\":\"Refresh\",\"impliedGrants\":[]},{\"itemId\":3018,\"name\":\"hive:rwstorage\",\"label\":\"RW Storage\",\"impliedGrants\":[]},{\"itemId\":4005,\"name\":\"yarn:submit-app\",\"label\":\"submit-app\",\"impliedGrants\":[]},{\"itemId\":4006,\"name\":\"yarn:admin-queue\",\"label\":\"admin-queue\",\"impliedGrants\":[\"yarn:submit-app\"]},{\"itemId\":5006,\"name\":\"knox:allow\",\"label\":\"Allow\",\"impliedGrants\":[]},{\"itemId\":7008,\"name\":\"kms:create\",\"label\":\"Create\",\"impliedGrants\":[]},{\"itemId\":7009,\"name\":\"kms:delete\",\"label\":\"Delete\",\"impliedGrants\":[]},{\"itemId\":7010,\"name\":\"kms:rollover\",\"label\":\"Rollover\",\"impliedGrants\":[]},{\"itemId\":7011,\"name\":\"kms:setkeymaterial\",\"label\":\"Set Key Material\",\"impliedGrants\":[]},{\"itemId\":7012,\"name\":\"kms:get\",\"label\":\"Get\",\"impliedGrants\":[]},{\"itemId\":7013,\"name\":\"kms:getkeys\",\"label\":\"Get Keys\",\"impliedGrants\":[]},{\"itemId\":7014,\"name\":\"kms:getmetadata\",\"label\":\"Get Metadata\",\"impliedGrants\":[]},{\"itemId\":7015,\"name\":\"kms:generateeek\",\"label\":\"Generate EEK\",\"impliedGrants\":[]},{\"itemId\":7016,\"name\":\"kms:decrypteek\",\"label\":\"Decrypt EEK\",\"impliedGrants\":[]},{\"itemId\":8108,\"name\":\"solr:query\",\"label\":\"Query\",\"impliedGrants\":[]},{\"itemId\":8208,\"name\":\"solr:update\",\"label\":\"Update\",\"impliedGrants\":[]},{\"itemId\":8308,\"name\":\"solr:others\",\"label\":\"Others\",\"impliedGrants\":[]},{\"itemId\":8908,\"name\":\"solr:solr_admin\",\"label\":\"Solr Admin\",\"impliedGrants\":[\"solr:query\",\"solr:update\",\"solr:others\"]},{\"itemId\":9010,\"name\":\"kafka:publish\",\"label\":\"Publish\",\"impliedGrants\":[\"kafka:describe\"]},{\"itemId\":9011,\"name\":\"kafka:consume\",\"label\":\"Consume\",\"impliedGrants\":[\"kafka:describe\"]},{\"itemId\":9014,\"name\":\"kafka:configure\",\"label\":\"Configure\",\"impliedGrants\":[\"kafka:describe\"]},{\"itemId\":9015,\"name\":\"kafka:describe\",\"label\":\"Describe\",\"impliedGrants\":[]},{\"itemId\":9016,\"name\":\"kafka:kafka_admin\",\"label\":\"Kafka Admin\",\"impliedGrants\":[\"kafka:publish\",\"kafka:consume\",\"kafka:configure\",\"kafka:describe\",\"kafka:create\",\"kafka:delete\",\"kafka:describe_configs\",\"kafka:alter_configs\",\"kafka:alter\",\"kafka:idempotent_write\",\"kafka:cluster_action\"]},{\"itemId\":9017,\"name\":\"kafka:create\",\"label\":\"Create\",\"impliedGrants\":[]},{\"itemId\":9018,\"name\":\"kafka:delete\",\"label\":\"Delete\",\"impliedGrants\":[\"kafka:describe\"]},{\"itemId\":9019,\"name\":\"kafka:idempotent_write\",\"label\":\"Idempotent Write\",\"impliedGrants\":[]},{\"itemId\":9020,\"name\":\"kafka:describe_configs\",\"label\":\"Describe Configs\",\"impliedGrants\":[]},{\"itemId\":9021,\"name\":\"kafka:alter_configs\",\"label\":\"Alter Configs\",\"impliedGrants\":[\"kafka:describe_configs\"]},{\"itemId\":9022,\"name\":\"kafka:cluster_action\",\"label\":\"Cluster Action\",\"impliedGrants\":[]},{\"itemId\":9023,\"name\":\"kafka:alter\",\"label\":\"Alter\",\"impliedGrants\":[]},{\"itemId\":10110,\"name\":\"nifi:READ\",\"label\":\"Read\",\"impliedGrants\":[]},{\"itemId\":10210,\"name\":\"nifi:WRITE\",\"label\":\"Write\",\"impliedGrants\":[]},{\"itemId\":13113,\"name\":\"nifi-registry:READ\",\"label\":\"Read\",\"impliedGrants\":[]},{\"itemId\":13213,\"name\":\"nifi-registry:WRITE\",\"label\":\"Write\",\"impliedGrants\":[]},{\"itemId\":13313,\"name\":\"nifi-registry:DELETE\",\"label\":\"Delete\",\"impliedGrants\":[]},{\"itemId\":15016,\"name\":\"atlas:type-create\",\"label\":\"Create Type\",\"impliedGrants\":[\"atlas:type-read\"]},{\"itemId\":15017,\"name\":\"atlas:type-update\",\"label\":\"Update Type\",\"impliedGrants\":[\"atlas:type-read\"]},{\"itemId\":15018,\"name\":\"atlas:type-delete\",\"label\":\"Delete Type\",\"impliedGrants\":[\"atlas:type-read\"]},{\"itemId\":15019,\"name\":\"atlas:entity-read\",\"label\":\"Read Entity\",\"impliedGrants\":[]},{\"itemId\":15020,\"name\":\"atlas:entity-create\",\"label\":\"Create Entity\",\"impliedGrants\":[]},{\"itemId\":15021,\"name\":\"atlas:entity-update\",\"label\":\"Update Entity\",\"impliedGrants\":[]},{\"itemId\":15022,\"name\":\"atlas:entity-delete\",\"label\":\"Delete Entity\",\"impliedGrants\":[]},{\"itemId\":15023,\"name\":\"atlas:entity-add-classification\",\"label\":\"Add Classification\",\"impliedGrants\":[]},{\"itemId\":15024,\"name\":\"atlas:entity-update-classification\",\"label\":\"Update Classification\",\"impliedGrants\":[]},{\"itemId\":15025,\"name\":\"atlas:entity-remove-classification\",\"label\":\"Remove Classification\",\"impliedGrants\":[]},{\"itemId\":15026,\"name\":\"atlas:admin-export\",\"label\":\"Admin Export\",\"impliedGrants\":[]},{\"itemId\":15027,\"name\":\"atlas:admin-import\",\"label\":\"Admin Import\",\"impliedGrants\":[]},{\"itemId\":15028,\"name\":\"atlas:add-relationship\",\"label\":\"Add Relationship\",\"impliedGrants\":[]},{\"itemId\":15029,\"name\":\"atlas:update-relationship\",\"label\":\"Update Relationship\",\"impliedGrants\":[]},{\"itemId\":15030,\"name\":\"atlas:remove-relationship\",\"label\":\"Remove Relationship\",\"impliedGrants\":[]},{\"itemId\":15031,\"name\":\"atlas:admin-purge\",\"label\":\"Admin Purge\",\"impliedGrants\":[]},{\"itemId\":15032,\"name\":\"atlas:entity-add-label\",\"label\":\"Add Label\",\"impliedGrants\":[]},{\"itemId\":15033,\"name\":\"atlas:entity-remove-label\",\"label\":\"Remove Label\",\"impliedGrants\":[]},{\"itemId\":15034,\"name\":\"atlas:entity-update-business-metadata\",\"label\":\"Update Business Metadata\",\"impliedGrants\":[]},{\"itemId\":15035,\"name\":\"atlas:type-read\",\"label\":\"Read Type\",\"impliedGrants\":[]},{\"itemId\":15036,\"name\":\"atlas:admin-audits\",\"label\":\"Admin Audits\",\"impliedGrants\":[]},{\"itemId\":201209,\"name\":\"ozone:all\",\"label\":\"All\",\"impliedGrants\":[\"ozone:read\",\"ozone:write\",\"ozone:create\",\"ozone:list\",\"ozone:delete\",\"ozone:read_acl\",\"ozone:write_acl\"]},{\"itemId\":201202,\"name\":\"ozone:read\",\"label\":\"Read\",\"impliedGrants\":[]},{\"itemId\":201203,\"name\":\"ozone:write\",\"label\":\"Write\",\"impliedGrants\":[]},{\"itemId\":201204,\"name\":\"ozone:create\",\"label\":\"Create\",\"impliedGrants\":[]},{\"itemId\":201205,\"name\":\"ozone:list\",\"label\":\"List\",\"impliedGrants\":[]},{\"itemId\":201206,\"name\":\"ozone:delete\",\"label\":\"Delete\",\"impliedGrants\":[]},{\"itemId\":201207,\"name\":\"ozone:read_acl\",\"label\":\"Read_ACL\",\"impliedGrants\":[]},{\"itemId\":201208,\"name\":\"ozone:write_acl\",\"label\":\"Write_ACL\",\"impliedGrants\":[]}],\"policyConditions\":[{\"itemId\":1,\"name\":\"accessed-after-expiry\",\"evaluator\":\"org.apache.ranger.plugin.conditionevaluator.RangerScriptTemplateConditionEvaluator\",\"evaluatorOptions\":{\"scriptTemplate\":\"ctx.isAccessedAfter(\'expiry_date\');\"},\"uiHint\":\"{ \\\"singleValue\\\":true }\",\"label\":\"Accessed after expiry_date (yes/no)?\",\"description\":\"Accessed after expiry_date? (yes/no)\"},{\"itemId\":2,\"name\":\"expression\",\"evaluator\":\"org.apache.ranger.plugin.conditionevaluator.RangerScriptConditionEvaluator\",\"evaluatorOptions\":{\"engineName\":\"JavaScript\",\"ui.isMultiline\":\"true\"},\"label\":\"Enter boolean expression\",\"description\":\"Boolean expression\"}],\"contextEnrichers\":[{\"itemId\":1,\"name\":\"TagEnricher\",\"enricher\":\"org.apache.ranger.plugin.contextenricher.RangerTagEnricher\",\"enricherOptions\":{\"tagRetrieverClassName\":\"org.apache.ranger.plugin.contextenricher.RangerAdminTagRetriever\",\"tagRefresherPollingInterval\":\"60000\"}}],\"enums\":[],\"dataMaskDef\":{\"maskTypes\":[{\"itemId\":3004,\"name\":\"hive:MASK\",\"label\":\"Redact\",\"description\":\"Replace lowercase with \'x\', uppercase with \'X\', digits with \'0\'\",\"transformer\":\"mask({col})\",\"dataMaskOptions\":{}},{\"itemId\":3005,\"name\":\"hive:MASK_SHOW_LAST_4\",\"label\":\"Partial mask: show last 4\",\"description\":\"Show last 4 characters; replace rest with \'x\'\",\"transformer\":\"mask_show_last_n({col}, 4, \'x\', \'x\', \'x\', -1, \'1\')\",\"dataMaskOptions\":{}},{\"itemId\":3006,\"name\":\"hive:MASK_SHOW_FIRST_4\",\"label\":\"Partial mask: show first 4\",\"description\":\"Show first 4 characters; replace rest with \'x\'\",\"transformer\":\"mask_show_first_n({col}, 4, \'x\', \'x\', \'x\', -1, \'1\')\",\"dataMaskOptions\":{}},{\"itemId\":3007,\"name\":\"hive:MASK_HASH\",\"label\":\"Hash\",\"description\":\"Hash the value\",\"transformer\":\"mask_hash({col})\",\"dataMaskOptions\":{}},{\"itemId\":3008,\"name\":\"hive:MASK_NULL\",\"label\":\"Nullify\",\"description\":\"Replace with NULL\",\"dataMaskOptions\":{}},{\"itemId\":3009,\"name\":\"hive:MASK_NONE\",\"label\":\"Unmasked (retain original value)\",\"description\":\"No masking\",\"dataMaskOptions\":{}},{\"itemId\":3015,\"name\":\"hive:MASK_DATE_SHOW_YEAR\",\"label\":\"Date: show only year\",\"description\":\"Date: show only year\",\"transformer\":\"mask({col}, \'x\', \'x\', \'x\', -1, \'1\', 1, 0, -1)\",\"dataMaskOptions\":{}},{\"itemId\":3016,\"name\":\"hive:CUSTOM\",\"label\":\"Custom\",\"description\":\"Custom\",\"dataMaskOptions\":{}}],\"accessTypes\":[{\"itemId\":3004,\"name\":\"hive:select\",\"label\":\"select\",\"impliedGrants\":[]}],\"resources\":[{\"itemId\":1,\"name\":\"tag\",\"type\":\"string\",\"level\":1,\"mandatory\":true,\"lookupSupported\":true,\"recursiveSupported\":false,\"excludesSupported\":false,\"matcher\":\"org.apache.ranger.plugin.resourcematcher.RangerDefaultResourceMatcher\",\"matcherOptions\":{\"__isValidLeaf\":\"true\",\"wildCard\":\"false\",\"__accessTypeRestrictions\":\"[]\",\"ignoreCase\":\"false\"},\"validationRegEx\":\"\",\"validationMessage\":\"\",\"uiHint\":\"{ \\\"singleValue\\\":true }\",\"label\":\"TAG\",\"description\":\"TAG\",\"accessTypeRestrictions\":[],\"isValidLeaf\":true}]},\"rowFilterDef\":{\"accessTypes\":[],\"resources\":[]}}'),(31,'2022-05-16 13:24:10','2022-05-16 13:24:10','0d047248-baff-4cf9-8e9e-d5d377284b2e',1033,100,'tag',16,'Update','2022-05-16 13:24:10',NULL,'{\"id\":100,\"guid\":\"0d047248-baff-4cf9-8e9e-d5d377284b2e\",\"isEnabled\":true,\"createTime\":1652732642000,\"updateTime\":1652732649398,\"version\":16,\"name\":\"tag\",\"displayName\":\"tag\",\"implClass\":\"org.apache.ranger.services.tag.RangerServiceTag\",\"label\":\"TAG\",\"description\":\"TAG Service Definition\",\"options\":{\"enableDenyAndExceptionsInPolicies\":\"true\",\"ui.pages\":\"tag-based-policies\"},\"configs\":[{\"itemId\":1,\"name\":\"ranger.plugin.audit.filters\",\"type\":\"string\",\"subType\":\"\",\"mandatory\":false,\"defaultValue\":\"[ {\'accessResult\': \'DENIED\', \'isAudited\': true} ]\",\"validationRegEx\":\"\",\"validationMessage\":\"\",\"uiHint\":\"\",\"label\":\"Ranger Default Audit Filters\"}],\"resources\":[{\"itemId\":1,\"name\":\"tag\",\"type\":\"string\",\"level\":1,\"mandatory\":true,\"lookupSupported\":true,\"recursiveSupported\":false,\"excludesSupported\":false,\"matcher\":\"org.apache.ranger.plugin.resourcematcher.RangerDefaultResourceMatcher\",\"matcherOptions\":{\"wildCard\":\"false\",\"ignoreCase\":\"false\"},\"validationRegEx\":\"\",\"validationMessage\":\"\",\"uiHint\":\"{ \\\"singleValue\\\":true }\",\"label\":\"TAG\",\"description\":\"TAG\",\"accessTypeRestrictions\":[],\"isValidLeaf\":true}],\"accessTypes\":[{\"itemId\":104105,\"name\":\"adls:read\",\"label\":\"Read\",\"impliedGrants\":[\"adls:execute\"]},{\"itemId\":104106,\"name\":\"adls:write\",\"label\":\"Write\",\"impliedGrants\":[]},{\"itemId\":104107,\"name\":\"adls:execute\",\"label\":\"Execute\",\"impliedGrants\":[]},{\"itemId\":104108,\"name\":\"adls:delete\",\"label\":\"Delete\",\"impliedGrants\":[]},{\"itemId\":104109,\"name\":\"adls:delete-recursive\",\"label\":\"Delete Recursive\",\"impliedGrants\":[]},{\"itemId\":104110,\"name\":\"adls:list\",\"label\":\"List\",\"impliedGrants\":[]},{\"itemId\":104111,\"name\":\"adls:move\",\"label\":\"Move\",\"impliedGrants\":[]},{\"itemId\":104112,\"name\":\"adls:modify-permissions\",\"label\":\"Modify Permissions\",\"impliedGrants\":[]},{\"itemId\":105106,\"name\":\"kudu:select\",\"label\":\"SELECT\",\"impliedGrants\":[\"kudu:metadata\"]},{\"itemId\":105107,\"name\":\"kudu:insert\",\"label\":\"INSERT\",\"impliedGrants\":[\"kudu:metadata\"]},{\"itemId\":105108,\"name\":\"kudu:update\",\"label\":\"UPDATE\",\"impliedGrants\":[\"kudu:metadata\"]},{\"itemId\":105109,\"name\":\"kudu:delete\",\"label\":\"DELETE\",\"impliedGrants\":[\"kudu:metadata\"]},{\"itemId\":105110,\"name\":\"kudu:alter\",\"label\":\"ALTER\",\"impliedGrants\":[\"kudu:metadata\"]},{\"itemId\":105111,\"name\":\"kudu:create\",\"label\":\"CREATE\",\"impliedGrants\":[\"kudu:metadata\"]},{\"itemId\":105112,\"name\":\"kudu:drop\",\"label\":\"DROP\",\"impliedGrants\":[\"kudu:metadata\"]},{\"itemId\":105113,\"name\":\"kudu:metadata\",\"label\":\"METADATA\",\"impliedGrants\":[]},{\"itemId\":105114,\"name\":\"kudu:all\",\"label\":\"ALL\",\"impliedGrants\":[\"kudu:select\",\"kudu:insert\",\"kudu:update\",\"kudu:delete\",\"kudu:alter\",\"kudu:create\",\"kudu:drop\",\"kudu:metadata\"]},{\"itemId\":1002,\"name\":\"hdfs:read\",\"label\":\"Read\",\"impliedGrants\":[]},{\"itemId\":1003,\"name\":\"hdfs:write\",\"label\":\"Write\",\"impliedGrants\":[]},{\"itemId\":1004,\"name\":\"hdfs:execute\",\"label\":\"Execute\",\"impliedGrants\":[]},{\"itemId\":2003,\"name\":\"hbase:read\",\"label\":\"Read\",\"impliedGrants\":[]},{\"itemId\":2004,\"name\":\"hbase:write\",\"label\":\"Write\",\"impliedGrants\":[]},{\"itemId\":2005,\"name\":\"hbase:create\",\"label\":\"Create\",\"impliedGrants\":[]},{\"itemId\":2006,\"name\":\"hbase:admin\",\"label\":\"Admin\",\"impliedGrants\":[\"hbase:read\",\"hbase:write\",\"hbase:create\"]},{\"itemId\":2007,\"name\":\"hbase:execute\",\"label\":\"Execute\",\"impliedGrants\":[]},{\"itemId\":3004,\"name\":\"hive:select\",\"label\":\"select\",\"impliedGrants\":[]},{\"itemId\":3005,\"name\":\"hive:update\",\"label\":\"update\",\"impliedGrants\":[]},{\"itemId\":3006,\"name\":\"hive:create\",\"label\":\"Create\",\"impliedGrants\":[]},{\"itemId\":3007,\"name\":\"hive:drop\",\"label\":\"Drop\",\"impliedGrants\":[]},{\"itemId\":3008,\"name\":\"hive:alter\",\"label\":\"Alter\",\"impliedGrants\":[]},{\"itemId\":3009,\"name\":\"hive:index\",\"label\":\"Index\",\"impliedGrants\":[]},{\"itemId\":3010,\"name\":\"hive:lock\",\"label\":\"Lock\",\"impliedGrants\":[]},{\"itemId\":3011,\"name\":\"hive:all\",\"label\":\"All\",\"impliedGrants\":[\"hive:select\",\"hive:update\",\"hive:create\",\"hive:drop\",\"hive:alter\",\"hive:index\",\"hive:lock\",\"hive:read\",\"hive:write\",\"hive:repladmin\",\"hive:serviceadmin\",\"hive:refresh\"]},{\"itemId\":3012,\"name\":\"hive:read\",\"label\":\"Read\",\"impliedGrants\":[]},{\"itemId\":3013,\"name\":\"hive:write\",\"label\":\"Write\",\"impliedGrants\":[]},{\"itemId\":3014,\"name\":\"hive:repladmin\",\"label\":\"ReplAdmin\",\"impliedGrants\":[]},{\"itemId\":3015,\"name\":\"hive:serviceadmin\",\"label\":\"Service Admin\",\"impliedGrants\":[]},{\"itemId\":3016,\"name\":\"hive:tempudfadmin\",\"label\":\"Temporary UDF Admin\",\"impliedGrants\":[]},{\"itemId\":3017,\"name\":\"hive:refresh\",\"label\":\"Refresh\",\"impliedGrants\":[]},{\"itemId\":3018,\"name\":\"hive:rwstorage\",\"label\":\"RW Storage\",\"impliedGrants\":[]},{\"itemId\":4005,\"name\":\"yarn:submit-app\",\"label\":\"submit-app\",\"impliedGrants\":[]},{\"itemId\":4006,\"name\":\"yarn:admin-queue\",\"label\":\"admin-queue\",\"impliedGrants\":[\"yarn:submit-app\"]},{\"itemId\":5006,\"name\":\"knox:allow\",\"label\":\"Allow\",\"impliedGrants\":[]},{\"itemId\":7008,\"name\":\"kms:create\",\"label\":\"Create\",\"impliedGrants\":[]},{\"itemId\":7009,\"name\":\"kms:delete\",\"label\":\"Delete\",\"impliedGrants\":[]},{\"itemId\":7010,\"name\":\"kms:rollover\",\"label\":\"Rollover\",\"impliedGrants\":[]},{\"itemId\":7011,\"name\":\"kms:setkeymaterial\",\"label\":\"Set Key Material\",\"impliedGrants\":[]},{\"itemId\":7012,\"name\":\"kms:get\",\"label\":\"Get\",\"impliedGrants\":[]},{\"itemId\":7013,\"name\":\"kms:getkeys\",\"label\":\"Get Keys\",\"impliedGrants\":[]},{\"itemId\":7014,\"name\":\"kms:getmetadata\",\"label\":\"Get Metadata\",\"impliedGrants\":[]},{\"itemId\":7015,\"name\":\"kms:generateeek\",\"label\":\"Generate EEK\",\"impliedGrants\":[]},{\"itemId\":7016,\"name\":\"kms:decrypteek\",\"label\":\"Decrypt EEK\",\"impliedGrants\":[]},{\"itemId\":8108,\"name\":\"solr:query\",\"label\":\"Query\",\"impliedGrants\":[]},{\"itemId\":8208,\"name\":\"solr:update\",\"label\":\"Update\",\"impliedGrants\":[]},{\"itemId\":8308,\"name\":\"solr:others\",\"label\":\"Others\",\"impliedGrants\":[]},{\"itemId\":8908,\"name\":\"solr:solr_admin\",\"label\":\"Solr Admin\",\"impliedGrants\":[\"solr:query\",\"solr:update\",\"solr:others\"]},{\"itemId\":9010,\"name\":\"kafka:publish\",\"label\":\"Publish\",\"impliedGrants\":[\"kafka:describe\"]},{\"itemId\":9011,\"name\":\"kafka:consume\",\"label\":\"Consume\",\"impliedGrants\":[\"kafka:describe\"]},{\"itemId\":9014,\"name\":\"kafka:configure\",\"label\":\"Configure\",\"impliedGrants\":[\"kafka:describe\"]},{\"itemId\":9015,\"name\":\"kafka:describe\",\"label\":\"Describe\",\"impliedGrants\":[]},{\"itemId\":9016,\"name\":\"kafka:kafka_admin\",\"label\":\"Kafka Admin\",\"impliedGrants\":[\"kafka:publish\",\"kafka:consume\",\"kafka:configure\",\"kafka:describe\",\"kafka:create\",\"kafka:delete\",\"kafka:describe_configs\",\"kafka:alter_configs\",\"kafka:alter\",\"kafka:idempotent_write\",\"kafka:cluster_action\"]},{\"itemId\":9017,\"name\":\"kafka:create\",\"label\":\"Create\",\"impliedGrants\":[]},{\"itemId\":9018,\"name\":\"kafka:delete\",\"label\":\"Delete\",\"impliedGrants\":[\"kafka:describe\"]},{\"itemId\":9019,\"name\":\"kafka:idempotent_write\",\"label\":\"Idempotent Write\",\"impliedGrants\":[]},{\"itemId\":9020,\"name\":\"kafka:describe_configs\",\"label\":\"Describe Configs\",\"impliedGrants\":[]},{\"itemId\":9021,\"name\":\"kafka:alter_configs\",\"label\":\"Alter Configs\",\"impliedGrants\":[\"kafka:describe_configs\"]},{\"itemId\":9022,\"name\":\"kafka:cluster_action\",\"label\":\"Cluster Action\",\"impliedGrants\":[]},{\"itemId\":9023,\"name\":\"kafka:alter\",\"label\":\"Alter\",\"impliedGrants\":[]},{\"itemId\":10110,\"name\":\"nifi:READ\",\"label\":\"Read\",\"impliedGrants\":[]},{\"itemId\":10210,\"name\":\"nifi:WRITE\",\"label\":\"Write\",\"impliedGrants\":[]},{\"itemId\":13113,\"name\":\"nifi-registry:READ\",\"label\":\"Read\",\"impliedGrants\":[]},{\"itemId\":13213,\"name\":\"nifi-registry:WRITE\",\"label\":\"Write\",\"impliedGrants\":[]},{\"itemId\":13313,\"name\":\"nifi-registry:DELETE\",\"label\":\"Delete\",\"impliedGrants\":[]},{\"itemId\":15016,\"name\":\"atlas:type-create\",\"label\":\"Create Type\",\"impliedGrants\":[\"atlas:type-read\"]},{\"itemId\":15017,\"name\":\"atlas:type-update\",\"label\":\"Update Type\",\"impliedGrants\":[\"atlas:type-read\"]},{\"itemId\":15018,\"name\":\"atlas:type-delete\",\"label\":\"Delete Type\",\"impliedGrants\":[\"atlas:type-read\"]},{\"itemId\":15019,\"name\":\"atlas:entity-read\",\"label\":\"Read Entity\",\"impliedGrants\":[]},{\"itemId\":15020,\"name\":\"atlas:entity-create\",\"label\":\"Create Entity\",\"impliedGrants\":[]},{\"itemId\":15021,\"name\":\"atlas:entity-update\",\"label\":\"Update Entity\",\"impliedGrants\":[]},{\"itemId\":15022,\"name\":\"atlas:entity-delete\",\"label\":\"Delete Entity\",\"impliedGrants\":[]},{\"itemId\":15023,\"name\":\"atlas:entity-add-classification\",\"label\":\"Add Classification\",\"impliedGrants\":[]},{\"itemId\":15024,\"name\":\"atlas:entity-update-classification\",\"label\":\"Update Classification\",\"impliedGrants\":[]},{\"itemId\":15025,\"name\":\"atlas:entity-remove-classification\",\"label\":\"Remove Classification\",\"impliedGrants\":[]},{\"itemId\":15026,\"name\":\"atlas:admin-export\",\"label\":\"Admin Export\",\"impliedGrants\":[]},{\"itemId\":15027,\"name\":\"atlas:admin-import\",\"label\":\"Admin Import\",\"impliedGrants\":[]},{\"itemId\":15028,\"name\":\"atlas:add-relationship\",\"label\":\"Add Relationship\",\"impliedGrants\":[]},{\"itemId\":15029,\"name\":\"atlas:update-relationship\",\"label\":\"Update Relationship\",\"impliedGrants\":[]},{\"itemId\":15030,\"name\":\"atlas:remove-relationship\",\"label\":\"Remove Relationship\",\"impliedGrants\":[]},{\"itemId\":15031,\"name\":\"atlas:admin-purge\",\"label\":\"Admin Purge\",\"impliedGrants\":[]},{\"itemId\":15032,\"name\":\"atlas:entity-add-label\",\"label\":\"Add Label\",\"impliedGrants\":[]},{\"itemId\":15033,\"name\":\"atlas:entity-remove-label\",\"label\":\"Remove Label\",\"impliedGrants\":[]},{\"itemId\":15034,\"name\":\"atlas:entity-update-business-metadata\",\"label\":\"Update Business Metadata\",\"impliedGrants\":[]},{\"itemId\":15035,\"name\":\"atlas:type-read\",\"label\":\"Read Type\",\"impliedGrants\":[]},{\"itemId\":15036,\"name\":\"atlas:admin-audits\",\"label\":\"Admin Audits\",\"impliedGrants\":[]},{\"itemId\":201209,\"name\":\"ozone:all\",\"label\":\"All\",\"impliedGrants\":[\"ozone:read\",\"ozone:write\",\"ozone:create\",\"ozone:list\",\"ozone:delete\",\"ozone:read_acl\",\"ozone:write_acl\"]},{\"itemId\":201202,\"name\":\"ozone:read\",\"label\":\"Read\",\"impliedGrants\":[]},{\"itemId\":201203,\"name\":\"ozone:write\",\"label\":\"Write\",\"impliedGrants\":[]},{\"itemId\":201204,\"name\":\"ozone:create\",\"label\":\"Create\",\"impliedGrants\":[]},{\"itemId\":201205,\"name\":\"ozone:list\",\"label\":\"List\",\"impliedGrants\":[]},{\"itemId\":201206,\"name\":\"ozone:delete\",\"label\":\"Delete\",\"impliedGrants\":[]},{\"itemId\":201207,\"name\":\"ozone:read_acl\",\"label\":\"Read_ACL\",\"impliedGrants\":[]},{\"itemId\":201208,\"name\":\"ozone:write_acl\",\"label\":\"Write_ACL\",\"impliedGrants\":[]},{\"itemId\":202203,\"name\":\"schema-registry:create\",\"label\":\"Create\",\"impliedGrants\":[]},{\"itemId\":202204,\"name\":\"schema-registry:read\",\"label\":\"Read\",\"impliedGrants\":[]},{\"itemId\":202205,\"name\":\"schema-registry:update\",\"label\":\"Update\",\"impliedGrants\":[]},{\"itemId\":202206,\"name\":\"schema-registry:delete\",\"label\":\"Delete\",\"impliedGrants\":[]}],\"policyConditions\":[{\"itemId\":1,\"name\":\"accessed-after-expiry\",\"evaluator\":\"org.apache.ranger.plugin.conditionevaluator.RangerScriptTemplateConditionEvaluator\",\"evaluatorOptions\":{\"scriptTemplate\":\"ctx.isAccessedAfter(\'expiry_date\');\"},\"uiHint\":\"{ \\\"singleValue\\\":true }\",\"label\":\"Accessed after expiry_date (yes/no)?\",\"description\":\"Accessed after expiry_date? (yes/no)\"},{\"itemId\":2,\"name\":\"expression\",\"evaluator\":\"org.apache.ranger.plugin.conditionevaluator.RangerScriptConditionEvaluator\",\"evaluatorOptions\":{\"engineName\":\"JavaScript\",\"ui.isMultiline\":\"true\"},\"label\":\"Enter boolean expression\",\"description\":\"Boolean expression\"}],\"contextEnrichers\":[{\"itemId\":1,\"name\":\"TagEnricher\",\"enricher\":\"org.apache.ranger.plugin.contextenricher.RangerTagEnricher\",\"enricherOptions\":{\"tagRetrieverClassName\":\"org.apache.ranger.plugin.contextenricher.RangerAdminTagRetriever\",\"tagRefresherPollingInterval\":\"60000\"}}],\"enums\":[],\"dataMaskDef\":{\"maskTypes\":[{\"itemId\":3004,\"name\":\"hive:MASK\",\"label\":\"Redact\",\"description\":\"Replace lowercase with \'x\', uppercase with \'X\', digits with \'0\'\",\"transformer\":\"mask({col})\",\"dataMaskOptions\":{}},{\"itemId\":3005,\"name\":\"hive:MASK_SHOW_LAST_4\",\"label\":\"Partial mask: show last 4\",\"description\":\"Show last 4 characters; replace rest with \'x\'\",\"transformer\":\"mask_show_last_n({col}, 4, \'x\', \'x\', \'x\', -1, \'1\')\",\"dataMaskOptions\":{}},{\"itemId\":3006,\"name\":\"hive:MASK_SHOW_FIRST_4\",\"label\":\"Partial mask: show first 4\",\"description\":\"Show first 4 characters; replace rest with \'x\'\",\"transformer\":\"mask_show_first_n({col}, 4, \'x\', \'x\', \'x\', -1, \'1\')\",\"dataMaskOptions\":{}},{\"itemId\":3007,\"name\":\"hive:MASK_HASH\",\"label\":\"Hash\",\"description\":\"Hash the value\",\"transformer\":\"mask_hash({col})\",\"dataMaskOptions\":{}},{\"itemId\":3008,\"name\":\"hive:MASK_NULL\",\"label\":\"Nullify\",\"description\":\"Replace with NULL\",\"dataMaskOptions\":{}},{\"itemId\":3009,\"name\":\"hive:MASK_NONE\",\"label\":\"Unmasked (retain original value)\",\"description\":\"No masking\",\"dataMaskOptions\":{}},{\"itemId\":3015,\"name\":\"hive:MASK_DATE_SHOW_YEAR\",\"label\":\"Date: show only year\",\"description\":\"Date: show only year\",\"transformer\":\"mask({col}, \'x\', \'x\', \'x\', -1, \'1\', 1, 0, -1)\",\"dataMaskOptions\":{}},{\"itemId\":3016,\"name\":\"hive:CUSTOM\",\"label\":\"Custom\",\"description\":\"Custom\",\"dataMaskOptions\":{}}],\"accessTypes\":[{\"itemId\":3004,\"name\":\"hive:select\",\"label\":\"select\",\"impliedGrants\":[]}],\"resources\":[{\"itemId\":1,\"name\":\"tag\",\"type\":\"string\",\"level\":1,\"mandatory\":true,\"lookupSupported\":true,\"recursiveSupported\":false,\"excludesSupported\":false,\"matcher\":\"org.apache.ranger.plugin.resourcematcher.RangerDefaultResourceMatcher\",\"matcherOptions\":{\"__isValidLeaf\":\"true\",\"wildCard\":\"false\",\"__accessTypeRestrictions\":\"[]\",\"ignoreCase\":\"false\"},\"validationRegEx\":\"\",\"validationMessage\":\"\",\"uiHint\":\"{ \\\"singleValue\\\":true }\",\"label\":\"TAG\",\"description\":\"TAG\",\"accessTypeRestrictions\":[],\"isValidLeaf\":true}]},\"rowFilterDef\":{\"accessTypes\":[],\"resources\":[]}}'),(32,'2022-05-16 13:25:00','2022-05-16 13:25:01','13db2100-1d22-4bff-b96b-a123b2f2c68f',1030,1,'cm_hdfs',1,'Create','2022-05-16 13:25:00','2022-05-16 13:25:01','{\"id\":1,\"guid\":\"13db2100-1d22-4bff-b96b-a123b2f2c68f\",\"isEnabled\":true,\"createdBy\":\"Admin\",\"updatedBy\":\"Admin\",\"createTime\":1652707500394,\"updateTime\":1652707500397,\"version\":1,\"type\":\"hdfs\",\"name\":\"cm_hdfs\",\"displayName\":\"cm_hdfs\",\"description\":\"Hdfs repo\",\"configs\":{\"tag.download.auth.users\":\"hdfs\",\"password\":\"*****\",\"policy.download.auth.users\":\"hdfs\",\"hadoop.security.authentication\":\"kerberos\",\"hadoop.rpc.protection\":\"privacy\",\"fs.default.name\":\"hdfs://my-name-service\",\"hadoop.security.authorization\":\"true\",\"ranger.plugin.audit.filters\":\"[{\'accessResult\': \'DENIED\', \'isAudited\': true}, {\'actions\':[\'delete\',\'rename\'],\'isAudited\':true}, {\'users\':[\'hdfs\'], \'actions\': [\'listStatus\', \'getfileinfo\', \'listCachePools\', \'listCacheDirectives\', \'listCorruptFileBlocks\', \'monitorHealth\', \'rollEditLog\', \'open\'], \'isAudited\': false}, {\'users\': [\'oozie\'],\'resources\': {\'path\': {\'values\': [\'/user/oozie/share/lib\'],\'isRecursive\': true}},\'isAudited\': false},{\'users\': [\'spark\'],\'resources\': {\'path\': {\'values\': [\'/user/spark/applicationHistory\'],\'isRecursive\': true}},\'isAudited\': false},{\'users\': [\'hue\'],\'resources\': {\'path\': {\'values\': [\'/user/hue\'],\'isRecursive\': true}},\'isAudited\': false},{\'users\': [\'hbase\'],\'resources\': {\'path\': {\'values\': [\'/hbase\'],\'isRecursive\': true}},\'isAudited\': false},{\'users\': [\'mapred\'],\'resources\': {\'path\': {\'values\': [\'/user/history\'],\'isRecursive\': true}},\'isAudited\': false}, {\'actions\': [\'getfileinfo\'], \'isAudited\':false} ]\",\"username\":\"hdfs\"},\"policyVersion\":1,\"policyUpdateTime\":1652707500400,\"tagVersion\":1,\"tagUpdateTime\":1652707500400}'),(33,'2022-05-16 13:25:00','2022-05-18 10:22:18','e3b6113f-e7d8-4b5d-a07c-1614c27b226d',1020,1,'all - path',1,'Create','2022-05-16 13:25:00','2022-05-18 10:22:18','{\"id\":1,\"guid\":\"e3b6113f-e7d8-4b5d-a07c-1614c27b226d\",\"isEnabled\":true,\"createdBy\":\"Admin\",\"updatedBy\":\"Admin\",\"createTime\":1652707500605,\"updateTime\":1652707500625,\"version\":1,\"service\":\"cm_hdfs\",\"name\":\"all - path\",\"policyType\":0,\"policyPriority\":0,\"description\":\"Policy for all - path\",\"resourceSignature\":\"dfe81e379022be6cadb1665e2a3883824f2bc09626557a32efa3a236609005b6\",\"isAuditEnabled\":true,\"resources\":{\"path\":{\"values\":[\"/*\"],\"isExcludes\":false,\"isRecursive\":true}},\"policyItems\":[{\"accesses\":[{\"type\":\"read\",\"isAllowed\":true},{\"type\":\"write\",\"isAllowed\":true},{\"type\":\"execute\",\"isAllowed\":true}],\"users\":[\"hdfs\"],\"groups\":[],\"roles\":[],\"conditions\":[],\"delegateAdmin\":true},{\"accesses\":[{\"type\":\"read\",\"isAllowed\":true}],\"users\":[\"rangerlookup\"],\"groups\":[],\"roles\":[],\"conditions\":[],\"delegateAdmin\":false}],\"denyPolicyItems\":[],\"allowExceptions\":[],\"denyExceptions\":[],\"dataMaskPolicyItems\":[],\"rowFilterPolicyItems\":[],\"serviceType\":\"hdfs\",\"options\":{},\"validitySchedules\":[],\"policyLabels\":[],\"zoneName\":\"\",\"isDenyAllElse\":false}'),(34,'2022-05-16 13:25:00','2022-05-16 13:25:00','a2ebd492-ae18-4c9e-93ee-0dc5f1971091',1020,2,'kms-audit-path',1,'Create','2022-05-16 13:25:00',NULL,'{\"id\":2,\"guid\":\"a2ebd492-ae18-4c9e-93ee-0dc5f1971091\",\"isEnabled\":true,\"createdBy\":\"Admin\",\"updatedBy\":\"Admin\",\"createTime\":1652707500759,\"updateTime\":1652707500761,\"version\":1,\"service\":\"cm_hdfs\",\"name\":\"kms-audit-path\",\"policyType\":0,\"policyPriority\":0,\"description\":\"Policy for kms-audit-path\",\"resourceSignature\":\"b349a238ab1cea962a44878de9da2231537b5b1ab65006ca892565679d6ab1e0\",\"isAuditEnabled\":true,\"resources\":{\"path\":{\"values\":[\"/ranger/audit/kms\"],\"isExcludes\":false,\"isRecursive\":true}},\"policyItems\":[{\"accesses\":[{\"type\":\"read\",\"isAllowed\":true},{\"type\":\"write\",\"isAllowed\":true},{\"type\":\"execute\",\"isAllowed\":true}],\"users\":[\"keyadmin\"],\"groups\":[],\"roles\":[],\"conditions\":[],\"delegateAdmin\":false}],\"denyPolicyItems\":[],\"allowExceptions\":[],\"denyExceptions\":[],\"dataMaskPolicyItems\":[],\"rowFilterPolicyItems\":[],\"serviceType\":\"hdfs\",\"options\":{},\"validitySchedules\":[],\"policyLabels\":[],\"zoneName\":\"\",\"isDenyAllElse\":false}'),(35,'2022-05-16 13:25:00','2022-05-16 13:25:00','c38f8fdc-c446-4dac-b1cc-5cfdd97df606',1030,2,'cm_tag',1,'Create','2022-05-16 13:25:00',NULL,'{\"id\":2,\"guid\":\"c38f8fdc-c446-4dac-b1cc-5cfdd97df606\",\"isEnabled\":true,\"createdBy\":\"Admin\",\"updatedBy\":\"Admin\",\"createTime\":1652707500844,\"updateTime\":1652707500845,\"version\":1,\"type\":\"tag\",\"name\":\"cm_tag\",\"displayName\":\"cm_tag\",\"configs\":{\"ranger.plugin.audit.filters\":\"[ {\'accessResult\': \'DENIED\', \'isAudited\': true} ]\"},\"policyVersion\":1,\"policyUpdateTime\":1652707500849,\"tagVersion\":1,\"tagUpdateTime\":1652707500849}'),(36,'2022-05-16 13:25:01','2022-05-16 13:25:01','37980663-c450-45bf-b17b-6736e5e1117c',1020,3,'EXPIRES_ON',1,'Create','2022-05-16 13:25:01',NULL,'{\"id\":3,\"guid\":\"37980663-c450-45bf-b17b-6736e5e1117c\",\"isEnabled\":true,\"createdBy\":\"Admin\",\"updatedBy\":\"Admin\",\"createTime\":1652707500965,\"updateTime\":1652707500971,\"version\":1,\"service\":\"cm_tag\",\"name\":\"EXPIRES_ON\",\"policyType\":0,\"policyPriority\":0,\"description\":\"Policy for data with EXPIRES_ON tag\",\"resourceSignature\":\"2d8c4c28be705d39c7f0665466adf8ffdb0bc845a0b6d87e7c7abdd793e449a9\",\"isAuditEnabled\":true,\"resources\":{\"tag\":{\"values\":[\"EXPIRES_ON\"],\"isExcludes\":false,\"isRecursive\":false}},\"policyItems\":[],\"denyPolicyItems\":[{\"accesses\":[{\"type\":\"adls:read\",\"isAllowed\":true},{\"type\":\"adls:write\",\"isAllowed\":true},{\"type\":\"adls:execute\",\"isAllowed\":true},{\"type\":\"adls:delete\",\"isAllowed\":true},{\"type\":\"adls:delete-recursive\",\"isAllowed\":true},{\"type\":\"adls:list\",\"isAllowed\":true},{\"type\":\"adls:move\",\"isAllowed\":true},{\"type\":\"adls:modify-permissions\",\"isAllowed\":true},{\"type\":\"kudu:select\",\"isAllowed\":true},{\"type\":\"kudu:insert\",\"isAllowed\":true},{\"type\":\"kudu:update\",\"isAllowed\":true},{\"type\":\"kudu:delete\",\"isAllowed\":true},{\"type\":\"kudu:alter\",\"isAllowed\":true},{\"type\":\"kudu:create\",\"isAllowed\":true},{\"type\":\"kudu:drop\",\"isAllowed\":true},{\"type\":\"kudu:metadata\",\"isAllowed\":true},{\"type\":\"kudu:all\",\"isAllowed\":true},{\"type\":\"hdfs:read\",\"isAllowed\":true},{\"type\":\"hdfs:write\",\"isAllowed\":true},{\"type\":\"hdfs:execute\",\"isAllowed\":true},{\"type\":\"hbase:read\",\"isAllowed\":true},{\"type\":\"hbase:write\",\"isAllowed\":true},{\"type\":\"hbase:create\",\"isAllowed\":true},{\"type\":\"hbase:admin\",\"isAllowed\":true},{\"type\":\"hbase:execute\",\"isAllowed\":true},{\"type\":\"hive:select\",\"isAllowed\":true},{\"type\":\"hive:update\",\"isAllowed\":true},{\"type\":\"hive:create\",\"isAllowed\":true},{\"type\":\"hive:drop\",\"isAllowed\":true},{\"type\":\"hive:alter\",\"isAllowed\":true},{\"type\":\"hive:index\",\"isAllowed\":true},{\"type\":\"hive:lock\",\"isAllowed\":true},{\"type\":\"hive:all\",\"isAllowed\":true},{\"type\":\"hive:read\",\"isAllowed\":true},{\"type\":\"hive:write\",\"isAllowed\":true},{\"type\":\"hive:repladmin\",\"isAllowed\":true},{\"type\":\"hive:serviceadmin\",\"isAllowed\":true},{\"type\":\"hive:tempudfadmin\",\"isAllowed\":true},{\"type\":\"hive:refresh\",\"isAllowed\":true},{\"type\":\"hive:rwstorage\",\"isAllowed\":true},{\"type\":\"yarn:submit-app\",\"isAllowed\":true},{\"type\":\"yarn:admin-queue\",\"isAllowed\":true},{\"type\":\"knox:allow\",\"isAllowed\":true},{\"type\":\"kms:create\",\"isAllowed\":true},{\"type\":\"kms:delete\",\"isAllowed\":true},{\"type\":\"kms:rollover\",\"isAllowed\":true},{\"type\":\"kms:setkeymaterial\",\"isAllowed\":true},{\"type\":\"kms:get\",\"isAllowed\":true},{\"type\":\"kms:getkeys\",\"isAllowed\":true},{\"type\":\"kms:getmetadata\",\"isAllowed\":true},{\"type\":\"kms:generateeek\",\"isAllowed\":true},{\"type\":\"kms:decrypteek\",\"isAllowed\":true},{\"type\":\"solr:query\",\"isAllowed\":true},{\"type\":\"solr:update\",\"isAllowed\":true},{\"type\":\"solr:others\",\"isAllowed\":true},{\"type\":\"solr:solr_admin\",\"isAllowed\":true},{\"type\":\"kafka:publish\",\"isAllowed\":true},{\"type\":\"kafka:consume\",\"isAllowed\":true},{\"type\":\"kafka:configure\",\"isAllowed\":true},{\"type\":\"kafka:describe\",\"isAllowed\":true},{\"type\":\"kafka:kafka_admin\",\"isAllowed\":true},{\"type\":\"kafka:create\",\"isAllowed\":true},{\"type\":\"kafka:delete\",\"isAllowed\":true},{\"type\":\"kafka:idempotent_write\",\"isAllowed\":true},{\"type\":\"kafka:describe_configs\",\"isAllowed\":true},{\"type\":\"kafka:alter_configs\",\"isAllowed\":true},{\"type\":\"kafka:cluster_action\",\"isAllowed\":true},{\"type\":\"kafka:alter\",\"isAllowed\":true},{\"type\":\"nifi:READ\",\"isAllowed\":true},{\"type\":\"nifi:WRITE\",\"isAllowed\":true},{\"type\":\"nifi-registry:READ\",\"isAllowed\":true},{\"type\":\"nifi-registry:WRITE\",\"isAllowed\":true},{\"type\":\"nifi-registry:DELETE\",\"isAllowed\":true},{\"type\":\"atlas:type-create\",\"isAllowed\":true},{\"type\":\"atlas:type-update\",\"isAllowed\":true},{\"type\":\"atlas:type-delete\",\"isAllowed\":true},{\"type\":\"atlas:entity-read\",\"isAllowed\":true},{\"type\":\"atlas:entity-create\",\"isAllowed\":true},{\"type\":\"atlas:entity-update\",\"isAllowed\":true},{\"type\":\"atlas:entity-delete\",\"isAllowed\":true},{\"type\":\"atlas:entity-add-classification\",\"isAllowed\":true},{\"type\":\"atlas:entity-update-classification\",\"isAllowed\":true},{\"type\":\"atlas:entity-remove-classification\",\"isAllowed\":true},{\"type\":\"atlas:admin-export\",\"isAllowed\":true},{\"type\":\"atlas:admin-import\",\"isAllowed\":true},{\"type\":\"atlas:add-relationship\",\"isAllowed\":true},{\"type\":\"atlas:update-relationship\",\"isAllowed\":true},{\"type\":\"atlas:remove-relationship\",\"isAllowed\":true},{\"type\":\"atlas:admin-purge\",\"isAllowed\":true},{\"type\":\"atlas:entity-add-label\",\"isAllowed\":true},{\"type\":\"atlas:entity-remove-label\",\"isAllowed\":true},{\"type\":\"atlas:entity-update-business-metadata\",\"isAllowed\":true},{\"type\":\"atlas:type-read\",\"isAllowed\":true},{\"type\":\"atlas:admin-audits\",\"isAllowed\":true},{\"type\":\"ozone:all\",\"isAllowed\":true},{\"type\":\"ozone:read\",\"isAllowed\":true},{\"type\":\"ozone:write\",\"isAllowed\":true},{\"type\":\"ozone:create\",\"isAllowed\":true},{\"type\":\"ozone:list\",\"isAllowed\":true},{\"type\":\"ozone:delete\",\"isAllowed\":true},{\"type\":\"ozone:read_acl\",\"isAllowed\":true},{\"type\":\"ozone:write_acl\",\"isAllowed\":true},{\"type\":\"schema-registry:create\",\"isAllowed\":true},{\"type\":\"schema-registry:read\",\"isAllowed\":true},{\"type\":\"schema-registry:update\",\"isAllowed\":true},{\"type\":\"schema-registry:delete\",\"isAllowed\":true}],\"users\":[],\"groups\":[\"public\"],\"roles\":[],\"conditions\":[{\"type\":\"accessed-after-expiry\",\"values\":[\"yes\"]}],\"delegateAdmin\":false}],\"allowExceptions\":[],\"denyExceptions\":[],\"dataMaskPolicyItems\":[],\"rowFilterPolicyItems\":[],\"serviceType\":\"tag\",\"options\":{},\"validitySchedules\":[],\"policyLabels\":[],\"zoneName\":\"\",\"isDenyAllElse\":false}'),(37,'2022-05-16 13:25:01','2022-05-16 13:25:01','13db2100-1d22-4bff-b96b-a123b2f2c68f',1030,1,'cm_hdfs',2,'Update','2022-05-16 13:25:01',NULL,'{\"id\":1,\"guid\":\"13db2100-1d22-4bff-b96b-a123b2f2c68f\",\"isEnabled\":true,\"createdBy\":\"Admin\",\"updatedBy\":\"Admin\",\"createTime\":1652707500000,\"updateTime\":1652707501286,\"version\":2,\"type\":\"hdfs\",\"name\":\"cm_hdfs\",\"displayName\":\"cm_hdfs\",\"description\":\"Hdfs repo\",\"tagService\":\"cm_tag\",\"configs\":{\"tag.download.auth.users\":\"hdfs\",\"password\":\"*****\",\"policy.download.auth.users\":\"hdfs\",\"hadoop.security.authentication\":\"kerberos\",\"hadoop.rpc.protection\":\"privacy\",\"fs.default.name\":\"hdfs://my-name-service\",\"hadoop.security.authorization\":\"true\",\"ranger.plugin.audit.filters\":\"[{\'accessResult\': \'DENIED\', \'isAudited\': true}, {\'actions\':[\'delete\',\'rename\'],\'isAudited\':true}, {\'users\':[\'hdfs\'], \'actions\': [\'listStatus\', \'getfileinfo\', \'listCachePools\', \'listCacheDirectives\', \'listCorruptFileBlocks\', \'monitorHealth\', \'rollEditLog\', \'open\'], \'isAudited\': false}, {\'users\': [\'oozie\'],\'resources\': {\'path\': {\'values\': [\'/user/oozie/share/lib\'],\'isRecursive\': true}},\'isAudited\': false},{\'users\': [\'spark\'],\'resources\': {\'path\': {\'values\': [\'/user/spark/applicationHistory\'],\'isRecursive\': true}},\'isAudited\': false},{\'users\': [\'hue\'],\'resources\': {\'path\': {\'values\': [\'/user/hue\'],\'isRecursive\': true}},\'isAudited\': false},{\'users\': [\'hbase\'],\'resources\': {\'path\': {\'values\': [\'/hbase\'],\'isRecursive\': true}},\'isAudited\': false},{\'users\': [\'mapred\'],\'resources\': {\'path\': {\'values\': [\'/user/history\'],\'isRecursive\': true}},\'isAudited\': false}, {\'actions\': [\'getfileinfo\'], \'isAudited\':false} ]\",\"username\":\"hdfs\"},\"policyVersion\":1,\"policyUpdateTime\":1652707500000,\"tagVersion\":1,\"tagUpdateTime\":1652707500000}'),(38,'2022-05-16 13:25:03','2022-05-16 13:25:03','b6eee8fe-ec67-4928-aa48-6c0ff3e1e37b',1030,3,'cm_hbase',1,'Create','2022-05-16 13:25:03',NULL,'{\"id\":3,\"guid\":\"b6eee8fe-ec67-4928-aa48-6c0ff3e1e37b\",\"isEnabled\":true,\"createdBy\":\"Admin\",\"updatedBy\":\"Admin\",\"createTime\":1652707503934,\"updateTime\":1652707503935,\"version\":1,\"type\":\"hbase\",\"name\":\"cm_hbase\",\"displayName\":\"cm_hbase\",\"description\":\"Hbase repo\",\"tagService\":\"cm_tag\",\"configs\":{\"hbase.zookeeper.quorum\":\"master-1.example.com:2181,master-2.example.com:2181,master-3.example.com:2181\",\"setup.additional.default.policies\":\"true\",\"default-policy.1.resource.table\":\"atlas_janus,ATLAS_ENTITY_AUDIT_EVENTS\",\"hadoop.security.authentication\":\"kerberos\",\"default-policy.1.resource.column-family\":\"*\",\"policy.grantrevoke.auth.users\":\"hbase\",\"ranger.plugin.audit.filters\":\"[{\'accessResult\': \'DENIED\', \'isAudited\': true},{\'resources\':{\'table\':{\'values\':[\'*-ROOT-*\',\'*.META.*\', \'*_acl_*\', \'hbase:meta\', \'hbase:acl\', \'default\', \'hbase\']}}, \'users\':[\'hbase\'], \'isAudited\': false }, {\'resources\':{\'table\':{\'values\':[\'atlas_janus\',\'ATLAS_ENTITY_AUDIT_EVENTS\']},\'column-family\':{\'values\':[\'*\']},\'column\':{\'values\':[\'*\']}},\'users\':[\'atlas\', \'hbase\'],\'isAudited\':false},{\'users\':[\'hbase\'], \'actions\':[\'balance\'],\'isAudited\':false}]\",\"zookeeper.znode.parent\":\"/hbase\",\"default-policy.1.policyItem.1.accessTypes\":\"create,read,write,admin\",\"tag.download.auth.users\":\"hbase\",\"default-policy.1.name\":\"ATLAS_HBASE_TABLES\",\"password\":\"*****\",\"policy.download.auth.users\":\"hbase\",\"hbase.security.authentication\":\"kerberos\",\"hbase.zookeeper.property.clientPort\":\"2181\",\"default-policy.1.policyItem.1.users\":\"atlas\",\"default-policy.1.resource.column\":\"*\",\"username\":\"hbase\"},\"policyVersion\":1,\"policyUpdateTime\":1652707503938,\"tagVersion\":1,\"tagUpdateTime\":1652707503938}'),(39,'2022-05-16 13:25:04','2022-05-18 10:20:39','dc004725-10ae-4297-9e77-690d34c7074a',1020,4,'all - table, column-family, column',1,'Create','2022-05-16 13:25:04','2022-05-18 10:20:39','{\"id\":4,\"guid\":\"dc004725-10ae-4297-9e77-690d34c7074a\",\"isEnabled\":true,\"createdBy\":\"Admin\",\"updatedBy\":\"Admin\",\"createTime\":1652707504080,\"updateTime\":1652707504081,\"version\":1,\"service\":\"cm_hbase\",\"name\":\"all - table, column-family, column\",\"policyType\":0,\"policyPriority\":0,\"description\":\"Policy for all - table, column-family, column\",\"resourceSignature\":\"95b105e8d8ae812632b26539d8bfec09793853d278fc0193da8878f6fe095ef3\",\"isAuditEnabled\":true,\"resources\":{\"column-family\":{\"values\":[\"*\"],\"isExcludes\":false,\"isRecursive\":false},\"column\":{\"values\":[\"*\"],\"isExcludes\":false,\"isRecursive\":false},\"table\":{\"values\":[\"*\"],\"isExcludes\":false,\"isRecursive\":false}},\"policyItems\":[{\"accesses\":[{\"type\":\"read\",\"isAllowed\":true},{\"type\":\"write\",\"isAllowed\":true},{\"type\":\"create\",\"isAllowed\":true},{\"type\":\"admin\",\"isAllowed\":true},{\"type\":\"execute\",\"isAllowed\":true}],\"users\":[\"hbase\"],\"groups\":[],\"roles\":[],\"conditions\":[],\"delegateAdmin\":true},{\"accesses\":[{\"type\":\"read\",\"isAllowed\":true},{\"type\":\"create\",\"isAllowed\":true}],\"users\":[\"rangerlookup\"],\"groups\":[],\"roles\":[],\"conditions\":[],\"delegateAdmin\":false}],\"denyPolicyItems\":[],\"allowExceptions\":[],\"denyExceptions\":[],\"dataMaskPolicyItems\":[],\"rowFilterPolicyItems\":[],\"serviceType\":\"hbase\",\"options\":{},\"validitySchedules\":[],\"policyLabels\":[],\"zoneName\":\"\",\"isDenyAllElse\":false}'),(40,'2022-05-16 13:25:04','2022-05-16 13:25:04','33c2b130-26c5-48ce-9709-a0b236f27793',1020,5,'ATLAS_HBASE_TABLES',1,'Create','2022-05-16 13:25:04',NULL,'{\"id\":5,\"guid\":\"33c2b130-26c5-48ce-9709-a0b236f27793\",\"isEnabled\":true,\"createdBy\":\"Admin\",\"updatedBy\":\"Admin\",\"createTime\":1652707504178,\"updateTime\":1652707504181,\"version\":1,\"service\":\"cm_hbase\",\"name\":\"ATLAS_HBASE_TABLES\",\"policyType\":0,\"policyPriority\":0,\"description\":\"Policy for ATLAS_HBASE_TABLES\",\"resourceSignature\":\"4de1305b859e11d2f37a70af1c8dc41ef29413817efb1fa3194402e9610e9438\",\"isAuditEnabled\":true,\"resources\":{\"column-family\":{\"values\":[\"*\"],\"isExcludes\":false,\"isRecursive\":false},\"column\":{\"values\":[\"*\"],\"isExcludes\":false,\"isRecursive\":false},\"table\":{\"values\":[\"atlas_janus\",\"ATLAS_ENTITY_AUDIT_EVENTS\"],\"isExcludes\":false,\"isRecursive\":false}},\"policyItems\":[{\"accesses\":[{\"type\":\"create\",\"isAllowed\":true},{\"type\":\"read\",\"isAllowed\":true},{\"type\":\"write\",\"isAllowed\":true},{\"type\":\"admin\",\"isAllowed\":true}],\"users\":[\"atlas\"],\"groups\":[],\"roles\":[],\"conditions\":[],\"delegateAdmin\":false}],\"denyPolicyItems\":[],\"allowExceptions\":[],\"denyExceptions\":[],\"dataMaskPolicyItems\":[],\"rowFilterPolicyItems\":[],\"serviceType\":\"hbase\",\"options\":{},\"validitySchedules\":[],\"policyLabels\":[],\"zoneName\":\"\",\"isDenyAllElse\":false}'),(41,'2022-05-16 13:25:06','2022-05-16 13:25:06','e17d77c6-9d4a-44e4-b2b8-0797e33157f5',1030,4,'cm_yarn',1,'Create','2022-05-16 13:25:06',NULL,'{\"id\":4,\"guid\":\"e17d77c6-9d4a-44e4-b2b8-0797e33157f5\",\"isEnabled\":true,\"createdBy\":\"Admin\",\"updatedBy\":\"Admin\",\"createTime\":1652707506641,\"updateTime\":1652707506641,\"version\":1,\"type\":\"yarn\",\"name\":\"cm_yarn\",\"displayName\":\"cm_yarn\",\"description\":\"Yarn repo\",\"tagService\":\"cm_tag\",\"configs\":{\"tag.download.auth.users\":\"yarn\",\"password\":\"*****\",\"yarn.url\":\"http://localhost:8088\",\"policy.download.auth.users\":\"yarn\",\"hadoop.security.authentication\":\"kerberos\",\"ranger.plugin.audit.filters\":\"[]\",\"username\":\"yarn\"},\"policyVersion\":1,\"policyUpdateTime\":1652707506642,\"tagVersion\":1,\"tagUpdateTime\":1652707506642}'),(42,'2022-05-16 13:25:06','2022-05-18 10:28:18','fc6e703f-f203-470d-950e-15489bf776e9',1020,6,'all - queue',1,'Create','2022-05-16 13:25:06','2022-05-18 10:28:18','{\"id\":6,\"guid\":\"fc6e703f-f203-470d-950e-15489bf776e9\",\"isEnabled\":true,\"createdBy\":\"Admin\",\"updatedBy\":\"Admin\",\"createTime\":1652707506729,\"updateTime\":1652707506730,\"version\":1,\"service\":\"cm_yarn\",\"name\":\"all - queue\",\"policyType\":0,\"policyPriority\":0,\"description\":\"Policy for all - queue\",\"resourceSignature\":\"ed9b305757e6a786d0b819425ba5c88375a8ec3723a6bc12d4462d70b3f33a3f\",\"isAuditEnabled\":true,\"resources\":{\"queue\":{\"values\":[\"*\"],\"isExcludes\":false,\"isRecursive\":true}},\"policyItems\":[{\"accesses\":[{\"type\":\"submit-app\",\"isAllowed\":true},{\"type\":\"admin-queue\",\"isAllowed\":true}],\"users\":[\"yarn\"],\"groups\":[],\"roles\":[],\"conditions\":[],\"delegateAdmin\":true},{\"accesses\":[{\"type\":\"submit-app\",\"isAllowed\":true}],\"users\":[\"rangerlookup\"],\"groups\":[],\"roles\":[],\"conditions\":[],\"delegateAdmin\":false}],\"denyPolicyItems\":[],\"allowExceptions\":[],\"denyExceptions\":[],\"dataMaskPolicyItems\":[],\"rowFilterPolicyItems\":[],\"serviceType\":\"yarn\",\"options\":{},\"validitySchedules\":[],\"policyLabels\":[],\"zoneName\":\"\",\"isDenyAllElse\":false}'),(43,'2022-05-16 13:25:09','2022-05-16 13:25:09','419821b2-706c-4e88-aa3d-4672826de7c6',1030,5,'cm_hive',1,'Create','2022-05-16 13:25:09',NULL,'{\"id\":5,\"guid\":\"419821b2-706c-4e88-aa3d-4672826de7c6\",\"isEnabled\":true,\"createdBy\":\"Admin\",\"updatedBy\":\"Admin\",\"createTime\":1652707509575,\"updateTime\":1652707509576,\"version\":1,\"type\":\"hive\",\"name\":\"cm_hive\",\"displayName\":\"Hadoop SQL\",\"description\":\"Hive repo\",\"tagService\":\"cm_tag\",\"configs\":{\"tag.download.auth.users\":\"hive,hdfs,impala\",\"password\":\"*****\",\"policy.download.auth.users\":\"hive,hdfs,impala\",\"policy.grantrevoke.auth.users\":\"hive,impala\",\"enable.hive.metastore.lookup\":\"true\",\"default.policy.users\":\"impala,beacon,hue,admin,dpprofiler\",\"ranger.plugin.audit.filters\":\"[ {\'accessResult\': \'DENIED\', \'isAudited\': true}, {\'actions\':[\'METADATA OPERATION\'], \'isAudited\': false}]\",\"jdbc.driverClassName\":\"org.apache.hive.jdbc.HiveDriver\",\"hive.site.file.path\":\"/etc/hive/conf/hive-site.xml\",\"jdbc.url\":\"none\",\"username\":\"hive\"},\"policyVersion\":1,\"policyUpdateTime\":1652707509577,\"tagVersion\":1,\"tagUpdateTime\":1652707509577}'),(44,'2022-05-16 13:25:09','2022-05-18 10:17:42','642cbf33-b691-4694-bc45-c74dfd559e19',1020,7,'all - global',1,'Create','2022-05-16 13:25:09','2022-05-18 10:17:42','{\"id\":7,\"guid\":\"642cbf33-b691-4694-bc45-c74dfd559e19\",\"isEnabled\":true,\"createdBy\":\"Admin\",\"updatedBy\":\"Admin\",\"createTime\":1652707509676,\"updateTime\":1652707509677,\"version\":1,\"service\":\"cm_hive\",\"name\":\"all - global\",\"policyType\":0,\"policyPriority\":0,\"description\":\"Policy for all - global\",\"resourceSignature\":\"7b67e1ab9cbc3011d86faad9d1acc488ef0eb097dcf178a2b49b8e6343e8c107\",\"isAuditEnabled\":true,\"resources\":{\"global\":{\"values\":[\"*\"],\"isExcludes\":false,\"isRecursive\":false}},\"policyItems\":[{\"accesses\":[{\"type\":\"select\",\"isAllowed\":true},{\"type\":\"update\",\"isAllowed\":true},{\"type\":\"create\",\"isAllowed\":true},{\"type\":\"drop\",\"isAllowed\":true},{\"type\":\"alter\",\"isAllowed\":true},{\"type\":\"index\",\"isAllowed\":true},{\"type\":\"lock\",\"isAllowed\":true},{\"type\":\"all\",\"isAllowed\":true},{\"type\":\"read\",\"isAllowed\":true},{\"type\":\"write\",\"isAllowed\":true},{\"type\":\"repladmin\",\"isAllowed\":true},{\"type\":\"serviceadmin\",\"isAllowed\":true},{\"type\":\"tempudfadmin\",\"isAllowed\":true},{\"type\":\"refresh\",\"isAllowed\":true},{\"type\":\"rwstorage\",\"isAllowed\":true}],\"users\":[\"hive\",\"beacon\",\"dpprofiler\",\"hue\",\"admin\",\"impala\"],\"groups\":[],\"roles\":[],\"conditions\":[],\"delegateAdmin\":true},{\"accesses\":[{\"type\":\"read\",\"isAllowed\":true},{\"type\":\"select\",\"isAllowed\":true}],\"users\":[\"rangerlookup\"],\"groups\":[],\"roles\":[],\"conditions\":[],\"delegateAdmin\":false}],\"denyPolicyItems\":[],\"allowExceptions\":[],\"denyExceptions\":[],\"dataMaskPolicyItems\":[],\"rowFilterPolicyItems\":[],\"serviceType\":\"hive\",\"options\":{},\"validitySchedules\":[],\"policyLabels\":[],\"zoneName\":\"\",\"isDenyAllElse\":false}'),(45,'2022-05-16 13:25:09','2022-05-18 10:16:40','1743c101-ced6-439e-a346-5f47c0a6d53f',1020,8,'all - database, table, column',1,'Create','2022-05-16 13:25:09','2022-05-18 10:16:40','{\"id\":8,\"guid\":\"1743c101-ced6-439e-a346-5f47c0a6d53f\",\"isEnabled\":true,\"createdBy\":\"Admin\",\"updatedBy\":\"Admin\",\"createTime\":1652707509762,\"updateTime\":1652707509763,\"version\":1,\"service\":\"cm_hive\",\"name\":\"all - database, table, column\",\"policyType\":0,\"policyPriority\":0,\"description\":\"Policy for all - database, table, column\",\"resourceSignature\":\"ffd181600c642189ed345de83c0fb4649f19c4d89487a478b08bb5a88fa4602e\",\"isAuditEnabled\":true,\"resources\":{\"database\":{\"values\":[\"*\"],\"isExcludes\":false,\"isRecursive\":false},\"column\":{\"values\":[\"*\"],\"isExcludes\":false,\"isRecursive\":false},\"table\":{\"values\":[\"*\"],\"isExcludes\":false,\"isRecursive\":false}},\"policyItems\":[{\"accesses\":[{\"type\":\"select\",\"isAllowed\":true},{\"type\":\"update\",\"isAllowed\":true},{\"type\":\"create\",\"isAllowed\":true},{\"type\":\"drop\",\"isAllowed\":true},{\"type\":\"alter\",\"isAllowed\":true},{\"type\":\"index\",\"isAllowed\":true},{\"type\":\"lock\",\"isAllowed\":true},{\"type\":\"all\",\"isAllowed\":true},{\"type\":\"read\",\"isAllowed\":true},{\"type\":\"write\",\"isAllowed\":true},{\"type\":\"repladmin\",\"isAllowed\":true},{\"type\":\"serviceadmin\",\"isAllowed\":true},{\"type\":\"tempudfadmin\",\"isAllowed\":true},{\"type\":\"refresh\",\"isAllowed\":true},{\"type\":\"rwstorage\",\"isAllowed\":true}],\"users\":[\"hive\",\"beacon\",\"dpprofiler\",\"hue\",\"admin\",\"impala\"],\"groups\":[],\"roles\":[],\"conditions\":[],\"delegateAdmin\":true},{\"accesses\":[{\"type\":\"read\",\"isAllowed\":true},{\"type\":\"select\",\"isAllowed\":true}],\"users\":[\"rangerlookup\"],\"groups\":[],\"roles\":[],\"conditions\":[],\"delegateAdmin\":false},{\"accesses\":[{\"type\":\"all\",\"isAllowed\":true}],\"users\":[\"{OWNER}\"],\"groups\":[],\"roles\":[],\"conditions\":[],\"delegateAdmin\":true}],\"denyPolicyItems\":[],\"allowExceptions\":[],\"denyExceptions\":[],\"dataMaskPolicyItems\":[],\"rowFilterPolicyItems\":[],\"serviceType\":\"hive\",\"options\":{},\"validitySchedules\":[],\"policyLabels\":[],\"zoneName\":\"\",\"isDenyAllElse\":false}'),(46,'2022-05-16 13:25:09','2022-05-18 10:17:24','9bda6dbf-e5a4-4ca9-b057-e0b47f85b983',1020,9,'all - database, table',1,'Create','2022-05-16 13:25:09','2022-05-18 10:17:24','{\"id\":9,\"guid\":\"9bda6dbf-e5a4-4ca9-b057-e0b47f85b983\",\"isEnabled\":true,\"createdBy\":\"Admin\",\"updatedBy\":\"Admin\",\"createTime\":1652707509856,\"updateTime\":1652707509857,\"version\":1,\"service\":\"cm_hive\",\"name\":\"all - database, table\",\"policyType\":0,\"policyPriority\":0,\"description\":\"Policy for all - database, table\",\"resourceSignature\":\"d28afef6d5894f1db09ca5fb17f47f4eeef6795e8090c8f244bc38231d1e8cb9\",\"isAuditEnabled\":true,\"resources\":{\"database\":{\"values\":[\"*\"],\"isExcludes\":false,\"isRecursive\":false},\"table\":{\"values\":[\"*\"],\"isExcludes\":false,\"isRecursive\":false}},\"policyItems\":[{\"accesses\":[{\"type\":\"select\",\"isAllowed\":true},{\"type\":\"update\",\"isAllowed\":true},{\"type\":\"create\",\"isAllowed\":true},{\"type\":\"drop\",\"isAllowed\":true},{\"type\":\"alter\",\"isAllowed\":true},{\"type\":\"index\",\"isAllowed\":true},{\"type\":\"lock\",\"isAllowed\":true},{\"type\":\"all\",\"isAllowed\":true},{\"type\":\"read\",\"isAllowed\":true},{\"type\":\"write\",\"isAllowed\":true},{\"type\":\"repladmin\",\"isAllowed\":true},{\"type\":\"serviceadmin\",\"isAllowed\":true},{\"type\":\"tempudfadmin\",\"isAllowed\":true},{\"type\":\"refresh\",\"isAllowed\":true},{\"type\":\"rwstorage\",\"isAllowed\":true}],\"users\":[\"hive\",\"beacon\",\"dpprofiler\",\"hue\",\"admin\",\"impala\"],\"groups\":[],\"roles\":[],\"conditions\":[],\"delegateAdmin\":true},{\"accesses\":[{\"type\":\"read\",\"isAllowed\":true},{\"type\":\"select\",\"isAllowed\":true}],\"users\":[\"rangerlookup\"],\"groups\":[],\"roles\":[],\"conditions\":[],\"delegateAdmin\":false},{\"accesses\":[{\"type\":\"all\",\"isAllowed\":true}],\"users\":[\"{OWNER}\"],\"groups\":[],\"roles\":[],\"conditions\":[],\"delegateAdmin\":true},{\"accesses\":[{\"type\":\"select\",\"isAllowed\":true}],\"users\":[\"rangerrms\"],\"groups\":[],\"roles\":[],\"conditions\":[],\"delegateAdmin\":false}],\"denyPolicyItems\":[],\"allowExceptions\":[],\"denyExceptions\":[],\"dataMaskPolicyItems\":[],\"rowFilterPolicyItems\":[],\"serviceType\":\"hive\",\"options\":{},\"validitySchedules\":[],\"policyLabels\":[],\"zoneName\":\"\",\"isDenyAllElse\":false}'),(47,'2022-05-16 13:25:10','2022-05-18 10:18:00','91422bbb-5529-450c-884d-c841b2262355',1020,10,'all - storage-type, storage-url',1,'Create','2022-05-16 13:25:10','2022-05-18 10:18:00','{\"id\":10,\"guid\":\"91422bbb-5529-450c-884d-c841b2262355\",\"isEnabled\":true,\"createdBy\":\"Admin\",\"updatedBy\":\"Admin\",\"createTime\":1652707509999,\"updateTime\":1652707510000,\"version\":1,\"service\":\"cm_hive\",\"name\":\"all - storage-type, storage-url\",\"policyType\":0,\"policyPriority\":0,\"description\":\"Policy for all - storage-type, storage-url\",\"resourceSignature\":\"e852ea647778bbf1e26b8eca5c8e5ffc670f0e8261e41689cf022575799cfd55\",\"isAuditEnabled\":true,\"resources\":{\"storage-type\":{\"values\":[\"*\"],\"isExcludes\":false,\"isRecursive\":false},\"storage-url\":{\"values\":[\"*\"],\"isExcludes\":false,\"isRecursive\":false}},\"policyItems\":[{\"accesses\":[{\"type\":\"rwstorage\",\"isAllowed\":true}],\"users\":[\"hive\",\"beacon\",\"dpprofiler\",\"hue\",\"admin\",\"impala\"],\"groups\":[],\"roles\":[],\"conditions\":[],\"delegateAdmin\":true},{\"accesses\":[{\"type\":\"read\",\"isAllowed\":true},{\"type\":\"select\",\"isAllowed\":true}],\"users\":[\"rangerlookup\"],\"groups\":[],\"roles\":[],\"conditions\":[],\"delegateAdmin\":false}],\"denyPolicyItems\":[],\"allowExceptions\":[],\"denyExceptions\":[],\"dataMaskPolicyItems\":[],\"rowFilterPolicyItems\":[],\"serviceType\":\"hive\",\"options\":{},\"validitySchedules\":[],\"policyLabels\":[],\"zoneName\":\"\",\"isDenyAllElse\":false}'),(48,'2022-05-16 13:25:10','2022-05-18 10:18:25','fbaa6935-126f-4db8-ad1f-d628e1a4f9aa',1020,11,'all - database',1,'Create','2022-05-16 13:25:10','2022-05-18 10:18:25','{\"id\":11,\"guid\":\"fbaa6935-126f-4db8-ad1f-d628e1a4f9aa\",\"isEnabled\":true,\"createdBy\":\"Admin\",\"updatedBy\":\"Admin\",\"createTime\":1652707510077,\"updateTime\":1652707510078,\"version\":1,\"service\":\"cm_hive\",\"name\":\"all - database\",\"policyType\":0,\"policyPriority\":0,\"description\":\"Policy for all - database\",\"resourceSignature\":\"319fd63cad4bb7c8ed17fda910b636dc2e0f6b0112e28487d9e44e8a5c846314\",\"isAuditEnabled\":true,\"resources\":{\"database\":{\"values\":[\"*\"],\"isExcludes\":false,\"isRecursive\":false}},\"policyItems\":[{\"accesses\":[{\"type\":\"select\",\"isAllowed\":true},{\"type\":\"update\",\"isAllowed\":true},{\"type\":\"create\",\"isAllowed\":true},{\"type\":\"drop\",\"isAllowed\":true},{\"type\":\"alter\",\"isAllowed\":true},{\"type\":\"index\",\"isAllowed\":true},{\"type\":\"lock\",\"isAllowed\":true},{\"type\":\"all\",\"isAllowed\":true},{\"type\":\"read\",\"isAllowed\":true},{\"type\":\"write\",\"isAllowed\":true},{\"type\":\"repladmin\",\"isAllowed\":true},{\"type\":\"serviceadmin\",\"isAllowed\":true},{\"type\":\"tempudfadmin\",\"isAllowed\":true},{\"type\":\"refresh\",\"isAllowed\":true},{\"type\":\"rwstorage\",\"isAllowed\":true}],\"users\":[\"hive\",\"beacon\",\"dpprofiler\",\"hue\",\"admin\",\"impala\"],\"groups\":[],\"roles\":[],\"conditions\":[],\"delegateAdmin\":true},{\"accesses\":[{\"type\":\"read\",\"isAllowed\":true},{\"type\":\"select\",\"isAllowed\":true}],\"users\":[\"rangerlookup\"],\"groups\":[],\"roles\":[],\"conditions\":[],\"delegateAdmin\":false},{\"accesses\":[{\"type\":\"create\",\"isAllowed\":true}],\"users\":[],\"groups\":[\"public\"],\"roles\":[],\"conditions\":[],\"delegateAdmin\":false},{\"accesses\":[{\"type\":\"all\",\"isAllowed\":true}],\"users\":[\"{OWNER}\"],\"groups\":[],\"roles\":[],\"conditions\":[],\"delegateAdmin\":true}],\"denyPolicyItems\":[],\"allowExceptions\":[],\"denyExceptions\":[],\"dataMaskPolicyItems\":[],\"rowFilterPolicyItems\":[],\"serviceType\":\"hive\",\"options\":{},\"validitySchedules\":[],\"policyLabels\":[],\"zoneName\":\"\",\"isDenyAllElse\":false}'),(49,'2022-05-16 13:25:10','2022-05-18 10:19:07','9153e91c-c7cd-4ca8-9c7a-47cb43239590',1020,12,'all - hiveservice',1,'Create','2022-05-16 13:25:10','2022-05-18 10:19:07','{\"id\":12,\"guid\":\"9153e91c-c7cd-4ca8-9c7a-47cb43239590\",\"isEnabled\":true,\"createdBy\":\"Admin\",\"updatedBy\":\"Admin\",\"createTime\":1652707510179,\"updateTime\":1652707510180,\"version\":1,\"service\":\"cm_hive\",\"name\":\"all - hiveservice\",\"policyType\":0,\"policyPriority\":0,\"description\":\"Policy for all - hiveservice\",\"resourceSignature\":\"c052be6821aab8eaad336c15ac58111b27f1b9186353c072d6887497d4b72185\",\"isAuditEnabled\":true,\"resources\":{\"hiveservice\":{\"values\":[\"*\"],\"isExcludes\":false,\"isRecursive\":false}},\"policyItems\":[{\"accesses\":[{\"type\":\"select\",\"isAllowed\":true},{\"type\":\"update\",\"isAllowed\":true},{\"type\":\"create\",\"isAllowed\":true},{\"type\":\"drop\",\"isAllowed\":true},{\"type\":\"alter\",\"isAllowed\":true},{\"type\":\"index\",\"isAllowed\":true},{\"type\":\"lock\",\"isAllowed\":true},{\"type\":\"all\",\"isAllowed\":true},{\"type\":\"read\",\"isAllowed\":true},{\"type\":\"write\",\"isAllowed\":true},{\"type\":\"repladmin\",\"isAllowed\":true},{\"type\":\"serviceadmin\",\"isAllowed\":true},{\"type\":\"tempudfadmin\",\"isAllowed\":true},{\"type\":\"refresh\",\"isAllowed\":true},{\"type\":\"rwstorage\",\"isAllowed\":true}],\"users\":[\"hive\",\"beacon\",\"dpprofiler\",\"hue\",\"admin\",\"impala\"],\"groups\":[],\"roles\":[],\"conditions\":[],\"delegateAdmin\":true},{\"accesses\":[{\"type\":\"read\",\"isAllowed\":true},{\"type\":\"select\",\"isAllowed\":true}],\"users\":[\"rangerlookup\"],\"groups\":[],\"roles\":[],\"conditions\":[],\"delegateAdmin\":false}],\"denyPolicyItems\":[],\"allowExceptions\":[],\"denyExceptions\":[],\"dataMaskPolicyItems\":[],\"rowFilterPolicyItems\":[],\"serviceType\":\"hive\",\"options\":{},\"validitySchedules\":[],\"policyLabels\":[],\"zoneName\":\"\",\"isDenyAllElse\":false}'),(50,'2022-05-16 13:25:10','2022-05-18 10:19:23','3de7e3ba-f472-4781-9433-29a56ec7f963',1020,13,'all - database, udf',1,'Create','2022-05-16 13:25:10','2022-05-18 10:19:23','{\"id\":13,\"guid\":\"3de7e3ba-f472-4781-9433-29a56ec7f963\",\"isEnabled\":true,\"createdBy\":\"Admin\",\"updatedBy\":\"Admin\",\"createTime\":1652707510267,\"updateTime\":1652707510268,\"version\":1,\"service\":\"cm_hive\",\"name\":\"all - database, udf\",\"policyType\":0,\"policyPriority\":0,\"description\":\"Policy for all - database, udf\",\"resourceSignature\":\"a9a4ce765b10e47239e032918d1f88aadab9f6e5ca4ed9612b1f6d720f49792e\",\"isAuditEnabled\":true,\"resources\":{\"database\":{\"values\":[\"*\"],\"isExcludes\":false,\"isRecursive\":false},\"udf\":{\"values\":[\"*\"],\"isExcludes\":false,\"isRecursive\":false}},\"policyItems\":[{\"accesses\":[{\"type\":\"select\",\"isAllowed\":true},{\"type\":\"update\",\"isAllowed\":true},{\"type\":\"create\",\"isAllowed\":true},{\"type\":\"drop\",\"isAllowed\":true},{\"type\":\"alter\",\"isAllowed\":true},{\"type\":\"index\",\"isAllowed\":true},{\"type\":\"lock\",\"isAllowed\":true},{\"type\":\"all\",\"isAllowed\":true},{\"type\":\"read\",\"isAllowed\":true},{\"type\":\"write\",\"isAllowed\":true},{\"type\":\"repladmin\",\"isAllowed\":true},{\"type\":\"serviceadmin\",\"isAllowed\":true},{\"type\":\"tempudfadmin\",\"isAllowed\":true},{\"type\":\"refresh\",\"isAllowed\":true},{\"type\":\"rwstorage\",\"isAllowed\":true}],\"users\":[\"hive\",\"beacon\",\"dpprofiler\",\"hue\",\"admin\",\"impala\"],\"groups\":[],\"roles\":[],\"conditions\":[],\"delegateAdmin\":true},{\"accesses\":[{\"type\":\"read\",\"isAllowed\":true},{\"type\":\"select\",\"isAllowed\":true}],\"users\":[\"rangerlookup\"],\"groups\":[],\"roles\":[],\"conditions\":[],\"delegateAdmin\":false},{\"accesses\":[{\"type\":\"all\",\"isAllowed\":true}],\"users\":[\"{OWNER}\"],\"groups\":[],\"roles\":[],\"conditions\":[],\"delegateAdmin\":true}],\"denyPolicyItems\":[],\"allowExceptions\":[],\"denyExceptions\":[],\"dataMaskPolicyItems\":[],\"rowFilterPolicyItems\":[],\"serviceType\":\"hive\",\"options\":{},\"validitySchedules\":[],\"policyLabels\":[],\"zoneName\":\"\",\"isDenyAllElse\":false}'),(51,'2022-05-16 13:25:10','2022-05-18 10:19:41','bc11b352-cd6b-47c8-85cd-22b32f617efb',1020,14,'all - url',1,'Create','2022-05-16 13:25:10','2022-05-18 10:19:41','{\"id\":14,\"guid\":\"bc11b352-cd6b-47c8-85cd-22b32f617efb\",\"isEnabled\":true,\"createdBy\":\"Admin\",\"updatedBy\":\"Admin\",\"createTime\":1652707510349,\"updateTime\":1652707510350,\"version\":1,\"service\":\"cm_hive\",\"name\":\"all - url\",\"policyType\":0,\"policyPriority\":0,\"description\":\"Policy for all - url\",\"resourceSignature\":\"a6a328c623a4eb15d84ccf34df65c83acba3c59c7df4a601780b1caa153aa870\",\"isAuditEnabled\":true,\"resources\":{\"url\":{\"values\":[\"*\"],\"isExcludes\":false,\"isRecursive\":true}},\"policyItems\":[{\"accesses\":[{\"type\":\"select\",\"isAllowed\":true},{\"type\":\"update\",\"isAllowed\":true},{\"type\":\"create\",\"isAllowed\":true},{\"type\":\"drop\",\"isAllowed\":true},{\"type\":\"alter\",\"isAllowed\":true},{\"type\":\"index\",\"isAllowed\":true},{\"type\":\"lock\",\"isAllowed\":true},{\"type\":\"all\",\"isAllowed\":true},{\"type\":\"read\",\"isAllowed\":true},{\"type\":\"write\",\"isAllowed\":true},{\"type\":\"repladmin\",\"isAllowed\":true},{\"type\":\"serviceadmin\",\"isAllowed\":true},{\"type\":\"tempudfadmin\",\"isAllowed\":true},{\"type\":\"refresh\",\"isAllowed\":true},{\"type\":\"rwstorage\",\"isAllowed\":true}],\"users\":[\"hive\",\"beacon\",\"dpprofiler\",\"hue\",\"admin\",\"impala\"],\"groups\":[],\"roles\":[],\"conditions\":[],\"delegateAdmin\":true},{\"accesses\":[{\"type\":\"read\",\"isAllowed\":true},{\"type\":\"select\",\"isAllowed\":true}],\"users\":[\"rangerlookup\"],\"groups\":[],\"roles\":[],\"conditions\":[],\"delegateAdmin\":false}],\"denyPolicyItems\":[],\"allowExceptions\":[],\"denyExceptions\":[],\"dataMaskPolicyItems\":[],\"rowFilterPolicyItems\":[],\"serviceType\":\"hive\",\"options\":{},\"validitySchedules\":[],\"policyLabels\":[],\"zoneName\":\"\",\"isDenyAllElse\":false}'),(52,'2022-05-16 13:25:10','2022-05-16 13:25:10','1a4348e4-3d52-4e65-8b69-0d3e78641728',1020,15,'default database tables columns',1,'Create','2022-05-16 13:25:10',NULL,'{\"id\":15,\"guid\":\"1a4348e4-3d52-4e65-8b69-0d3e78641728\",\"isEnabled\":true,\"createdBy\":\"Admin\",\"updatedBy\":\"Admin\",\"createTime\":1652707510458,\"updateTime\":1652707510460,\"version\":1,\"service\":\"cm_hive\",\"name\":\"default database tables columns\",\"policyType\":0,\"policyPriority\":0,\"resourceSignature\":\"6953543a4b66b6f2035924da5ab162724650a6b3e6ef0049c02819d894bc72a5\",\"isAuditEnabled\":true,\"resources\":{\"database\":{\"values\":[\"default\"],\"isExcludes\":false,\"isRecursive\":false},\"column\":{\"values\":[\"*\"],\"isExcludes\":false,\"isRecursive\":false},\"table\":{\"values\":[\"*\"],\"isExcludes\":false,\"isRecursive\":false}},\"policyItems\":[{\"accesses\":[{\"type\":\"create\",\"isAllowed\":true}],\"users\":[],\"groups\":[\"public\"],\"roles\":[],\"conditions\":[],\"delegateAdmin\":false}],\"denyPolicyItems\":[],\"allowExceptions\":[],\"denyExceptions\":[],\"dataMaskPolicyItems\":[],\"rowFilterPolicyItems\":[],\"serviceType\":\"hive\",\"options\":{},\"validitySchedules\":[],\"policyLabels\":[],\"zoneName\":\"\",\"isDenyAllElse\":false}'),(53,'2022-05-16 13:25:10','2022-05-16 13:25:10','0f8fc2c8-5c24-493a-90a8-2e4dc299c049',1020,16,'Information_schema database tables columns',1,'Create','2022-05-16 13:25:10',NULL,'{\"id\":16,\"guid\":\"0f8fc2c8-5c24-493a-90a8-2e4dc299c049\",\"isEnabled\":true,\"createdBy\":\"Admin\",\"updatedBy\":\"Admin\",\"createTime\":1652707510530,\"updateTime\":1652707510531,\"version\":1,\"service\":\"cm_hive\",\"name\":\"Information_schema database tables columns\",\"policyType\":0,\"policyPriority\":0,\"resourceSignature\":\"ae84bfb2ea30aed7571ac7d10c68e30084fb38933ff1d7fca41a833e105bd6bb\",\"isAuditEnabled\":true,\"resources\":{\"database\":{\"values\":[\"information_schema\"],\"isExcludes\":false,\"isRecursive\":false},\"column\":{\"values\":[\"*\"],\"isExcludes\":false,\"isRecursive\":false},\"table\":{\"values\":[\"*\"],\"isExcludes\":false,\"isRecursive\":false}},\"policyItems\":[{\"accesses\":[{\"type\":\"select\",\"isAllowed\":true}],\"users\":[],\"groups\":[\"public\"],\"roles\":[],\"conditions\":[],\"delegateAdmin\":false}],\"denyPolicyItems\":[],\"allowExceptions\":[],\"denyExceptions\":[],\"dataMaskPolicyItems\":[],\"rowFilterPolicyItems\":[],\"serviceType\":\"hive\",\"options\":{},\"validitySchedules\":[],\"policyLabels\":[],\"zoneName\":\"\",\"isDenyAllElse\":false}'),(54,'2022-05-16 13:25:12','2022-05-16 13:25:12','643be170-9bb7-4e4f-8c94-6b008674058b',1030,6,'cm_knox',1,'Create','2022-05-16 13:25:12',NULL,'{\"id\":6,\"guid\":\"643be170-9bb7-4e4f-8c94-6b008674058b\",\"isEnabled\":true,\"createdBy\":\"Admin\",\"updatedBy\":\"Admin\",\"createTime\":1652707512681,\"updateTime\":1652707512682,\"version\":1,\"type\":\"knox\",\"name\":\"cm_knox\",\"displayName\":\"cm_knox\",\"description\":\"Knox repo\",\"tagService\":\"cm_tag\",\"configs\":{\"tag.download.auth.users\":\"knox\",\"default-policy.1.name\":\"CDP Proxy UI and API\",\"password\":\"*****\",\"policy.download.auth.users\":\"knox\",\"setup.additional.default.policies\":\"true\",\"default-policy.1.resource.service\":\"*\",\"default-policy.1.resource.topology\":\"cdp-proxy,cdp-proxy-api\",\"ranger.plugin.audit.filters\":\"[ {\'accessResult\': \'DENIED\', \'isAudited\': true}, {\'users\':[\'knox\'] ,\'isAudited\':false} ]\",\"knox.url\":\"https://localhost:8443/gateway/admin/api/v1/topologies\",\"username\":\"admin\",\"default-policy.1.policyItem.1.groups\":\"public\",\"default-policy.1.policyItem.1.accessTypes\":\"allow\"},\"policyVersion\":1,\"policyUpdateTime\":1652707512683,\"tagVersion\":1,\"tagUpdateTime\":1652707512683}'),(55,'2022-05-16 13:25:12','2022-05-18 10:27:15','1d8569fc-f146-4812-99a6-633e8408c9a7',1020,17,'all - topology, service',1,'Create','2022-05-16 13:25:12','2022-05-18 10:27:15','{\"id\":17,\"guid\":\"1d8569fc-f146-4812-99a6-633e8408c9a7\",\"isEnabled\":true,\"createdBy\":\"Admin\",\"updatedBy\":\"Admin\",\"createTime\":1652707512739,\"updateTime\":1652707512740,\"version\":1,\"service\":\"cm_knox\",\"name\":\"all - topology, service\",\"policyType\":0,\"policyPriority\":0,\"description\":\"Policy for all - topology, service\",\"resourceSignature\":\"bcdaa6d5b59d1ff76890aee0548b75e9abd1a9bb6964fa8a5157b6d37ffce8db\",\"isAuditEnabled\":true,\"resources\":{\"topology\":{\"values\":[\"*\"],\"isExcludes\":false,\"isRecursive\":false},\"service\":{\"values\":[\"*\"],\"isExcludes\":false,\"isRecursive\":false}},\"policyItems\":[{\"accesses\":[{\"type\":\"allow\",\"isAllowed\":true}],\"users\":[\"admin\"],\"groups\":[],\"roles\":[],\"conditions\":[],\"delegateAdmin\":true},{\"accesses\":[{\"type\":\"allow\",\"isAllowed\":true}],\"users\":[\"rangerlookup\"],\"groups\":[],\"roles\":[],\"conditions\":[],\"delegateAdmin\":false}],\"denyPolicyItems\":[],\"allowExceptions\":[],\"denyExceptions\":[],\"dataMaskPolicyItems\":[],\"rowFilterPolicyItems\":[],\"serviceType\":\"knox\",\"options\":{},\"validitySchedules\":[],\"policyLabels\":[],\"zoneName\":\"\",\"isDenyAllElse\":false}'),(56,'2022-05-16 13:25:12','2022-05-16 13:25:12','b14ad630-100b-4896-a6e6-55458c3a99f2',1020,18,'CDP Proxy UI and API',1,'Create','2022-05-16 13:25:12',NULL,'{\"id\":18,\"guid\":\"b14ad630-100b-4896-a6e6-55458c3a99f2\",\"isEnabled\":true,\"createdBy\":\"Admin\",\"updatedBy\":\"Admin\",\"createTime\":1652707512790,\"updateTime\":1652707512791,\"version\":1,\"service\":\"cm_knox\",\"name\":\"CDP Proxy UI and API\",\"policyType\":0,\"policyPriority\":0,\"description\":\"Policy for CDP Proxy UI and API\",\"resourceSignature\":\"5d2bd127c191965d825a7b2f442de15be12ab6868fc6e414fb2e6b6c9fd62587\",\"isAuditEnabled\":true,\"resources\":{\"service\":{\"values\":[\"*\"],\"isExcludes\":false,\"isRecursive\":false},\"topology\":{\"values\":[\"cdp-proxy\",\"cdp-proxy-api\"],\"isExcludes\":false,\"isRecursive\":false}},\"policyItems\":[{\"accesses\":[{\"type\":\"allow\",\"isAllowed\":true}],\"users\":[],\"groups\":[\"public\"],\"roles\":[],\"conditions\":[],\"delegateAdmin\":false}],\"denyPolicyItems\":[],\"allowExceptions\":[],\"denyExceptions\":[],\"dataMaskPolicyItems\":[],\"rowFilterPolicyItems\":[],\"serviceType\":\"knox\",\"options\":{},\"validitySchedules\":[],\"policyLabels\":[],\"zoneName\":\"\",\"isDenyAllElse\":false}'),(57,'2022-05-16 13:25:16','2022-05-16 13:25:16','43871894-4d8f-42c5-8a79-e3d58a9b4f3d',1030,7,'cm_ozone',1,'Create','2022-05-16 13:25:16',NULL,'{\"id\":7,\"guid\":\"43871894-4d8f-42c5-8a79-e3d58a9b4f3d\",\"isEnabled\":true,\"createdBy\":\"Admin\",\"updatedBy\":\"Admin\",\"createTime\":1652707516012,\"updateTime\":1652707516013,\"version\":1,\"type\":\"ozone\",\"name\":\"cm_ozone\",\"displayName\":\"cm_ozone\",\"description\":\"Ozone repo\",\"tagService\":\"cm_tag\",\"configs\":{\"setup.additional.default.policies\":\"true\",\"hadoop.security.authentication\":\"kerberos\",\"ozone.om.http-address\":\"http://localhost:9874\",\"default-policy.1.resource.key\":\"*\",\"ranger.plugin.audit.filters\":\"[ {\'accessResult\': \'DENIED\', \'isAudited\': true} ]\",\"default-policy.1.resource.volume\":\"s3v\",\"default-policy.1.resource.bucket\":\"*\",\"default-policy.1.policyItem.1.accessTypes\":\"all,create,write,read,list,delete\",\"tag.download.auth.users\":\"om\",\"default-policy.1.name\":\"S3_VOLUME_POLICY\",\"password\":\"*****\",\"policy.download.auth.users\":\"om\",\"hadoop.security.authorization\":\"true\",\"default-policy.1.policyItem.1.users\":\"hive\",\"username\":\"om\"},\"policyVersion\":1,\"policyUpdateTime\":1652707516013,\"tagVersion\":1,\"tagUpdateTime\":1652707516013}'),(58,'2022-05-16 13:25:16','2022-05-16 13:25:16','61575ce5-dbbc-4a4e-9b90-41f1a20f39d6',1020,19,'all - volume, bucket, key',1,'Create','2022-05-16 13:25:16',NULL,'{\"id\":19,\"guid\":\"61575ce5-dbbc-4a4e-9b90-41f1a20f39d6\",\"isEnabled\":true,\"createdBy\":\"Admin\",\"updatedBy\":\"Admin\",\"createTime\":1652707516126,\"updateTime\":1652707516128,\"version\":1,\"service\":\"cm_ozone\",\"name\":\"all - volume, bucket, key\",\"policyType\":0,\"policyPriority\":0,\"description\":\"Policy for all - volume, bucket, key\",\"resourceSignature\":\"329ec5de6a0067fb1513a9bb53cdeb257e24a2fbbfaea4b5a1245dbe66e33359\",\"isAuditEnabled\":true,\"resources\":{\"volume\":{\"values\":[\"*\"],\"isExcludes\":false,\"isRecursive\":false},\"bucket\":{\"values\":[\"*\"],\"isExcludes\":false,\"isRecursive\":false},\"key\":{\"values\":[\"*\"],\"isExcludes\":false,\"isRecursive\":true}},\"policyItems\":[{\"accesses\":[{\"type\":\"all\",\"isAllowed\":true},{\"type\":\"read\",\"isAllowed\":true},{\"type\":\"write\",\"isAllowed\":true},{\"type\":\"create\",\"isAllowed\":true},{\"type\":\"list\",\"isAllowed\":true},{\"type\":\"delete\",\"isAllowed\":true},{\"type\":\"read_acl\",\"isAllowed\":true},{\"type\":\"write_acl\",\"isAllowed\":true}],\"users\":[\"om\"],\"groups\":[],\"roles\":[],\"conditions\":[],\"delegateAdmin\":true},{\"accesses\":[{\"type\":\"all\",\"isAllowed\":true}],\"users\":[\"{OWNER}\"],\"groups\":[],\"roles\":[],\"conditions\":[],\"delegateAdmin\":true},{\"accesses\":[{\"type\":\"read\",\"isAllowed\":true},{\"type\":\"write\",\"isAllowed\":true},{\"type\":\"create\",\"isAllowed\":true},{\"type\":\"list\",\"isAllowed\":true},{\"type\":\"delete\",\"isAllowed\":true},{\"type\":\"read_acl\",\"isAllowed\":true},{\"type\":\"write_acl\",\"isAllowed\":true},{\"type\":\"all\",\"isAllowed\":true}],\"users\":[\"rangerlookup\"],\"groups\":[],\"roles\":[],\"conditions\":[],\"delegateAdmin\":false}],\"denyPolicyItems\":[],\"allowExceptions\":[],\"denyExceptions\":[],\"dataMaskPolicyItems\":[],\"rowFilterPolicyItems\":[],\"serviceType\":\"ozone\",\"options\":{},\"validitySchedules\":[],\"policyLabels\":[],\"zoneName\":\"\",\"isDenyAllElse\":false}'),(59,'2022-05-16 13:25:16','2022-05-16 13:25:16','81db61ea-9afd-4285-88fa-2978132e9908',1020,20,'all - volume',1,'Create','2022-05-16 13:25:16',NULL,'{\"id\":20,\"guid\":\"81db61ea-9afd-4285-88fa-2978132e9908\",\"isEnabled\":true,\"createdBy\":\"Admin\",\"updatedBy\":\"Admin\",\"createTime\":1652707516201,\"updateTime\":1652707516202,\"version\":1,\"service\":\"cm_ozone\",\"name\":\"all - volume\",\"policyType\":0,\"policyPriority\":0,\"description\":\"Policy for all - volume\",\"resourceSignature\":\"5ab56d0253edcca328cd5f1bd4efb5249d79b35d26b875a8d38bec3cd2e314bf\",\"isAuditEnabled\":true,\"resources\":{\"volume\":{\"values\":[\"*\"],\"isExcludes\":false,\"isRecursive\":false}},\"policyItems\":[{\"accesses\":[{\"type\":\"all\",\"isAllowed\":true},{\"type\":\"read\",\"isAllowed\":true},{\"type\":\"write\",\"isAllowed\":true},{\"type\":\"create\",\"isAllowed\":true},{\"type\":\"list\",\"isAllowed\":true},{\"type\":\"delete\",\"isAllowed\":true},{\"type\":\"read_acl\",\"isAllowed\":true},{\"type\":\"write_acl\",\"isAllowed\":true}],\"users\":[\"om\"],\"groups\":[],\"roles\":[],\"conditions\":[],\"delegateAdmin\":true},{\"accesses\":[{\"type\":\"all\",\"isAllowed\":true}],\"users\":[\"{OWNER}\"],\"groups\":[],\"roles\":[],\"conditions\":[],\"delegateAdmin\":true},{\"accesses\":[{\"type\":\"read\",\"isAllowed\":true},{\"type\":\"write\",\"isAllowed\":true},{\"type\":\"create\",\"isAllowed\":true},{\"type\":\"list\",\"isAllowed\":true},{\"type\":\"delete\",\"isAllowed\":true},{\"type\":\"read_acl\",\"isAllowed\":true},{\"type\":\"write_acl\",\"isAllowed\":true},{\"type\":\"all\",\"isAllowed\":true}],\"users\":[\"rangerlookup\"],\"groups\":[],\"roles\":[],\"conditions\":[],\"delegateAdmin\":false}],\"denyPolicyItems\":[],\"allowExceptions\":[],\"denyExceptions\":[],\"dataMaskPolicyItems\":[],\"rowFilterPolicyItems\":[],\"serviceType\":\"ozone\",\"options\":{},\"validitySchedules\":[],\"policyLabels\":[],\"zoneName\":\"\",\"isDenyAllElse\":false}'),(60,'2022-05-16 13:25:16','2022-05-16 13:25:16','e9f0212f-30f3-43f1-8a55-564a6a5ce148',1020,21,'all - volume, bucket',1,'Create','2022-05-16 13:25:16',NULL,'{\"id\":21,\"guid\":\"e9f0212f-30f3-43f1-8a55-564a6a5ce148\",\"isEnabled\":true,\"createdBy\":\"Admin\",\"updatedBy\":\"Admin\",\"createTime\":1652707516276,\"updateTime\":1652707516277,\"version\":1,\"service\":\"cm_ozone\",\"name\":\"all - volume, bucket\",\"policyType\":0,\"policyPriority\":0,\"description\":\"Policy for all - volume, bucket\",\"resourceSignature\":\"e4331481a6bc334224ea43c1350562246535155dc458c2d349375861c762b4e2\",\"isAuditEnabled\":true,\"resources\":{\"volume\":{\"values\":[\"*\"],\"isExcludes\":false,\"isRecursive\":false},\"bucket\":{\"values\":[\"*\"],\"isExcludes\":false,\"isRecursive\":false}},\"policyItems\":[{\"accesses\":[{\"type\":\"all\",\"isAllowed\":true},{\"type\":\"read\",\"isAllowed\":true},{\"type\":\"write\",\"isAllowed\":true},{\"type\":\"create\",\"isAllowed\":true},{\"type\":\"list\",\"isAllowed\":true},{\"type\":\"delete\",\"isAllowed\":true},{\"type\":\"read_acl\",\"isAllowed\":true},{\"type\":\"write_acl\",\"isAllowed\":true}],\"users\":[\"om\"],\"groups\":[],\"roles\":[],\"conditions\":[],\"delegateAdmin\":true},{\"accesses\":[{\"type\":\"all\",\"isAllowed\":true}],\"users\":[\"{OWNER}\"],\"groups\":[],\"roles\":[],\"conditions\":[],\"delegateAdmin\":true},{\"accesses\":[{\"type\":\"read\",\"isAllowed\":true},{\"type\":\"write\",\"isAllowed\":true},{\"type\":\"create\",\"isAllowed\":true},{\"type\":\"list\",\"isAllowed\":true},{\"type\":\"delete\",\"isAllowed\":true},{\"type\":\"read_acl\",\"isAllowed\":true},{\"type\":\"write_acl\",\"isAllowed\":true},{\"type\":\"all\",\"isAllowed\":true}],\"users\":[\"rangerlookup\"],\"groups\":[],\"roles\":[],\"conditions\":[],\"delegateAdmin\":false}],\"denyPolicyItems\":[],\"allowExceptions\":[],\"denyExceptions\":[],\"dataMaskPolicyItems\":[],\"rowFilterPolicyItems\":[],\"serviceType\":\"ozone\",\"options\":{},\"validitySchedules\":[],\"policyLabels\":[],\"zoneName\":\"\",\"isDenyAllElse\":false}'),(61,'2022-05-16 13:25:16','2022-05-16 13:25:16','7dfc1287-09f9-408d-9c10-78511ec0f2ed',1020,22,'S3_VOLUME_POLICY',1,'Create','2022-05-16 13:25:16',NULL,'{\"id\":22,\"guid\":\"7dfc1287-09f9-408d-9c10-78511ec0f2ed\",\"isEnabled\":true,\"createdBy\":\"Admin\",\"updatedBy\":\"Admin\",\"createTime\":1652707516347,\"updateTime\":1652707516349,\"version\":1,\"service\":\"cm_ozone\",\"name\":\"S3_VOLUME_POLICY\",\"policyType\":0,\"policyPriority\":0,\"description\":\"Policy for S3_VOLUME_POLICY\",\"resourceSignature\":\"d37d50ca04fc96e730cfed12b2047e8c28413b6e6712b9d472ed7d2d229110b1\",\"isAuditEnabled\":true,\"resources\":{\"volume\":{\"values\":[\"s3v\"],\"isExcludes\":false,\"isRecursive\":false},\"bucket\":{\"values\":[\"*\"],\"isExcludes\":false,\"isRecursive\":false},\"key\":{\"values\":[\"*\"],\"isExcludes\":false,\"isRecursive\":false}},\"policyItems\":[{\"accesses\":[{\"type\":\"all\",\"isAllowed\":true},{\"type\":\"create\",\"isAllowed\":true},{\"type\":\"write\",\"isAllowed\":true},{\"type\":\"read\",\"isAllowed\":true},{\"type\":\"list\",\"isAllowed\":true},{\"type\":\"delete\",\"isAllowed\":true}],\"users\":[\"hive\"],\"groups\":[],\"roles\":[],\"conditions\":[],\"delegateAdmin\":false}],\"denyPolicyItems\":[],\"allowExceptions\":[],\"denyExceptions\":[],\"dataMaskPolicyItems\":[],\"rowFilterPolicyItems\":[],\"serviceType\":\"ozone\",\"options\":{},\"validitySchedules\":[],\"policyLabels\":[],\"zoneName\":\"\",\"isDenyAllElse\":false}'),(62,'2022-05-16 13:25:18','2022-05-16 13:25:18','a3749870-b909-4340-861d-e378685bfda6',1030,8,'cm_kafka',1,'Create','2022-05-16 13:25:18',NULL,'{\"id\":8,\"guid\":\"a3749870-b909-4340-861d-e378685bfda6\",\"isEnabled\":true,\"createdBy\":\"Admin\",\"updatedBy\":\"Admin\",\"createTime\":1652707518784,\"updateTime\":1652707518784,\"version\":1,\"type\":\"kafka\",\"name\":\"cm_kafka\",\"displayName\":\"cm_kafka\",\"description\":\"Kafka repo\",\"tagService\":\"cm_tag\",\"configs\":{\"default-policy.5.policyItem.1.accessTypes\":\"consume,describe\",\"default-policy.3.name\":\"ATLAS_SPARK_HOOK\",\"default-policy.4.resource.consumergroup\":\"atlas\",\"default-policy.4.policyItem.1.accessTypes\":\"consume,describe\",\"ranger.plugin.audit.filters\":\"[{\'accessResult\': \'DENIED\', \'isAudited\': true},{\'resources\':{\'topic\':{\'values\':[\'ATLAS_ENTITIES\',\'ATLAS_HOOK\',\'ATLAS_SPARK_HOOK\']}},\'users\':[\'atlas\'],\'actions\':[\'describe\',\'publish\',\'consume\'],\'isAudited\':false},{\'resources\':{\'topic\':{\'values\':[\'ATLAS_HOOK\']}},\'users\':[\'hive\',\'hbase\',\'impala\',\'nifi\'],\'actions\':[\'publish\',\'describe\'],\'isAudited\':false},{\'resources\':{\'topic\':{\'values\':[\'ATLAS_ENTITIES\']}},\'users\':[\'rangertagsync\'],\'actions\':[\'consume\',\'describe\'],\'isAudited\':false},{\'resources\':{\'consumergroup\':{\'values\':[\'*\']}},\'users\':[\'atlas\',\'rangertagsync\'],\'actions\':[\'consume\'],\'isAudited\':false},{\'users\':[\'kafka\'],\'isAudited\':false}]\",\"default-policy.5.policyItem.1.users\":\"rangertagsync\",\"password\":\"*****\",\"policy.download.auth.users\":\"kafka,streamsmsgmgr,streamsrepmgr,cruisecontrol\",\"default-policy.4.policyItem.1.users\":\"atlas\",\"default-policy.1.policyItem.1.users\":\"hbase,hive,impala,mlgov,nifi\",\"default-policy.2.policyItem.1.users\":\"atlas\",\"default-policy.3.policyItem.1.groups\":\"public\",\"default-policy.1.resource.topic\":\"ATLAS_HOOK\",\"setup.additional.default.policies\":\"true\",\"default-policy.5.name\":\"ranger_entities_consumer consumergroup\",\"default-policy.1.policyItem.2.users\":\"atlas\",\"default-policy.2.name\":\"ATLAS_ENTITIES\",\"default-policy.1.policyItem.2.accessTypes\":\"create,configure,consume,publish\",\"default-policy.2.resource.topic\":\"ATLAS_ENTITIES\",\"default-policy.5.resource.consumergroup\":\"ranger_entities_consumer\",\"default-policy.2.policyItem.2.accessTypes\":\"consume\",\"default-policy.1.policyItem.1.accessTypes\":\"publish\",\"default-policy.3.policyItem.2.users\":\"atlas\",\"tag.download.auth.users\":\"kafka,streamsmsgmgr,streamsrepmgr,cruisecontrol\",\"default-policy.1.name\":\"ATLAS_HOOK\",\"default-policy.3.policyItem.2.accessTypes\":\"create,configure,consume\",\"default-policy.4.name\":\"atlas consumergroup\",\"default-policy.2.policyItem.2.users\":\"rangertagsync\",\"zookeeper.connect\":\"master-1.example.com:2181,master-2.example.com:2181,master-3.example.com:2181\",\"default-policy.2.policyItem.1.accessTypes\":\"create,configure,publish\",\"default.policy.users\":\"streamsmsgmgr,streamsrepmgr,cruisecontrol\",\"default-policy.3.resource.topic\":\"ATLAS_SPARK_HOOK\",\"default-policy.3.policyItem.1.accessTypes\":\"publish\",\"username\":\"kafka\"},\"policyVersion\":1,\"policyUpdateTime\":1652707518785,\"tagVersion\":1,\"tagUpdateTime\":1652707518785}'),(63,'2022-05-16 13:25:18','2022-05-18 10:25:07','3effa19c-877e-470e-8af8-88f421b69953',1020,23,'all - consumergroup',1,'Create','2022-05-16 13:25:18','2022-05-18 10:25:07','{\"id\":23,\"guid\":\"3effa19c-877e-470e-8af8-88f421b69953\",\"isEnabled\":true,\"createdBy\":\"Admin\",\"updatedBy\":\"Admin\",\"createTime\":1652707518892,\"updateTime\":1652707518893,\"version\":1,\"service\":\"cm_kafka\",\"name\":\"all - consumergroup\",\"policyType\":0,\"policyPriority\":0,\"description\":\"Policy for all - consumergroup\",\"resourceSignature\":\"8b806b6eabc6adcac1658dfcb2f95f7f2fdd2a3d2093e67f3fe4773d9562c08d\",\"isAuditEnabled\":true,\"resources\":{\"consumergroup\":{\"values\":[\"*\"],\"isExcludes\":false,\"isRecursive\":false}},\"policyItems\":[{\"accesses\":[{\"type\":\"consume\",\"isAllowed\":true},{\"type\":\"describe\",\"isAllowed\":true},{\"type\":\"delete\",\"isAllowed\":true}],\"users\":[\"cruisecontrol\",\"streamsmsgmgr\",\"kafka\",\"streamsrepmgr\"],\"groups\":[],\"roles\":[],\"conditions\":[],\"delegateAdmin\":true},{\"accesses\":[{\"type\":\"describe\",\"isAllowed\":true}],\"users\":[\"rangerlookup\"],\"groups\":[],\"roles\":[],\"conditions\":[],\"delegateAdmin\":false}],\"denyPolicyItems\":[],\"allowExceptions\":[],\"denyExceptions\":[],\"dataMaskPolicyItems\":[],\"rowFilterPolicyItems\":[],\"serviceType\":\"kafka\",\"options\":{},\"validitySchedules\":[],\"policyLabels\":[],\"zoneName\":\"\",\"isDenyAllElse\":false}'),(64,'2022-05-16 13:25:19','2022-05-18 10:25:24','0cc2b16c-8bc4-4b15-b35d-1b6f24a9bc52',1020,24,'all - topic',1,'Create','2022-05-16 13:25:19','2022-05-18 10:25:24','{\"id\":24,\"guid\":\"0cc2b16c-8bc4-4b15-b35d-1b6f24a9bc52\",\"isEnabled\":true,\"createdBy\":\"Admin\",\"updatedBy\":\"Admin\",\"createTime\":1652707518995,\"updateTime\":1652707518996,\"version\":1,\"service\":\"cm_kafka\",\"name\":\"all - topic\",\"policyType\":0,\"policyPriority\":0,\"description\":\"Policy for all - topic\",\"resourceSignature\":\"875e011fb314298153184b702421bff743744ff9637778aa2c8066aecc08ecc1\",\"isAuditEnabled\":true,\"resources\":{\"topic\":{\"values\":[\"*\"],\"isExcludes\":false,\"isRecursive\":false}},\"policyItems\":[{\"accesses\":[{\"type\":\"publish\",\"isAllowed\":true},{\"type\":\"consume\",\"isAllowed\":true},{\"type\":\"configure\",\"isAllowed\":true},{\"type\":\"describe\",\"isAllowed\":true},{\"type\":\"create\",\"isAllowed\":true},{\"type\":\"delete\",\"isAllowed\":true},{\"type\":\"describe_configs\",\"isAllowed\":true},{\"type\":\"alter_configs\",\"isAllowed\":true},{\"type\":\"alter\",\"isAllowed\":true}],\"users\":[\"cruisecontrol\",\"streamsmsgmgr\",\"kafka\",\"streamsrepmgr\"],\"groups\":[],\"roles\":[],\"conditions\":[],\"delegateAdmin\":true},{\"accesses\":[{\"type\":\"describe\",\"isAllowed\":true}],\"users\":[\"rangerlookup\"],\"groups\":[],\"roles\":[],\"conditions\":[],\"delegateAdmin\":false}],\"denyPolicyItems\":[],\"allowExceptions\":[],\"denyExceptions\":[],\"dataMaskPolicyItems\":[],\"rowFilterPolicyItems\":[],\"serviceType\":\"kafka\",\"options\":{},\"validitySchedules\":[],\"policyLabels\":[],\"zoneName\":\"\",\"isDenyAllElse\":false}'),(65,'2022-05-16 13:25:19','2022-05-18 10:25:40','33e771c8-b0f1-42cd-9122-c4b6d7f194c5',1020,25,'all - transactionalid',1,'Create','2022-05-16 13:25:19','2022-05-18 10:25:40','{\"id\":25,\"guid\":\"33e771c8-b0f1-42cd-9122-c4b6d7f194c5\",\"isEnabled\":true,\"createdBy\":\"Admin\",\"updatedBy\":\"Admin\",\"createTime\":1652707519066,\"updateTime\":1652707519067,\"version\":1,\"service\":\"cm_kafka\",\"name\":\"all - transactionalid\",\"policyType\":0,\"policyPriority\":0,\"description\":\"Policy for all - transactionalid\",\"resourceSignature\":\"08c233ac88f4f6024ae516f63c9f244e65eb9a0ad4581d807fe0f66f00c1f17c\",\"isAuditEnabled\":true,\"resources\":{\"transactionalid\":{\"values\":[\"*\"],\"isExcludes\":false,\"isRecursive\":false}},\"policyItems\":[{\"accesses\":[{\"type\":\"publish\",\"isAllowed\":true},{\"type\":\"describe\",\"isAllowed\":true}],\"users\":[\"cruisecontrol\",\"streamsmsgmgr\",\"kafka\",\"streamsrepmgr\"],\"groups\":[],\"roles\":[],\"conditions\":[],\"delegateAdmin\":true},{\"accesses\":[{\"type\":\"describe\",\"isAllowed\":true}],\"users\":[\"rangerlookup\"],\"groups\":[],\"roles\":[],\"conditions\":[],\"delegateAdmin\":false}],\"denyPolicyItems\":[],\"allowExceptions\":[],\"denyExceptions\":[],\"dataMaskPolicyItems\":[],\"rowFilterPolicyItems\":[],\"serviceType\":\"kafka\",\"options\":{},\"validitySchedules\":[],\"policyLabels\":[],\"zoneName\":\"\",\"isDenyAllElse\":false}'),(66,'2022-05-16 13:25:19','2022-05-18 10:26:06','28272b2b-18f9-43f0-b80c-e6abca67c820',1020,26,'all - cluster',1,'Create','2022-05-16 13:25:19','2022-05-18 10:26:06','{\"id\":26,\"guid\":\"28272b2b-18f9-43f0-b80c-e6abca67c820\",\"isEnabled\":true,\"createdBy\":\"Admin\",\"updatedBy\":\"Admin\",\"createTime\":1652707519132,\"updateTime\":1652707519134,\"version\":1,\"service\":\"cm_kafka\",\"name\":\"all - cluster\",\"policyType\":0,\"policyPriority\":0,\"description\":\"Policy for all - cluster\",\"resourceSignature\":\"f0f71572fbbecb75c249a18d593c9f16b8913a1fe67ec1e03f7e513ed857ed13\",\"isAuditEnabled\":true,\"resources\":{\"cluster\":{\"values\":[\"*\"],\"isExcludes\":false,\"isRecursive\":false}},\"policyItems\":[{\"accesses\":[{\"type\":\"configure\",\"isAllowed\":true},{\"type\":\"describe\",\"isAllowed\":true},{\"type\":\"kafka_admin\",\"isAllowed\":true},{\"type\":\"create\",\"isAllowed\":true},{\"type\":\"idempotent_write\",\"isAllowed\":true},{\"type\":\"describe_configs\",\"isAllowed\":true},{\"type\":\"alter_configs\",\"isAllowed\":true},{\"type\":\"cluster_action\",\"isAllowed\":true},{\"type\":\"alter\",\"isAllowed\":true}],\"users\":[\"cruisecontrol\",\"streamsmsgmgr\",\"kafka\",\"streamsrepmgr\"],\"groups\":[],\"roles\":[],\"conditions\":[],\"delegateAdmin\":true},{\"accesses\":[{\"type\":\"describe\",\"isAllowed\":true}],\"users\":[\"rangerlookup\"],\"groups\":[],\"roles\":[],\"conditions\":[],\"delegateAdmin\":false}],\"denyPolicyItems\":[],\"allowExceptions\":[],\"denyExceptions\":[],\"dataMaskPolicyItems\":[],\"rowFilterPolicyItems\":[],\"serviceType\":\"kafka\",\"options\":{},\"validitySchedules\":[],\"policyLabels\":[],\"zoneName\":\"\",\"isDenyAllElse\":false}'),(67,'2022-05-16 13:25:19','2022-05-18 10:26:33','fb583824-6d8d-4078-bdfb-27c0b997cf6f',1020,27,'all - delegationtoken',1,'Create','2022-05-16 13:25:19','2022-05-18 10:26:33','{\"id\":27,\"guid\":\"fb583824-6d8d-4078-bdfb-27c0b997cf6f\",\"isEnabled\":true,\"createdBy\":\"Admin\",\"updatedBy\":\"Admin\",\"createTime\":1652707519197,\"updateTime\":1652707519198,\"version\":1,\"service\":\"cm_kafka\",\"name\":\"all - delegationtoken\",\"policyType\":0,\"policyPriority\":0,\"description\":\"Policy for all - delegationtoken\",\"resourceSignature\":\"2cb327aea1a3008ff5871618be9eec6fd9804adffa51f703889b49d465a64635\",\"isAuditEnabled\":true,\"resources\":{\"delegationtoken\":{\"values\":[\"*\"],\"isExcludes\":false,\"isRecursive\":false}},\"policyItems\":[{\"accesses\":[{\"type\":\"describe\",\"isAllowed\":true}],\"users\":[\"cruisecontrol\",\"streamsmsgmgr\",\"kafka\",\"streamsrepmgr\"],\"groups\":[],\"roles\":[],\"conditions\":[],\"delegateAdmin\":true},{\"accesses\":[{\"type\":\"describe\",\"isAllowed\":true}],\"users\":[\"rangerlookup\"],\"groups\":[],\"roles\":[],\"conditions\":[],\"delegateAdmin\":false}],\"denyPolicyItems\":[],\"allowExceptions\":[],\"denyExceptions\":[],\"dataMaskPolicyItems\":[],\"rowFilterPolicyItems\":[],\"serviceType\":\"kafka\",\"options\":{},\"validitySchedules\":[],\"policyLabels\":[],\"zoneName\":\"\",\"isDenyAllElse\":false}'),(68,'2022-05-16 13:25:19','2022-05-16 13:25:19','04084483-7713-45d8-99d0-f66a4f3b751f',1020,28,'ATLAS_HOOK',1,'Create','2022-05-16 13:25:19',NULL,'{\"id\":28,\"guid\":\"04084483-7713-45d8-99d0-f66a4f3b751f\",\"isEnabled\":true,\"createdBy\":\"Admin\",\"updatedBy\":\"Admin\",\"createTime\":1652707519247,\"updateTime\":1652707519248,\"version\":1,\"service\":\"cm_kafka\",\"name\":\"ATLAS_HOOK\",\"policyType\":0,\"policyPriority\":0,\"description\":\"Policy for ATLAS_HOOK\",\"resourceSignature\":\"62ab64de7a6f80b7218ea070cc18e4b814383a6556b1017572b566e244002ad9\",\"isAuditEnabled\":true,\"resources\":{\"topic\":{\"values\":[\"ATLAS_HOOK\"],\"isExcludes\":false,\"isRecursive\":false}},\"policyItems\":[{\"accesses\":[{\"type\":\"publish\",\"isAllowed\":true}],\"users\":[\"hbase\",\"hive\",\"impala\",\"mlgov\",\"nifi\"],\"groups\":[],\"roles\":[],\"conditions\":[],\"delegateAdmin\":false},{\"accesses\":[{\"type\":\"create\",\"isAllowed\":true},{\"type\":\"configure\",\"isAllowed\":true},{\"type\":\"consume\",\"isAllowed\":true},{\"type\":\"publish\",\"isAllowed\":true}],\"users\":[\"atlas\"],\"groups\":[],\"roles\":[],\"conditions\":[],\"delegateAdmin\":false}],\"denyPolicyItems\":[],\"allowExceptions\":[],\"denyExceptions\":[],\"dataMaskPolicyItems\":[],\"rowFilterPolicyItems\":[],\"serviceType\":\"kafka\",\"options\":{},\"validitySchedules\":[],\"policyLabels\":[],\"zoneName\":\"\",\"isDenyAllElse\":false}'),(69,'2022-05-16 13:25:19','2022-05-16 13:25:19','8d0d4928-f5f7-4044-9555-54d08b619725',1020,29,'ATLAS_ENTITIES',1,'Create','2022-05-16 13:25:19',NULL,'{\"id\":29,\"guid\":\"8d0d4928-f5f7-4044-9555-54d08b619725\",\"isEnabled\":true,\"createdBy\":\"Admin\",\"updatedBy\":\"Admin\",\"createTime\":1652707519305,\"updateTime\":1652707519305,\"version\":1,\"service\":\"cm_kafka\",\"name\":\"ATLAS_ENTITIES\",\"policyType\":0,\"policyPriority\":0,\"description\":\"Policy for ATLAS_ENTITIES\",\"resourceSignature\":\"1ccf2b90f80907376d4387b17c85a0c53f8ebc95ea0b8dd2db1043bf57f54975\",\"isAuditEnabled\":true,\"resources\":{\"topic\":{\"values\":[\"ATLAS_ENTITIES\"],\"isExcludes\":false,\"isRecursive\":false}},\"policyItems\":[{\"accesses\":[{\"type\":\"create\",\"isAllowed\":true},{\"type\":\"configure\",\"isAllowed\":true},{\"type\":\"publish\",\"isAllowed\":true}],\"users\":[\"atlas\"],\"groups\":[],\"roles\":[],\"conditions\":[],\"delegateAdmin\":false},{\"accesses\":[{\"type\":\"consume\",\"isAllowed\":true}],\"users\":[\"rangertagsync\"],\"groups\":[],\"roles\":[],\"conditions\":[],\"delegateAdmin\":false}],\"denyPolicyItems\":[],\"allowExceptions\":[],\"denyExceptions\":[],\"dataMaskPolicyItems\":[],\"rowFilterPolicyItems\":[],\"serviceType\":\"kafka\",\"options\":{},\"validitySchedules\":[],\"policyLabels\":[],\"zoneName\":\"\",\"isDenyAllElse\":false}'),(70,'2022-05-16 13:25:19','2022-05-16 13:25:19','cfa43f5f-06a2-470b-9bb9-6e48a8d7f35a',1020,30,'ATLAS_SPARK_HOOK',1,'Create','2022-05-16 13:25:19',NULL,'{\"id\":30,\"guid\":\"cfa43f5f-06a2-470b-9bb9-6e48a8d7f35a\",\"isEnabled\":true,\"createdBy\":\"Admin\",\"updatedBy\":\"Admin\",\"createTime\":1652707519360,\"updateTime\":1652707519361,\"version\":1,\"service\":\"cm_kafka\",\"name\":\"ATLAS_SPARK_HOOK\",\"policyType\":0,\"policyPriority\":0,\"description\":\"Policy for ATLAS_SPARK_HOOK\",\"resourceSignature\":\"f66fbdb64a0413114c9e1575f265f6ca401b7349dd5f0060d513fd7294e49539\",\"isAuditEnabled\":true,\"resources\":{\"topic\":{\"values\":[\"ATLAS_SPARK_HOOK\"],\"isExcludes\":false,\"isRecursive\":false}},\"policyItems\":[{\"accesses\":[{\"type\":\"publish\",\"isAllowed\":true}],\"users\":[],\"groups\":[\"public\"],\"roles\":[],\"conditions\":[],\"delegateAdmin\":false},{\"accesses\":[{\"type\":\"create\",\"isAllowed\":true},{\"type\":\"configure\",\"isAllowed\":true},{\"type\":\"consume\",\"isAllowed\":true}],\"users\":[\"atlas\"],\"groups\":[],\"roles\":[],\"conditions\":[],\"delegateAdmin\":false}],\"denyPolicyItems\":[],\"allowExceptions\":[],\"denyExceptions\":[],\"dataMaskPolicyItems\":[],\"rowFilterPolicyItems\":[],\"serviceType\":\"kafka\",\"options\":{},\"validitySchedules\":[],\"policyLabels\":[],\"zoneName\":\"\",\"isDenyAllElse\":false}'),(71,'2022-05-16 13:25:19','2022-05-16 13:25:19','e262fba2-f7c0-4b85-9c06-354eaf0f3274',1020,31,'atlas consumergroup',1,'Create','2022-05-16 13:25:19',NULL,'{\"id\":31,\"guid\":\"e262fba2-f7c0-4b85-9c06-354eaf0f3274\",\"isEnabled\":true,\"createdBy\":\"Admin\",\"updatedBy\":\"Admin\",\"createTime\":1652707519419,\"updateTime\":1652707519421,\"version\":1,\"service\":\"cm_kafka\",\"name\":\"atlas consumergroup\",\"policyType\":0,\"policyPriority\":0,\"description\":\"Policy for atlas consumergroup\",\"resourceSignature\":\"b0d89626d9a2152826dc5c7ec095c65ff0900b965d34842b7a315580492757ef\",\"isAuditEnabled\":true,\"resources\":{\"consumergroup\":{\"values\":[\"atlas\"],\"isExcludes\":false,\"isRecursive\":false}},\"policyItems\":[{\"accesses\":[{\"type\":\"consume\",\"isAllowed\":true},{\"type\":\"describe\",\"isAllowed\":true}],\"users\":[\"atlas\"],\"groups\":[],\"roles\":[],\"conditions\":[],\"delegateAdmin\":false}],\"denyPolicyItems\":[],\"allowExceptions\":[],\"denyExceptions\":[],\"dataMaskPolicyItems\":[],\"rowFilterPolicyItems\":[],\"serviceType\":\"kafka\",\"options\":{},\"validitySchedules\":[],\"policyLabels\":[],\"zoneName\":\"\",\"isDenyAllElse\":false}'),(72,'2022-05-16 13:25:19','2022-05-16 13:25:19','826104f1-6f64-4c60-80d4-c192c783cfa9',1020,32,'ranger_entities_consumer consumergroup',1,'Create','2022-05-16 13:25:19',NULL,'{\"id\":32,\"guid\":\"826104f1-6f64-4c60-80d4-c192c783cfa9\",\"isEnabled\":true,\"createdBy\":\"Admin\",\"updatedBy\":\"Admin\",\"createTime\":1652707519480,\"updateTime\":1652707519481,\"version\":1,\"service\":\"cm_kafka\",\"name\":\"ranger_entities_consumer consumergroup\",\"policyType\":0,\"policyPriority\":0,\"description\":\"Policy for ranger_entities_consumer consumergroup\",\"resourceSignature\":\"e054216c9589eb07a10034a2e7eb60da47b64cdad80e98aa2f180cbb5cc1b096\",\"isAuditEnabled\":true,\"resources\":{\"consumergroup\":{\"values\":[\"ranger_entities_consumer\"],\"isExcludes\":false,\"isRecursive\":false}},\"policyItems\":[{\"accesses\":[{\"type\":\"consume\",\"isAllowed\":true},{\"type\":\"describe\",\"isAllowed\":true}],\"users\":[\"rangertagsync\"],\"groups\":[],\"roles\":[],\"conditions\":[],\"delegateAdmin\":false}],\"denyPolicyItems\":[],\"allowExceptions\":[],\"denyExceptions\":[],\"dataMaskPolicyItems\":[],\"rowFilterPolicyItems\":[],\"serviceType\":\"kafka\",\"options\":{},\"validitySchedules\":[],\"policyLabels\":[],\"zoneName\":\"\",\"isDenyAllElse\":false}'),(73,'2022-05-16 13:25:22','2022-05-16 13:25:22','3282fa85-145d-47bd-a127-0fea210b79ae',1030,9,'cm_atlas',1,'Create','2022-05-16 13:25:22',NULL,'{\"id\":9,\"guid\":\"3282fa85-145d-47bd-a127-0fea210b79ae\",\"isEnabled\":true,\"createdBy\":\"Admin\",\"updatedBy\":\"Admin\",\"createTime\":1652707522218,\"updateTime\":1652707522219,\"version\":1,\"type\":\"atlas\",\"name\":\"cm_atlas\",\"displayName\":\"cm_atlas\",\"description\":\"Atlas repo\",\"tagService\":\"cm_tag\",\"configs\":{\"atlas.rest.address\":\"http://localhost:31000\",\"tag.download.auth.users\":\"atlas\",\"password\":\"*****\",\"policy.download.auth.users\":\"atlas\",\"default.policy.users\":\"beacon,dpprofiler,nifi\",\"ranger.plugin.audit.filters\":\"[ {\'accessResult\': \'DENIED\', \'isAudited\': true}, {\'users\':[\'atlas\'] ,\'isAudited\':false} ]\",\"username\":\"admin\"},\"policyVersion\":1,\"policyUpdateTime\":1652707522221,\"tagVersion\":1,\"tagUpdateTime\":1652707522221}'),(74,'2022-05-16 13:25:22','2022-05-18 10:10:28','7c67fef5-1291-4f95-82c9-e1b09f724b34',1020,33,'all - entity-type, entity-classification, entity, entity-business-metadata',1,'Create','2022-05-16 13:25:22','2022-05-18 10:10:28','{\"id\":33,\"guid\":\"7c67fef5-1291-4f95-82c9-e1b09f724b34\",\"isEnabled\":true,\"createdBy\":\"Admin\",\"updatedBy\":\"Admin\",\"createTime\":1652707522279,\"updateTime\":1652707522280,\"version\":1,\"service\":\"cm_atlas\",\"name\":\"all - entity-type, entity-classification, entity, entity-business-metadata\",\"policyType\":0,\"policyPriority\":0,\"description\":\"Policy for all - entity-type, entity-classification, entity, entity-business-metadata\",\"resourceSignature\":\"cb3f8abd5d78dccb01af0eef1f16536ee021e91f3f67c04cc0abce3b3d74da07\",\"isAuditEnabled\":true,\"resources\":{\"entity-type\":{\"values\":[\"*\"],\"isExcludes\":false,\"isRecursive\":false},\"entity-business-metadata\":{\"values\":[\"*\"],\"isExcludes\":false,\"isRecursive\":false},\"entity-classification\":{\"values\":[\"*\"],\"isExcludes\":false,\"isRecursive\":false},\"entity\":{\"values\":[\"*\"],\"isExcludes\":false,\"isRecursive\":false}},\"policyItems\":[{\"accesses\":[{\"type\":\"entity-update-business-metadata\",\"isAllowed\":true}],\"users\":[\"beacon\",\"dpprofiler\",\"admin\",\"nifi\",\"admin\"],\"groups\":[],\"roles\":[],\"conditions\":[],\"delegateAdmin\":true},{\"accesses\":[{\"type\":\"entity-read\",\"isAllowed\":true}],\"users\":[\"rangertagsync\"],\"groups\":[\"public\"],\"roles\":[],\"conditions\":[],\"delegateAdmin\":false},{\"accesses\":[{\"type\":\"entity-read\",\"isAllowed\":true}],\"users\":[\"rangerlookup\"],\"groups\":[],\"roles\":[],\"conditions\":[],\"delegateAdmin\":false}],\"denyPolicyItems\":[],\"allowExceptions\":[],\"denyExceptions\":[],\"dataMaskPolicyItems\":[],\"rowFilterPolicyItems\":[],\"serviceType\":\"atlas\",\"options\":{},\"validitySchedules\":[],\"policyLabels\":[],\"zoneName\":\"\",\"isDenyAllElse\":false}'),(75,'2022-05-16 13:25:22','2022-05-18 10:10:59','c49258a1-ec02-4037-9329-5db56322fae6',1020,34,'all - entity-type, entity-classification, entity',1,'Create','2022-05-16 13:25:22','2022-05-18 10:10:59','{\"id\":34,\"guid\":\"c49258a1-ec02-4037-9329-5db56322fae6\",\"isEnabled\":true,\"createdBy\":\"Admin\",\"updatedBy\":\"Admin\",\"createTime\":1652707522329,\"updateTime\":1652707522330,\"version\":1,\"service\":\"cm_atlas\",\"name\":\"all - entity-type, entity-classification, entity\",\"policyType\":0,\"policyPriority\":0,\"description\":\"Policy for all - entity-type, entity-classification, entity\",\"resourceSignature\":\"cfa28062e015d86ccef9cae8c7deddf77f9e9b20d433efd86228ec6c5bd4bac9\",\"isAuditEnabled\":true,\"resources\":{\"entity-type\":{\"values\":[\"*\"],\"isExcludes\":false,\"isRecursive\":false},\"entity-classification\":{\"values\":[\"*\"],\"isExcludes\":false,\"isRecursive\":false},\"entity\":{\"values\":[\"*\"],\"isExcludes\":false,\"isRecursive\":false}},\"policyItems\":[{\"accesses\":[{\"type\":\"entity-read\",\"isAllowed\":true},{\"type\":\"entity-create\",\"isAllowed\":true},{\"type\":\"entity-update\",\"isAllowed\":true},{\"type\":\"entity-delete\",\"isAllowed\":true},{\"type\":\"entity-add-classification\",\"isAllowed\":true},{\"type\":\"entity-update-classification\",\"isAllowed\":true},{\"type\":\"entity-remove-classification\",\"isAllowed\":true}],\"users\":[\"beacon\",\"dpprofiler\",\"admin\",\"nifi\",\"admin\"],\"groups\":[],\"roles\":[],\"conditions\":[],\"delegateAdmin\":true},{\"accesses\":[{\"type\":\"entity-read\",\"isAllowed\":true}],\"users\":[\"rangertagsync\"],\"groups\":[\"public\"],\"roles\":[],\"conditions\":[],\"delegateAdmin\":false},{\"accesses\":[{\"type\":\"entity-read\",\"isAllowed\":true}],\"users\":[\"rangerlookup\"],\"groups\":[],\"roles\":[],\"conditions\":[],\"delegateAdmin\":false}],\"denyPolicyItems\":[],\"allowExceptions\":[],\"denyExceptions\":[],\"dataMaskPolicyItems\":[],\"rowFilterPolicyItems\":[],\"serviceType\":\"atlas\",\"options\":{},\"validitySchedules\":[],\"policyLabels\":[],\"zoneName\":\"\",\"isDenyAllElse\":false}'),(76,'2022-05-16 13:25:22','2022-05-18 10:11:24','16e30a26-3b87-4c76-9f98-c3f9cb6f1684',1020,35,'all - atlas-service',1,'Create','2022-05-16 13:25:22','2022-05-18 10:11:24','{\"id\":35,\"guid\":\"16e30a26-3b87-4c76-9f98-c3f9cb6f1684\",\"isEnabled\":true,\"createdBy\":\"Admin\",\"updatedBy\":\"Admin\",\"createTime\":1652707522391,\"updateTime\":1652707522392,\"version\":1,\"service\":\"cm_atlas\",\"name\":\"all - atlas-service\",\"policyType\":0,\"policyPriority\":0,\"description\":\"Policy for all - atlas-service\",\"resourceSignature\":\"18a7b8a5b4f223bf77aaf25c14f30d6461c60ec52cd44e8b89e6d13abc5bda19\",\"isAuditEnabled\":true,\"resources\":{\"atlas-service\":{\"values\":[\"*\"],\"isExcludes\":false,\"isRecursive\":false}},\"policyItems\":[{\"accesses\":[{\"type\":\"admin-export\",\"isAllowed\":true},{\"type\":\"admin-import\",\"isAllowed\":true},{\"type\":\"admin-purge\",\"isAllowed\":true},{\"type\":\"admin-audits\",\"isAllowed\":true}],\"users\":[\"beacon\",\"dpprofiler\",\"admin\",\"nifi\",\"admin\"],\"groups\":[],\"roles\":[],\"conditions\":[],\"delegateAdmin\":true}],\"denyPolicyItems\":[],\"allowExceptions\":[],\"denyExceptions\":[],\"dataMaskPolicyItems\":[],\"rowFilterPolicyItems\":[],\"serviceType\":\"atlas\",\"options\":{},\"validitySchedules\":[],\"policyLabels\":[],\"zoneName\":\"\",\"isDenyAllElse\":false}'),(77,'2022-05-16 13:25:22','2022-05-18 10:11:43','828d46d8-ab5c-49b8-9e8d-6f35ccf7534b',1020,36,'all - entity-type, entity-classification, entity, entity-label',1,'Create','2022-05-16 13:25:22','2022-05-18 10:11:43','{\"id\":36,\"guid\":\"828d46d8-ab5c-49b8-9e8d-6f35ccf7534b\",\"isEnabled\":true,\"createdBy\":\"Admin\",\"updatedBy\":\"Admin\",\"createTime\":1652707522449,\"updateTime\":1652707522449,\"version\":1,\"service\":\"cm_atlas\",\"name\":\"all - entity-type, entity-classification, entity, entity-label\",\"policyType\":0,\"policyPriority\":0,\"description\":\"Policy for all - entity-type, entity-classification, entity, entity-label\",\"resourceSignature\":\"4d06f528b81c404a528a63e158ec844daca5b4d2b985b47e65150e7a5b25235e\",\"isAuditEnabled\":true,\"resources\":{\"entity-type\":{\"values\":[\"*\"],\"isExcludes\":false,\"isRecursive\":false},\"entity-classification\":{\"values\":[\"*\"],\"isExcludes\":false,\"isRecursive\":false},\"entity-label\":{\"values\":[\"*\"],\"isExcludes\":false,\"isRecursive\":false},\"entity\":{\"values\":[\"*\"],\"isExcludes\":false,\"isRecursive\":false}},\"policyItems\":[{\"accesses\":[{\"type\":\"entity-add-label\",\"isAllowed\":true},{\"type\":\"entity-remove-label\",\"isAllowed\":true}],\"users\":[\"beacon\",\"dpprofiler\",\"admin\",\"nifi\",\"admin\"],\"groups\":[],\"roles\":[],\"conditions\":[],\"delegateAdmin\":true},{\"accesses\":[{\"type\":\"entity-read\",\"isAllowed\":true}],\"users\":[\"rangertagsync\"],\"groups\":[\"public\"],\"roles\":[],\"conditions\":[],\"delegateAdmin\":false},{\"accesses\":[{\"type\":\"entity-read\",\"isAllowed\":true}],\"users\":[\"rangerlookup\"],\"groups\":[],\"roles\":[],\"conditions\":[],\"delegateAdmin\":false}],\"denyPolicyItems\":[],\"allowExceptions\":[],\"denyExceptions\":[],\"dataMaskPolicyItems\":[],\"rowFilterPolicyItems\":[],\"serviceType\":\"atlas\",\"options\":{},\"validitySchedules\":[],\"policyLabels\":[],\"zoneName\":\"\",\"isDenyAllElse\":false}'),(78,'2022-05-16 13:25:22','2022-05-18 10:12:10','fb75336b-9e85-47ce-b8b8-11fd1338b689',1020,37,'all - relationship-type, end-one-entity-type, end-one-entity-classification, end-one-entity, end-two-entity-type, end-two-entity-classification, end-two-entity',1,'Create','2022-05-16 13:25:22','2022-05-18 10:12:10','{\"id\":37,\"guid\":\"fb75336b-9e85-47ce-b8b8-11fd1338b689\",\"isEnabled\":true,\"createdBy\":\"Admin\",\"updatedBy\":\"Admin\",\"createTime\":1652707522533,\"updateTime\":1652707522533,\"version\":1,\"service\":\"cm_atlas\",\"name\":\"all - relationship-type, end-one-entity-type, end-one-entity-classification, end-one-entity, end-two-entity-type, end-two-entity-classification, end-two-entity\",\"policyType\":0,\"policyPriority\":0,\"description\":\"Policy for all - relationship-type, end-one-entity-type, end-one-entity-classification, end-one-entity, end-two-entity-type, end-two-entity-classification, end-two-entity\",\"resourceSignature\":\"61c3a6849c77a161330353551b6b0d9d4feef3f38914abdcaefd35f009b6e4d5\",\"isAuditEnabled\":true,\"resources\":{\"end-one-entity-classification\":{\"values\":[\"*\"],\"isExcludes\":false,\"isRecursive\":false},\"end-two-entity\":{\"values\":[\"*\"],\"isExcludes\":false,\"isRecursive\":false},\"end-two-entity-type\":{\"values\":[\"*\"],\"isExcludes\":false,\"isRecursive\":false},\"relationship-type\":{\"values\":[\"*\"],\"isExcludes\":false,\"isRecursive\":false},\"end-two-entity-classification\":{\"values\":[\"*\"],\"isExcludes\":false,\"isRecursive\":false},\"end-one-entity-type\":{\"values\":[\"*\"],\"isExcludes\":false,\"isRecursive\":false},\"end-one-entity\":{\"values\":[\"*\"],\"isExcludes\":false,\"isRecursive\":false}},\"policyItems\":[{\"accesses\":[{\"type\":\"add-relationship\",\"isAllowed\":true},{\"type\":\"update-relationship\",\"isAllowed\":true},{\"type\":\"remove-relationship\",\"isAllowed\":true}],\"users\":[\"beacon\",\"dpprofiler\",\"admin\",\"nifi\",\"admin\"],\"groups\":[\"public\"],\"roles\":[],\"conditions\":[],\"delegateAdmin\":true}],\"denyPolicyItems\":[],\"allowExceptions\":[],\"denyExceptions\":[],\"dataMaskPolicyItems\":[],\"rowFilterPolicyItems\":[],\"serviceType\":\"atlas\",\"options\":{},\"validitySchedules\":[],\"policyLabels\":[],\"zoneName\":\"\",\"isDenyAllElse\":false}'),(79,'2022-05-16 13:25:22','2022-05-18 10:14:04','2b818801-beb2-4050-b558-ab52ffd13975',1020,38,'all - type-category, type',1,'Create','2022-05-16 13:25:22','2022-05-18 10:14:04','{\"id\":38,\"guid\":\"2b818801-beb2-4050-b558-ab52ffd13975\",\"isEnabled\":true,\"createdBy\":\"Admin\",\"updatedBy\":\"Admin\",\"createTime\":1652707522597,\"updateTime\":1652707522597,\"version\":1,\"service\":\"cm_atlas\",\"name\":\"all - type-category, type\",\"policyType\":0,\"policyPriority\":0,\"description\":\"Policy for all - type-category, type\",\"resourceSignature\":\"c200eb7817dbc41a8c7800802b3a558081a32da1d84231d836fa88a8294a9b54\",\"isAuditEnabled\":true,\"resources\":{\"type-category\":{\"values\":[\"*\"],\"isExcludes\":false,\"isRecursive\":false},\"type\":{\"values\":[\"*\"],\"isExcludes\":false,\"isRecursive\":false}},\"policyItems\":[{\"accesses\":[{\"type\":\"type-create\",\"isAllowed\":true},{\"type\":\"type-update\",\"isAllowed\":true},{\"type\":\"type-delete\",\"isAllowed\":true},{\"type\":\"type-read\",\"isAllowed\":true}],\"users\":[\"beacon\",\"dpprofiler\",\"admin\",\"nifi\",\"admin\"],\"groups\":[],\"roles\":[],\"conditions\":[],\"delegateAdmin\":true},{\"accesses\":[{\"type\":\"type-read\",\"isAllowed\":true}],\"users\":[],\"groups\":[\"public\"],\"roles\":[],\"conditions\":[],\"delegateAdmin\":false}],\"denyPolicyItems\":[],\"allowExceptions\":[],\"denyExceptions\":[],\"dataMaskPolicyItems\":[],\"rowFilterPolicyItems\":[],\"serviceType\":\"atlas\",\"options\":{},\"validitySchedules\":[],\"policyLabels\":[],\"zoneName\":\"\",\"isDenyAllElse\":false}'),(80,'2022-05-16 13:25:22','2022-05-16 13:25:22','49580a09-250b-4e33-91c6-16c9231f697a',1020,39,'Allow users to manage favorite searches',1,'Create','2022-05-16 13:25:22',NULL,'{\"id\":39,\"guid\":\"49580a09-250b-4e33-91c6-16c9231f697a\",\"isEnabled\":true,\"createdBy\":\"Admin\",\"updatedBy\":\"Admin\",\"createTime\":1652707522657,\"updateTime\":1652707522658,\"version\":1,\"service\":\"cm_atlas\",\"name\":\"Allow users to manage favorite searches\",\"policyType\":0,\"policyPriority\":0,\"resourceSignature\":\"fb8adb168966bcfb58305a6b7c0f2a772e27193fd73bb166f7b0cd54a99b32cd\",\"isAuditEnabled\":true,\"resources\":{\"entity-type\":{\"values\":[\"__AtlasUserProfile\",\"__AtlasUserSavedSearch\"],\"isExcludes\":false,\"isRecursive\":false},\"entity-classification\":{\"values\":[\"*\"],\"isExcludes\":false,\"isRecursive\":false},\"entity\":{\"values\":[\"{USER}\",\"{USER}:*\"],\"isExcludes\":false,\"isRecursive\":false}},\"policyItems\":[{\"accesses\":[{\"type\":\"entity-read\",\"isAllowed\":true},{\"type\":\"entity-create\",\"isAllowed\":true},{\"type\":\"entity-update\",\"isAllowed\":true},{\"type\":\"entity-delete\",\"isAllowed\":true}],\"users\":[\"{USER}\"],\"groups\":[],\"roles\":[],\"conditions\":[],\"delegateAdmin\":false}],\"denyPolicyItems\":[],\"allowExceptions\":[],\"denyExceptions\":[],\"dataMaskPolicyItems\":[],\"rowFilterPolicyItems\":[],\"serviceType\":\"atlas\",\"options\":{},\"validitySchedules\":[],\"policyLabels\":[],\"zoneName\":\"\",\"isDenyAllElse\":false}'),(81,'2022-05-16 13:25:25','2022-05-16 13:25:25','e9cc805b-f7c0-4e5a-9d7c-fd780771266a',1030,10,'cm_solr',1,'Create','2022-05-16 13:25:25',NULL,'{\"id\":10,\"guid\":\"e9cc805b-f7c0-4e5a-9d7c-fd780771266a\",\"isEnabled\":true,\"createdBy\":\"Admin\",\"updatedBy\":\"Admin\",\"createTime\":1652707525380,\"updateTime\":1652707525380,\"version\":1,\"type\":\"solr\",\"name\":\"cm_solr\",\"displayName\":\"cm_solr\",\"description\":\"Solr repo\",\"tagService\":\"cm_tag\",\"configs\":{\"solr.url\":\"http://localhost:8983/solr\",\"setup.additional.default.policies\":\"true\",\"solr.zookeeper.quorum\":\"master-1.example.com:2181,master-3.example.com:2181,master-2.example.com:2181/solr-infra\",\"ranger.plugin.audit.filters\":\"[ {\'accessResult\': \'DENIED\', \'isAudited\': true}, {\'users\':[\'hive\',\'hdfs\',\'kafka\',\'hbase\',\'solr\',\'rangerraz\',\'knox\',\'atlas\'] ,\'isAudited\':false} ]\",\"default-policy.1.policyItem.1.accessTypes\":\"query,update,others\",\"tag.download.auth.users\":\"solr\",\"default-policy.1.name\":\"RANGER_AUDITS_COLLECTION\",\"password\":\"*****\",\"policy.download.auth.users\":\"solr\",\"default-policy.1.resource.collection\":\"ranger_audits\",\"default.policy.users\":\"ranger,atlas\",\"default-policy.1.policyItem.1.users\":\"hdfs,hbase,hive,yarn,knox,storm,kafka,nifi,nifiregistry,impala,keyadmin,rangerraz,streamsmsgmgr,schemaregistry\",\"username\":\"solr\"},\"policyVersion\":1,\"policyUpdateTime\":1652707525381,\"tagVersion\":1,\"tagUpdateTime\":1652707525381}'),(82,'2022-05-16 13:25:25','2022-05-18 10:27:45','2ad58bd5-ca0a-47b4-a255-d1b06b4ca87b',1020,40,'all - collection',1,'Create','2022-05-16 13:25:25','2022-05-18 10:27:45','{\"id\":40,\"guid\":\"2ad58bd5-ca0a-47b4-a255-d1b06b4ca87b\",\"isEnabled\":true,\"createdBy\":\"Admin\",\"updatedBy\":\"Admin\",\"createTime\":1652707525488,\"updateTime\":1652707525489,\"version\":1,\"service\":\"cm_solr\",\"name\":\"all - collection\",\"policyType\":0,\"policyPriority\":0,\"description\":\"Policy for all - collection\",\"resourceSignature\":\"b2f44bc8981641c5afb20bb8561ede30c2a0211ab91818a975677fabf35e5b12\",\"isAuditEnabled\":true,\"resources\":{\"collection\":{\"values\":[\"*\"],\"isExcludes\":false,\"isRecursive\":false}},\"policyItems\":[{\"accesses\":[{\"type\":\"query\",\"isAllowed\":true},{\"type\":\"update\",\"isAllowed\":true},{\"type\":\"others\",\"isAllowed\":true},{\"type\":\"solr_admin\",\"isAllowed\":true}],\"users\":[\"atlas\",\"solr\",\"ranger\"],\"groups\":[],\"roles\":[],\"conditions\":[],\"delegateAdmin\":true},{\"accesses\":[{\"type\":\"query\",\"isAllowed\":true}],\"users\":[\"rangerlookup\"],\"groups\":[],\"roles\":[],\"conditions\":[],\"delegateAdmin\":false}],\"denyPolicyItems\":[],\"allowExceptions\":[],\"denyExceptions\":[],\"dataMaskPolicyItems\":[],\"rowFilterPolicyItems\":[],\"serviceType\":\"solr\",\"options\":{},\"validitySchedules\":[],\"policyLabels\":[],\"zoneName\":\"\",\"isDenyAllElse\":false}'),(83,'2022-05-16 13:25:25','2022-05-16 13:25:25','8f3117ea-fd2b-4f29-a00a-b3199768e9f0',1020,41,'RANGER_AUDITS_COLLECTION',1,'Create','2022-05-16 13:25:25',NULL,'{\"id\":41,\"guid\":\"8f3117ea-fd2b-4f29-a00a-b3199768e9f0\",\"isEnabled\":true,\"createdBy\":\"Admin\",\"updatedBy\":\"Admin\",\"createTime\":1652707525537,\"updateTime\":1652707525538,\"version\":1,\"service\":\"cm_solr\",\"name\":\"RANGER_AUDITS_COLLECTION\",\"policyType\":0,\"policyPriority\":0,\"description\":\"Policy for RANGER_AUDITS_COLLECTION\",\"resourceSignature\":\"ae34ec4b148fe7a9b06ae03f93f6a95b4ea02664aa996660a9f2c181b7fb3854\",\"isAuditEnabled\":true,\"resources\":{\"collection\":{\"values\":[\"ranger_audits\"],\"isExcludes\":false,\"isRecursive\":false}},\"policyItems\":[{\"accesses\":[{\"type\":\"query\",\"isAllowed\":true},{\"type\":\"update\",\"isAllowed\":true},{\"type\":\"others\",\"isAllowed\":true}],\"users\":[\"hdfs\",\"hbase\",\"hive\",\"yarn\",\"knox\",\"storm\",\"kafka\",\"nifi\",\"nifiregistry\",\"impala\",\"keyadmin\",\"rangerraz\",\"streamsmsgmgr\",\"schemaregistry\"],\"groups\":[],\"roles\":[],\"conditions\":[],\"delegateAdmin\":false}],\"denyPolicyItems\":[],\"allowExceptions\":[],\"denyExceptions\":[],\"dataMaskPolicyItems\":[],\"rowFilterPolicyItems\":[],\"serviceType\":\"solr\",\"options\":{},\"validitySchedules\":[],\"policyLabels\":[],\"zoneName\":\"\",\"isDenyAllElse\":false}'),(84,'2022-05-16 13:25:28','2022-05-17 12:34:36','695be175-69d7-4cee-8aa5-f6983d72f53d',1030,11,'cm_kms',1,'Create','2022-05-16 13:25:28','2022-05-17 12:34:36','{\"id\":11,\"guid\":\"695be175-69d7-4cee-8aa5-f6983d72f53d\",\"isEnabled\":true,\"createdBy\":\"Admin\",\"updatedBy\":\"Admin\",\"createTime\":1652707528766,\"updateTime\":1652707528767,\"version\":1,\"type\":\"kms\",\"name\":\"cm_kms\",\"displayName\":\"cm_kms\",\"description\":\"KMS repo\",\"configs\":{\"password\":\"*****\",\"policy.download.auth.users\":\"keyadmin,rangerkms\",\"provider\":\"kms://http@localhost:9292/kms\",\"ranger.plugin.audit.filters\":\"[ {\'accessResult\': \'DENIED\', \'isAudited\': true}, {\'users\':[\'keyadmin\'] ,\'isAudited\':false} ]\",\"username\":\"keyadmin\"},\"policyVersion\":1,\"policyUpdateTime\":1652707528768,\"tagVersion\":1,\"tagUpdateTime\":1652707528768}'),(85,'2022-05-16 13:25:28','2022-05-16 13:25:28','47e138cb-42fb-4513-b0da-f4f7338b9dd8',1020,42,'all - keyname',1,'Create','2022-05-16 13:25:28',NULL,'{\"id\":42,\"guid\":\"47e138cb-42fb-4513-b0da-f4f7338b9dd8\",\"isEnabled\":true,\"createdBy\":\"Admin\",\"updatedBy\":\"Admin\",\"createTime\":1652707528840,\"updateTime\":1652707528842,\"version\":1,\"service\":\"cm_kms\",\"name\":\"all - keyname\",\"policyType\":0,\"policyPriority\":0,\"description\":\"Policy for all - keyname\",\"resourceSignature\":\"43ba5ec899642b547c31144d1b915a0b8502b71fbff3216ec5733c7d6363cb2c\",\"isAuditEnabled\":true,\"resources\":{\"keyname\":{\"values\":[\"*\"],\"isExcludes\":false,\"isRecursive\":false}},\"policyItems\":[{\"accesses\":[{\"type\":\"create\",\"isAllowed\":true},{\"type\":\"delete\",\"isAllowed\":true},{\"type\":\"rollover\",\"isAllowed\":true},{\"type\":\"setkeymaterial\",\"isAllowed\":true},{\"type\":\"get\",\"isAllowed\":true},{\"type\":\"getkeys\",\"isAllowed\":true},{\"type\":\"getmetadata\",\"isAllowed\":true},{\"type\":\"generateeek\",\"isAllowed\":true},{\"type\":\"decrypteek\",\"isAllowed\":true}],\"users\":[\"keyadmin\",\"ranger\"],\"groups\":[],\"roles\":[],\"conditions\":[],\"delegateAdmin\":true},{\"accesses\":[{\"type\":\"get\",\"isAllowed\":true}],\"users\":[\"rangerlookup\",\"ranger\"],\"groups\":[],\"roles\":[],\"conditions\":[],\"delegateAdmin\":false},{\"accesses\":[{\"type\":\"getmetadata\",\"isAllowed\":true},{\"type\":\"generateeek\",\"isAllowed\":true}],\"users\":[\"hdfs\"],\"groups\":[],\"roles\":[],\"conditions\":[],\"delegateAdmin\":true},{\"accesses\":[{\"type\":\"getmetadata\",\"isAllowed\":true},{\"type\":\"decrypteek\",\"isAllowed\":true}],\"users\":[\"hive\"],\"groups\":[],\"roles\":[],\"conditions\":[],\"delegateAdmin\":true},{\"accesses\":[{\"type\":\"decrypteek\",\"isAllowed\":true}],\"users\":[\"hbase\"],\"groups\":[],\"roles\":[],\"conditions\":[],\"delegateAdmin\":true}],\"denyPolicyItems\":[],\"allowExceptions\":[],\"denyExceptions\":[],\"dataMaskPolicyItems\":[],\"rowFilterPolicyItems\":[],\"serviceType\":\"kms\",\"options\":{},\"validitySchedules\":[],\"policyLabels\":[],\"zoneName\":\"\",\"isDenyAllElse\":false}'),(86,'2022-05-16 14:10:19','2022-05-16 14:10:19','34df02cf-7468-4796-865c-839721df3653',1020,43,'access: ranger audit',1,'Create','2022-05-16 14:10:19',NULL,'{\"id\":43,\"guid\":\"34df02cf-7468-4796-865c-839721df3653\",\"isEnabled\":true,\"createdBy\":\"sam_sec\",\"updatedBy\":\"sam_sec\",\"createTime\":1652710219162,\"updateTime\":1652710219163,\"version\":1,\"service\":\"cm_hdfs\",\"name\":\"access: ranger audit\",\"policyType\":0,\"policyPriority\":0,\"description\":\"\",\"resourceSignature\":\"8bb16f63a41d13be972dd701ddec86bc4722a268d3a32fb163fccf80912db4b3\",\"isAuditEnabled\":true,\"resources\":{\"path\":{\"values\":[\"/ranger/audit\"],\"isExcludes\":false,\"isRecursive\":true}},\"policyItems\":[{\"accesses\":[{\"type\":\"read\",\"isAllowed\":true},{\"type\":\"write\",\"isAllowed\":true},{\"type\":\"execute\",\"isAllowed\":true}],\"users\":[\"atlas\",\"hbase\",\"hdfs\",\"impala\",\"kafka\",\"knox\",\"solr\",\"yarn\",\"hive\"],\"groups\":[],\"roles\":[],\"conditions\":[],\"delegateAdmin\":false}],\"denyPolicyItems\":[],\"allowExceptions\":[],\"denyExceptions\":[],\"dataMaskPolicyItems\":[],\"rowFilterPolicyItems\":[],\"serviceType\":\"hdfs\",\"options\":{},\"validitySchedules\":[],\"policyLabels\":[],\"zoneName\":\"\",\"isDenyAllElse\":false}'),(87,'2022-05-17 12:34:36','2022-05-17 12:34:36','695be175-69d7-4cee-8aa5-f6983d72f53d',1030,11,'cm_kms',2,'Update','2022-05-17 12:34:36',NULL,'{\"id\":11,\"guid\":\"695be175-69d7-4cee-8aa5-f6983d72f53d\",\"isEnabled\":true,\"createdBy\":\"Admin\",\"createTime\":1652707528000,\"updateTime\":1652790876068,\"version\":2,\"type\":\"kms\",\"name\":\"cm_kms\",\"displayName\":\"cm_kms\",\"description\":\"KMS repo\",\"configs\":{\"tag.download.auth.users\":\"kms\",\"password\":\"*****\",\"policy.download.auth.users\":\"keyadmin,rangerkms\",\"provider\":\"kms://http@localhost:9292/kms\",\"ranger.plugin.audit.filters\":\"[ {\'accessResult\': \'DENIED\', \'isAudited\': true}, {\'users\':[\'keyadmin\'] ,\'isAudited\':false} ]\",\"username\":\"keyadmin\"},\"policyVersion\":2,\"policyUpdateTime\":1652707528000,\"tagVersion\":1,\"tagUpdateTime\":1652707528000}'),(88,'2022-05-18 10:10:28','2022-05-18 10:10:28','7c67fef5-1291-4f95-82c9-e1b09f724b34',1020,33,'all - entity-type, entity-classification, entity, entity-business-metadata',2,'Update','2022-05-18 10:10:28',NULL,'{\"id\":33,\"guid\":\"7c67fef5-1291-4f95-82c9-e1b09f724b34\",\"isEnabled\":true,\"createdBy\":\"Admin\",\"updatedBy\":\"allan_admin\",\"createTime\":1652707522000,\"updateTime\":1652868628225,\"version\":2,\"service\":\"cm_atlas\",\"name\":\"all - entity-type, entity-classification, entity, entity-business-metadata\",\"policyType\":0,\"policyPriority\":0,\"description\":\"Policy for all - entity-type, entity-classification, entity, entity-business-metadata\",\"resourceSignature\":\"cb3f8abd5d78dccb01af0eef1f16536ee021e91f3f67c04cc0abce3b3d74da07\",\"isAuditEnabled\":true,\"resources\":{\"entity-type\":{\"values\":[\"*\"],\"isExcludes\":false,\"isRecursive\":false},\"entity-business-metadata\":{\"values\":[\"*\"],\"isExcludes\":false,\"isRecursive\":false},\"entity-classification\":{\"values\":[\"*\"],\"isExcludes\":false,\"isRecursive\":false},\"entity\":{\"values\":[\"*\"],\"isExcludes\":false,\"isRecursive\":false}},\"policyItems\":[{\"accesses\":[{\"type\":\"entity-update-business-metadata\",\"isAllowed\":true}],\"users\":[\"beacon\",\"dpprofiler\",\"admin\",\"nifi\",\"admin\"],\"groups\":[],\"roles\":[\"atlas_adm\"],\"conditions\":[],\"delegateAdmin\":true},{\"accesses\":[{\"type\":\"entity-read\",\"isAllowed\":true}],\"users\":[\"rangertagsync\"],\"groups\":[],\"roles\":[],\"conditions\":[],\"delegateAdmin\":false},{\"accesses\":[{\"type\":\"entity-read\",\"isAllowed\":true}],\"users\":[\"rangerlookup\"],\"groups\":[],\"roles\":[],\"conditions\":[],\"delegateAdmin\":false}],\"denyPolicyItems\":[],\"allowExceptions\":[],\"denyExceptions\":[],\"dataMaskPolicyItems\":[],\"rowFilterPolicyItems\":[],\"serviceType\":\"atlas\",\"options\":{},\"validitySchedules\":[],\"policyLabels\":[],\"zoneName\":\"\",\"isDenyAllElse\":false}'),(89,'2022-05-18 10:10:59','2022-05-18 10:10:59','c49258a1-ec02-4037-9329-5db56322fae6',1020,34,'all - entity-type, entity-classification, entity',2,'Update','2022-05-18 10:10:59',NULL,'{\"id\":34,\"guid\":\"c49258a1-ec02-4037-9329-5db56322fae6\",\"isEnabled\":true,\"createdBy\":\"Admin\",\"updatedBy\":\"allan_admin\",\"createTime\":1652707522000,\"updateTime\":1652868659198,\"version\":2,\"service\":\"cm_atlas\",\"name\":\"all - entity-type, entity-classification, entity\",\"policyType\":0,\"policyPriority\":0,\"description\":\"Policy for all - entity-type, entity-classification, entity\",\"resourceSignature\":\"cfa28062e015d86ccef9cae8c7deddf77f9e9b20d433efd86228ec6c5bd4bac9\",\"isAuditEnabled\":true,\"resources\":{\"entity-type\":{\"values\":[\"*\"],\"isExcludes\":false,\"isRecursive\":false},\"entity-classification\":{\"values\":[\"*\"],\"isExcludes\":false,\"isRecursive\":false},\"entity\":{\"values\":[\"*\"],\"isExcludes\":false,\"isRecursive\":false}},\"policyItems\":[{\"accesses\":[{\"type\":\"entity-read\",\"isAllowed\":true},{\"type\":\"entity-create\",\"isAllowed\":true},{\"type\":\"entity-update\",\"isAllowed\":true},{\"type\":\"entity-delete\",\"isAllowed\":true},{\"type\":\"entity-add-classification\",\"isAllowed\":true},{\"type\":\"entity-update-classification\",\"isAllowed\":true},{\"type\":\"entity-remove-classification\",\"isAllowed\":true}],\"users\":[\"beacon\",\"dpprofiler\",\"admin\",\"nifi\",\"admin\"],\"groups\":[],\"roles\":[\"atlas_adm\"],\"conditions\":[],\"delegateAdmin\":true},{\"accesses\":[{\"type\":\"entity-read\",\"isAllowed\":true}],\"users\":[\"rangertagsync\"],\"groups\":[],\"roles\":[],\"conditions\":[],\"delegateAdmin\":false},{\"accesses\":[{\"type\":\"entity-read\",\"isAllowed\":true}],\"users\":[\"rangerlookup\"],\"groups\":[],\"roles\":[],\"conditions\":[],\"delegateAdmin\":false}],\"denyPolicyItems\":[],\"allowExceptions\":[],\"denyExceptions\":[],\"dataMaskPolicyItems\":[],\"rowFilterPolicyItems\":[],\"serviceType\":\"atlas\",\"options\":{},\"validitySchedules\":[],\"policyLabels\":[],\"zoneName\":\"\",\"isDenyAllElse\":false}'),(90,'2022-05-18 10:11:24','2022-05-18 10:11:24','16e30a26-3b87-4c76-9f98-c3f9cb6f1684',1020,35,'all - atlas-service',2,'Update','2022-05-18 10:11:24',NULL,'{\"id\":35,\"guid\":\"16e30a26-3b87-4c76-9f98-c3f9cb6f1684\",\"isEnabled\":true,\"createdBy\":\"Admin\",\"updatedBy\":\"allan_admin\",\"createTime\":1652707522000,\"updateTime\":1652868684187,\"version\":2,\"service\":\"cm_atlas\",\"name\":\"all - atlas-service\",\"policyType\":0,\"policyPriority\":0,\"description\":\"Policy for all - atlas-service\",\"resourceSignature\":\"18a7b8a5b4f223bf77aaf25c14f30d6461c60ec52cd44e8b89e6d13abc5bda19\",\"isAuditEnabled\":true,\"resources\":{\"atlas-service\":{\"values\":[\"*\"],\"isExcludes\":false,\"isRecursive\":false}},\"policyItems\":[{\"accesses\":[{\"type\":\"admin-export\",\"isAllowed\":true},{\"type\":\"admin-import\",\"isAllowed\":true},{\"type\":\"admin-purge\",\"isAllowed\":true},{\"type\":\"admin-audits\",\"isAllowed\":true}],\"users\":[\"beacon\",\"dpprofiler\",\"admin\",\"nifi\",\"admin\"],\"groups\":[],\"roles\":[\"atlas_adm\"],\"conditions\":[],\"delegateAdmin\":true}],\"denyPolicyItems\":[],\"allowExceptions\":[],\"denyExceptions\":[],\"dataMaskPolicyItems\":[],\"rowFilterPolicyItems\":[],\"serviceType\":\"atlas\",\"options\":{},\"validitySchedules\":[],\"policyLabels\":[],\"zoneName\":\"\",\"isDenyAllElse\":false}'),(91,'2022-05-18 10:11:43','2022-05-18 10:11:43','828d46d8-ab5c-49b8-9e8d-6f35ccf7534b',1020,36,'all - entity-type, entity-classification, entity, entity-label',2,'Update','2022-05-18 10:11:43',NULL,'{\"id\":36,\"guid\":\"828d46d8-ab5c-49b8-9e8d-6f35ccf7534b\",\"isEnabled\":true,\"createdBy\":\"Admin\",\"updatedBy\":\"allan_admin\",\"createTime\":1652707522000,\"updateTime\":1652868703748,\"version\":2,\"service\":\"cm_atlas\",\"name\":\"all - entity-type, entity-classification, entity, entity-label\",\"policyType\":0,\"policyPriority\":0,\"description\":\"Policy for all - entity-type, entity-classification, entity, entity-label\",\"resourceSignature\":\"4d06f528b81c404a528a63e158ec844daca5b4d2b985b47e65150e7a5b25235e\",\"isAuditEnabled\":true,\"resources\":{\"entity-type\":{\"values\":[\"*\"],\"isExcludes\":false,\"isRecursive\":false},\"entity-classification\":{\"values\":[\"*\"],\"isExcludes\":false,\"isRecursive\":false},\"entity-label\":{\"values\":[\"*\"],\"isExcludes\":false,\"isRecursive\":false},\"entity\":{\"values\":[\"*\"],\"isExcludes\":false,\"isRecursive\":false}},\"policyItems\":[{\"accesses\":[{\"type\":\"entity-add-label\",\"isAllowed\":true},{\"type\":\"entity-remove-label\",\"isAllowed\":true}],\"users\":[\"beacon\",\"dpprofiler\",\"admin\",\"nifi\",\"admin\"],\"groups\":[],\"roles\":[\"atlas_adm\"],\"conditions\":[],\"delegateAdmin\":true},{\"accesses\":[{\"type\":\"entity-read\",\"isAllowed\":true}],\"users\":[\"rangertagsync\"],\"groups\":[],\"roles\":[],\"conditions\":[],\"delegateAdmin\":false},{\"accesses\":[{\"type\":\"entity-read\",\"isAllowed\":true}],\"users\":[\"rangerlookup\"],\"groups\":[],\"roles\":[],\"conditions\":[],\"delegateAdmin\":false}],\"denyPolicyItems\":[],\"allowExceptions\":[],\"denyExceptions\":[],\"dataMaskPolicyItems\":[],\"rowFilterPolicyItems\":[],\"serviceType\":\"atlas\",\"options\":{},\"validitySchedules\":[],\"policyLabels\":[],\"zoneName\":\"\",\"isDenyAllElse\":false}'),(92,'2022-05-18 10:12:10','2022-05-18 10:12:10','fb75336b-9e85-47ce-b8b8-11fd1338b689',1020,37,'all - relationship-type, end-one-entity-type, end-one-entity-classification, end-one-entity, end-two-entity-type, end-two-entity-classification, end-two-entity',2,'Update','2022-05-18 10:12:10',NULL,'{\"id\":37,\"guid\":\"fb75336b-9e85-47ce-b8b8-11fd1338b689\",\"isEnabled\":true,\"createdBy\":\"Admin\",\"updatedBy\":\"allan_admin\",\"createTime\":1652707522000,\"updateTime\":1652868730045,\"version\":2,\"service\":\"cm_atlas\",\"name\":\"all - relationship-type, end-one-entity-type, end-one-entity-classification, end-one-entity, end-two-entity-type, end-two-entity-classification, end-two-entity\",\"policyType\":0,\"policyPriority\":0,\"description\":\"Policy for all - relationship-type, end-one-entity-type, end-one-entity-classification, end-one-entity, end-two-entity-type, end-two-entity-classification, end-two-entity\",\"resourceSignature\":\"61c3a6849c77a161330353551b6b0d9d4feef3f38914abdcaefd35f009b6e4d5\",\"isAuditEnabled\":true,\"resources\":{\"end-one-entity-classification\":{\"values\":[\"*\"],\"isExcludes\":false,\"isRecursive\":false},\"end-two-entity\":{\"values\":[\"*\"],\"isExcludes\":false,\"isRecursive\":false},\"end-two-entity-type\":{\"values\":[\"*\"],\"isExcludes\":false,\"isRecursive\":false},\"relationship-type\":{\"values\":[\"*\"],\"isExcludes\":false,\"isRecursive\":false},\"end-two-entity-classification\":{\"values\":[\"*\"],\"isExcludes\":false,\"isRecursive\":false},\"end-one-entity-type\":{\"values\":[\"*\"],\"isExcludes\":false,\"isRecursive\":false},\"end-one-entity\":{\"values\":[\"*\"],\"isExcludes\":false,\"isRecursive\":false}},\"policyItems\":[{\"accesses\":[{\"type\":\"add-relationship\",\"isAllowed\":true},{\"type\":\"update-relationship\",\"isAllowed\":true},{\"type\":\"remove-relationship\",\"isAllowed\":true}],\"users\":[\"beacon\",\"dpprofiler\",\"admin\",\"nifi\",\"admin\"],\"groups\":[],\"roles\":[\"atlas_adm\"],\"conditions\":[],\"delegateAdmin\":true}],\"denyPolicyItems\":[],\"allowExceptions\":[],\"denyExceptions\":[],\"dataMaskPolicyItems\":[],\"rowFilterPolicyItems\":[],\"serviceType\":\"atlas\",\"options\":{},\"validitySchedules\":[],\"policyLabels\":[],\"zoneName\":\"\",\"isDenyAllElse\":false}'),(93,'2022-05-18 10:14:04','2022-05-18 10:14:04','2b818801-beb2-4050-b558-ab52ffd13975',1020,38,'all - type-category, type',2,'Update','2022-05-18 10:14:04',NULL,'{\"id\":38,\"guid\":\"2b818801-beb2-4050-b558-ab52ffd13975\",\"isEnabled\":true,\"createdBy\":\"Admin\",\"updatedBy\":\"allan_admin\",\"createTime\":1652707522000,\"updateTime\":1652868844468,\"version\":2,\"service\":\"cm_atlas\",\"name\":\"all - type-category, type\",\"policyType\":0,\"policyPriority\":0,\"description\":\"Policy for all - type-category, type\",\"resourceSignature\":\"c200eb7817dbc41a8c7800802b3a558081a32da1d84231d836fa88a8294a9b54\",\"isAuditEnabled\":true,\"resources\":{\"type-category\":{\"values\":[\"*\"],\"isExcludes\":false,\"isRecursive\":false},\"type\":{\"values\":[\"*\"],\"isExcludes\":false,\"isRecursive\":false}},\"policyItems\":[{\"accesses\":[{\"type\":\"type-create\",\"isAllowed\":true},{\"type\":\"type-update\",\"isAllowed\":true},{\"type\":\"type-delete\",\"isAllowed\":true},{\"type\":\"type-read\",\"isAllowed\":true}],\"users\":[\"beacon\",\"dpprofiler\",\"admin\",\"nifi\",\"admin\"],\"groups\":[],\"roles\":[\"atlas_adm\"],\"conditions\":[],\"delegateAdmin\":true}],\"denyPolicyItems\":[],\"allowExceptions\":[],\"denyExceptions\":[],\"dataMaskPolicyItems\":[],\"rowFilterPolicyItems\":[],\"serviceType\":\"atlas\",\"options\":{},\"validitySchedules\":[],\"policyLabels\":[],\"zoneName\":\"\",\"isDenyAllElse\":false}'),(94,'2022-05-18 10:16:09','2022-05-18 10:16:09','642cbf33-b691-4694-bc45-c74dfd559e19',1020,7,'all - global',2,'Update','2022-05-18 10:16:09',NULL,'{\"id\":7,\"guid\":\"642cbf33-b691-4694-bc45-c74dfd559e19\",\"isEnabled\":true,\"createdBy\":\"Admin\",\"updatedBy\":\"allan_admin\",\"createTime\":1652707509000,\"updateTime\":1652868969344,\"version\":2,\"service\":\"cm_hive\",\"name\":\"all - global\",\"policyType\":0,\"policyPriority\":0,\"description\":\"Policy for all - global\",\"resourceSignature\":\"7b67e1ab9cbc3011d86faad9d1acc488ef0eb097dcf178a2b49b8e6343e8c107\",\"isAuditEnabled\":true,\"resources\":{\"global\":{\"values\":[\"*\"],\"isExcludes\":false,\"isRecursive\":false}},\"policyItems\":[{\"accesses\":[{\"type\":\"select\",\"isAllowed\":true},{\"type\":\"update\",\"isAllowed\":true},{\"type\":\"create\",\"isAllowed\":true},{\"type\":\"drop\",\"isAllowed\":true},{\"type\":\"alter\",\"isAllowed\":true},{\"type\":\"index\",\"isAllowed\":true},{\"type\":\"lock\",\"isAllowed\":true},{\"type\":\"all\",\"isAllowed\":true},{\"type\":\"read\",\"isAllowed\":true},{\"type\":\"write\",\"isAllowed\":true},{\"type\":\"repladmin\",\"isAllowed\":true},{\"type\":\"serviceadmin\",\"isAllowed\":true},{\"type\":\"tempudfadmin\",\"isAllowed\":true},{\"type\":\"refresh\",\"isAllowed\":true},{\"type\":\"rwstorage\",\"isAllowed\":true}],\"users\":[\"hive\",\"beacon\",\"dpprofiler\",\"hue\",\"admin\",\"impala\"],\"groups\":[],\"roles\":[\"sql_adm\"],\"conditions\":[],\"delegateAdmin\":true},{\"accesses\":[{\"type\":\"select\",\"isAllowed\":true},{\"type\":\"read\",\"isAllowed\":true}],\"users\":[\"rangerlookup\"],\"groups\":[],\"roles\":[],\"conditions\":[],\"delegateAdmin\":false},{\"accesses\":[{\"type\":\"select\",\"isAllowed\":true},{\"type\":\"update\",\"isAllowed\":true},{\"type\":\"create\",\"isAllowed\":true},{\"type\":\"drop\",\"isAllowed\":true},{\"type\":\"alter\",\"isAllowed\":true},{\"type\":\"index\",\"isAllowed\":true},{\"type\":\"lock\",\"isAllowed\":true},{\"type\":\"all\",\"isAllowed\":true},{\"type\":\"read\",\"isAllowed\":true},{\"type\":\"write\",\"isAllowed\":true},{\"type\":\"repladmin\",\"isAllowed\":true},{\"type\":\"serviceadmin\",\"isAllowed\":true},{\"type\":\"tempudfadmin\",\"isAllowed\":true},{\"type\":\"refresh\",\"isAllowed\":true},{\"type\":\"rwstorage\",\"isAllowed\":true}],\"users\":[\"{OWNER}\"],\"groups\":[],\"roles\":[],\"conditions\":[],\"delegateAdmin\":false}],\"denyPolicyItems\":[],\"allowExceptions\":[],\"denyExceptions\":[],\"dataMaskPolicyItems\":[],\"rowFilterPolicyItems\":[],\"serviceType\":\"hive\",\"options\":{},\"validitySchedules\":[],\"policyLabels\":[],\"zoneName\":\"\",\"isDenyAllElse\":false}'),(95,'2022-05-18 10:16:40','2022-05-18 10:16:40','1743c101-ced6-439e-a346-5f47c0a6d53f',1020,8,'all - database, table, column',2,'Update','2022-05-18 10:16:40',NULL,'{\"id\":8,\"guid\":\"1743c101-ced6-439e-a346-5f47c0a6d53f\",\"isEnabled\":true,\"createdBy\":\"Admin\",\"updatedBy\":\"allan_admin\",\"createTime\":1652707509000,\"updateTime\":1652869000210,\"version\":2,\"service\":\"cm_hive\",\"name\":\"all - database, table, column\",\"policyType\":0,\"policyPriority\":0,\"description\":\"Policy for all - database, table, column\",\"resourceSignature\":\"ffd181600c642189ed345de83c0fb4649f19c4d89487a478b08bb5a88fa4602e\",\"isAuditEnabled\":true,\"resources\":{\"database\":{\"values\":[\"*\"],\"isExcludes\":false,\"isRecursive\":false},\"column\":{\"values\":[\"*\"],\"isExcludes\":false,\"isRecursive\":false},\"table\":{\"values\":[\"*\"],\"isExcludes\":false,\"isRecursive\":false}},\"policyItems\":[{\"accesses\":[{\"type\":\"select\",\"isAllowed\":true},{\"type\":\"update\",\"isAllowed\":true},{\"type\":\"create\",\"isAllowed\":true},{\"type\":\"drop\",\"isAllowed\":true},{\"type\":\"alter\",\"isAllowed\":true},{\"type\":\"index\",\"isAllowed\":true},{\"type\":\"lock\",\"isAllowed\":true},{\"type\":\"all\",\"isAllowed\":true},{\"type\":\"read\",\"isAllowed\":true},{\"type\":\"write\",\"isAllowed\":true},{\"type\":\"repladmin\",\"isAllowed\":true},{\"type\":\"serviceadmin\",\"isAllowed\":true},{\"type\":\"tempudfadmin\",\"isAllowed\":true},{\"type\":\"refresh\",\"isAllowed\":true},{\"type\":\"rwstorage\",\"isAllowed\":true}],\"users\":[\"hive\",\"beacon\",\"dpprofiler\",\"hue\",\"admin\",\"impala\"],\"groups\":[],\"roles\":[\"sql_adm\"],\"conditions\":[],\"delegateAdmin\":true},{\"accesses\":[{\"type\":\"select\",\"isAllowed\":true},{\"type\":\"read\",\"isAllowed\":true}],\"users\":[\"rangerlookup\"],\"groups\":[],\"roles\":[],\"conditions\":[],\"delegateAdmin\":false},{\"accesses\":[{\"type\":\"all\",\"isAllowed\":true}],\"users\":[\"{OWNER}\"],\"groups\":[],\"roles\":[],\"conditions\":[],\"delegateAdmin\":true}],\"denyPolicyItems\":[],\"allowExceptions\":[],\"denyExceptions\":[],\"dataMaskPolicyItems\":[],\"rowFilterPolicyItems\":[],\"serviceType\":\"hive\",\"options\":{},\"validitySchedules\":[],\"policyLabels\":[],\"zoneName\":\"\",\"isDenyAllElse\":false}'),(96,'2022-05-18 10:17:24','2022-05-18 10:17:24','9bda6dbf-e5a4-4ca9-b057-e0b47f85b983',1020,9,'all - database, table',2,'Update','2022-05-18 10:17:24',NULL,'{\"id\":9,\"guid\":\"9bda6dbf-e5a4-4ca9-b057-e0b47f85b983\",\"isEnabled\":true,\"createdBy\":\"Admin\",\"updatedBy\":\"allan_admin\",\"createTime\":1652707509000,\"updateTime\":1652869044072,\"version\":2,\"service\":\"cm_hive\",\"name\":\"all - database, table\",\"policyType\":0,\"policyPriority\":0,\"description\":\"Policy for all - database, table\",\"resourceSignature\":\"d28afef6d5894f1db09ca5fb17f47f4eeef6795e8090c8f244bc38231d1e8cb9\",\"isAuditEnabled\":true,\"resources\":{\"database\":{\"values\":[\"*\"],\"isExcludes\":false,\"isRecursive\":false},\"table\":{\"values\":[\"*\"],\"isExcludes\":false,\"isRecursive\":false}},\"policyItems\":[{\"accesses\":[{\"type\":\"select\",\"isAllowed\":true},{\"type\":\"update\",\"isAllowed\":true},{\"type\":\"create\",\"isAllowed\":true},{\"type\":\"drop\",\"isAllowed\":true},{\"type\":\"alter\",\"isAllowed\":true},{\"type\":\"index\",\"isAllowed\":true},{\"type\":\"lock\",\"isAllowed\":true},{\"type\":\"all\",\"isAllowed\":true},{\"type\":\"read\",\"isAllowed\":true},{\"type\":\"write\",\"isAllowed\":true},{\"type\":\"repladmin\",\"isAllowed\":true},{\"type\":\"serviceadmin\",\"isAllowed\":true},{\"type\":\"tempudfadmin\",\"isAllowed\":true},{\"type\":\"refresh\",\"isAllowed\":true},{\"type\":\"rwstorage\",\"isAllowed\":true}],\"users\":[\"hive\",\"beacon\",\"dpprofiler\",\"hue\",\"admin\",\"impala\"],\"groups\":[],\"roles\":[\"sql_adm\"],\"conditions\":[],\"delegateAdmin\":true},{\"accesses\":[{\"type\":\"select\",\"isAllowed\":true},{\"type\":\"read\",\"isAllowed\":true}],\"users\":[\"rangerlookup\"],\"groups\":[],\"roles\":[],\"conditions\":[],\"delegateAdmin\":false},{\"accesses\":[{\"type\":\"all\",\"isAllowed\":true}],\"users\":[\"{OWNER}\"],\"groups\":[],\"roles\":[],\"conditions\":[],\"delegateAdmin\":true},{\"accesses\":[{\"type\":\"select\",\"isAllowed\":true}],\"users\":[\"rangerrms\"],\"groups\":[],\"roles\":[],\"conditions\":[],\"delegateAdmin\":false}],\"denyPolicyItems\":[],\"allowExceptions\":[],\"denyExceptions\":[],\"dataMaskPolicyItems\":[],\"rowFilterPolicyItems\":[],\"serviceType\":\"hive\",\"options\":{},\"validitySchedules\":[],\"policyLabels\":[],\"zoneName\":\"\",\"isDenyAllElse\":false}'),(97,'2022-05-18 10:17:42','2022-05-18 10:17:42','642cbf33-b691-4694-bc45-c74dfd559e19',1020,7,'all - global',3,'Update','2022-05-18 10:17:42',NULL,'{\"id\":7,\"guid\":\"642cbf33-b691-4694-bc45-c74dfd559e19\",\"isEnabled\":true,\"createdBy\":\"Admin\",\"updatedBy\":\"allan_admin\",\"createTime\":1652707509000,\"updateTime\":1652869062755,\"version\":3,\"service\":\"cm_hive\",\"name\":\"all - global\",\"policyType\":0,\"policyPriority\":0,\"description\":\"Policy for all - global\",\"resourceSignature\":\"7b67e1ab9cbc3011d86faad9d1acc488ef0eb097dcf178a2b49b8e6343e8c107\",\"isAuditEnabled\":true,\"resources\":{\"global\":{\"values\":[\"*\"],\"isExcludes\":false,\"isRecursive\":false}},\"policyItems\":[{\"accesses\":[{\"type\":\"select\",\"isAllowed\":true},{\"type\":\"update\",\"isAllowed\":true},{\"type\":\"create\",\"isAllowed\":true},{\"type\":\"drop\",\"isAllowed\":true},{\"type\":\"alter\",\"isAllowed\":true},{\"type\":\"index\",\"isAllowed\":true},{\"type\":\"lock\",\"isAllowed\":true},{\"type\":\"all\",\"isAllowed\":true},{\"type\":\"read\",\"isAllowed\":true},{\"type\":\"write\",\"isAllowed\":true},{\"type\":\"repladmin\",\"isAllowed\":true},{\"type\":\"serviceadmin\",\"isAllowed\":true},{\"type\":\"tempudfadmin\",\"isAllowed\":true},{\"type\":\"refresh\",\"isAllowed\":true},{\"type\":\"rwstorage\",\"isAllowed\":true}],\"users\":[\"hive\",\"beacon\",\"dpprofiler\",\"hue\",\"admin\",\"impala\"],\"groups\":[],\"roles\":[\"sql_adm\"],\"conditions\":[],\"delegateAdmin\":true},{\"accesses\":[{\"type\":\"select\",\"isAllowed\":true},{\"type\":\"read\",\"isAllowed\":true}],\"users\":[\"rangerlookup\"],\"groups\":[],\"roles\":[],\"conditions\":[],\"delegateAdmin\":false},{\"accesses\":[{\"type\":\"select\",\"isAllowed\":true},{\"type\":\"update\",\"isAllowed\":true},{\"type\":\"create\",\"isAllowed\":true},{\"type\":\"drop\",\"isAllowed\":true},{\"type\":\"alter\",\"isAllowed\":true},{\"type\":\"index\",\"isAllowed\":true},{\"type\":\"lock\",\"isAllowed\":true},{\"type\":\"all\",\"isAllowed\":true},{\"type\":\"read\",\"isAllowed\":true},{\"type\":\"write\",\"isAllowed\":true},{\"type\":\"repladmin\",\"isAllowed\":true},{\"type\":\"serviceadmin\",\"isAllowed\":true},{\"type\":\"tempudfadmin\",\"isAllowed\":true},{\"type\":\"refresh\",\"isAllowed\":true},{\"type\":\"rwstorage\",\"isAllowed\":true}],\"users\":[\"{OWNER}\"],\"groups\":[],\"roles\":[],\"conditions\":[],\"delegateAdmin\":true}],\"denyPolicyItems\":[],\"allowExceptions\":[],\"denyExceptions\":[],\"dataMaskPolicyItems\":[],\"rowFilterPolicyItems\":[],\"serviceType\":\"hive\",\"options\":{},\"validitySchedules\":[],\"policyLabels\":[],\"zoneName\":\"\",\"isDenyAllElse\":false}'),(98,'2022-05-18 10:18:00','2022-05-18 10:18:00','91422bbb-5529-450c-884d-c841b2262355',1020,10,'all - storage-type, storage-url',2,'Update','2022-05-18 10:18:00',NULL,'{\"id\":10,\"guid\":\"91422bbb-5529-450c-884d-c841b2262355\",\"isEnabled\":true,\"createdBy\":\"Admin\",\"updatedBy\":\"allan_admin\",\"createTime\":1652707509000,\"updateTime\":1652869080240,\"version\":2,\"service\":\"cm_hive\",\"name\":\"all - storage-type, storage-url\",\"policyType\":0,\"policyPriority\":0,\"description\":\"Policy for all - storage-type, storage-url\",\"resourceSignature\":\"e852ea647778bbf1e26b8eca5c8e5ffc670f0e8261e41689cf022575799cfd55\",\"isAuditEnabled\":true,\"resources\":{\"storage-type\":{\"values\":[\"*\"],\"isExcludes\":false,\"isRecursive\":false},\"storage-url\":{\"values\":[\"*\"],\"isExcludes\":false,\"isRecursive\":false}},\"policyItems\":[{\"accesses\":[{\"type\":\"rwstorage\",\"isAllowed\":true}],\"users\":[\"hive\",\"beacon\",\"dpprofiler\",\"hue\",\"admin\",\"impala\"],\"groups\":[],\"roles\":[\"sql_adm\"],\"conditions\":[],\"delegateAdmin\":true},{\"accesses\":[{\"type\":\"select\",\"isAllowed\":true},{\"type\":\"read\",\"isAllowed\":true}],\"users\":[\"rangerlookup\"],\"groups\":[],\"roles\":[],\"conditions\":[],\"delegateAdmin\":false}],\"denyPolicyItems\":[],\"allowExceptions\":[],\"denyExceptions\":[],\"dataMaskPolicyItems\":[],\"rowFilterPolicyItems\":[],\"serviceType\":\"hive\",\"options\":{},\"validitySchedules\":[],\"policyLabels\":[],\"zoneName\":\"\",\"isDenyAllElse\":false}'),(99,'2022-05-18 10:18:25','2022-05-18 10:18:25','fbaa6935-126f-4db8-ad1f-d628e1a4f9aa',1020,11,'all - database',2,'Update','2022-05-18 10:18:25',NULL,'{\"id\":11,\"guid\":\"fbaa6935-126f-4db8-ad1f-d628e1a4f9aa\",\"isEnabled\":true,\"createdBy\":\"Admin\",\"updatedBy\":\"allan_admin\",\"createTime\":1652707510000,\"updateTime\":1652869105361,\"version\":2,\"service\":\"cm_hive\",\"name\":\"all - database\",\"policyType\":0,\"policyPriority\":0,\"description\":\"Policy for all - database\",\"resourceSignature\":\"319fd63cad4bb7c8ed17fda910b636dc2e0f6b0112e28487d9e44e8a5c846314\",\"isAuditEnabled\":true,\"resources\":{\"database\":{\"values\":[\"*\"],\"isExcludes\":false,\"isRecursive\":false}},\"policyItems\":[{\"accesses\":[{\"type\":\"select\",\"isAllowed\":true},{\"type\":\"update\",\"isAllowed\":true},{\"type\":\"create\",\"isAllowed\":true},{\"type\":\"drop\",\"isAllowed\":true},{\"type\":\"alter\",\"isAllowed\":true},{\"type\":\"index\",\"isAllowed\":true},{\"type\":\"lock\",\"isAllowed\":true},{\"type\":\"all\",\"isAllowed\":true},{\"type\":\"read\",\"isAllowed\":true},{\"type\":\"write\",\"isAllowed\":true},{\"type\":\"repladmin\",\"isAllowed\":true},{\"type\":\"serviceadmin\",\"isAllowed\":true},{\"type\":\"tempudfadmin\",\"isAllowed\":true},{\"type\":\"refresh\",\"isAllowed\":true},{\"type\":\"rwstorage\",\"isAllowed\":true}],\"users\":[\"hive\",\"beacon\",\"dpprofiler\",\"hue\",\"admin\",\"impala\"],\"groups\":[],\"roles\":[\"sql_adm\"],\"conditions\":[],\"delegateAdmin\":true},{\"accesses\":[{\"type\":\"select\",\"isAllowed\":true},{\"type\":\"read\",\"isAllowed\":true}],\"users\":[\"rangerlookup\"],\"groups\":[],\"roles\":[],\"conditions\":[],\"delegateAdmin\":false},{\"accesses\":[{\"type\":\"create\",\"isAllowed\":true}],\"users\":[],\"groups\":[\"public\"],\"roles\":[],\"conditions\":[],\"delegateAdmin\":false},{\"accesses\":[{\"type\":\"all\",\"isAllowed\":true}],\"users\":[\"{OWNER}\"],\"groups\":[],\"roles\":[],\"conditions\":[],\"delegateAdmin\":true}],\"denyPolicyItems\":[],\"allowExceptions\":[],\"denyExceptions\":[],\"dataMaskPolicyItems\":[],\"rowFilterPolicyItems\":[],\"serviceType\":\"hive\",\"options\":{},\"validitySchedules\":[],\"policyLabels\":[],\"zoneName\":\"\",\"isDenyAllElse\":false}'),(100,'2022-05-18 10:19:07','2022-05-18 10:19:07','9153e91c-c7cd-4ca8-9c7a-47cb43239590',1020,12,'all - hiveservice',2,'Update','2022-05-18 10:19:07',NULL,'{\"id\":12,\"guid\":\"9153e91c-c7cd-4ca8-9c7a-47cb43239590\",\"isEnabled\":true,\"createdBy\":\"Admin\",\"updatedBy\":\"allan_admin\",\"createTime\":1652707510000,\"updateTime\":1652869147822,\"version\":2,\"service\":\"cm_hive\",\"name\":\"all - hiveservice\",\"policyType\":0,\"policyPriority\":0,\"description\":\"Policy for all - hiveservice\",\"resourceSignature\":\"c052be6821aab8eaad336c15ac58111b27f1b9186353c072d6887497d4b72185\",\"isAuditEnabled\":true,\"resources\":{\"hiveservice\":{\"values\":[\"*\"],\"isExcludes\":false,\"isRecursive\":false}},\"policyItems\":[{\"accesses\":[{\"type\":\"select\",\"isAllowed\":true},{\"type\":\"update\",\"isAllowed\":true},{\"type\":\"create\",\"isAllowed\":true},{\"type\":\"drop\",\"isAllowed\":true},{\"type\":\"alter\",\"isAllowed\":true},{\"type\":\"index\",\"isAllowed\":true},{\"type\":\"lock\",\"isAllowed\":true},{\"type\":\"all\",\"isAllowed\":true},{\"type\":\"read\",\"isAllowed\":true},{\"type\":\"write\",\"isAllowed\":true},{\"type\":\"repladmin\",\"isAllowed\":true},{\"type\":\"serviceadmin\",\"isAllowed\":true},{\"type\":\"tempudfadmin\",\"isAllowed\":true},{\"type\":\"refresh\",\"isAllowed\":true},{\"type\":\"rwstorage\",\"isAllowed\":true}],\"users\":[\"hive\",\"beacon\",\"dpprofiler\",\"hue\",\"admin\",\"impala\"],\"groups\":[],\"roles\":[\"sql_adm\"],\"conditions\":[],\"delegateAdmin\":true},{\"accesses\":[{\"type\":\"select\",\"isAllowed\":true},{\"type\":\"read\",\"isAllowed\":true}],\"users\":[\"rangerlookup\"],\"groups\":[],\"roles\":[],\"conditions\":[],\"delegateAdmin\":false}],\"denyPolicyItems\":[],\"allowExceptions\":[],\"denyExceptions\":[],\"dataMaskPolicyItems\":[],\"rowFilterPolicyItems\":[],\"serviceType\":\"hive\",\"options\":{},\"validitySchedules\":[],\"policyLabels\":[],\"zoneName\":\"\",\"isDenyAllElse\":false}'),(101,'2022-05-18 10:19:23','2022-05-18 10:19:23','3de7e3ba-f472-4781-9433-29a56ec7f963',1020,13,'all - database, udf',2,'Update','2022-05-18 10:19:23',NULL,'{\"id\":13,\"guid\":\"3de7e3ba-f472-4781-9433-29a56ec7f963\",\"isEnabled\":true,\"createdBy\":\"Admin\",\"updatedBy\":\"allan_admin\",\"createTime\":1652707510000,\"updateTime\":1652869163388,\"version\":2,\"service\":\"cm_hive\",\"name\":\"all - database, udf\",\"policyType\":0,\"policyPriority\":0,\"description\":\"Policy for all - database, udf\",\"resourceSignature\":\"a9a4ce765b10e47239e032918d1f88aadab9f6e5ca4ed9612b1f6d720f49792e\",\"isAuditEnabled\":true,\"resources\":{\"database\":{\"values\":[\"*\"],\"isExcludes\":false,\"isRecursive\":false},\"udf\":{\"values\":[\"*\"],\"isExcludes\":false,\"isRecursive\":false}},\"policyItems\":[{\"accesses\":[{\"type\":\"select\",\"isAllowed\":true},{\"type\":\"update\",\"isAllowed\":true},{\"type\":\"create\",\"isAllowed\":true},{\"type\":\"drop\",\"isAllowed\":true},{\"type\":\"alter\",\"isAllowed\":true},{\"type\":\"index\",\"isAllowed\":true},{\"type\":\"lock\",\"isAllowed\":true},{\"type\":\"all\",\"isAllowed\":true},{\"type\":\"read\",\"isAllowed\":true},{\"type\":\"write\",\"isAllowed\":true},{\"type\":\"repladmin\",\"isAllowed\":true},{\"type\":\"serviceadmin\",\"isAllowed\":true},{\"type\":\"tempudfadmin\",\"isAllowed\":true},{\"type\":\"refresh\",\"isAllowed\":true},{\"type\":\"rwstorage\",\"isAllowed\":true}],\"users\":[\"hive\",\"beacon\",\"dpprofiler\",\"hue\",\"admin\",\"impala\"],\"groups\":[],\"roles\":[\"sql_adm\"],\"conditions\":[],\"delegateAdmin\":true},{\"accesses\":[{\"type\":\"select\",\"isAllowed\":true},{\"type\":\"read\",\"isAllowed\":true}],\"users\":[\"rangerlookup\"],\"groups\":[],\"roles\":[],\"conditions\":[],\"delegateAdmin\":false},{\"accesses\":[{\"type\":\"all\",\"isAllowed\":true}],\"users\":[\"{OWNER}\"],\"groups\":[],\"roles\":[],\"conditions\":[],\"delegateAdmin\":true}],\"denyPolicyItems\":[],\"allowExceptions\":[],\"denyExceptions\":[],\"dataMaskPolicyItems\":[],\"rowFilterPolicyItems\":[],\"serviceType\":\"hive\",\"options\":{},\"validitySchedules\":[],\"policyLabels\":[],\"zoneName\":\"\",\"isDenyAllElse\":false}'),(102,'2022-05-18 10:19:41','2022-05-18 10:19:41','bc11b352-cd6b-47c8-85cd-22b32f617efb',1020,14,'all - url',2,'Update','2022-05-18 10:19:41',NULL,'{\"id\":14,\"guid\":\"bc11b352-cd6b-47c8-85cd-22b32f617efb\",\"isEnabled\":true,\"createdBy\":\"Admin\",\"updatedBy\":\"allan_admin\",\"createTime\":1652707510000,\"updateTime\":1652869181071,\"version\":2,\"service\":\"cm_hive\",\"name\":\"all - url\",\"policyType\":0,\"policyPriority\":0,\"description\":\"Policy for all - url\",\"resourceSignature\":\"a6a328c623a4eb15d84ccf34df65c83acba3c59c7df4a601780b1caa153aa870\",\"isAuditEnabled\":true,\"resources\":{\"url\":{\"values\":[\"*\"],\"isExcludes\":false,\"isRecursive\":true}},\"policyItems\":[{\"accesses\":[{\"type\":\"select\",\"isAllowed\":true},{\"type\":\"update\",\"isAllowed\":true},{\"type\":\"create\",\"isAllowed\":true},{\"type\":\"drop\",\"isAllowed\":true},{\"type\":\"alter\",\"isAllowed\":true},{\"type\":\"index\",\"isAllowed\":true},{\"type\":\"lock\",\"isAllowed\":true},{\"type\":\"all\",\"isAllowed\":true},{\"type\":\"read\",\"isAllowed\":true},{\"type\":\"write\",\"isAllowed\":true},{\"type\":\"repladmin\",\"isAllowed\":true},{\"type\":\"serviceadmin\",\"isAllowed\":true},{\"type\":\"tempudfadmin\",\"isAllowed\":true},{\"type\":\"refresh\",\"isAllowed\":true},{\"type\":\"rwstorage\",\"isAllowed\":true}],\"users\":[\"hive\",\"beacon\",\"dpprofiler\",\"hue\",\"admin\",\"impala\"],\"groups\":[],\"roles\":[\"sql_adm\"],\"conditions\":[],\"delegateAdmin\":true},{\"accesses\":[{\"type\":\"select\",\"isAllowed\":true},{\"type\":\"read\",\"isAllowed\":true}],\"users\":[\"rangerlookup\"],\"groups\":[],\"roles\":[],\"conditions\":[],\"delegateAdmin\":false}],\"denyPolicyItems\":[],\"allowExceptions\":[],\"denyExceptions\":[],\"dataMaskPolicyItems\":[],\"rowFilterPolicyItems\":[],\"serviceType\":\"hive\",\"options\":{},\"validitySchedules\":[],\"policyLabels\":[],\"zoneName\":\"\",\"isDenyAllElse\":false}'),(103,'2022-05-18 10:20:39','2022-05-18 10:20:39','dc004725-10ae-4297-9e77-690d34c7074a',1020,4,'all - table, column-family, column',2,'Update','2022-05-18 10:20:39',NULL,'{\"id\":4,\"guid\":\"dc004725-10ae-4297-9e77-690d34c7074a\",\"isEnabled\":true,\"createdBy\":\"Admin\",\"updatedBy\":\"allan_admin\",\"createTime\":1652707504000,\"updateTime\":1652869239906,\"version\":2,\"service\":\"cm_hbase\",\"name\":\"all - table, column-family, column\",\"policyType\":0,\"policyPriority\":0,\"description\":\"Policy for all - table, column-family, column\",\"resourceSignature\":\"95b105e8d8ae812632b26539d8bfec09793853d278fc0193da8878f6fe095ef3\",\"isAuditEnabled\":true,\"resources\":{\"column-family\":{\"values\":[\"*\"],\"isExcludes\":false,\"isRecursive\":false},\"column\":{\"values\":[\"*\"],\"isExcludes\":false,\"isRecursive\":false},\"table\":{\"values\":[\"*\"],\"isExcludes\":false,\"isRecursive\":false}},\"policyItems\":[{\"accesses\":[{\"type\":\"read\",\"isAllowed\":true},{\"type\":\"write\",\"isAllowed\":true},{\"type\":\"create\",\"isAllowed\":true},{\"type\":\"admin\",\"isAllowed\":true},{\"type\":\"execute\",\"isAllowed\":true}],\"users\":[\"hbase\"],\"groups\":[],\"roles\":[\"hbase_adm\"],\"conditions\":[],\"delegateAdmin\":true},{\"accesses\":[{\"type\":\"read\",\"isAllowed\":true},{\"type\":\"create\",\"isAllowed\":true}],\"users\":[\"rangerlookup\"],\"groups\":[],\"roles\":[],\"conditions\":[],\"delegateAdmin\":false}],\"denyPolicyItems\":[],\"allowExceptions\":[],\"denyExceptions\":[],\"dataMaskPolicyItems\":[],\"rowFilterPolicyItems\":[],\"serviceType\":\"hbase\",\"options\":{},\"validitySchedules\":[],\"policyLabels\":[],\"zoneName\":\"\",\"isDenyAllElse\":false}'),(104,'2022-05-18 10:22:18','2022-05-18 10:22:18','e3b6113f-e7d8-4b5d-a07c-1614c27b226d',1020,1,'all - path',2,'Update','2022-05-18 10:22:18',NULL,'{\"id\":1,\"guid\":\"e3b6113f-e7d8-4b5d-a07c-1614c27b226d\",\"isEnabled\":true,\"createdBy\":\"Admin\",\"updatedBy\":\"allan_admin\",\"createTime\":1652707500000,\"updateTime\":1652869338632,\"version\":2,\"service\":\"cm_hdfs\",\"name\":\"all - path\",\"policyType\":0,\"policyPriority\":0,\"description\":\"Policy for all - path\",\"resourceSignature\":\"dfe81e379022be6cadb1665e2a3883824f2bc09626557a32efa3a236609005b6\",\"isAuditEnabled\":true,\"resources\":{\"path\":{\"values\":[\"/*\"],\"isExcludes\":false,\"isRecursive\":true}},\"policyItems\":[{\"accesses\":[{\"type\":\"read\",\"isAllowed\":true},{\"type\":\"write\",\"isAllowed\":true},{\"type\":\"execute\",\"isAllowed\":true}],\"users\":[\"hdfs\"],\"groups\":[],\"roles\":[\"hdfs_adm\"],\"conditions\":[],\"delegateAdmin\":true},{\"accesses\":[{\"type\":\"read\",\"isAllowed\":true}],\"users\":[\"rangerlookup\"],\"groups\":[],\"roles\":[],\"conditions\":[],\"delegateAdmin\":false}],\"denyPolicyItems\":[],\"allowExceptions\":[],\"denyExceptions\":[],\"dataMaskPolicyItems\":[],\"rowFilterPolicyItems\":[],\"serviceType\":\"hdfs\",\"options\":{},\"validitySchedules\":[],\"policyLabels\":[],\"zoneName\":\"\",\"isDenyAllElse\":false}'),(105,'2022-05-18 10:23:54','2022-05-18 10:23:54','27b4923c-8d37-4725-8821-e0f854d9d912',1020,44,'access: user directory',1,'Create','2022-05-18 10:23:54',NULL,'{\"id\":44,\"guid\":\"27b4923c-8d37-4725-8821-e0f854d9d912\",\"isEnabled\":true,\"createdBy\":\"allan_admin\",\"updatedBy\":\"allan_admin\",\"createTime\":1652869434135,\"updateTime\":1652869434136,\"version\":1,\"service\":\"cm_hdfs\",\"name\":\"access: user directory\",\"policyType\":0,\"policyPriority\":0,\"description\":\"\",\"resourceSignature\":\"05d00b6f9281c6d18a2696cba2cbeccdbe47005c3aa0c4adf66ac1365113955f\",\"isAuditEnabled\":true,\"resources\":{\"path\":{\"values\":[\"/user/{USER}\"],\"isExcludes\":false,\"isRecursive\":true}},\"policyItems\":[{\"accesses\":[{\"type\":\"read\",\"isAllowed\":true},{\"type\":\"write\",\"isAllowed\":true},{\"type\":\"execute\",\"isAllowed\":true}],\"users\":[\"{USER}\"],\"groups\":[],\"roles\":[],\"conditions\":[],\"delegateAdmin\":false}],\"denyPolicyItems\":[],\"allowExceptions\":[],\"denyExceptions\":[],\"dataMaskPolicyItems\":[],\"rowFilterPolicyItems\":[],\"serviceType\":\"hdfs\",\"options\":{},\"validitySchedules\":[],\"policyLabels\":[],\"zoneName\":\"\",\"isDenyAllElse\":false}'),(106,'2022-05-18 10:25:07','2022-05-18 10:25:07','3effa19c-877e-470e-8af8-88f421b69953',1020,23,'all - consumergroup',2,'Update','2022-05-18 10:25:07',NULL,'{\"id\":23,\"guid\":\"3effa19c-877e-470e-8af8-88f421b69953\",\"isEnabled\":true,\"createdBy\":\"Admin\",\"updatedBy\":\"allan_admin\",\"createTime\":1652707518000,\"updateTime\":1652869507220,\"version\":2,\"service\":\"cm_kafka\",\"name\":\"all - consumergroup\",\"policyType\":0,\"policyPriority\":0,\"description\":\"Policy for all - consumergroup\",\"resourceSignature\":\"8b806b6eabc6adcac1658dfcb2f95f7f2fdd2a3d2093e67f3fe4773d9562c08d\",\"isAuditEnabled\":true,\"resources\":{\"consumergroup\":{\"values\":[\"*\"],\"isExcludes\":false,\"isRecursive\":false}},\"policyItems\":[{\"accesses\":[{\"type\":\"consume\",\"isAllowed\":true},{\"type\":\"describe\",\"isAllowed\":true},{\"type\":\"delete\",\"isAllowed\":true}],\"users\":[\"cruisecontrol\",\"streamsmsgmgr\",\"kafka\",\"streamsrepmgr\"],\"groups\":[],\"roles\":[\"kafka_adm\"],\"conditions\":[],\"delegateAdmin\":true},{\"accesses\":[{\"type\":\"describe\",\"isAllowed\":true}],\"users\":[\"rangerlookup\"],\"groups\":[],\"roles\":[],\"conditions\":[],\"delegateAdmin\":false}],\"denyPolicyItems\":[],\"allowExceptions\":[],\"denyExceptions\":[],\"dataMaskPolicyItems\":[],\"rowFilterPolicyItems\":[],\"serviceType\":\"kafka\",\"options\":{},\"validitySchedules\":[],\"policyLabels\":[],\"zoneName\":\"\",\"isDenyAllElse\":false}'),(107,'2022-05-18 10:25:24','2022-05-18 10:25:24','0cc2b16c-8bc4-4b15-b35d-1b6f24a9bc52',1020,24,'all - topic',2,'Update','2022-05-18 10:25:24',NULL,'{\"id\":24,\"guid\":\"0cc2b16c-8bc4-4b15-b35d-1b6f24a9bc52\",\"isEnabled\":true,\"createdBy\":\"Admin\",\"updatedBy\":\"allan_admin\",\"createTime\":1652707518000,\"updateTime\":1652869524424,\"version\":2,\"service\":\"cm_kafka\",\"name\":\"all - topic\",\"policyType\":0,\"policyPriority\":0,\"description\":\"Policy for all - topic\",\"resourceSignature\":\"875e011fb314298153184b702421bff743744ff9637778aa2c8066aecc08ecc1\",\"isAuditEnabled\":true,\"resources\":{\"topic\":{\"values\":[\"*\"],\"isExcludes\":false,\"isRecursive\":false}},\"policyItems\":[{\"accesses\":[{\"type\":\"publish\",\"isAllowed\":true},{\"type\":\"consume\",\"isAllowed\":true},{\"type\":\"configure\",\"isAllowed\":true},{\"type\":\"describe\",\"isAllowed\":true},{\"type\":\"create\",\"isAllowed\":true},{\"type\":\"delete\",\"isAllowed\":true},{\"type\":\"describe_configs\",\"isAllowed\":true},{\"type\":\"alter_configs\",\"isAllowed\":true},{\"type\":\"alter\",\"isAllowed\":true}],\"users\":[\"cruisecontrol\",\"streamsmsgmgr\",\"kafka\",\"streamsrepmgr\"],\"groups\":[],\"roles\":[\"kafka_adm\"],\"conditions\":[],\"delegateAdmin\":true},{\"accesses\":[{\"type\":\"describe\",\"isAllowed\":true}],\"users\":[\"rangerlookup\"],\"groups\":[],\"roles\":[],\"conditions\":[],\"delegateAdmin\":false}],\"denyPolicyItems\":[],\"allowExceptions\":[],\"denyExceptions\":[],\"dataMaskPolicyItems\":[],\"rowFilterPolicyItems\":[],\"serviceType\":\"kafka\",\"options\":{},\"validitySchedules\":[],\"policyLabels\":[],\"zoneName\":\"\",\"isDenyAllElse\":false}'),(108,'2022-05-18 10:25:40','2022-05-18 10:25:40','33e771c8-b0f1-42cd-9122-c4b6d7f194c5',1020,25,'all - transactionalid',2,'Update','2022-05-18 10:25:40',NULL,'{\"id\":25,\"guid\":\"33e771c8-b0f1-42cd-9122-c4b6d7f194c5\",\"isEnabled\":true,\"createdBy\":\"Admin\",\"updatedBy\":\"allan_admin\",\"createTime\":1652707519000,\"updateTime\":1652869540134,\"version\":2,\"service\":\"cm_kafka\",\"name\":\"all - transactionalid\",\"policyType\":0,\"policyPriority\":0,\"description\":\"Policy for all - transactionalid\",\"resourceSignature\":\"08c233ac88f4f6024ae516f63c9f244e65eb9a0ad4581d807fe0f66f00c1f17c\",\"isAuditEnabled\":true,\"resources\":{\"transactionalid\":{\"values\":[\"*\"],\"isExcludes\":false,\"isRecursive\":false}},\"policyItems\":[{\"accesses\":[{\"type\":\"publish\",\"isAllowed\":true},{\"type\":\"describe\",\"isAllowed\":true}],\"users\":[\"cruisecontrol\",\"streamsmsgmgr\",\"kafka\",\"streamsrepmgr\"],\"groups\":[],\"roles\":[\"kafka_adm\"],\"conditions\":[],\"delegateAdmin\":true},{\"accesses\":[{\"type\":\"describe\",\"isAllowed\":true}],\"users\":[\"rangerlookup\"],\"groups\":[],\"roles\":[],\"conditions\":[],\"delegateAdmin\":false}],\"denyPolicyItems\":[],\"allowExceptions\":[],\"denyExceptions\":[],\"dataMaskPolicyItems\":[],\"rowFilterPolicyItems\":[],\"serviceType\":\"kafka\",\"options\":{},\"validitySchedules\":[],\"policyLabels\":[],\"zoneName\":\"\",\"isDenyAllElse\":false}'),(109,'2022-05-18 10:26:06','2022-05-18 10:26:06','28272b2b-18f9-43f0-b80c-e6abca67c820',1020,26,'all - cluster',2,'Update','2022-05-18 10:26:06',NULL,'{\"id\":26,\"guid\":\"28272b2b-18f9-43f0-b80c-e6abca67c820\",\"isEnabled\":true,\"createdBy\":\"Admin\",\"updatedBy\":\"allan_admin\",\"createTime\":1652707519000,\"updateTime\":1652869566883,\"version\":2,\"service\":\"cm_kafka\",\"name\":\"all - cluster\",\"policyType\":0,\"policyPriority\":0,\"description\":\"Policy for all - cluster\",\"resourceSignature\":\"f0f71572fbbecb75c249a18d593c9f16b8913a1fe67ec1e03f7e513ed857ed13\",\"isAuditEnabled\":true,\"resources\":{\"cluster\":{\"values\":[\"*\"],\"isExcludes\":false,\"isRecursive\":false}},\"policyItems\":[{\"accesses\":[{\"type\":\"configure\",\"isAllowed\":true},{\"type\":\"describe\",\"isAllowed\":true},{\"type\":\"kafka_admin\",\"isAllowed\":true},{\"type\":\"create\",\"isAllowed\":true},{\"type\":\"idempotent_write\",\"isAllowed\":true},{\"type\":\"describe_configs\",\"isAllowed\":true},{\"type\":\"alter_configs\",\"isAllowed\":true},{\"type\":\"cluster_action\",\"isAllowed\":true},{\"type\":\"alter\",\"isAllowed\":true}],\"users\":[\"cruisecontrol\",\"streamsmsgmgr\",\"kafka\",\"streamsrepmgr\"],\"groups\":[],\"roles\":[\"kafka_adm\"],\"conditions\":[],\"delegateAdmin\":true},{\"accesses\":[{\"type\":\"describe\",\"isAllowed\":true}],\"users\":[\"rangerlookup\"],\"groups\":[],\"roles\":[],\"conditions\":[],\"delegateAdmin\":false}],\"denyPolicyItems\":[],\"allowExceptions\":[],\"denyExceptions\":[],\"dataMaskPolicyItems\":[],\"rowFilterPolicyItems\":[],\"serviceType\":\"kafka\",\"options\":{},\"validitySchedules\":[],\"policyLabels\":[],\"zoneName\":\"\",\"isDenyAllElse\":false}'),(110,'2022-05-18 10:26:33','2022-05-18 10:26:33','fb583824-6d8d-4078-bdfb-27c0b997cf6f',1020,27,'all - delegationtoken',2,'Update','2022-05-18 10:26:33',NULL,'{\"id\":27,\"guid\":\"fb583824-6d8d-4078-bdfb-27c0b997cf6f\",\"isEnabled\":true,\"createdBy\":\"Admin\",\"updatedBy\":\"allan_admin\",\"createTime\":1652707519000,\"updateTime\":1652869593670,\"version\":2,\"service\":\"cm_kafka\",\"name\":\"all - delegationtoken\",\"policyType\":0,\"policyPriority\":0,\"description\":\"Policy for all - delegationtoken\",\"resourceSignature\":\"2cb327aea1a3008ff5871618be9eec6fd9804adffa51f703889b49d465a64635\",\"isAuditEnabled\":true,\"resources\":{\"delegationtoken\":{\"values\":[\"*\"],\"isExcludes\":false,\"isRecursive\":false}},\"policyItems\":[{\"accesses\":[{\"type\":\"describe\",\"isAllowed\":true}],\"users\":[\"cruisecontrol\",\"streamsmsgmgr\",\"kafka\",\"streamsrepmgr\"],\"groups\":[],\"roles\":[\"kafka_adm\"],\"conditions\":[],\"delegateAdmin\":true},{\"accesses\":[{\"type\":\"describe\",\"isAllowed\":true}],\"users\":[\"rangerlookup\"],\"groups\":[],\"roles\":[],\"conditions\":[],\"delegateAdmin\":false}],\"denyPolicyItems\":[],\"allowExceptions\":[],\"denyExceptions\":[],\"dataMaskPolicyItems\":[],\"rowFilterPolicyItems\":[],\"serviceType\":\"kafka\",\"options\":{},\"validitySchedules\":[],\"policyLabels\":[],\"zoneName\":\"\",\"isDenyAllElse\":false}'),(111,'2022-05-18 10:27:15','2022-05-18 10:27:15','1d8569fc-f146-4812-99a6-633e8408c9a7',1020,17,'all - topology, service',2,'Update','2022-05-18 10:27:15',NULL,'{\"id\":17,\"guid\":\"1d8569fc-f146-4812-99a6-633e8408c9a7\",\"isEnabled\":true,\"createdBy\":\"Admin\",\"updatedBy\":\"allan_admin\",\"createTime\":1652707512000,\"updateTime\":1652869635717,\"version\":2,\"service\":\"cm_knox\",\"name\":\"all - topology, service\",\"policyType\":0,\"policyPriority\":0,\"description\":\"Policy for all - topology, service\",\"resourceSignature\":\"bcdaa6d5b59d1ff76890aee0548b75e9abd1a9bb6964fa8a5157b6d37ffce8db\",\"isAuditEnabled\":true,\"resources\":{\"topology\":{\"values\":[\"*\"],\"isExcludes\":false,\"isRecursive\":false},\"service\":{\"values\":[\"*\"],\"isExcludes\":false,\"isRecursive\":false}},\"policyItems\":[{\"accesses\":[{\"type\":\"allow\",\"isAllowed\":true}],\"users\":[\"admin\"],\"groups\":[],\"roles\":[\"knox_adm\"],\"conditions\":[],\"delegateAdmin\":true},{\"accesses\":[{\"type\":\"allow\",\"isAllowed\":true}],\"users\":[\"rangerlookup\"],\"groups\":[],\"roles\":[],\"conditions\":[],\"delegateAdmin\":false}],\"denyPolicyItems\":[],\"allowExceptions\":[],\"denyExceptions\":[],\"dataMaskPolicyItems\":[],\"rowFilterPolicyItems\":[],\"serviceType\":\"knox\",\"options\":{},\"validitySchedules\":[],\"policyLabels\":[],\"zoneName\":\"\",\"isDenyAllElse\":false}'),(112,'2022-05-18 10:27:45','2022-05-18 10:27:45','2ad58bd5-ca0a-47b4-a255-d1b06b4ca87b',1020,40,'all - collection',2,'Update','2022-05-18 10:27:45',NULL,'{\"id\":40,\"guid\":\"2ad58bd5-ca0a-47b4-a255-d1b06b4ca87b\",\"isEnabled\":true,\"createdBy\":\"Admin\",\"updatedBy\":\"allan_admin\",\"createTime\":1652707525000,\"updateTime\":1652869665096,\"version\":2,\"service\":\"cm_solr\",\"name\":\"all - collection\",\"policyType\":0,\"policyPriority\":0,\"description\":\"Policy for all - collection\",\"resourceSignature\":\"b2f44bc8981641c5afb20bb8561ede30c2a0211ab91818a975677fabf35e5b12\",\"isAuditEnabled\":true,\"resources\":{\"collection\":{\"values\":[\"*\"],\"isExcludes\":false,\"isRecursive\":false}},\"policyItems\":[{\"accesses\":[{\"type\":\"query\",\"isAllowed\":true},{\"type\":\"update\",\"isAllowed\":true},{\"type\":\"others\",\"isAllowed\":true},{\"type\":\"solr_admin\",\"isAllowed\":true}],\"users\":[\"atlas\",\"solr\",\"ranger\"],\"groups\":[],\"roles\":[\"solr_adm\"],\"conditions\":[],\"delegateAdmin\":true},{\"accesses\":[{\"type\":\"query\",\"isAllowed\":true}],\"users\":[\"rangerlookup\"],\"groups\":[],\"roles\":[],\"conditions\":[],\"delegateAdmin\":false}],\"denyPolicyItems\":[],\"allowExceptions\":[],\"denyExceptions\":[],\"dataMaskPolicyItems\":[],\"rowFilterPolicyItems\":[],\"serviceType\":\"solr\",\"options\":{},\"validitySchedules\":[],\"policyLabels\":[],\"zoneName\":\"\",\"isDenyAllElse\":false}'),(113,'2022-05-18 10:28:18','2022-05-18 10:28:18','fc6e703f-f203-470d-950e-15489bf776e9',1020,6,'all - queue',2,'Update','2022-05-18 10:28:18',NULL,'{\"id\":6,\"guid\":\"fc6e703f-f203-470d-950e-15489bf776e9\",\"isEnabled\":true,\"createdBy\":\"Admin\",\"updatedBy\":\"allan_admin\",\"createTime\":1652707506000,\"updateTime\":1652869698622,\"version\":2,\"service\":\"cm_yarn\",\"name\":\"all - queue\",\"policyType\":0,\"policyPriority\":0,\"description\":\"Policy for all - queue\",\"resourceSignature\":\"ed9b305757e6a786d0b819425ba5c88375a8ec3723a6bc12d4462d70b3f33a3f\",\"isAuditEnabled\":true,\"resources\":{\"queue\":{\"values\":[\"*\"],\"isExcludes\":false,\"isRecursive\":true}},\"policyItems\":[{\"accesses\":[{\"type\":\"submit-app\",\"isAllowed\":true},{\"type\":\"admin-queue\",\"isAllowed\":true}],\"users\":[\"yarn\"],\"groups\":[],\"roles\":[\"yarn_adm\"],\"conditions\":[],\"delegateAdmin\":true},{\"accesses\":[{\"type\":\"submit-app\",\"isAllowed\":true}],\"users\":[\"rangerlookup\"],\"groups\":[],\"roles\":[],\"conditions\":[],\"delegateAdmin\":false}],\"denyPolicyItems\":[],\"allowExceptions\":[],\"denyExceptions\":[],\"dataMaskPolicyItems\":[],\"rowFilterPolicyItems\":[],\"serviceType\":\"yarn\",\"options\":{},\"validitySchedules\":[],\"policyLabels\":[],\"zoneName\":\"\",\"isDenyAllElse\":false}'),(114,'2022-05-18 10:29:18','2022-05-18 10:29:18','aa15b339-8d61-4c21-814e-2225d3a90d88',1020,45,'access: default queue',1,'Create','2022-05-18 10:29:18',NULL,'{\"id\":45,\"guid\":\"aa15b339-8d61-4c21-814e-2225d3a90d88\",\"isEnabled\":true,\"createdBy\":\"allan_admin\",\"updatedBy\":\"allan_admin\",\"createTime\":1652869758803,\"updateTime\":1652869758804,\"version\":1,\"service\":\"cm_yarn\",\"name\":\"access: default queue\",\"policyType\":0,\"policyPriority\":0,\"description\":\"\",\"resourceSignature\":\"c8e62dfeca59b406f38b2e867a9b7fddc8b0b772f79b221b8638c563809087ea\",\"isAuditEnabled\":true,\"resources\":{\"queue\":{\"values\":[\"root.default\"],\"isExcludes\":false,\"isRecursive\":true}},\"policyItems\":[{\"accesses\":[{\"type\":\"submit-app\",\"isAllowed\":true}],\"users\":[],\"groups\":[\"public\"],\"roles\":[],\"conditions\":[],\"delegateAdmin\":false}],\"denyPolicyItems\":[],\"allowExceptions\":[],\"denyExceptions\":[],\"dataMaskPolicyItems\":[],\"rowFilterPolicyItems\":[],\"serviceType\":\"yarn\",\"options\":{},\"validitySchedules\":[],\"policyLabels\":[],\"zoneName\":\"\",\"isDenyAllElse\":false}');
/*!40000 ALTER TABLE `x_data_hist` ENABLE KEYS */;
UNLOCK TABLES;

--
-- Table structure for table `x_datamask_type_def`
--

DROP TABLE IF EXISTS `x_datamask_type_def`;
/*!40101 SET @saved_cs_client     = @@character_set_client */;
/*!40101 SET character_set_client = utf8 */;
CREATE TABLE `x_datamask_type_def` (
  `id` bigint(20) NOT NULL AUTO_INCREMENT,
  `guid` varchar(64) DEFAULT NULL,
  `create_time` datetime DEFAULT NULL,
  `update_time` datetime DEFAULT NULL,
  `added_by_id` bigint(20) DEFAULT NULL,
  `upd_by_id` bigint(20) DEFAULT NULL,
  `def_id` bigint(20) NOT NULL,
  `item_id` bigint(20) NOT NULL,
  `name` varchar(1024) NOT NULL,
  `label` varchar(1024) NOT NULL,
  `description` varchar(1024) DEFAULT NULL,
  `transformer` varchar(1024) DEFAULT NULL,
  `datamask_options` varchar(1024) DEFAULT NULL,
  `rb_key_label` varchar(1024) DEFAULT NULL,
  `rb_key_description` varchar(1024) DEFAULT NULL,
  `sort_order` int(11) DEFAULT 0,
  PRIMARY KEY (`id`),
  KEY `x_datamask_type_def_FK_added_by_id` (`added_by_id`),
  KEY `x_datamask_type_def_FK_upd_by_id` (`upd_by_id`),
  KEY `x_datamask_type_def_IDX_def_id` (`def_id`),
  CONSTRAINT `x_datamask_type_def_FK_added_by_id` FOREIGN KEY (`added_by_id`) REFERENCES `x_portal_user` (`id`),
  CONSTRAINT `x_datamask_type_def_FK_def_id` FOREIGN KEY (`def_id`) REFERENCES `x_service_def` (`id`),
  CONSTRAINT `x_datamask_type_def_FK_upd_by_id` FOREIGN KEY (`upd_by_id`) REFERENCES `x_portal_user` (`id`)
) ENGINE=InnoDB AUTO_INCREMENT=17 DEFAULT CHARSET=utf8 ROW_FORMAT=DYNAMIC;
/*!40101 SET character_set_client = @saved_cs_client */;

--
-- Dumping data for table `x_datamask_type_def`
--

LOCK TABLES `x_datamask_type_def` WRITE;
/*!40000 ALTER TABLE `x_datamask_type_def` DISABLE KEYS */;
INSERT INTO `x_datamask_type_def` VALUES (1,NULL,'2022-05-16 13:24:00','2022-05-16 13:24:00',NULL,NULL,3,1,'MASK','Redact','Replace lowercase with \'x\', uppercase with \'X\', digits with \'0\'','mask({col})','{}',NULL,NULL,0),(2,NULL,'2022-05-16 13:24:00','2022-05-16 13:24:00',NULL,NULL,3,2,'MASK_SHOW_LAST_4','Partial mask: show last 4','Show last 4 characters; replace rest with \'x\'','mask_show_last_n({col}, 4, \'x\', \'x\', \'x\', -1, \'1\')','{}',NULL,NULL,1),(3,NULL,'2022-05-16 13:24:00','2022-05-16 13:24:00',NULL,NULL,3,3,'MASK_SHOW_FIRST_4','Partial mask: show first 4','Show first 4 characters; replace rest with \'x\'','mask_show_first_n({col}, 4, \'x\', \'x\', \'x\', -1, \'1\')','{}',NULL,NULL,2),(4,NULL,'2022-05-16 13:24:00','2022-05-16 13:24:00',NULL,NULL,3,4,'MASK_HASH','Hash','Hash the value','mask_hash({col})','{}',NULL,NULL,3),(5,NULL,'2022-05-16 13:24:00','2022-05-16 13:24:00',NULL,NULL,3,5,'MASK_NULL','Nullify','Replace with NULL',NULL,'{}',NULL,NULL,4),(6,NULL,'2022-05-16 13:24:00','2022-05-16 13:24:00',NULL,NULL,3,6,'MASK_NONE','Unmasked (retain original value)','No masking',NULL,'{}',NULL,NULL,5),(7,NULL,'2022-05-16 13:24:00','2022-05-16 13:24:00',NULL,NULL,3,12,'MASK_DATE_SHOW_YEAR','Date: show only year','Date: show only year','mask({col}, \'x\', \'x\', \'x\', -1, \'1\', 1, 0, -1)','{}',NULL,NULL,6),(8,NULL,'2022-05-16 13:24:00','2022-05-16 13:24:00',NULL,NULL,3,13,'CUSTOM','Custom','Custom',NULL,'{}',NULL,NULL,7),(9,NULL,'2022-05-16 13:24:02','2022-05-16 13:24:10',NULL,NULL,100,3004,'hive:MASK','Redact','Replace lowercase with \'x\', uppercase with \'X\', digits with \'0\'','mask({col})','{}',NULL,NULL,0),(10,NULL,'2022-05-16 13:24:02','2022-05-16 13:24:10',NULL,NULL,100,3005,'hive:MASK_SHOW_LAST_4','Partial mask: show last 4','Show last 4 characters; replace rest with \'x\'','mask_show_last_n({col}, 4, \'x\', \'x\', \'x\', -1, \'1\')','{}',NULL,NULL,1),(11,NULL,'2022-05-16 13:24:02','2022-05-16 13:24:10',NULL,NULL,100,3006,'hive:MASK_SHOW_FIRST_4','Partial mask: show first 4','Show first 4 characters; replace rest with \'x\'','mask_show_first_n({col}, 4, \'x\', \'x\', \'x\', -1, \'1\')','{}',NULL,NULL,2),(12,NULL,'2022-05-16 13:24:02','2022-05-16 13:24:10',NULL,NULL,100,3007,'hive:MASK_HASH','Hash','Hash the value','mask_hash({col})','{}',NULL,NULL,3),(13,NULL,'2022-05-16 13:24:02','2022-05-16 13:24:10',NULL,NULL,100,3008,'hive:MASK_NULL','Nullify','Replace with NULL',NULL,'{}',NULL,NULL,4),(14,NULL,'2022-05-16 13:24:02','2022-05-16 13:24:10',NULL,NULL,100,3009,'hive:MASK_NONE','Unmasked (retain original value)','No masking',NULL,'{}',NULL,NULL,5),(15,NULL,'2022-05-16 13:24:02','2022-05-16 13:24:10',NULL,NULL,100,3015,'hive:MASK_DATE_SHOW_YEAR','Date: show only year','Date: show only year','mask({col}, \'x\', \'x\', \'x\', -1, \'1\', 1, 0, -1)','{}',NULL,NULL,6),(16,NULL,'2022-05-16 13:24:02','2022-05-16 13:24:10',NULL,NULL,100,3016,'hive:CUSTOM','Custom','Custom',NULL,'{}',NULL,NULL,7);
/*!40000 ALTER TABLE `x_datamask_type_def` ENABLE KEYS */;
UNLOCK TABLES;

--
-- Table structure for table `x_db_base`
--

DROP TABLE IF EXISTS `x_db_base`;
/*!40101 SET @saved_cs_client     = @@character_set_client */;
/*!40101 SET character_set_client = utf8 */;
CREATE TABLE `x_db_base` (
  `id` bigint(20) NOT NULL AUTO_INCREMENT,
  `create_time` datetime DEFAULT NULL,
  `update_time` datetime DEFAULT NULL,
  `added_by_id` bigint(20) DEFAULT NULL,
  `upd_by_id` bigint(20) DEFAULT NULL,
  PRIMARY KEY (`id`),
  KEY `x_db_base_FK_added_by_id` (`added_by_id`),
  KEY `x_db_base_FK_upd_by_id` (`upd_by_id`),
  KEY `x_db_base_cr_time` (`create_time`),
  KEY `x_db_base_up_time` (`update_time`),
  CONSTRAINT `x_db_base_FK_added_by_id` FOREIGN KEY (`added_by_id`) REFERENCES `x_portal_user` (`id`),
  CONSTRAINT `x_db_base_FK_upd_by_id` FOREIGN KEY (`upd_by_id`) REFERENCES `x_portal_user` (`id`)
) ENGINE=InnoDB DEFAULT CHARSET=utf8 ROW_FORMAT=DYNAMIC;
/*!40101 SET character_set_client = @saved_cs_client */;

--
-- Dumping data for table `x_db_base`
--

LOCK TABLES `x_db_base` WRITE;
/*!40000 ALTER TABLE `x_db_base` DISABLE KEYS */;
/*!40000 ALTER TABLE `x_db_base` ENABLE KEYS */;
UNLOCK TABLES;

--
-- Table structure for table `x_db_version_h`
--

DROP TABLE IF EXISTS `x_db_version_h`;
/*!40101 SET @saved_cs_client     = @@character_set_client */;
/*!40101 SET character_set_client = utf8 */;
CREATE TABLE `x_db_version_h` (
  `id` bigint(20) NOT NULL AUTO_INCREMENT,
  `version` varchar(64) NOT NULL,
  `inst_at` timestamp NOT NULL DEFAULT current_timestamp(),
  `inst_by` varchar(256) NOT NULL,
  `updated_at` timestamp NULL DEFAULT NULL,
  `updated_by` varchar(256) NOT NULL,
  `active` enum('Y','N') DEFAULT 'Y',
  PRIMARY KEY (`id`)
) ENGINE=InnoDB AUTO_INCREMENT=94 DEFAULT CHARSET=utf8 ROW_FORMAT=DYNAMIC;
/*!40101 SET character_set_client = @saved_cs_client */;

--
-- Dumping data for table `x_db_version_h`
--

LOCK TABLES `x_db_version_h` WRITE;
/*!40000 ALTER TABLE `x_db_version_h` DISABLE KEYS */;
INSERT INTO `x_db_version_h` VALUES (1,'CORE_DB_SCHEMA','2022-05-16 20:23:42','Ranger 2.1.0.7.1.7.0-551','2022-05-16 20:23:42','localhost','Y'),(2,'001','2022-05-16 20:23:42','Ranger 2.1.0.7.1.7.0-551','2022-05-16 20:23:42','localhost','Y'),(3,'002','2022-05-16 20:23:42','Ranger 2.1.0.7.1.7.0-551','2022-05-16 20:23:42','localhost','Y'),(4,'003','2022-05-16 20:23:42','Ranger 2.1.0.7.1.7.0-551','2022-05-16 20:23:42','localhost','Y'),(5,'004','2022-05-16 20:23:42','Ranger 2.1.0.7.1.7.0-551','2022-05-16 20:23:42','localhost','Y'),(6,'005','2022-05-16 20:23:42','Ranger 2.1.0.7.1.7.0-551','2022-05-16 20:23:42','localhost','Y'),(7,'006','2022-05-16 20:23:42','Ranger 2.1.0.7.1.7.0-551','2022-05-16 20:23:42','localhost','Y'),(8,'007','2022-05-16 20:23:42','Ranger 2.1.0.7.1.7.0-551','2022-05-16 20:23:42','localhost','Y'),(9,'008','2022-05-16 20:23:42','Ranger 2.1.0.7.1.7.0-551','2022-05-16 20:23:42','localhost','Y'),(10,'009','2022-05-16 20:23:42','Ranger 2.1.0.7.1.7.0-551','2022-05-16 20:23:42','localhost','Y'),(11,'010','2022-05-16 20:23:42','Ranger 2.1.0.7.1.7.0-551','2022-05-16 20:23:42','localhost','Y'),(12,'012','2022-05-16 20:23:42','Ranger 2.1.0.7.1.7.0-551','2022-05-16 20:23:42','localhost','Y'),(13,'013','2022-05-16 20:23:42','Ranger 2.1.0.7.1.7.0-551','2022-05-16 20:23:42','localhost','Y'),(14,'014','2022-05-16 20:23:42','Ranger 2.1.0.7.1.7.0-551','2022-05-16 20:23:42','localhost','Y'),(15,'016','2022-05-16 20:23:42','Ranger 2.1.0.7.1.7.0-551','2022-05-16 20:23:42','localhost','Y'),(16,'018','2022-05-16 20:23:42','Ranger 2.1.0.7.1.7.0-551','2022-05-16 20:23:42','localhost','Y'),(17,'019','2022-05-16 20:23:42','Ranger 2.1.0.7.1.7.0-551','2022-05-16 20:23:42','localhost','Y'),(18,'020','2022-05-16 20:23:42','Ranger 2.1.0.7.1.7.0-551','2022-05-16 20:23:42','localhost','Y'),(19,'021','2022-05-16 20:23:42','Ranger 2.1.0.7.1.7.0-551','2022-05-16 20:23:42','localhost','Y'),(20,'022','2022-05-16 20:23:42','Ranger 2.1.0.7.1.7.0-551','2022-05-16 20:23:42','localhost','Y'),(21,'023','2022-05-16 20:23:42','Ranger 2.1.0.7.1.7.0-551','2022-05-16 20:23:42','localhost','Y'),(22,'024','2022-05-16 20:23:42','Ranger 2.1.0.7.1.7.0-551','2022-05-16 20:23:42','localhost','Y'),(23,'025','2022-05-16 20:23:42','Ranger 2.1.0.7.1.7.0-551','2022-05-16 20:23:42','localhost','Y'),(24,'026','2022-05-16 20:23:42','Ranger 2.1.0.7.1.7.0-551','2022-05-16 20:23:42','localhost','Y'),(25,'027','2022-05-16 20:23:42','Ranger 2.1.0.7.1.7.0-551','2022-05-16 20:23:42','localhost','Y'),(26,'028','2022-05-16 20:23:42','Ranger 2.1.0.7.1.7.0-551','2022-05-16 20:23:42','localhost','Y'),(27,'029','2022-05-16 20:23:42','Ranger 2.1.0.7.1.7.0-551','2022-05-16 20:23:42','localhost','Y'),(28,'030','2022-05-16 20:23:42','Ranger 2.1.0.7.1.7.0-551','2022-05-16 20:23:42','localhost','Y'),(29,'031','2022-05-16 20:23:42','Ranger 2.1.0.7.1.7.0-551','2022-05-16 20:23:42','localhost','Y'),(30,'032','2022-05-16 20:23:42','Ranger 2.1.0.7.1.7.0-551','2022-05-16 20:23:42','localhost','Y'),(31,'033','2022-05-16 20:23:42','Ranger 2.1.0.7.1.7.0-551','2022-05-16 20:23:42','localhost','Y'),(32,'034','2022-05-16 20:23:42','Ranger 2.1.0.7.1.7.0-551','2022-05-16 20:23:42','localhost','Y'),(33,'035','2022-05-16 20:23:42','Ranger 2.1.0.7.1.7.0-551','2022-05-16 20:23:42','localhost','Y'),(34,'036','2022-05-16 20:23:42','Ranger 2.1.0.7.1.7.0-551','2022-05-16 20:23:42','localhost','Y'),(35,'037','2022-05-16 20:23:42','Ranger 2.1.0.7.1.7.0-551','2022-05-16 20:23:42','localhost','Y'),(36,'038','2022-05-16 20:23:42','Ranger 2.1.0.7.1.7.0-551','2022-05-16 20:23:42','localhost','Y'),(37,'039','2022-05-16 20:23:42','Ranger 2.1.0.7.1.7.0-551','2022-05-16 20:23:42','localhost','Y'),(38,'040','2022-05-16 20:23:42','Ranger 2.1.0.7.1.7.0-551','2022-05-16 20:23:42','localhost','Y'),(39,'041','2022-05-16 20:23:42','Ranger 2.1.0.7.1.7.0-551','2022-05-16 20:23:42','localhost','Y'),(40,'042','2022-05-16 20:23:42','Ranger 2.1.0.7.1.7.0-551','2022-05-16 20:23:42','localhost','Y'),(41,'043','2022-05-16 20:23:42','Ranger 2.1.0.7.1.7.0-551','2022-05-16 20:23:42','localhost','Y'),(42,'044','2022-05-16 20:23:42','Ranger 2.1.0.7.1.7.0-551','2022-05-16 20:23:42','localhost','Y'),(43,'045','2022-05-16 20:23:42','Ranger 2.1.0.7.1.7.0-551','2022-05-16 20:23:42','localhost','Y'),(44,'046','2022-05-16 20:23:42','Ranger 2.1.0.7.1.7.0-551','2022-05-16 20:23:42','localhost','Y'),(45,'047','2022-05-16 20:23:42','Ranger 2.1.0.7.1.7.0-551','2022-05-16 20:23:42','localhost','Y'),(46,'048','2022-05-16 20:23:42','Ranger 2.1.0.7.1.7.0-551','2022-05-16 20:23:42','localhost','Y'),(47,'049','2022-05-16 20:23:42','Ranger 2.1.0.7.1.7.0-551','2022-05-16 20:23:42','localhost','Y'),(48,'050','2022-05-16 20:23:42','Ranger 2.1.0.7.1.7.0-551','2022-05-16 20:23:42','localhost','Y'),(49,'051','2022-05-16 20:23:42','Ranger 2.1.0.7.1.7.0-551','2022-05-16 20:23:42','localhost','Y'),(50,'052','2022-05-16 20:23:42','Ranger 2.1.0.7.1.7.0-551','2022-05-16 20:23:42','localhost','Y'),(51,'054','2022-05-16 20:23:42','Ranger 2.1.0.7.1.7.0-551','2022-05-16 20:23:42','localhost','Y'),(52,'DB_PATCHES','2022-05-16 20:23:42','Ranger 2.1.0.7.1.7.0-551','2022-05-16 20:23:42','localhost','Y'),(53,'J10001','2022-05-16 20:23:42','Ranger 2.1.0.7.1.7.0-551','2022-05-16 20:23:42','localhost','Y'),(54,'J10002','2022-05-16 20:23:42','Ranger 2.1.0.7.1.7.0-551','2022-05-16 20:23:42','localhost','Y'),(55,'J10003','2022-05-16 20:23:42','Ranger 2.1.0.7.1.7.0-551','2022-05-16 20:23:42','localhost','Y'),(56,'J10004','2022-05-16 20:23:42','Ranger 2.1.0.7.1.7.0-551','2022-05-16 20:23:42','localhost','Y'),(57,'J10005','2022-05-16 20:23:42','Ranger 2.1.0.7.1.7.0-551','2022-05-16 20:23:42','localhost','Y'),(58,'J10006','2022-05-16 20:23:42','Ranger 2.1.0.7.1.7.0-551','2022-05-16 20:23:42','localhost','Y'),(59,'J10007','2022-05-16 20:23:42','Ranger 2.1.0.7.1.7.0-551','2022-05-16 20:23:42','localhost','Y'),(60,'J10008','2022-05-16 20:23:42','Ranger 2.1.0.7.1.7.0-551','2022-05-16 20:23:42','localhost','Y'),(61,'J10009','2022-05-16 20:23:42','Ranger 2.1.0.7.1.7.0-551','2022-05-16 20:23:42','localhost','Y'),(62,'J10010','2022-05-16 20:23:42','Ranger 2.1.0.7.1.7.0-551','2022-05-16 20:23:42','localhost','Y'),(63,'J10011','2022-05-16 20:23:42','Ranger 2.1.0.7.1.7.0-551','2022-05-16 20:23:42','localhost','Y'),(64,'J10012','2022-05-16 20:23:42','Ranger 2.1.0.7.1.7.0-551','2022-05-16 20:23:42','localhost','Y'),(65,'J10013','2022-05-16 20:23:42','Ranger 2.1.0.7.1.7.0-551','2022-05-16 20:23:42','localhost','Y'),(66,'J10014','2022-05-16 20:23:42','Ranger 2.1.0.7.1.7.0-551','2022-05-16 20:23:42','localhost','Y'),(67,'J10015','2022-05-16 20:23:42','Ranger 2.1.0.7.1.7.0-551','2022-05-16 20:23:42','localhost','Y'),(68,'J10016','2022-05-16 20:23:42','Ranger 2.1.0.7.1.7.0-551','2022-05-16 20:23:42','localhost','Y'),(69,'J10017','2022-05-16 20:23:42','Ranger 2.1.0.7.1.7.0-551','2022-05-16 20:23:42','localhost','Y'),(70,'J10019','2022-05-16 20:23:42','Ranger 2.1.0.7.1.7.0-551','2022-05-16 20:23:42','localhost','Y'),(71,'J10020','2022-05-16 20:23:42','Ranger 2.1.0.7.1.7.0-551','2022-05-16 20:23:42','localhost','Y'),(72,'J10025','2022-05-16 20:23:42','Ranger 2.1.0.7.1.7.0-551','2022-05-16 20:23:42','localhost','Y'),(73,'J10026','2022-05-16 20:23:42','Ranger 2.1.0.7.1.7.0-551','2022-05-16 20:23:42','localhost','Y'),(74,'J10027','2022-05-16 20:23:42','Ranger 2.1.0.7.1.7.0-551','2022-05-16 20:23:42','localhost','Y'),(75,'J10028','2022-05-16 20:23:42','Ranger 2.1.0.7.1.7.0-551','2022-05-16 20:23:42','localhost','Y'),(76,'J10030','2022-05-16 20:23:42','Ranger 2.1.0.7.1.7.0-551','2022-05-16 20:23:42','localhost','Y'),(77,'J10033','2022-05-16 20:23:42','Ranger 2.1.0.7.1.7.0-551','2022-05-16 20:23:42','localhost','Y'),(78,'J10034','2022-05-16 20:23:42','Ranger 2.1.0.7.1.7.0-551','2022-05-16 20:23:42','localhost','Y'),(79,'J10035','2022-05-16 20:23:42','Ranger 2.1.0.7.1.7.0-551','2022-05-16 20:23:42','localhost','Y'),(80,'J10036','2022-05-16 20:23:42','Ranger 2.1.0.7.1.7.0-551','2022-05-16 20:23:42','localhost','Y'),(81,'J10037','2022-05-16 20:23:42','Ranger 2.1.0.7.1.7.0-551','2022-05-16 20:23:42','localhost','Y'),(82,'J10040','2022-05-16 20:23:42','Ranger 2.1.0.7.1.7.0-551','2022-05-16 20:23:42','localhost','Y'),(83,'J10041','2022-05-16 20:23:42','Ranger 2.1.0.7.1.7.0-551','2022-05-16 20:23:42','localhost','Y'),(84,'J10042','2022-05-16 20:23:42','Ranger 2.1.0.7.1.7.0-551','2022-05-16 20:23:42','localhost','Y'),(85,'J10044','2022-05-16 20:23:42','Ranger 2.1.0.7.1.7.0-551','2022-05-16 20:23:42','localhost','Y'),(86,'J10043','2022-05-16 20:23:42','Ranger 2.1.0.7.1.7.0-551','2022-05-16 20:23:42','localhost','Y'),(87,'J10045','2022-05-16 20:23:42','Ranger 2.1.0.7.1.7.0-551','2022-05-16 20:23:42','localhost','Y'),(88,'J10046','2022-05-16 20:23:42','Ranger 2.1.0.7.1.7.0-551','2022-05-16 20:23:42','localhost','Y'),(89,'J10048','2022-05-16 20:23:42','Ranger 2.1.0.7.1.7.0-551','2022-05-16 20:23:42','localhost','Y'),(90,'J10049','2022-05-16 20:23:42','Ranger 2.1.0.7.1.7.0-551','2022-05-16 20:23:42','localhost','Y'),(91,'J10050','2022-05-16 20:23:42','Ranger 2.1.0.7.1.7.0-551','2022-05-16 20:23:42','localhost','Y'),(92,'JAVA_PATCHES','2022-05-16 20:23:42','Ranger 2.1.0.7.1.7.0-551','2022-05-16 20:23:42','localhost','Y'),(93,'DEFAULT_ALL_ADMIN_UPDATE','2022-05-16 13:23:49','Ranger 2.1.0.7.1.7.0-551','2022-05-16 13:23:49','master-3.example.com','Y');
/*!40000 ALTER TABLE `x_db_version_h` ENABLE KEYS */;
UNLOCK TABLES;

--
-- Table structure for table `x_enum_def`
--

DROP TABLE IF EXISTS `x_enum_def`;
/*!40101 SET @saved_cs_client     = @@character_set_client */;
/*!40101 SET character_set_client = utf8 */;
CREATE TABLE `x_enum_def` (
  `id` bigint(20) NOT NULL AUTO_INCREMENT,
  `guid` varchar(1024) DEFAULT NULL,
  `create_time` datetime DEFAULT NULL,
  `update_time` datetime DEFAULT NULL,
  `added_by_id` bigint(20) DEFAULT NULL,
  `upd_by_id` bigint(20) DEFAULT NULL,
  `def_id` bigint(20) NOT NULL,
  `item_id` bigint(20) NOT NULL,
  `name` varchar(1024) DEFAULT NULL,
  `default_index` bigint(20) DEFAULT NULL,
  PRIMARY KEY (`id`),
  KEY `x_enum_def_FK_added_by_id` (`added_by_id`),
  KEY `x_enum_def_FK_upd_by_id` (`upd_by_id`),
  KEY `x_enum_def_IDX_def_id` (`def_id`),
  CONSTRAINT `x_enum_def_FK_added_by_id` FOREIGN KEY (`added_by_id`) REFERENCES `x_portal_user` (`id`),
  CONSTRAINT `x_enum_def_FK_defid` FOREIGN KEY (`def_id`) REFERENCES `x_service_def` (`id`),
  CONSTRAINT `x_enum_def_FK_upd_by_id` FOREIGN KEY (`upd_by_id`) REFERENCES `x_portal_user` (`id`)
) ENGINE=InnoDB AUTO_INCREMENT=9 DEFAULT CHARSET=utf8 ROW_FORMAT=DYNAMIC;
/*!40101 SET character_set_client = @saved_cs_client */;

--
-- Dumping data for table `x_enum_def`
--

LOCK TABLES `x_enum_def` WRITE;
/*!40000 ALTER TABLE `x_enum_def` DISABLE KEYS */;
INSERT INTO `x_enum_def` VALUES (1,NULL,'2022-05-16 13:23:59','2022-05-16 13:23:59',NULL,NULL,1,1,'authnType',0),(2,NULL,'2022-05-16 13:23:59','2022-05-16 13:23:59',NULL,NULL,1,2,'rpcProtection',0),(3,NULL,'2022-05-16 13:24:00','2022-05-16 13:24:00',NULL,NULL,2,1,'authnType',0),(4,NULL,'2022-05-16 13:24:00','2022-05-16 13:24:00',NULL,NULL,4,1,'authnType',0),(5,NULL,'2022-05-16 13:24:01','2022-05-16 13:24:01',NULL,NULL,202,1,'authType',0),(6,NULL,'2022-05-16 13:24:01','2022-05-16 13:24:01',NULL,NULL,10,1,'authType',0),(7,NULL,'2022-05-16 13:24:01','2022-05-16 13:24:01',NULL,NULL,13,1,'authType',0),(8,NULL,'2022-05-16 13:24:01','2022-05-16 13:24:01',NULL,NULL,201,1,'authnType',0);
/*!40000 ALTER TABLE `x_enum_def` ENABLE KEYS */;
UNLOCK TABLES;

--
-- Table structure for table `x_enum_element_def`
--

DROP TABLE IF EXISTS `x_enum_element_def`;
/*!40101 SET @saved_cs_client     = @@character_set_client */;
/*!40101 SET character_set_client = utf8 */;
CREATE TABLE `x_enum_element_def` (
  `id` bigint(20) NOT NULL AUTO_INCREMENT,
  `guid` varchar(1024) DEFAULT NULL,
  `create_time` datetime DEFAULT NULL,
  `update_time` datetime DEFAULT NULL,
  `added_by_id` bigint(20) DEFAULT NULL,
  `upd_by_id` bigint(20) DEFAULT NULL,
  `enum_def_id` bigint(20) NOT NULL,
  `item_id` bigint(20) NOT NULL,
  `name` varchar(1024) DEFAULT NULL,
  `label` varchar(1024) DEFAULT NULL,
  `rb_key_label` varchar(1024) DEFAULT NULL,
  `sort_order` int(11) DEFAULT 0,
  PRIMARY KEY (`id`),
  KEY `x_enum_element_def_FK_added_by_id` (`added_by_id`),
  KEY `x_enum_element_def_FK_upd_by_id` (`upd_by_id`),
  KEY `x_enum_element_def_IDX_enum_def_id` (`enum_def_id`),
  CONSTRAINT `x_enum_element_def_FK_added_by_id` FOREIGN KEY (`added_by_id`) REFERENCES `x_portal_user` (`id`),
  CONSTRAINT `x_enum_element_def_FK_defid` FOREIGN KEY (`enum_def_id`) REFERENCES `x_enum_def` (`id`),
  CONSTRAINT `x_enum_element_def_FK_upd_by_id` FOREIGN KEY (`upd_by_id`) REFERENCES `x_portal_user` (`id`)
) ENGINE=InnoDB AUTO_INCREMENT=18 DEFAULT CHARSET=utf8 ROW_FORMAT=DYNAMIC;
/*!40101 SET character_set_client = @saved_cs_client */;

--
-- Dumping data for table `x_enum_element_def`
--

LOCK TABLES `x_enum_element_def` WRITE;
/*!40000 ALTER TABLE `x_enum_element_def` DISABLE KEYS */;
INSERT INTO `x_enum_element_def` VALUES (1,NULL,'2022-05-16 13:23:59','2022-05-16 13:23:59',NULL,NULL,1,1,'simple','Simple',NULL,0),(2,NULL,'2022-05-16 13:23:59','2022-05-16 13:23:59',NULL,NULL,1,2,'kerberos','Kerberos',NULL,1),(3,NULL,'2022-05-16 13:23:59','2022-05-16 13:23:59',NULL,NULL,2,1,'authentication','Authentication',NULL,0),(4,NULL,'2022-05-16 13:23:59','2022-05-16 13:23:59',NULL,NULL,2,2,'integrity','Integrity',NULL,1),(5,NULL,'2022-05-16 13:23:59','2022-05-16 13:23:59',NULL,NULL,2,3,'privacy','Privacy',NULL,2),(6,NULL,'2022-05-16 13:24:00','2022-05-16 13:24:00',NULL,NULL,3,1,'simple','Simple',NULL,0),(7,NULL,'2022-05-16 13:24:00','2022-05-16 13:24:00',NULL,NULL,3,2,'kerberos','Kerberos',NULL,1),(8,NULL,'2022-05-16 13:24:00','2022-05-16 13:24:00',NULL,NULL,4,1,'simple','Simple',NULL,0),(9,NULL,'2022-05-16 13:24:00','2022-05-16 13:24:00',NULL,NULL,4,2,'kerberos','Kerberos',NULL,1),(10,NULL,'2022-05-16 13:24:01','2022-05-16 13:24:01',NULL,NULL,5,1,'NONE','None',NULL,0),(11,NULL,'2022-05-16 13:24:01','2022-05-16 13:24:01',NULL,NULL,5,2,'KERBEROS','Kerberos',NULL,1),(12,NULL,'2022-05-16 13:24:01','2022-05-16 13:24:01',NULL,NULL,6,1,'NONE','None',NULL,0),(13,NULL,'2022-05-16 13:24:01','2022-05-16 13:24:01',NULL,NULL,6,2,'SSL','SSL',NULL,1),(14,NULL,'2022-05-16 13:24:01','2022-05-16 13:24:01',NULL,NULL,7,1,'NONE','None',NULL,0),(15,NULL,'2022-05-16 13:24:01','2022-05-16 13:24:01',NULL,NULL,7,2,'SSL','SSL',NULL,1),(16,NULL,'2022-05-16 13:24:01','2022-05-16 13:24:01',NULL,NULL,8,1,'simple','Simple',NULL,0),(17,NULL,'2022-05-16 13:24:01','2022-05-16 13:24:01',NULL,NULL,8,2,'kerberos','Kerberos',NULL,1);
/*!40000 ALTER TABLE `x_enum_element_def` ENABLE KEYS */;
UNLOCK TABLES;

--
-- Table structure for table `x_group`
--

DROP TABLE IF EXISTS `x_group`;
/*!40101 SET @saved_cs_client     = @@character_set_client */;
/*!40101 SET character_set_client = utf8 */;
CREATE TABLE `x_group` (
  `id` bigint(20) NOT NULL AUTO_INCREMENT,
  `create_time` datetime DEFAULT NULL,
  `update_time` datetime DEFAULT NULL,
  `added_by_id` bigint(20) DEFAULT NULL,
  `upd_by_id` bigint(20) DEFAULT NULL,
  `group_name` varchar(767) NOT NULL,
  `descr` varchar(4000) NOT NULL,
  `status` int(11) NOT NULL DEFAULT 0,
  `group_type` int(11) NOT NULL DEFAULT 0,
  `cred_store_id` bigint(20) DEFAULT NULL,
  `group_src` int(11) NOT NULL DEFAULT 0,
  `is_visible` int(11) NOT NULL DEFAULT 1,
  `other_attributes` varchar(4000) DEFAULT NULL,
  PRIMARY KEY (`id`),
  UNIQUE KEY `x_group_UK_group_name` (`group_name`),
  KEY `x_group_FK_added_by_id` (`added_by_id`),
  KEY `x_group_FK_upd_by_id` (`upd_by_id`),
  KEY `x_group_FK_cred_store_id` (`cred_store_id`),
  KEY `x_group_cr_time` (`create_time`),
  KEY `x_group_up_time` (`update_time`),
  CONSTRAINT `x_group_FK_added_by_id` FOREIGN KEY (`added_by_id`) REFERENCES `x_portal_user` (`id`),
  CONSTRAINT `x_group_FK_cred_store_id` FOREIGN KEY (`cred_store_id`) REFERENCES `x_cred_store` (`id`),
  CONSTRAINT `x_group_FK_upd_by_id` FOREIGN KEY (`upd_by_id`) REFERENCES `x_portal_user` (`id`)
) ENGINE=InnoDB AUTO_INCREMENT=130 DEFAULT CHARSET=utf8 ROW_FORMAT=DYNAMIC;
/*!40101 SET character_set_client = @saved_cs_client */;

--
-- Dumping data for table `x_group`
--

LOCK TABLES `x_group` WRITE;
/*!40000 ALTER TABLE `x_group` DISABLE KEYS */;
INSERT INTO `x_group` VALUES (1,'2022-05-16 13:23:42','2022-05-16 13:23:42',1,1,'public','public group',0,0,NULL,0,1,NULL),(2,'2022-05-16 13:24:56','2022-05-16 13:24:56',1,1,'bin','bin - add from Unix box',0,1,NULL,1,1,'{\"sync_source\":\"Unix\",\"full_name\":\"bin\",\"original_name\":\"bin\"}'),(3,'2022-05-16 13:24:56','2022-05-16 13:24:56',1,1,'atlas','atlas - add from Unix box',0,1,NULL,1,1,'{\"sync_source\":\"Unix\",\"full_name\":\"atlas\",\"original_name\":\"atlas\"}'),(4,'2022-05-16 13:24:56','2022-05-16 13:24:56',1,1,'systemd-network','systemd-network - add from Unix box',0,1,NULL,1,1,'{\"sync_source\":\"Unix\",\"full_name\":\"systemd-network\",\"original_name\":\"systemd-network\"}'),(5,'2022-05-16 13:24:56','2022-05-16 13:24:56',1,1,'fin','fin - add from Unix box',0,1,NULL,1,1,'{\"sync_source\":\"Unix\",\"full_name\":\"fin\",\"original_name\":\"fin\"}'),(6,'2022-05-16 13:24:56','2022-05-16 13:24:56',1,1,'hr','hr - add from Unix box',0,1,NULL,1,1,'{\"sync_source\":\"Unix\",\"full_name\":\"hr\",\"original_name\":\"hr\"}'),(7,'2022-05-16 13:24:56','2022-05-16 13:24:56',1,1,'cmadmin-4483f1fa','cmadmin-4483f1fa - add from Unix box',0,1,NULL,1,1,'{\"sync_source\":\"Unix\",\"full_name\":\"cmadmin-4483f1fa\",\"original_name\":\"cmadmin-4483f1fa\"}'),(8,'2022-05-16 13:24:56','2022-05-16 13:24:56',1,1,'cgred','cgred - add from Unix box',0,1,NULL,1,1,'{\"sync_source\":\"Unix\",\"full_name\":\"cgred\",\"original_name\":\"cgred\"}'),(9,'2022-05-16 13:24:56','2022-05-16 13:24:56',1,1,'libstoragemgmt','libstoragemgmt - add from Unix box',0,1,NULL,1,1,'{\"sync_source\":\"Unix\",\"full_name\":\"libstoragemgmt\",\"original_name\":\"libstoragemgmt\"}'),(10,'2022-05-16 13:24:56','2022-05-16 13:24:56',1,1,'wireshark','wireshark - add from Unix box',0,1,NULL,1,1,'{\"sync_source\":\"Unix\",\"full_name\":\"wireshark\",\"original_name\":\"wireshark\"}'),(11,'2022-05-16 13:24:56','2022-05-16 13:24:56',1,1,'stella_sale','stella_sale - add from Unix box',0,1,NULL,1,1,'{\"sync_source\":\"Unix\",\"full_name\":\"stella_sale\",\"original_name\":\"stella_sale\"}'),(12,'2022-05-16 13:24:56','2022-05-16 13:24:56',1,1,'biz','biz - add from Unix box',0,1,NULL,1,1,'{\"sync_source\":\"Unix\",\"full_name\":\"biz\",\"original_name\":\"biz\"}'),(13,'2022-05-16 13:24:56','2022-05-16 13:24:56',1,1,'tape','tape - add from Unix box',0,1,NULL,1,1,'{\"sync_source\":\"Unix\",\"full_name\":\"tape\",\"original_name\":\"tape\"}'),(14,'2022-05-16 13:24:56','2022-05-16 13:24:56',1,1,'dev','dev - add from Unix box',0,1,NULL,1,1,'{\"sync_source\":\"Unix\",\"full_name\":\"dev\",\"original_name\":\"dev\"}'),(15,'2022-05-16 13:24:56','2022-05-16 13:24:56',1,1,'usbmuxd','usbmuxd - add from Unix box',0,1,NULL,1,1,'{\"sync_source\":\"Unix\",\"full_name\":\"usbmuxd\",\"original_name\":\"usbmuxd\"}'),(16,'2022-05-16 13:24:56','2022-05-16 13:24:56',1,1,'games','games - add from Unix box',0,1,NULL,1,1,'{\"sync_source\":\"Unix\",\"full_name\":\"games\",\"original_name\":\"games\"}'),(17,'2022-05-16 13:24:56','2022-05-16 13:24:56',1,1,'sci','sci - add from Unix box',0,1,NULL,1,1,'{\"sync_source\":\"Unix\",\"full_name\":\"sci\",\"original_name\":\"sci\"}'),(18,'2022-05-16 13:24:56','2022-05-16 13:24:56',1,1,'lock','lock - add from Unix box',0,1,NULL,1,1,'{\"sync_source\":\"Unix\",\"full_name\":\"lock\",\"original_name\":\"lock\"}'),(19,'2022-05-16 13:24:56','2022-05-16 13:24:56',1,1,'nobody','nobody - add from Unix box',0,1,NULL,1,1,'{\"sync_source\":\"Unix\",\"full_name\":\"nobody\",\"original_name\":\"nobody\"}'),(20,'2022-05-16 13:24:56','2022-05-16 13:24:56',1,1,'schemaregistry','schemaregistry - add from Unix box',0,1,NULL,1,1,'{\"sync_source\":\"Unix\",\"full_name\":\"schemaregistry\",\"original_name\":\"schemaregistry\"}'),(21,'2022-05-16 13:24:56','2022-05-16 13:24:56',1,1,'zookeeper','zookeeper - add from Unix box',0,1,NULL,1,1,'{\"sync_source\":\"Unix\",\"full_name\":\"zookeeper\",\"original_name\":\"zookeeper\"}'),(22,'2022-05-16 13:24:56','2022-05-16 13:24:56',1,1,'tez','tez - add from Unix box',0,1,NULL,1,1,'{\"sync_source\":\"Unix\",\"full_name\":\"tez\",\"original_name\":\"tez\"}'),(23,'2022-05-16 13:24:56','2022-05-16 13:24:56',1,1,'impala','impala - add from Unix box',0,1,NULL,1,1,'{\"sync_source\":\"Unix\",\"full_name\":\"impala\",\"original_name\":\"impala\"}'),(24,'2022-05-16 13:24:56','2022-05-16 13:24:56',1,1,'dana_dev','dana_dev - add from Unix box',0,1,NULL,1,1,'{\"sync_source\":\"Unix\",\"full_name\":\"dana_dev\",\"original_name\":\"dana_dev\"}'),(25,'2022-05-16 13:24:56','2022-05-16 13:24:56',1,1,'stapdev','stapdev - add from Unix box',0,1,NULL,1,1,'{\"sync_source\":\"Unix\",\"full_name\":\"stapdev\",\"original_name\":\"stapdev\"}'),(26,'2022-05-16 13:24:56','2022-05-16 13:24:56',1,1,'input','input - add from Unix box',0,1,NULL,1,1,'{\"sync_source\":\"Unix\",\"full_name\":\"input\",\"original_name\":\"input\"}'),(27,'2022-05-16 13:24:56','2022-05-16 13:24:56',1,1,'grace_gov','grace_gov - add from Unix box',0,1,NULL,1,1,'{\"sync_source\":\"Unix\",\"full_name\":\"grace_gov\",\"original_name\":\"grace_gov\"}'),(28,'2022-05-16 13:24:56','2022-05-16 13:24:56',1,1,'livy','livy - add from Unix box',0,1,NULL,1,1,'{\"sync_source\":\"Unix\",\"full_name\":\"livy\",\"original_name\":\"livy\"}'),(29,'2022-05-16 13:24:56','2022-05-16 13:24:56',1,1,'kafka','kafka - add from Unix box',0,1,NULL,1,1,'{\"sync_source\":\"Unix\",\"full_name\":\"kafka\",\"original_name\":\"kafka\"}'),(30,'2022-05-16 13:24:56','2022-05-16 13:24:56',1,1,'allan_admin','allan_admin - add from Unix box',0,1,NULL,1,1,'{\"sync_source\":\"Unix\",\"full_name\":\"allan_admin\",\"original_name\":\"allan_admin\"}'),(31,'2022-05-16 13:24:56','2022-05-16 13:24:56',1,1,'mapred','mapred - add from Unix box',0,1,NULL,1,1,'{\"sync_source\":\"Unix\",\"full_name\":\"mapred\",\"original_name\":\"mapred\"}'),(32,'2022-05-16 13:24:56','2022-05-16 13:24:56',1,1,'admins','admins - add from Unix box',0,1,NULL,1,1,'{\"sync_source\":\"Unix\",\"full_name\":\"admins\",\"original_name\":\"admins\"}'),(33,'2022-05-16 13:24:56','2022-05-16 13:24:56',1,1,'hive','hive - add from Unix box',0,1,NULL,1,1,'{\"sync_source\":\"Unix\",\"full_name\":\"hive\",\"original_name\":\"hive\"}'),(34,'2022-05-16 13:24:56','2022-05-16 13:24:56',1,1,'cloudera-scm','cloudera-scm - add from Unix box',0,1,NULL,1,1,'{\"sync_source\":\"Unix\",\"full_name\":\"cloudera-scm\",\"original_name\":\"cloudera-scm\"}'),(35,'2022-05-16 13:24:56','2022-05-16 13:24:56',1,1,'us_employees','us_employees - add from Unix box',0,1,NULL,1,1,'{\"sync_source\":\"Unix\",\"full_name\":\"us_employees\",\"original_name\":\"us_employees\"}'),(36,'2022-05-16 13:24:56','2022-05-16 13:24:56',1,1,'floppy','floppy - add from Unix box',0,1,NULL,1,1,'{\"sync_source\":\"Unix\",\"full_name\":\"floppy\",\"original_name\":\"floppy\"}'),(37,'2022-05-16 13:24:56','2022-05-16 13:24:56',1,1,'httpfs','httpfs - add from Unix box',0,1,NULL,1,1,'{\"sync_source\":\"Unix\",\"full_name\":\"httpfs\",\"original_name\":\"httpfs\"}'),(38,'2022-05-16 13:24:56','2022-05-16 13:24:56',1,1,'superset','superset - add from Unix box',0,1,NULL,1,1,'{\"sync_source\":\"Unix\",\"full_name\":\"superset\",\"original_name\":\"superset\"}'),(39,'2022-05-16 13:24:56','2022-05-16 13:24:56',1,1,'streamsmsgmgr','streamsmsgmgr - add from Unix box',0,1,NULL,1,1,'{\"sync_source\":\"Unix\",\"full_name\":\"streamsmsgmgr\",\"original_name\":\"streamsmsgmgr\"}'),(40,'2022-05-16 13:24:56','2022-05-16 13:24:56',1,1,'kudu','kudu - add from Unix box',0,1,NULL,1,1,'{\"sync_source\":\"Unix\",\"full_name\":\"kudu\",\"original_name\":\"kudu\"}'),(41,'2022-05-16 13:24:56','2022-05-16 13:24:56',1,1,'steff_sci','steff_sci - add from Unix box',0,1,NULL,1,1,'{\"sync_source\":\"Unix\",\"full_name\":\"steff_sci\",\"original_name\":\"steff_sci\"}'),(42,'2022-05-16 13:24:56','2022-05-16 13:24:56',1,1,'kms','kms - add from Unix box',0,1,NULL,1,1,'{\"sync_source\":\"Unix\",\"full_name\":\"kms\",\"original_name\":\"kms\"}'),(43,'2022-05-16 13:24:56','2022-05-16 13:24:56',1,1,'cruisecontrol','cruisecontrol - add from Unix box',0,1,NULL,1,1,'{\"sync_source\":\"Unix\",\"full_name\":\"cruisecontrol\",\"original_name\":\"cruisecontrol\"}'),(44,'2022-05-16 13:24:56','2022-05-16 13:24:56',1,1,'sec','sec - add from Unix box',0,1,NULL,1,1,'{\"sync_source\":\"Unix\",\"full_name\":\"sec\",\"original_name\":\"sec\"}'),(45,'2022-05-16 13:24:56','2022-05-16 13:24:56',1,1,'polkitd','polkitd - add from Unix box',0,1,NULL,1,1,'{\"sync_source\":\"Unix\",\"full_name\":\"polkitd\",\"original_name\":\"polkitd\"}'),(46,'2022-05-16 13:24:56','2022-05-16 13:24:56',1,1,'spark','spark - add from Unix box',0,1,NULL,1,1,'{\"sync_source\":\"Unix\",\"full_name\":\"spark\",\"original_name\":\"spark\"}'),(47,'2022-05-16 13:24:56','2022-05-16 13:24:56',1,1,'man','man - add from Unix box',0,1,NULL,1,1,'{\"sync_source\":\"Unix\",\"full_name\":\"man\",\"original_name\":\"man\"}'),(48,'2022-05-16 13:24:56','2022-05-16 13:24:56',1,1,'audio','audio - add from Unix box',0,1,NULL,1,1,'{\"sync_source\":\"Unix\",\"full_name\":\"audio\",\"original_name\":\"audio\"}'),(49,'2022-05-16 13:24:56','2022-05-16 13:24:56',1,1,'fina_fin','fina_fin - add from Unix box',0,1,NULL,1,1,'{\"sync_source\":\"Unix\",\"full_name\":\"fina_fin\",\"original_name\":\"fina_fin\"}'),(50,'2022-05-16 13:24:56','2022-05-16 13:24:56',1,1,'keyadmins','keyadmins - add from Unix box',0,1,NULL,1,1,'{\"sync_source\":\"Unix\",\"full_name\":\"keyadmins\",\"original_name\":\"keyadmins\"}'),(51,'2022-05-16 13:24:56','2022-05-16 13:24:56',1,1,'ftp','ftp - add from Unix box',0,1,NULL,1,1,'{\"sync_source\":\"Unix\",\"full_name\":\"ftp\",\"original_name\":\"ftp\"}'),(52,'2022-05-16 13:24:56','2022-05-16 13:24:56',1,1,'oozie','oozie - add from Unix box',0,1,NULL,1,1,'{\"sync_source\":\"Unix\",\"full_name\":\"oozie\",\"original_name\":\"oozie\"}'),(53,'2022-05-16 13:24:56','2022-05-16 13:24:56',1,1,'sshd','sshd - add from Unix box',0,1,NULL,1,1,'{\"sync_source\":\"Unix\",\"full_name\":\"sshd\",\"original_name\":\"sshd\"}'),(54,'2022-05-16 13:24:56','2022-05-16 13:24:56',1,1,'zeppelin','zeppelin - add from Unix box',0,1,NULL,1,1,'{\"sync_source\":\"Unix\",\"full_name\":\"zeppelin\",\"original_name\":\"zeppelin\"}'),(55,'2022-05-16 13:24:56','2022-05-16 13:24:56',1,1,'ntp','ntp - add from Unix box',0,1,NULL,1,1,'{\"sync_source\":\"Unix\",\"full_name\":\"ntp\",\"original_name\":\"ntp\"}'),(56,'2022-05-16 13:24:56','2022-05-16 13:24:56',1,1,'cdrom','cdrom - add from Unix box',0,1,NULL,1,1,'{\"sync_source\":\"Unix\",\"full_name\":\"cdrom\",\"original_name\":\"cdrom\"}'),(57,'2022-05-16 13:24:56','2022-05-16 13:24:56',1,1,'utempter','utempter - add from Unix box',0,1,NULL,1,1,'{\"sync_source\":\"Unix\",\"full_name\":\"utempter\",\"original_name\":\"utempter\"}'),(58,'2022-05-16 13:24:56','2022-05-16 13:24:56',1,1,'sale','sale - add from Unix box',0,1,NULL,1,1,'{\"sync_source\":\"Unix\",\"full_name\":\"sale\",\"original_name\":\"sale\"}'),(59,'2022-05-16 13:24:56','2022-05-16 13:24:56',1,1,'chrony','chrony - add from Unix box',0,1,NULL,1,1,'{\"sync_source\":\"Unix\",\"full_name\":\"chrony\",\"original_name\":\"chrony\"}'),(60,'2022-05-16 13:24:56','2022-05-16 13:24:56',1,1,'rangerraz','rangerraz - add from Unix box',0,1,NULL,1,1,'{\"sync_source\":\"Unix\",\"full_name\":\"rangerraz\",\"original_name\":\"rangerraz\"}'),(61,'2022-05-16 13:24:56','2022-05-16 13:24:56',1,1,'dialout','dialout - add from Unix box',0,1,NULL,1,1,'{\"sync_source\":\"Unix\",\"full_name\":\"dialout\",\"original_name\":\"dialout\"}'),(62,'2022-05-16 13:24:56','2022-05-16 13:24:56',1,1,'yarn','yarn - add from Unix box',0,1,NULL,1,1,'{\"sync_source\":\"Unix\",\"full_name\":\"yarn\",\"original_name\":\"yarn\"}'),(63,'2022-05-16 13:24:56','2022-05-16 13:24:56',1,1,'diego_deng','diego_deng - add from Unix box',0,1,NULL,1,1,'{\"sync_source\":\"Unix\",\"full_name\":\"diego_deng\",\"original_name\":\"diego_deng\"}'),(64,'2022-05-16 13:24:56','2022-05-16 13:24:56',1,1,'rpcuser','rpcuser - add from Unix box',0,1,NULL,1,1,'{\"sync_source\":\"Unix\",\"full_name\":\"rpcuser\",\"original_name\":\"rpcuser\"}'),(65,'2022-05-16 13:24:56','2022-05-16 13:24:56',1,1,'lp','lp - add from Unix box',0,1,NULL,1,1,'{\"sync_source\":\"Unix\",\"full_name\":\"lp\",\"original_name\":\"lp\"}'),(66,'2022-05-16 13:24:56','2022-05-16 13:24:56',1,1,'mail','mail - add from Unix box',0,1,NULL,1,1,'{\"sync_source\":\"Unix\",\"full_name\":\"mail\",\"original_name\":\"mail\"}'),(67,'2022-05-16 13:24:56','2022-05-16 13:24:56',1,1,'slocate','slocate - add from Unix box',0,1,NULL,1,1,'{\"sync_source\":\"Unix\",\"full_name\":\"slocate\",\"original_name\":\"slocate\"}'),(68,'2022-05-16 13:24:56','2022-05-16 13:24:56',1,1,'sssd','sssd - add from Unix box',0,1,NULL,1,1,'{\"sync_source\":\"Unix\",\"full_name\":\"sssd\",\"original_name\":\"sssd\"}'),(69,'2022-05-16 13:24:56','2022-05-16 13:24:56',1,1,'screen','screen - add from Unix box',0,1,NULL,1,1,'{\"sync_source\":\"Unix\",\"full_name\":\"screen\",\"original_name\":\"screen\"}'),(70,'2022-05-16 13:24:56','2022-05-16 13:24:56',1,1,'systemd-journal','systemd-journal - add from Unix box',0,1,NULL,1,1,'{\"sync_source\":\"Unix\",\"full_name\":\"systemd-journal\",\"original_name\":\"systemd-journal\"}'),(71,'2022-05-16 13:24:56','2022-05-16 13:24:56',1,1,'nifi','nifi - add from Unix box',0,1,NULL,1,1,'{\"sync_source\":\"Unix\",\"full_name\":\"nifi\",\"original_name\":\"nifi\"}'),(72,'2022-05-16 13:24:56','2022-05-16 13:24:56',1,1,'gov','gov - add from Unix box',0,1,NULL,1,1,'{\"sync_source\":\"Unix\",\"full_name\":\"gov\",\"original_name\":\"gov\"}'),(73,'2022-05-16 13:24:56','2022-05-16 13:24:56',1,1,'apache','apache - add from Unix box',0,1,NULL,1,1,'{\"sync_source\":\"Unix\",\"full_name\":\"apache\",\"original_name\":\"apache\"}'),(74,'2022-05-16 13:24:56','2022-05-16 13:24:56',1,1,'dpprofiler','dpprofiler - add from Unix box',0,1,NULL,1,1,'{\"sync_source\":\"Unix\",\"full_name\":\"dpprofiler\",\"original_name\":\"dpprofiler\"}'),(75,'2022-05-16 13:24:56','2022-05-16 13:24:56',1,1,'stapsys','stapsys - add from Unix box',0,1,NULL,1,1,'{\"sync_source\":\"Unix\",\"full_name\":\"stapsys\",\"original_name\":\"stapsys\"}'),(76,'2022-05-16 13:24:56','2022-05-16 13:24:56',1,1,'flume','flume - add from Unix box',0,1,NULL,1,1,'{\"sync_source\":\"Unix\",\"full_name\":\"flume\",\"original_name\":\"flume\"}'),(77,'2022-05-16 13:24:56','2022-05-16 13:24:56',1,1,'printadmin','printadmin - add from Unix box',0,1,NULL,1,1,'{\"sync_source\":\"Unix\",\"full_name\":\"printadmin\",\"original_name\":\"printadmin\"}'),(78,'2022-05-16 13:24:56','2022-05-16 13:24:56',1,1,'mysql','mysql - add from Unix box',0,1,NULL,1,1,'{\"sync_source\":\"Unix\",\"full_name\":\"mysql\",\"original_name\":\"mysql\"}'),(79,'2022-05-16 13:24:56','2022-05-16 13:24:56',1,1,'omar_ops','omar_ops - add from Unix box',0,1,NULL,1,1,'{\"sync_source\":\"Unix\",\"full_name\":\"omar_ops\",\"original_name\":\"omar_ops\"}'),(80,'2022-05-16 13:24:56','2022-05-16 13:24:56',1,1,'bo_biz','bo_biz - add from Unix box',0,1,NULL,1,1,'{\"sync_source\":\"Unix\",\"full_name\":\"bo_biz\",\"original_name\":\"bo_biz\"}'),(81,'2022-05-16 13:24:56','2022-05-16 13:24:56',1,1,'nifiregistry','nifiregistry - add from Unix box',0,1,NULL,1,1,'{\"sync_source\":\"Unix\",\"full_name\":\"nifiregistry\",\"original_name\":\"nifiregistry\"}'),(82,'2022-05-16 13:24:56','2022-05-16 13:24:56',1,1,'postdrop','postdrop - add from Unix box',0,1,NULL,1,1,'{\"sync_source\":\"Unix\",\"full_name\":\"postdrop\",\"original_name\":\"postdrop\"}'),(83,'2022-05-16 13:24:56','2022-05-16 13:24:56',1,1,'adm','adm - add from Unix box',0,1,NULL,1,1,'{\"sync_source\":\"Unix\",\"full_name\":\"adm\",\"original_name\":\"adm\"}'),(84,'2022-05-16 13:24:56','2022-05-16 13:24:56',1,1,'users','users - add from Unix box',0,1,NULL,1,1,'{\"sync_source\":\"Unix\",\"full_name\":\"users\",\"original_name\":\"users\"}'),(85,'2022-05-16 13:24:56','2022-05-16 13:24:56',1,1,'stapusr','stapusr - add from Unix box',0,1,NULL,1,1,'{\"sync_source\":\"Unix\",\"full_name\":\"stapusr\",\"original_name\":\"stapusr\"}'),(86,'2022-05-16 13:24:56','2022-05-16 13:24:56',1,1,'daemon','daemon - add from Unix box',0,1,NULL,1,1,'{\"sync_source\":\"Unix\",\"full_name\":\"daemon\",\"original_name\":\"daemon\"}'),(87,'2022-05-16 13:24:56','2022-05-16 13:24:56',1,1,'flink','flink - add from Unix box',0,1,NULL,1,1,'{\"sync_source\":\"Unix\",\"full_name\":\"flink\",\"original_name\":\"flink\"}'),(88,'2022-05-16 13:24:56','2022-05-16 13:24:56',1,1,'disk','disk - add from Unix box',0,1,NULL,1,1,'{\"sync_source\":\"Unix\",\"full_name\":\"disk\",\"original_name\":\"disk\"}'),(89,'2022-05-16 13:24:56','2022-05-16 13:24:56',1,1,'dbus','dbus - add from Unix box',0,1,NULL,1,1,'{\"sync_source\":\"Unix\",\"full_name\":\"dbus\",\"original_name\":\"dbus\"}'),(90,'2022-05-16 13:24:56','2022-05-16 13:24:56',1,1,'ssh_keys','ssh_keys - add from Unix box',0,1,NULL,1,1,'{\"sync_source\":\"Unix\",\"full_name\":\"ssh_keys\",\"original_name\":\"ssh_keys\"}'),(91,'2022-05-16 13:24:56','2022-05-16 13:24:56',1,1,'ops','ops - add from Unix box',0,1,NULL,1,1,'{\"sync_source\":\"Unix\",\"full_name\":\"ops\",\"original_name\":\"ops\"}'),(92,'2022-05-16 13:24:56','2022-05-16 13:24:56',1,1,'utmp','utmp - add from Unix box',0,1,NULL,1,1,'{\"sync_source\":\"Unix\",\"full_name\":\"utmp\",\"original_name\":\"utmp\"}'),(93,'2022-05-16 13:24:56','2022-05-16 13:24:56',1,1,'druid','druid - add from Unix box',0,1,NULL,1,1,'{\"sync_source\":\"Unix\",\"full_name\":\"druid\",\"original_name\":\"druid\"}'),(94,'2022-05-16 13:24:56','2022-05-16 13:24:56',1,1,'kmem','kmem - add from Unix box',0,1,NULL,1,1,'{\"sync_source\":\"Unix\",\"full_name\":\"kmem\",\"original_name\":\"kmem\"}'),(95,'2022-05-16 13:24:56','2022-05-16 13:24:56',1,1,'ww_employees','ww_employees - add from Unix box',0,1,NULL,1,1,'{\"sync_source\":\"Unix\",\"full_name\":\"ww_employees\",\"original_name\":\"ww_employees\"}'),(96,'2022-05-16 13:24:56','2022-05-16 13:24:56',1,1,'streamsrepmgr','streamsrepmgr - add from Unix box',0,1,NULL,1,1,'{\"sync_source\":\"Unix\",\"full_name\":\"streamsrepmgr\",\"original_name\":\"streamsrepmgr\"}'),(97,'2022-05-16 13:24:56','2022-05-16 13:24:56',1,1,'support','support - add from Unix box',0,1,NULL,1,1,'{\"sync_source\":\"Unix\",\"full_name\":\"support\",\"original_name\":\"support\"}'),(98,'2022-05-16 13:24:56','2022-05-16 13:24:56',1,1,'knox','knox - add from Unix box',0,1,NULL,1,1,'{\"sync_source\":\"Unix\",\"full_name\":\"knox\",\"original_name\":\"knox\"}'),(99,'2022-05-16 13:24:56','2022-05-16 13:24:56',1,1,'denis_deng','denis_deng - add from Unix box',0,1,NULL,1,1,'{\"sync_source\":\"Unix\",\"full_name\":\"denis_deng\",\"original_name\":\"denis_deng\"}'),(100,'2022-05-16 13:24:56','2022-05-16 13:24:56',1,1,'ranger','ranger - add from Unix box',0,1,NULL,1,1,'{\"sync_source\":\"Unix\",\"full_name\":\"ranger\",\"original_name\":\"ranger\"}'),(101,'2022-05-16 13:24:56','2022-05-16 13:24:56',1,1,'tcpdump','tcpdump - add from Unix box',0,1,NULL,1,1,'{\"sync_source\":\"Unix\",\"full_name\":\"tcpdump\",\"original_name\":\"tcpdump\"}'),(102,'2022-05-16 13:24:56','2022-05-16 13:24:56',1,1,'training','training - add from Unix box',0,1,NULL,1,1,'{\"sync_source\":\"Unix\",\"full_name\":\"training\",\"original_name\":\"training\"}'),(103,'2022-05-16 13:24:56','2022-05-16 13:24:56',1,1,'hamal_hr','hamal_hr - add from Unix box',0,1,NULL,1,1,'{\"sync_source\":\"Unix\",\"full_name\":\"hamal_hr\",\"original_name\":\"hamal_hr\"}'),(104,'2022-05-16 13:24:56','2022-05-16 13:24:56',1,1,'video','video - add from Unix box',0,1,NULL,1,1,'{\"sync_source\":\"Unix\",\"full_name\":\"video\",\"original_name\":\"video\"}'),(105,'2022-05-16 13:24:56','2022-05-16 13:24:56',1,1,'sys','sys - add from Unix box',0,1,NULL,1,1,'{\"sync_source\":\"Unix\",\"full_name\":\"sys\",\"original_name\":\"sys\"}'),(106,'2022-05-16 13:24:56','2022-05-16 13:24:56',1,1,'geoclue','geoclue - add from Unix box',0,1,NULL,1,1,'{\"sync_source\":\"Unix\",\"full_name\":\"geoclue\",\"original_name\":\"geoclue\"}'),(107,'2022-05-16 13:24:56','2022-05-16 13:24:56',1,1,'ozone','ozone - add from Unix box',0,1,NULL,1,1,'{\"sync_source\":\"Unix\",\"full_name\":\"ozone\",\"original_name\":\"ozone\"}'),(108,'2022-05-16 13:24:56','2022-05-16 13:24:56',1,1,'nifitoolkit','nifitoolkit - add from Unix box',0,1,NULL,1,1,'{\"sync_source\":\"Unix\",\"full_name\":\"nifitoolkit\",\"original_name\":\"nifitoolkit\"}'),(109,'2022-05-16 13:24:56','2022-05-16 13:24:56',1,1,'accumulo','accumulo - add from Unix box',0,1,NULL,1,1,'{\"sync_source\":\"Unix\",\"full_name\":\"accumulo\",\"original_name\":\"accumulo\"}'),(110,'2022-05-16 13:24:56','2022-05-16 13:24:56',1,1,'mem','mem - add from Unix box',0,1,NULL,1,1,'{\"sync_source\":\"Unix\",\"full_name\":\"mem\",\"original_name\":\"mem\"}'),(111,'2022-05-16 13:24:56','2022-05-16 13:24:56',1,1,'deng','deng - add from Unix box',0,1,NULL,1,1,'{\"sync_source\":\"Unix\",\"full_name\":\"deng\",\"original_name\":\"deng\"}'),(112,'2022-05-16 13:24:56','2022-05-16 13:24:56',1,1,'tss','tss - add from Unix box',0,1,NULL,1,1,'{\"sync_source\":\"Unix\",\"full_name\":\"tss\",\"original_name\":\"tss\"}'),(113,'2022-05-16 13:24:56','2022-05-16 13:24:56',1,1,'nfsnobody','nfsnobody - add from Unix box',0,1,NULL,1,1,'{\"sync_source\":\"Unix\",\"full_name\":\"nfsnobody\",\"original_name\":\"nfsnobody\"}'),(114,'2022-05-16 13:24:56','2022-05-16 13:24:56',1,1,'root','root - add from Unix box',0,1,NULL,1,1,'{\"sync_source\":\"Unix\",\"full_name\":\"root\",\"original_name\":\"root\"}'),(115,'2022-05-16 13:24:56','2022-05-16 13:24:56',1,1,'solr','solr - add from Unix box',0,1,NULL,1,1,'{\"sync_source\":\"Unix\",\"full_name\":\"solr\",\"original_name\":\"solr\"}'),(116,'2022-05-16 13:24:56','2022-05-16 13:24:56',1,1,'postfix','postfix - add from Unix box',0,1,NULL,1,1,'{\"sync_source\":\"Unix\",\"full_name\":\"postfix\",\"original_name\":\"postfix\"}'),(117,'2022-05-16 13:24:56','2022-05-16 13:24:56',1,1,'hadoop','hadoop - add from Unix box',0,1,NULL,1,1,'{\"sync_source\":\"Unix\",\"full_name\":\"hadoop\",\"original_name\":\"hadoop\"}'),(118,'2022-05-16 13:24:56','2022-05-16 13:24:56',1,1,'hbase','hbase - add from Unix box',0,1,NULL,1,1,'{\"sync_source\":\"Unix\",\"full_name\":\"hbase\",\"original_name\":\"hbase\"}'),(119,'2022-05-16 13:24:56','2022-05-16 13:24:56',1,1,'editors','editors - add from Unix box',0,1,NULL,1,1,'{\"sync_source\":\"Unix\",\"full_name\":\"editors\",\"original_name\":\"editors\"}'),(120,'2022-05-16 13:24:56','2022-05-16 13:24:56',1,1,'supergroup','supergroup - add from Unix box',0,1,NULL,1,1,'{\"sync_source\":\"Unix\",\"full_name\":\"supergroup\",\"original_name\":\"supergroup\"}'),(121,'2022-05-16 13:24:56','2022-05-16 13:24:56',1,1,'rangerrms','rangerrms - add from Unix box',0,1,NULL,1,1,'{\"sync_source\":\"Unix\",\"full_name\":\"rangerrms\",\"original_name\":\"rangerrms\"}'),(122,'2022-05-16 13:24:56','2022-05-16 13:24:56',1,1,'rpc','rpc - add from Unix box',0,1,NULL,1,1,'{\"sync_source\":\"Unix\",\"full_name\":\"rpc\",\"original_name\":\"rpc\"}'),(123,'2022-05-16 13:24:56','2022-05-16 13:24:56',1,1,'wheel','wheel - add from Unix box',0,1,NULL,1,1,'{\"sync_source\":\"Unix\",\"full_name\":\"wheel\",\"original_name\":\"wheel\"}'),(124,'2022-05-16 13:24:56','2022-05-16 13:24:56',1,1,'sam_sec','sam_sec - add from Unix box',0,1,NULL,1,1,'{\"sync_source\":\"Unix\",\"full_name\":\"sam_sec\",\"original_name\":\"sam_sec\"}'),(125,'2022-05-16 13:24:56','2022-05-16 13:24:56',1,1,'phoenix','phoenix - add from Unix box',0,1,NULL,1,1,'{\"sync_source\":\"Unix\",\"full_name\":\"phoenix\",\"original_name\":\"phoenix\"}'),(126,'2022-05-16 13:24:57','2022-05-16 13:24:57',1,1,'tty','tty - add from Unix box',0,1,NULL,1,1,'{\"sync_source\":\"Unix\",\"full_name\":\"tty\",\"original_name\":\"tty\"}'),(127,'2022-05-16 13:24:57','2022-05-16 13:24:57',1,1,'hdfs','hdfs - add from Unix box',0,1,NULL,1,1,'{\"sync_source\":\"Unix\",\"full_name\":\"hdfs\",\"original_name\":\"hdfs\"}'),(128,'2022-05-16 13:24:57','2022-05-16 13:24:57',1,1,'hue','hue - add from Unix box',0,1,NULL,1,1,'{\"sync_source\":\"Unix\",\"full_name\":\"hue\",\"original_name\":\"hue\"}'),(129,'2022-05-16 13:24:57','2022-05-16 13:24:57',1,1,'sqoop','sqoop - add from Unix box',0,1,NULL,1,1,'{\"sync_source\":\"Unix\",\"full_name\":\"sqoop\",\"original_name\":\"sqoop\"}');
/*!40000 ALTER TABLE `x_group` ENABLE KEYS */;
UNLOCK TABLES;

--
-- Table structure for table `x_group_groups`
--

DROP TABLE IF EXISTS `x_group_groups`;
/*!40101 SET @saved_cs_client     = @@character_set_client */;
/*!40101 SET character_set_client = utf8 */;
CREATE TABLE `x_group_groups` (
  `id` bigint(20) NOT NULL AUTO_INCREMENT,
  `create_time` datetime DEFAULT NULL,
  `update_time` datetime DEFAULT NULL,
  `added_by_id` bigint(20) DEFAULT NULL,
  `upd_by_id` bigint(20) DEFAULT NULL,
  `group_name` varchar(1024) NOT NULL,
  `p_group_id` bigint(20) DEFAULT NULL,
  `group_id` bigint(20) DEFAULT NULL,
  PRIMARY KEY (`id`),
  KEY `x_group_groups_FK_added_by_id` (`added_by_id`),
  KEY `x_group_groups_FK_upd_by_id` (`upd_by_id`),
  KEY `x_group_groups_FK_p_group_id` (`p_group_id`),
  KEY `x_group_groups_FK_group_id` (`group_id`),
  KEY `x_group_groups_cr_time` (`create_time`),
  KEY `x_group_groups_up_time` (`update_time`),
  CONSTRAINT `x_group_groups_FK_added_by_id` FOREIGN KEY (`added_by_id`) REFERENCES `x_portal_user` (`id`),
  CONSTRAINT `x_group_groups_FK_group_id` FOREIGN KEY (`group_id`) REFERENCES `x_group` (`id`),
  CONSTRAINT `x_group_groups_FK_p_group_id` FOREIGN KEY (`p_group_id`) REFERENCES `x_group` (`id`),
  CONSTRAINT `x_group_groups_FK_upd_by_id` FOREIGN KEY (`upd_by_id`) REFERENCES `x_portal_user` (`id`)
) ENGINE=InnoDB DEFAULT CHARSET=utf8 ROW_FORMAT=DYNAMIC;
/*!40101 SET character_set_client = @saved_cs_client */;

--
-- Dumping data for table `x_group_groups`
--

LOCK TABLES `x_group_groups` WRITE;
/*!40000 ALTER TABLE `x_group_groups` DISABLE KEYS */;
/*!40000 ALTER TABLE `x_group_groups` ENABLE KEYS */;
UNLOCK TABLES;

--
-- Table structure for table `x_group_module_perm`
--

DROP TABLE IF EXISTS `x_group_module_perm`;
/*!40101 SET @saved_cs_client     = @@character_set_client */;
/*!40101 SET character_set_client = utf8 */;
CREATE TABLE `x_group_module_perm` (
  `id` bigint(20) NOT NULL AUTO_INCREMENT,
  `group_id` bigint(20) DEFAULT NULL,
  `module_id` bigint(20) DEFAULT NULL,
  `create_time` datetime DEFAULT NULL,
  `update_time` datetime DEFAULT NULL,
  `added_by_id` bigint(20) DEFAULT NULL,
  `upd_by_id` bigint(20) DEFAULT NULL,
  `is_allowed` int(11) NOT NULL DEFAULT 1,
  PRIMARY KEY (`id`),
  KEY `x_group_module_perm_idx_group_id` (`group_id`),
  KEY `x_group_module_perm_idx_module_id` (`module_id`),
  CONSTRAINT `x_group_module_perm_FK_module_id` FOREIGN KEY (`module_id`) REFERENCES `x_modules_master` (`id`) ON DELETE CASCADE ON UPDATE CASCADE,
  CONSTRAINT `x_group_module_perm_FK_user_id` FOREIGN KEY (`group_id`) REFERENCES `x_group` (`id`) ON DELETE CASCADE ON UPDATE CASCADE
) ENGINE=InnoDB DEFAULT CHARSET=utf8 ROW_FORMAT=DYNAMIC;
/*!40101 SET character_set_client = @saved_cs_client */;

--
-- Dumping data for table `x_group_module_perm`
--

LOCK TABLES `x_group_module_perm` WRITE;
/*!40000 ALTER TABLE `x_group_module_perm` DISABLE KEYS */;
/*!40000 ALTER TABLE `x_group_module_perm` ENABLE KEYS */;
UNLOCK TABLES;

--
-- Table structure for table `x_group_users`
--

DROP TABLE IF EXISTS `x_group_users`;
/*!40101 SET @saved_cs_client     = @@character_set_client */;
/*!40101 SET character_set_client = utf8 */;
CREATE TABLE `x_group_users` (
  `id` bigint(20) NOT NULL AUTO_INCREMENT,
  `create_time` datetime DEFAULT NULL,
  `update_time` datetime DEFAULT NULL,
  `added_by_id` bigint(20) DEFAULT NULL,
  `upd_by_id` bigint(20) DEFAULT NULL,
  `group_name` varchar(740) NOT NULL,
  `p_group_id` bigint(20) DEFAULT NULL,
  `user_id` bigint(20) DEFAULT NULL,
  PRIMARY KEY (`id`),
  UNIQUE KEY `x_group_users_UK_uid_gname` (`user_id`,`group_name`),
  KEY `x_group_users_FK_added_by_id` (`added_by_id`),
  KEY `x_group_users_FK_upd_by_id` (`upd_by_id`),
  KEY `x_group_users_FK_p_group_id` (`p_group_id`),
  KEY `x_group_users_FK_user_id` (`user_id`),
  KEY `x_group_users_cr_time` (`create_time`),
  KEY `x_group_users_up_time` (`update_time`),
  CONSTRAINT `x_group_users_FK_added_by_id` FOREIGN KEY (`added_by_id`) REFERENCES `x_portal_user` (`id`),
  CONSTRAINT `x_group_users_FK_p_group_id` FOREIGN KEY (`p_group_id`) REFERENCES `x_group` (`id`),
  CONSTRAINT `x_group_users_FK_upd_by_id` FOREIGN KEY (`upd_by_id`) REFERENCES `x_portal_user` (`id`),
  CONSTRAINT `x_group_users_FK_user_id` FOREIGN KEY (`user_id`) REFERENCES `x_user` (`id`)
) ENGINE=InnoDB AUTO_INCREMENT=102 DEFAULT CHARSET=utf8 ROW_FORMAT=DYNAMIC;
/*!40101 SET character_set_client = @saved_cs_client */;

--
-- Dumping data for table `x_group_users`
--

LOCK TABLES `x_group_users` WRITE;
/*!40000 ALTER TABLE `x_group_users` DISABLE KEYS */;
INSERT INTO `x_group_users` VALUES (1,'2022-05-16 13:24:58','2022-05-16 13:24:58',1,1,'atlas',3,7),(2,'2022-05-16 13:24:58','2022-05-16 13:24:58',1,1,'fin',5,52),(3,'2022-05-16 13:24:58','2022-05-16 13:24:58',1,1,'hr',6,40),(4,'2022-05-16 13:24:58','2022-05-16 13:24:58',1,1,'cmadmin-4483f1fa',7,8),(5,'2022-05-16 13:24:58','2022-05-16 13:24:58',1,1,'stella_sale',11,10),(6,'2022-05-16 13:24:58','2022-05-16 13:24:58',1,1,'biz',12,15),(7,'2022-05-16 13:24:58','2022-05-16 13:24:58',1,1,'dev',14,20),(8,'2022-05-16 13:24:58','2022-05-16 13:24:58',1,1,'sci',17,41),(9,'2022-05-16 13:24:58','2022-05-16 13:24:58',1,1,'schemaregistry',20,13),(10,'2022-05-16 13:24:58','2022-05-16 13:24:58',1,1,'zookeeper',21,16),(11,'2022-05-16 13:24:58','2022-05-16 13:24:58',1,1,'tez',22,17),(12,'2022-05-16 13:24:58','2022-05-16 13:24:58',1,1,'impala',23,19),(13,'2022-05-16 13:24:58','2022-05-16 13:24:58',1,1,'dana_dev',24,20),(14,'2022-05-16 13:24:58','2022-05-16 13:24:58',1,1,'grace_gov',27,22),(15,'2022-05-16 13:24:58','2022-05-16 13:24:58',1,1,'livy',28,23),(16,'2022-05-16 13:24:58','2022-05-16 13:24:58',1,1,'kafka',29,25),(17,'2022-05-16 13:24:58','2022-05-16 13:24:58',1,1,'allan_admin',30,26),(18,'2022-05-16 13:24:58','2022-05-16 13:24:58',1,1,'mapred',31,29),(19,'2022-05-16 13:24:58','2022-05-16 13:24:58',1,1,'admins',32,26),(20,'2022-05-16 13:24:58','2022-05-16 13:24:58',1,1,'admins',32,57),(21,'2022-05-16 13:24:58','2022-05-16 13:24:58',1,1,'hive',33,31),(22,'2022-05-16 13:24:58','2022-05-16 13:24:58',1,1,'hive',33,38),(23,'2022-05-16 13:24:58','2022-05-16 13:24:58',1,1,'hive',33,19),(24,'2022-05-16 13:24:58','2022-05-16 13:24:58',1,1,'cloudera-scm',34,32),(25,'2022-05-16 13:24:58','2022-05-16 13:24:58',1,1,'us_employees',35,10),(26,'2022-05-16 13:24:58','2022-05-16 13:24:58',1,1,'us_employees',35,15),(27,'2022-05-16 13:24:58','2022-05-16 13:24:58',1,1,'us_employees',35,35),(28,'2022-05-16 13:24:58','2022-05-16 13:24:58',1,1,'us_employees',35,52),(29,'2022-05-16 13:24:58','2022-05-16 13:24:58',1,1,'us_employees',35,20),(30,'2022-05-16 13:24:58','2022-05-16 13:24:58',1,1,'us_employees',35,57),(31,'2022-05-16 13:24:58','2022-05-16 13:24:58',1,1,'httpfs',37,33),(32,'2022-05-16 13:24:58','2022-05-16 13:24:58',1,1,'superset',38,34),(33,'2022-05-16 13:24:58','2022-05-16 13:24:58',1,1,'streamsmsgmgr',39,36),(34,'2022-05-16 13:24:58','2022-05-16 13:24:58',1,1,'kudu',40,38),(35,'2022-05-16 13:24:58','2022-05-16 13:24:58',1,1,'steff_sci',41,41),(36,'2022-05-16 13:24:58','2022-05-16 13:24:58',1,1,'kms',42,45),(37,'2022-05-16 13:24:58','2022-05-16 13:24:58',1,1,'cruisecontrol',43,46),(38,'2022-05-16 13:24:58','2022-05-16 13:24:58',1,1,'sec',44,57),(39,'2022-05-16 13:24:58','2022-05-16 13:24:58',1,1,'polkitd',45,48),(40,'2022-05-16 13:24:58','2022-05-16 13:24:58',1,1,'spark',46,50),(41,'2022-05-16 13:24:58','2022-05-16 13:24:58',1,1,'fina_fin',49,52),(42,'2022-05-16 13:24:58','2022-05-16 13:24:58',1,1,'keyadmins',50,40),(43,'2022-05-16 13:24:58','2022-05-16 13:24:58',1,1,'keyadmins',50,52),(44,'2022-05-16 13:24:58','2022-05-16 13:24:58',1,1,'oozie',52,55),(45,'2022-05-16 13:24:58','2022-05-16 13:24:58',1,1,'zeppelin',54,56),(46,'2022-05-16 13:24:58','2022-05-16 13:24:58',1,1,'sale',58,10),(47,'2022-05-16 13:24:58','2022-05-16 13:24:58',1,1,'rangerraz',60,59),(48,'2022-05-16 13:24:58','2022-05-16 13:24:58',1,1,'yarn',62,63),(49,'2022-05-16 13:24:58','2022-05-16 13:24:58',1,1,'diego_deng',63,64),(50,'2022-05-16 13:24:58','2022-05-16 13:24:58',1,1,'nifi',71,9),(51,'2022-05-16 13:24:58','2022-05-16 13:24:58',1,1,'gov',72,22),(52,'2022-05-16 13:24:58','2022-05-16 13:24:58',1,1,'gov',72,26),(53,'2022-05-16 13:24:58','2022-05-16 13:24:58',1,1,'dpprofiler',74,11),(54,'2022-05-16 13:24:58','2022-05-16 13:24:58',1,1,'flume',76,12),(55,'2022-05-16 13:24:58','2022-05-16 13:24:58',1,1,'omar_ops',79,14),(56,'2022-05-16 13:24:58','2022-05-16 13:24:58',1,1,'bo_biz',80,15),(57,'2022-05-16 13:24:58','2022-05-16 13:24:58',1,1,'nifiregistry',81,18),(58,'2022-05-16 13:24:58','2022-05-16 13:24:58',1,1,'flink',87,21),(59,'2022-05-16 13:24:58','2022-05-16 13:24:58',1,1,'ops',91,14),(60,'2022-05-16 13:24:58','2022-05-16 13:24:58',1,1,'druid',93,24),(61,'2022-05-16 13:24:58','2022-05-16 13:24:58',1,1,'ww_employees',95,14),(62,'2022-05-16 13:24:58','2022-05-16 13:24:58',1,1,'ww_employees',95,22),(63,'2022-05-16 13:24:58','2022-05-16 13:24:58',1,1,'ww_employees',95,26),(64,'2022-05-16 13:24:58','2022-05-16 13:24:58',1,1,'ww_employees',95,40),(65,'2022-05-16 13:24:58','2022-05-16 13:24:58',1,1,'ww_employees',95,64),(66,'2022-05-16 13:24:58','2022-05-16 13:24:58',1,1,'streamsrepmgr',96,27),(67,'2022-05-16 13:24:58','2022-05-16 13:24:58',1,1,'support',97,28),(68,'2022-05-16 13:24:58','2022-05-16 13:24:58',1,1,'knox',98,30),(69,'2022-05-16 13:24:58','2022-05-16 13:24:58',1,1,'denis_deng',99,35),(70,'2022-05-16 13:24:58','2022-05-16 13:24:58',1,1,'ranger',100,54),(71,'2022-05-16 13:24:58','2022-05-16 13:24:58',1,1,'ranger',100,59),(72,'2022-05-16 13:24:58','2022-05-16 13:24:58',1,1,'ranger',100,37),(73,'2022-05-16 13:24:58','2022-05-16 13:24:58',1,1,'hamal_hr',103,40),(74,'2022-05-16 13:24:58','2022-05-16 13:24:58',1,1,'training',102,39),(75,'2022-05-16 13:24:58','2022-05-16 13:24:58',1,1,'ozone',107,43),(76,'2022-05-16 13:24:58','2022-05-16 13:24:58',1,1,'nifitoolkit',108,44),(77,'2022-05-16 13:24:58','2022-05-16 13:24:58',1,1,'accumulo',109,47),(78,'2022-05-16 13:24:58','2022-05-16 13:24:58',1,1,'deng',111,35),(79,'2022-05-16 13:24:58','2022-05-16 13:24:58',1,1,'deng',111,64),(80,'2022-05-16 13:24:58','2022-05-16 13:24:58',1,1,'nfsnobody',113,49),(81,'2022-05-16 13:24:58','2022-05-16 13:24:58',1,1,'solr',115,51),(82,'2022-05-16 13:24:58','2022-05-16 13:24:58',1,1,'hadoop',117,54),(83,'2022-05-16 13:24:58','2022-05-16 13:24:58',1,1,'hadoop',117,24),(84,'2022-05-16 13:24:58','2022-05-16 13:24:58',1,1,'hadoop',117,7),(85,'2022-05-16 13:24:58','2022-05-16 13:24:58',1,1,'hadoop',117,59),(86,'2022-05-16 13:24:58','2022-05-16 13:24:58',1,1,'hadoop',117,37),(87,'2022-05-16 13:24:58','2022-05-16 13:24:58',1,1,'hadoop',117,60),(88,'2022-05-16 13:24:58','2022-05-16 13:24:58',1,1,'hadoop',117,63),(89,'2022-05-16 13:24:58','2022-05-16 13:24:58',1,1,'hadoop',117,29),(90,'2022-05-16 13:24:58','2022-05-16 13:24:58',1,1,'hadoop',117,30),(91,'2022-05-16 13:24:58','2022-05-16 13:24:58',1,1,'hbase',118,42),(92,'2022-05-16 13:24:59','2022-05-16 13:24:59',1,1,'hbase',118,53),(93,'2022-05-16 13:24:59','2022-05-16 13:24:59',1,1,'supergroup',120,26),(94,'2022-05-16 13:24:59','2022-05-16 13:24:59',1,1,'rangerrms',121,54),(95,'2022-05-16 13:24:59','2022-05-16 13:24:59',1,1,'wheel',123,39),(96,'2022-05-16 13:24:59','2022-05-16 13:24:59',1,1,'sam_sec',124,57),(97,'2022-05-16 13:24:59','2022-05-16 13:24:59',1,1,'phoenix',125,58),(98,'2022-05-16 13:24:59','2022-05-16 13:24:59',1,1,'hdfs',127,60),(99,'2022-05-16 13:24:59','2022-05-16 13:24:59',1,1,'hue',128,61),(100,'2022-05-16 13:24:59','2022-05-16 13:24:59',1,1,'sqoop',129,62);
/*!40000 ALTER TABLE `x_group_users` ENABLE KEYS */;
UNLOCK TABLES;

--
-- Table structure for table `x_modules_master`
--

DROP TABLE IF EXISTS `x_modules_master`;
/*!40101 SET @saved_cs_client     = @@character_set_client */;
/*!40101 SET character_set_client = utf8 */;
CREATE TABLE `x_modules_master` (
  `id` bigint(20) NOT NULL AUTO_INCREMENT,
  `create_time` datetime DEFAULT NULL,
  `update_time` datetime DEFAULT NULL,
  `added_by_id` bigint(20) DEFAULT NULL,
  `upd_by_id` bigint(20) DEFAULT NULL,
  `module` varchar(1024) NOT NULL,
  `url` varchar(1024) DEFAULT NULL,
  PRIMARY KEY (`id`)
) ENGINE=InnoDB AUTO_INCREMENT=8 DEFAULT CHARSET=utf8 ROW_FORMAT=DYNAMIC;
/*!40101 SET character_set_client = @saved_cs_client */;

--
-- Dumping data for table `x_modules_master`
--

LOCK TABLES `x_modules_master` WRITE;
/*!40000 ALTER TABLE `x_modules_master` DISABLE KEYS */;
INSERT INTO `x_modules_master` VALUES (1,'2022-05-16 13:23:42','2022-05-16 13:23:42',1,1,'Resource Based Policies',''),(2,'2022-05-16 13:23:42','2022-05-16 13:23:42',1,1,'Users/Groups',''),(3,'2022-05-16 13:23:42','2022-05-16 13:23:42',1,1,'Reports',''),(4,'2022-05-16 13:23:42','2022-05-16 13:23:42',1,1,'Audit',''),(5,'2022-05-16 13:23:42','2022-05-16 13:23:42',1,1,'Key Manager',''),(6,'2022-05-16 13:23:42','2022-05-16 13:23:42',1,1,'Tag Based Policies',''),(7,'2022-05-16 13:23:42','2022-05-16 13:23:42',1,1,'Security Zone','');
/*!40000 ALTER TABLE `x_modules_master` ENABLE KEYS */;
UNLOCK TABLES;

--
-- Table structure for table `x_perm_map`
--

DROP TABLE IF EXISTS `x_perm_map`;
/*!40101 SET @saved_cs_client     = @@character_set_client */;
/*!40101 SET character_set_client = utf8 */;
CREATE TABLE `x_perm_map` (
  `id` bigint(20) NOT NULL AUTO_INCREMENT,
  `create_time` datetime DEFAULT NULL,
  `update_time` datetime DEFAULT NULL,
  `added_by_id` bigint(20) DEFAULT NULL,
  `upd_by_id` bigint(20) DEFAULT NULL,
  `perm_group` varchar(1024) DEFAULT NULL,
  `res_id` bigint(20) DEFAULT NULL,
  `group_id` bigint(20) DEFAULT NULL,
  `user_id` bigint(20) DEFAULT NULL,
  `perm_for` int(11) NOT NULL DEFAULT 0,
  `perm_type` int(11) NOT NULL DEFAULT 0,
  `is_recursive` int(11) NOT NULL DEFAULT 0,
  `is_wild_card` tinyint(1) NOT NULL DEFAULT 1,
  `grant_revoke` tinyint(1) NOT NULL DEFAULT 1,
  `ip_address` text DEFAULT NULL,
  PRIMARY KEY (`id`),
  KEY `x_perm_map_FK_added_by_id` (`added_by_id`),
  KEY `x_perm_map_FK_upd_by_id` (`upd_by_id`),
  KEY `x_perm_map_FK_res_id` (`res_id`),
  KEY `x_perm_map_FK_group_id` (`group_id`),
  KEY `x_perm_map_FK_user_id` (`user_id`),
  KEY `x_perm_map_cr_time` (`create_time`),
  KEY `x_perm_map_up_time` (`update_time`),
  CONSTRAINT `x_perm_map_FK_added_by_id` FOREIGN KEY (`added_by_id`) REFERENCES `x_portal_user` (`id`),
  CONSTRAINT `x_perm_map_FK_group_id` FOREIGN KEY (`group_id`) REFERENCES `x_group` (`id`),
  CONSTRAINT `x_perm_map_FK_res_id` FOREIGN KEY (`res_id`) REFERENCES `x_resource` (`id`),
  CONSTRAINT `x_perm_map_FK_upd_by_id` FOREIGN KEY (`upd_by_id`) REFERENCES `x_portal_user` (`id`),
  CONSTRAINT `x_perm_map_FK_user_id` FOREIGN KEY (`user_id`) REFERENCES `x_user` (`id`)
) ENGINE=InnoDB DEFAULT CHARSET=utf8 ROW_FORMAT=DYNAMIC;
/*!40101 SET character_set_client = @saved_cs_client */;

--
-- Dumping data for table `x_perm_map`
--

LOCK TABLES `x_perm_map` WRITE;
/*!40000 ALTER TABLE `x_perm_map` DISABLE KEYS */;
/*!40000 ALTER TABLE `x_perm_map` ENABLE KEYS */;
UNLOCK TABLES;

--
-- Table structure for table `x_plugin_info`
--

DROP TABLE IF EXISTS `x_plugin_info`;
/*!40101 SET @saved_cs_client     = @@character_set_client */;
/*!40101 SET character_set_client = utf8 */;
CREATE TABLE `x_plugin_info` (
  `id` bigint(20) NOT NULL AUTO_INCREMENT,
  `create_time` datetime DEFAULT NULL,
  `update_time` datetime DEFAULT NULL,
  `service_name` varchar(255) NOT NULL,
  `app_type` varchar(128) NOT NULL,
  `host_name` varchar(255) NOT NULL,
  `ip_address` varchar(64) NOT NULL,
  `info` varchar(1024) NOT NULL,
  PRIMARY KEY (`id`),
  UNIQUE KEY `x_plugin_info_UK` (`service_name`,`host_name`,`app_type`),
  KEY `x_plugin_info_IDX_service_name` (`service_name`),
  KEY `x_plugin_info_IDX_host_name` (`host_name`)
) ENGINE=InnoDB AUTO_INCREMENT=21 DEFAULT CHARSET=utf8 ROW_FORMAT=DYNAMIC;
/*!40101 SET character_set_client = @saved_cs_client */;

--
-- Dumping data for table `x_plugin_info`
--

LOCK TABLES `x_plugin_info` WRITE;
/*!40000 ALTER TABLE `x_plugin_info` DISABLE KEYS */;
INSERT INTO `x_plugin_info` VALUES (1,'2022-05-16 13:27:30','2022-05-18 10:24:33','cm_hdfs','hdfs','master-2.example.com','10.0.0.102','{\"roleActiveVersion\":\"-1\",\"roleDownloadedVersion\":\"10\",\"roleActivationTime\":\"1652868092011\",\"clusterName\":\"Cluster1\",\"pluginCapabilities\":\"1ffff\",\"roleDownloadTime\":\"1652710681633\",\"adminCapabilities\":\"1ffff\",\"policyDownloadedVersion\":\"9\",\"policyDownloadTime\":\"1652869443049\",\"tagDownloadedVersion\":\"3\",\"tagDownloadTime\":\"1652868092731\",\"policyActiveVersion\":\"9\",\"policyActivationTime\":\"1652869443063\",\"tagActiveVersion\":\"3\",\"tagActivationTime\":\"1652868092926\"}'),(2,'2022-05-16 13:27:31','2022-05-18 10:20:34','cm_hive','hdfs','master-2.example.com','10.0.0.102','{\"roleActiveVersion\":\"-1\",\"roleDownloadedVersion\":\"10\",\"roleActivationTime\":\"1652868093302\",\"clusterName\":\"Cluster1\",\"pluginCapabilities\":\"1ffff\",\"roleDownloadTime\":\"1652710682547\",\"adminCapabilities\":\"1ffff\",\"policyDownloadedVersion\":\"22\",\"policyDownloadTime\":\"1652869203877\",\"tagDownloadedVersion\":\"3\",\"tagDownloadTime\":\"1652868093649\",\"policyActiveVersion\":\"22\",\"policyActivationTime\":\"1652869203893\",\"tagActiveVersion\":\"3\",\"tagActivationTime\":\"1652868093824\"}'),(3,'2022-05-16 13:28:21','2022-05-18 10:24:37','cm_hdfs','hdfs','master-1.example.com','10.0.0.101','{\"roleActiveVersion\":\"-1\",\"roleDownloadedVersion\":\"10\",\"roleActivationTime\":\"1652868185229\",\"clusterName\":\"Cluster1\",\"pluginCapabilities\":\"1ffff\",\"roleDownloadTime\":\"1652710673187\",\"adminCapabilities\":\"1ffff\",\"policyDownloadedVersion\":\"9\",\"policyDownloadTime\":\"1652869446216\",\"tagDownloadedVersion\":\"3\",\"tagDownloadTime\":\"1652868186182\",\"policyActiveVersion\":\"9\",\"policyActivationTime\":\"1652869446255\",\"tagActiveVersion\":\"3\",\"tagActivationTime\":\"1652868186171\"}'),(4,'2022-05-16 13:28:23','2022-05-18 10:20:37','cm_hive','hdfs','master-1.example.com','10.0.0.101','{\"roleActiveVersion\":\"-1\",\"roleDownloadedVersion\":\"10\",\"roleActivationTime\":\"1652868186469\",\"clusterName\":\"Cluster1\",\"pluginCapabilities\":\"1ffff\",\"roleDownloadTime\":\"1652710674016\",\"adminCapabilities\":\"1ffff\",\"policyDownloadedVersion\":\"22\",\"policyDownloadTime\":\"1652869206981\",\"tagDownloadedVersion\":\"3\",\"tagDownloadTime\":\"1652868186942\",\"policyActiveVersion\":\"22\",\"policyActivationTime\":\"1652869207003\",\"tagActiveVersion\":\"3\",\"tagActivationTime\":\"1652868186919\"}'),(5,'2022-05-16 13:30:08','2022-05-18 10:28:33','cm_solr','solr','master-2.example.com','10.0.0.102','{\"roleActiveVersion\":\"-1\",\"roleDownloadedVersion\":\"10\",\"roleActivationTime\":\"1652867357443\",\"clusterName\":\"Cluster1\",\"pluginCapabilities\":\"1ffff\",\"roleDownloadTime\":\"1652710689259\",\"adminCapabilities\":\"1ffff\",\"policyDownloadedVersion\":\"6\",\"policyDownloadTime\":\"1652869682073\",\"tagDownloadedVersion\":\"3\",\"tagDownloadTime\":\"1652867371693\",\"policyActiveVersion\":\"6\",\"policyActivationTime\":\"1652869682100\",\"tagActiveVersion\":\"3\",\"tagActivationTime\":\"1652867371874\"}'),(6,'2022-05-16 13:31:05','2022-05-18 10:21:21','cm_hbase','hbaseMaster','master-1.example.com','10.0.0.101','{\"roleActiveVersion\":\"-1\",\"roleDownloadedVersion\":\"10\",\"roleActivationTime\":\"1652867419454\",\"clusterName\":\"Cluster1\",\"pluginCapabilities\":\"1ffff\",\"roleDownloadTime\":\"1652710686700\",\"adminCapabilities\":\"1ffff\",\"policyDownloadedVersion\":\"6\",\"policyDownloadTime\":\"1652869250545\",\"tagDownloadedVersion\":\"3\",\"tagDownloadTime\":\"1652867420374\",\"policyActiveVersion\":\"6\",\"policyActivationTime\":\"1652869250599\",\"tagActiveVersion\":\"3\",\"tagActivationTime\":\"1652867420447\"}'),(7,'2022-05-16 13:31:09','2022-05-18 10:21:33','cm_hbase','hbaseRegional','worker-1.example.com','10.0.0.104','{\"roleActiveVersion\":\"-1\",\"roleDownloadedVersion\":\"10\",\"roleActivationTime\":\"1652867363307\",\"clusterName\":\"Cluster1\",\"pluginCapabilities\":\"1ffff\",\"roleDownloadTime\":\"1652710693046\",\"adminCapabilities\":\"1ffff\",\"policyDownloadedVersion\":\"6\",\"policyDownloadTime\":\"1652869262885\",\"tagDownloadedVersion\":\"3\",\"tagDownloadTime\":\"1652867372578\",\"policyActiveVersion\":\"6\",\"policyActivationTime\":\"1652869263008\",\"tagActiveVersion\":\"3\",\"tagActivationTime\":\"1652867372790\"}'),(8,'2022-05-16 13:31:10','2022-05-18 10:21:34','cm_hbase','hbaseRegional','worker-3.example.com','10.0.0.106','{\"roleActiveVersion\":\"-1\",\"roleDownloadedVersion\":\"10\",\"roleActivationTime\":\"1652867362953\",\"clusterName\":\"Cluster1\",\"pluginCapabilities\":\"1ffff\",\"roleDownloadTime\":\"1652710693655\",\"adminCapabilities\":\"1ffff\",\"policyDownloadedVersion\":\"6\",\"policyDownloadTime\":\"1652869263503\",\"tagDownloadedVersion\":\"3\",\"tagDownloadTime\":\"1652867373104\",\"policyActiveVersion\":\"6\",\"policyActivationTime\":\"1652869263559\",\"tagActiveVersion\":\"3\",\"tagActivationTime\":\"1652867373361\"}'),(9,'2022-05-16 13:31:10','2022-05-18 10:21:34','cm_hbase','hbaseRegional','worker-2.example.com','10.0.0.105','{\"roleActiveVersion\":\"-1\",\"roleDownloadedVersion\":\"10\",\"roleActivationTime\":\"1652867362284\",\"clusterName\":\"Cluster1\",\"pluginCapabilities\":\"1ffff\",\"roleDownloadTime\":\"1652710693695\",\"adminCapabilities\":\"1ffff\",\"policyDownloadedVersion\":\"6\",\"policyDownloadTime\":\"1652869263601\",\"tagDownloadedVersion\":\"3\",\"tagDownloadTime\":\"1652867373233\",\"policyActiveVersion\":\"6\",\"policyActivationTime\":\"1652869263630\",\"tagActiveVersion\":\"3\",\"tagActivationTime\":\"1652867373436\"}'),(10,'2022-05-16 13:31:18','2022-05-18 10:27:30','cm_kafka','kafka','worker-3.example.com','10.0.0.106','{\"roleActiveVersion\":\"-1\",\"roleDownloadedVersion\":\"10\",\"roleActivationTime\":\"1652867396538\",\"clusterName\":\"Cluster1\",\"pluginCapabilities\":\"1ffff\",\"roleDownloadTime\":\"1652710700662\",\"adminCapabilities\":\"1ffff\",\"policyDownloadedVersion\":\"18\",\"policyDownloadTime\":\"1652869619838\",\"tagDownloadedVersion\":\"3\",\"tagDownloadTime\":\"1652867399491\",\"policyActiveVersion\":\"18\",\"policyActivationTime\":\"1652869619878\",\"tagActiveVersion\":\"3\",\"tagActivationTime\":\"1652867399610\"}'),(11,'2022-05-16 13:31:18','2022-05-18 10:27:29','cm_kafka','kafka','worker-2.example.com','10.0.0.105','{\"roleActiveVersion\":\"-1\",\"roleDownloadedVersion\":\"10\",\"roleActivationTime\":\"1652867395273\",\"clusterName\":\"Cluster1\",\"pluginCapabilities\":\"1ffff\",\"roleDownloadTime\":\"1652710700610\",\"adminCapabilities\":\"1ffff\",\"policyDownloadedVersion\":\"18\",\"policyDownloadTime\":\"1652869618385\",\"tagDownloadedVersion\":\"3\",\"tagDownloadTime\":\"1652867398068\",\"policyActiveVersion\":\"18\",\"policyActivationTime\":\"1652869618395\",\"tagActiveVersion\":\"3\",\"tagActivationTime\":\"1652867398212\"}'),(12,'2022-05-16 13:31:18','2022-05-18 10:27:27','cm_kafka','kafka','worker-1.example.com','10.0.0.104','{\"roleActiveVersion\":\"-1\",\"roleDownloadedVersion\":\"10\",\"roleActivationTime\":\"1652867395123\",\"clusterName\":\"Cluster1\",\"pluginCapabilities\":\"1ffff\",\"roleDownloadTime\":\"1652710700750\",\"adminCapabilities\":\"1ffff\",\"policyDownloadedVersion\":\"18\",\"policyDownloadTime\":\"1652869617038\",\"tagDownloadedVersion\":\"3\",\"tagDownloadTime\":\"1652867396765\",\"policyActiveVersion\":\"18\",\"policyActivationTime\":\"1652869617222\",\"tagActiveVersion\":\"3\",\"tagActivationTime\":\"1652867396861\"}'),(13,'2022-05-16 13:33:26','2022-05-18 10:30:02','cm_yarn','yarn','master-1.example.com','10.0.0.101','{\"roleActiveVersion\":\"-1\",\"roleDownloadedVersion\":\"10\",\"roleActivationTime\":\"1652867347220\",\"clusterName\":\"Cluster1\",\"pluginCapabilities\":\"1ffff\",\"roleDownloadTime\":\"1652710678514\",\"adminCapabilities\":\"1ffff\",\"policyDownloadedVersion\":\"6\",\"policyDownloadTime\":\"1652869771198\",\"tagDownloadedVersion\":\"3\",\"tagDownloadTime\":\"1652867370949\",\"policyActiveVersion\":\"6\",\"policyActivationTime\":\"1652869771253\",\"tagActiveVersion\":\"3\",\"tagActivationTime\":\"1652867371050\"}'),(14,'2022-05-16 13:35:00','2022-05-18 10:14:51','cm_atlas','atlas','master-3.example.com','10.0.0.103','{\"roleActiveVersion\":\"-1\",\"roleDownloadedVersion\":\"10\",\"roleActivationTime\":\"1652867509260\",\"clusterName\":\"Cluster1\",\"pluginCapabilities\":\"1ffff\",\"roleDownloadTime\":\"1652710682639\",\"adminCapabilities\":\"1ffff\",\"policyDownloadedVersion\":\"16\",\"policyDownloadTime\":\"1652868860821\",\"tagDownloadedVersion\":\"3\",\"tagDownloadTime\":\"1652867510432\",\"policyActiveVersion\":\"16\",\"policyActivationTime\":\"1652868860832\",\"tagActiveVersion\":\"3\",\"tagActivationTime\":\"1652867510513\"}'),(15,'2022-05-16 13:37:45','2022-05-18 10:20:15','cm_hive','hiveServer2','master-2.example.com','10.0.0.102','{\"roleActiveVersion\":\"-1\",\"roleDownloadedVersion\":\"10\",\"roleActivationTime\":\"1652867412860\",\"clusterName\":\"Cluster1\",\"pluginCapabilities\":\"1ffff\",\"roleDownloadTime\":\"1652710697983\",\"adminCapabilities\":\"1ffff\",\"policyDownloadedVersion\":\"22\",\"policyDownloadTime\":\"1652869184042\",\"tagDownloadedVersion\":\"3\",\"tagDownloadTime\":\"1652867413898\",\"policyActiveVersion\":\"22\",\"policyActivationTime\":\"1652869184066\",\"tagActiveVersion\":\"3\",\"tagActivationTime\":\"1652867413979\"}'),(16,'2022-05-16 13:37:59','2022-05-18 10:20:13','cm_hive','hiveMetastore','master-2.example.com','10.0.0.102','{\"roleActiveVersion\":\"-1\",\"roleDownloadedVersion\":\"10\",\"roleActivationTime\":\"1652867380791\",\"clusterName\":\"Cluster1\",\"pluginCapabilities\":\"1ffff\",\"roleDownloadTime\":\"1652710682686\",\"adminCapabilities\":\"1ffff\",\"policyDownloadedVersion\":\"22\",\"policyDownloadTime\":\"1652869182291\",\"tagDownloadedVersion\":\"3\",\"tagDownloadTime\":\"1652867382077\",\"policyActiveVersion\":\"22\",\"policyActivationTime\":\"1652869182317\",\"tagActiveVersion\":\"3\",\"tagActivationTime\":\"1652867382159\"}'),(17,'2022-05-16 13:38:14','2022-05-18 10:20:34','cm_hive','impala','worker-1.example.com','10.0.0.104','{\"roleActiveVersion\":\"-1\",\"roleDownloadedVersion\":\"10\",\"roleActivationTime\":\"1652867353043\",\"clusterName\":\"Cluster1\",\"pluginCapabilities\":\"1ffff\",\"roleDownloadTime\":\"1652710696325\",\"adminCapabilities\":\"1ffff\",\"policyDownloadedVersion\":\"22\",\"policyDownloadTime\":\"1652869203221\",\"tagDownloadedVersion\":\"3\",\"tagDownloadTime\":\"1652867372791\",\"policyActiveVersion\":\"22\",\"policyActivationTime\":\"1652869203325\",\"tagActiveVersion\":\"3\",\"tagActivationTime\":\"1652867373036\"}'),(18,'2022-05-16 13:38:14','2022-05-18 10:20:35','cm_hive','impala','worker-3.example.com','10.0.0.106','{\"roleActiveVersion\":\"-1\",\"roleDownloadedVersion\":\"10\",\"roleActivationTime\":\"1652867352494\",\"clusterName\":\"Cluster1\",\"pluginCapabilities\":\"1ffff\",\"roleDownloadTime\":\"1652710696520\",\"adminCapabilities\":\"1ffff\",\"policyDownloadedVersion\":\"22\",\"policyDownloadTime\":\"1652869204410\",\"tagDownloadedVersion\":\"3\",\"tagDownloadTime\":\"1652867373965\",\"policyActiveVersion\":\"22\",\"policyActivationTime\":\"1652869204461\",\"tagActiveVersion\":\"3\",\"tagActivationTime\":\"1652867374175\"}'),(19,'2022-05-16 13:38:22','2022-05-18 10:20:33','cm_hive','impala','master-2.example.com','10.0.0.102','{\"roleActiveVersion\":\"-1\",\"roleDownloadedVersion\":\"10\",\"roleActivationTime\":\"1652867341151\",\"clusterName\":\"Cluster1\",\"pluginCapabilities\":\"1ffff\",\"roleDownloadTime\":\"1652710674618\",\"adminCapabilities\":\"1ffff\",\"policyDownloadedVersion\":\"22\",\"policyDownloadTime\":\"1652869202135\",\"tagDownloadedVersion\":\"3\",\"tagDownloadTime\":\"1652867371739\",\"policyActiveVersion\":\"22\",\"policyActivationTime\":\"1652869202157\",\"tagActiveVersion\":\"3\",\"tagActivationTime\":\"1652867371895\"}'),(20,'2022-05-16 13:38:23','2022-05-18 10:20:34','cm_hive','impala','worker-2.example.com','10.0.0.105','{\"roleActiveVersion\":\"-1\",\"roleDownloadedVersion\":\"10\",\"roleActivationTime\":\"1652867353036\",\"clusterName\":\"Cluster1\",\"pluginCapabilities\":\"1ffff\",\"roleDownloadTime\":\"1652710677359\",\"adminCapabilities\":\"1ffff\",\"policyDownloadedVersion\":\"22\",\"policyDownloadTime\":\"1652869203599\",\"tagDownloadedVersion\":\"3\",\"tagDownloadTime\":\"1652867373176\",\"policyActiveVersion\":\"22\",\"policyActivationTime\":\"1652869203612\",\"tagActiveVersion\":\"3\",\"tagActivationTime\":\"1652867373374\"}');
/*!40000 ALTER TABLE `x_plugin_info` ENABLE KEYS */;
UNLOCK TABLES;

--
-- Table structure for table `x_policy`
--

DROP TABLE IF EXISTS `x_policy`;
/*!40101 SET @saved_cs_client     = @@character_set_client */;
/*!40101 SET character_set_client = utf8 */;
CREATE TABLE `x_policy` (
  `id` bigint(20) NOT NULL AUTO_INCREMENT,
  `guid` varchar(1024) DEFAULT NULL,
  `create_time` datetime DEFAULT NULL,
  `update_time` datetime DEFAULT NULL,
  `added_by_id` bigint(20) DEFAULT NULL,
  `upd_by_id` bigint(20) DEFAULT NULL,
  `version` bigint(20) DEFAULT NULL,
  `service` bigint(20) NOT NULL,
  `name` varchar(512) NOT NULL,
  `policy_type` int(11) DEFAULT 0,
  `description` varchar(1024) DEFAULT NULL,
  `resource_signature` varchar(128) DEFAULT NULL,
  `is_enabled` tinyint(1) NOT NULL DEFAULT 0,
  `is_audit_enabled` tinyint(1) NOT NULL DEFAULT 0,
  `policy_options` varchar(4000) DEFAULT NULL,
  `policy_priority` int(11) NOT NULL DEFAULT 0,
  `policy_text` mediumtext DEFAULT NULL,
  `zone_id` bigint(20) NOT NULL DEFAULT 1,
  PRIMARY KEY (`id`),
  UNIQUE KEY `x_policy_UK_name_service_zone` (`name`(180),`service`,`zone_id`),
  KEY `x_policy_added_by_id` (`added_by_id`),
  KEY `x_policy_upd_by_id` (`upd_by_id`),
  KEY `x_policy_cr_time` (`create_time`),
  KEY `x_policy_up_time` (`update_time`),
  KEY `x_policy_service` (`service`),
  KEY `x_policy_resource_signature` (`resource_signature`),
  KEY `x_policy_FK_zone_id` (`zone_id`),
  CONSTRAINT `x_policy_FK_added_by_id` FOREIGN KEY (`added_by_id`) REFERENCES `x_portal_user` (`id`),
  CONSTRAINT `x_policy_FK_service` FOREIGN KEY (`service`) REFERENCES `x_service` (`id`),
  CONSTRAINT `x_policy_FK_upd_by_id` FOREIGN KEY (`upd_by_id`) REFERENCES `x_portal_user` (`id`),
  CONSTRAINT `x_policy_FK_zone_id` FOREIGN KEY (`zone_id`) REFERENCES `x_security_zone` (`id`)
) ENGINE=InnoDB AUTO_INCREMENT=46 DEFAULT CHARSET=utf8 ROW_FORMAT=DYNAMIC;
/*!40101 SET character_set_client = @saved_cs_client */;

--
-- Dumping data for table `x_policy`
--

LOCK TABLES `x_policy` WRITE;
/*!40000 ALTER TABLE `x_policy` DISABLE KEYS */;
INSERT INTO `x_policy` VALUES (1,'e3b6113f-e7d8-4b5d-a07c-1614c27b226d','2022-05-16 13:25:00','2022-05-18 10:22:18',1,24,2,1,'all - path',0,'Policy for all - path','dfe81e379022be6cadb1665e2a3883824f2bc09626557a32efa3a236609005b6',1,1,NULL,0,'{\"service\":\"cm_hdfs\",\"name\":\"all - path\",\"policyType\":0,\"policyPriority\":0,\"description\":\"Policy for all - path\",\"resourceSignature\":\"dfe81e379022be6cadb1665e2a3883824f2bc09626557a32efa3a236609005b6\",\"isAuditEnabled\":true,\"resources\":{\"path\":{\"values\":[\"/*\"],\"isExcludes\":false,\"isRecursive\":true}},\"policyItems\":[{\"accesses\":[{\"type\":\"read\",\"isAllowed\":true},{\"type\":\"write\",\"isAllowed\":true},{\"type\":\"execute\",\"isAllowed\":true}],\"users\":[\"hdfs\"],\"groups\":[],\"roles\":[\"hdfs_adm\"],\"conditions\":[],\"delegateAdmin\":true},{\"accesses\":[{\"type\":\"read\",\"isAllowed\":true}],\"users\":[\"rangerlookup\"],\"groups\":[],\"roles\":[],\"conditions\":[],\"delegateAdmin\":false}],\"denyPolicyItems\":[],\"allowExceptions\":[],\"denyExceptions\":[],\"dataMaskPolicyItems\":[],\"rowFilterPolicyItems\":[],\"serviceType\":\"hdfs\",\"options\":{},\"validitySchedules\":[],\"policyLabels\":[],\"zoneName\":\"\",\"isDenyAllElse\":false,\"id\":1,\"guid\":\"e3b6113f-e7d8-4b5d-a07c-1614c27b226d\",\"isEnabled\":true,\"createdBy\":\"Admin\",\"updatedBy\":\"Admin\",\"createTime\":\"20220516-13:25:00.000-+0000\",\"updateTime\":\"20220516-13:25:00.000-+0000\",\"version\":1}',1),(2,'a2ebd492-ae18-4c9e-93ee-0dc5f1971091','2022-05-16 13:25:00','2022-05-16 13:25:00',1,1,1,1,'kms-audit-path',0,'Policy for kms-audit-path','b349a238ab1cea962a44878de9da2231537b5b1ab65006ca892565679d6ab1e0',1,1,NULL,0,'{\"service\":\"cm_hdfs\",\"name\":\"kms-audit-path\",\"policyPriority\":0,\"description\":\"Policy for kms-audit-path\",\"resourceSignature\":\"b349a238ab1cea962a44878de9da2231537b5b1ab65006ca892565679d6ab1e0\",\"isAuditEnabled\":true,\"resources\":{\"path\":{\"values\":[\"/ranger/audit/kms\"],\"isExcludes\":false,\"isRecursive\":true}},\"policyItems\":[{\"accesses\":[{\"type\":\"read\",\"isAllowed\":true},{\"type\":\"write\",\"isAllowed\":true},{\"type\":\"execute\",\"isAllowed\":true}],\"users\":[\"keyadmin\"],\"groups\":[],\"roles\":[],\"conditions\":[],\"delegateAdmin\":false}],\"denyPolicyItems\":[],\"allowExceptions\":[],\"denyExceptions\":[],\"dataMaskPolicyItems\":[],\"rowFilterPolicyItems\":[],\"options\":{},\"validitySchedules\":[],\"policyLabels\":[],\"isDenyAllElse\":false,\"isEnabled\":true,\"version\":1}',1),(3,'37980663-c450-45bf-b17b-6736e5e1117c','2022-05-16 13:25:00','2022-05-16 13:25:00',1,1,1,2,'EXPIRES_ON',0,'Policy for data with EXPIRES_ON tag','2d8c4c28be705d39c7f0665466adf8ffdb0bc845a0b6d87e7c7abdd793e449a9',1,1,NULL,0,'{\"service\":\"cm_tag\",\"name\":\"EXPIRES_ON\",\"policyPriority\":0,\"description\":\"Policy for data with EXPIRES_ON tag\",\"resourceSignature\":\"2d8c4c28be705d39c7f0665466adf8ffdb0bc845a0b6d87e7c7abdd793e449a9\",\"isAuditEnabled\":true,\"resources\":{\"tag\":{\"values\":[\"EXPIRES_ON\"],\"isExcludes\":false,\"isRecursive\":false}},\"policyItems\":[],\"denyPolicyItems\":[{\"accesses\":[{\"type\":\"adls:read\",\"isAllowed\":true},{\"type\":\"adls:write\",\"isAllowed\":true},{\"type\":\"adls:execute\",\"isAllowed\":true},{\"type\":\"adls:delete\",\"isAllowed\":true},{\"type\":\"adls:delete-recursive\",\"isAllowed\":true},{\"type\":\"adls:list\",\"isAllowed\":true},{\"type\":\"adls:move\",\"isAllowed\":true},{\"type\":\"adls:modify-permissions\",\"isAllowed\":true},{\"type\":\"kudu:select\",\"isAllowed\":true},{\"type\":\"kudu:insert\",\"isAllowed\":true},{\"type\":\"kudu:update\",\"isAllowed\":true},{\"type\":\"kudu:delete\",\"isAllowed\":true},{\"type\":\"kudu:alter\",\"isAllowed\":true},{\"type\":\"kudu:create\",\"isAllowed\":true},{\"type\":\"kudu:drop\",\"isAllowed\":true},{\"type\":\"kudu:metadata\",\"isAllowed\":true},{\"type\":\"kudu:all\",\"isAllowed\":true},{\"type\":\"hdfs:read\",\"isAllowed\":true},{\"type\":\"hdfs:write\",\"isAllowed\":true},{\"type\":\"hdfs:execute\",\"isAllowed\":true},{\"type\":\"hbase:read\",\"isAllowed\":true},{\"type\":\"hbase:write\",\"isAllowed\":true},{\"type\":\"hbase:create\",\"isAllowed\":true},{\"type\":\"hbase:admin\",\"isAllowed\":true},{\"type\":\"hbase:execute\",\"isAllowed\":true},{\"type\":\"hive:select\",\"isAllowed\":true},{\"type\":\"hive:update\",\"isAllowed\":true},{\"type\":\"hive:create\",\"isAllowed\":true},{\"type\":\"hive:drop\",\"isAllowed\":true},{\"type\":\"hive:alter\",\"isAllowed\":true},{\"type\":\"hive:index\",\"isAllowed\":true},{\"type\":\"hive:lock\",\"isAllowed\":true},{\"type\":\"hive:all\",\"isAllowed\":true},{\"type\":\"hive:read\",\"isAllowed\":true},{\"type\":\"hive:write\",\"isAllowed\":true},{\"type\":\"hive:repladmin\",\"isAllowed\":true},{\"type\":\"hive:serviceadmin\",\"isAllowed\":true},{\"type\":\"hive:tempudfadmin\",\"isAllowed\":true},{\"type\":\"hive:refresh\",\"isAllowed\":true},{\"type\":\"hive:rwstorage\",\"isAllowed\":true},{\"type\":\"yarn:submit-app\",\"isAllowed\":true},{\"type\":\"yarn:admin-queue\",\"isAllowed\":true},{\"type\":\"knox:allow\",\"isAllowed\":true},{\"type\":\"kms:create\",\"isAllowed\":true},{\"type\":\"kms:delete\",\"isAllowed\":true},{\"type\":\"kms:rollover\",\"isAllowed\":true},{\"type\":\"kms:setkeymaterial\",\"isAllowed\":true},{\"type\":\"kms:get\",\"isAllowed\":true},{\"type\":\"kms:getkeys\",\"isAllowed\":true},{\"type\":\"kms:getmetadata\",\"isAllowed\":true},{\"type\":\"kms:generateeek\",\"isAllowed\":true},{\"type\":\"kms:decrypteek\",\"isAllowed\":true},{\"type\":\"solr:query\",\"isAllowed\":true},{\"type\":\"solr:update\",\"isAllowed\":true},{\"type\":\"solr:others\",\"isAllowed\":true},{\"type\":\"solr:solr_admin\",\"isAllowed\":true},{\"type\":\"kafka:publish\",\"isAllowed\":true},{\"type\":\"kafka:consume\",\"isAllowed\":true},{\"type\":\"kafka:configure\",\"isAllowed\":true},{\"type\":\"kafka:describe\",\"isAllowed\":true},{\"type\":\"kafka:kafka_admin\",\"isAllowed\":true},{\"type\":\"kafka:create\",\"isAllowed\":true},{\"type\":\"kafka:delete\",\"isAllowed\":true},{\"type\":\"kafka:idempotent_write\",\"isAllowed\":true},{\"type\":\"kafka:describe_configs\",\"isAllowed\":true},{\"type\":\"kafka:alter_configs\",\"isAllowed\":true},{\"type\":\"kafka:cluster_action\",\"isAllowed\":true},{\"type\":\"kafka:alter\",\"isAllowed\":true},{\"type\":\"nifi:READ\",\"isAllowed\":true},{\"type\":\"nifi:WRITE\",\"isAllowed\":true},{\"type\":\"nifi-registry:READ\",\"isAllowed\":true},{\"type\":\"nifi-registry:WRITE\",\"isAllowed\":true},{\"type\":\"nifi-registry:DELETE\",\"isAllowed\":true},{\"type\":\"atlas:type-create\",\"isAllowed\":true},{\"type\":\"atlas:type-update\",\"isAllowed\":true},{\"type\":\"atlas:type-delete\",\"isAllowed\":true},{\"type\":\"atlas:entity-read\",\"isAllowed\":true},{\"type\":\"atlas:entity-create\",\"isAllowed\":true},{\"type\":\"atlas:entity-update\",\"isAllowed\":true},{\"type\":\"atlas:entity-delete\",\"isAllowed\":true},{\"type\":\"atlas:entity-add-classification\",\"isAllowed\":true},{\"type\":\"atlas:entity-update-classification\",\"isAllowed\":true},{\"type\":\"atlas:entity-remove-classification\",\"isAllowed\":true},{\"type\":\"atlas:admin-export\",\"isAllowed\":true},{\"type\":\"atlas:admin-import\",\"isAllowed\":true},{\"type\":\"atlas:add-relationship\",\"isAllowed\":true},{\"type\":\"atlas:update-relationship\",\"isAllowed\":true},{\"type\":\"atlas:remove-relationship\",\"isAllowed\":true},{\"type\":\"atlas:admin-purge\",\"isAllowed\":true},{\"type\":\"atlas:entity-add-label\",\"isAllowed\":true},{\"type\":\"atlas:entity-remove-label\",\"isAllowed\":true},{\"type\":\"atlas:entity-update-business-metadata\",\"isAllowed\":true},{\"type\":\"atlas:type-read\",\"isAllowed\":true},{\"type\":\"atlas:admin-audits\",\"isAllowed\":true},{\"type\":\"ozone:all\",\"isAllowed\":true},{\"type\":\"ozone:read\",\"isAllowed\":true},{\"type\":\"ozone:write\",\"isAllowed\":true},{\"type\":\"ozone:create\",\"isAllowed\":true},{\"type\":\"ozone:list\",\"isAllowed\":true},{\"type\":\"ozone:delete\",\"isAllowed\":true},{\"type\":\"ozone:read_acl\",\"isAllowed\":true},{\"type\":\"ozone:write_acl\",\"isAllowed\":true},{\"type\":\"schema-registry:create\",\"isAllowed\":true},{\"type\":\"schema-registry:read\",\"isAllowed\":true},{\"type\":\"schema-registry:update\",\"isAllowed\":true},{\"type\":\"schema-registry:delete\",\"isAllowed\":true}],\"users\":[],\"groups\":[\"public\"],\"roles\":[],\"conditions\":[{\"type\":\"accessed-after-expiry\",\"values\":[\"yes\"]}],\"delegateAdmin\":false}],\"allowExceptions\":[],\"denyExceptions\":[],\"dataMaskPolicyItems\":[],\"rowFilterPolicyItems\":[],\"options\":{},\"validitySchedules\":[],\"policyLabels\":[],\"isDenyAllElse\":false,\"isEnabled\":true,\"version\":1}',1),(4,'dc004725-10ae-4297-9e77-690d34c7074a','2022-05-16 13:25:04','2022-05-18 10:20:39',1,24,2,3,'all - table, column-family, column',0,'Policy for all - table, column-family, column','95b105e8d8ae812632b26539d8bfec09793853d278fc0193da8878f6fe095ef3',1,1,NULL,0,'{\"service\":\"cm_hbase\",\"name\":\"all - table, column-family, column\",\"policyType\":0,\"policyPriority\":0,\"description\":\"Policy for all - table, column-family, column\",\"resourceSignature\":\"95b105e8d8ae812632b26539d8bfec09793853d278fc0193da8878f6fe095ef3\",\"isAuditEnabled\":true,\"resources\":{\"column-family\":{\"values\":[\"*\"],\"isExcludes\":false,\"isRecursive\":false},\"column\":{\"values\":[\"*\"],\"isExcludes\":false,\"isRecursive\":false},\"table\":{\"values\":[\"*\"],\"isExcludes\":false,\"isRecursive\":false}},\"policyItems\":[{\"accesses\":[{\"type\":\"read\",\"isAllowed\":true},{\"type\":\"write\",\"isAllowed\":true},{\"type\":\"create\",\"isAllowed\":true},{\"type\":\"admin\",\"isAllowed\":true},{\"type\":\"execute\",\"isAllowed\":true}],\"users\":[\"hbase\"],\"groups\":[],\"roles\":[\"hbase_adm\"],\"conditions\":[],\"delegateAdmin\":true},{\"accesses\":[{\"type\":\"read\",\"isAllowed\":true},{\"type\":\"create\",\"isAllowed\":true}],\"users\":[\"rangerlookup\"],\"groups\":[],\"roles\":[],\"conditions\":[],\"delegateAdmin\":false}],\"denyPolicyItems\":[],\"allowExceptions\":[],\"denyExceptions\":[],\"dataMaskPolicyItems\":[],\"rowFilterPolicyItems\":[],\"serviceType\":\"hbase\",\"options\":{},\"validitySchedules\":[],\"policyLabels\":[],\"zoneName\":\"\",\"isDenyAllElse\":false,\"id\":4,\"guid\":\"dc004725-10ae-4297-9e77-690d34c7074a\",\"isEnabled\":true,\"createdBy\":\"Admin\",\"updatedBy\":\"Admin\",\"createTime\":\"20220516-13:25:04.000-+0000\",\"updateTime\":\"20220516-13:25:04.000-+0000\",\"version\":1}',1),(5,'33c2b130-26c5-48ce-9709-a0b236f27793','2022-05-16 13:25:04','2022-05-16 13:25:04',1,1,1,3,'ATLAS_HBASE_TABLES',0,'Policy for ATLAS_HBASE_TABLES','4de1305b859e11d2f37a70af1c8dc41ef29413817efb1fa3194402e9610e9438',1,1,NULL,0,'{\"service\":\"cm_hbase\",\"name\":\"ATLAS_HBASE_TABLES\",\"policyPriority\":0,\"description\":\"Policy for ATLAS_HBASE_TABLES\",\"resourceSignature\":\"4de1305b859e11d2f37a70af1c8dc41ef29413817efb1fa3194402e9610e9438\",\"isAuditEnabled\":true,\"resources\":{\"column-family\":{\"values\":[\"*\"],\"isExcludes\":false,\"isRecursive\":false},\"column\":{\"values\":[\"*\"],\"isExcludes\":false,\"isRecursive\":false},\"table\":{\"values\":[\"atlas_janus\",\"ATLAS_ENTITY_AUDIT_EVENTS\"],\"isExcludes\":false,\"isRecursive\":false}},\"policyItems\":[{\"accesses\":[{\"type\":\"create\",\"isAllowed\":true},{\"type\":\"read\",\"isAllowed\":true},{\"type\":\"write\",\"isAllowed\":true},{\"type\":\"admin\",\"isAllowed\":true}],\"users\":[\"atlas\"],\"groups\":[],\"roles\":[],\"conditions\":[],\"delegateAdmin\":false}],\"denyPolicyItems\":[],\"allowExceptions\":[],\"denyExceptions\":[],\"dataMaskPolicyItems\":[],\"rowFilterPolicyItems\":[],\"options\":{},\"validitySchedules\":[],\"policyLabels\":[],\"isDenyAllElse\":false,\"isEnabled\":true,\"version\":1}',1),(6,'fc6e703f-f203-470d-950e-15489bf776e9','2022-05-16 13:25:06','2022-05-18 10:28:18',1,24,2,4,'all - queue',0,'Policy for all - queue','ed9b305757e6a786d0b819425ba5c88375a8ec3723a6bc12d4462d70b3f33a3f',1,1,NULL,0,'{\"service\":\"cm_yarn\",\"name\":\"all - queue\",\"policyType\":0,\"policyPriority\":0,\"description\":\"Policy for all - queue\",\"resourceSignature\":\"ed9b305757e6a786d0b819425ba5c88375a8ec3723a6bc12d4462d70b3f33a3f\",\"isAuditEnabled\":true,\"resources\":{\"queue\":{\"values\":[\"*\"],\"isExcludes\":false,\"isRecursive\":true}},\"policyItems\":[{\"accesses\":[{\"type\":\"submit-app\",\"isAllowed\":true},{\"type\":\"admin-queue\",\"isAllowed\":true}],\"users\":[\"yarn\"],\"groups\":[],\"roles\":[\"yarn_adm\"],\"conditions\":[],\"delegateAdmin\":true},{\"accesses\":[{\"type\":\"submit-app\",\"isAllowed\":true}],\"users\":[\"rangerlookup\"],\"groups\":[],\"roles\":[],\"conditions\":[],\"delegateAdmin\":false}],\"denyPolicyItems\":[],\"allowExceptions\":[],\"denyExceptions\":[],\"dataMaskPolicyItems\":[],\"rowFilterPolicyItems\":[],\"serviceType\":\"yarn\",\"options\":{},\"validitySchedules\":[],\"policyLabels\":[],\"zoneName\":\"\",\"isDenyAllElse\":false,\"id\":6,\"guid\":\"fc6e703f-f203-470d-950e-15489bf776e9\",\"isEnabled\":true,\"createdBy\":\"Admin\",\"updatedBy\":\"Admin\",\"createTime\":\"20220516-13:25:06.000-+0000\",\"updateTime\":\"20220516-13:25:06.000-+0000\",\"version\":1}',1),(7,'642cbf33-b691-4694-bc45-c74dfd559e19','2022-05-16 13:25:09','2022-05-18 10:17:42',1,24,3,5,'all - global',0,'Policy for all - global','7b67e1ab9cbc3011d86faad9d1acc488ef0eb097dcf178a2b49b8e6343e8c107',1,1,NULL,0,'{\"service\":\"cm_hive\",\"name\":\"all - global\",\"policyType\":0,\"policyPriority\":0,\"description\":\"Policy for all - global\",\"resourceSignature\":\"7b67e1ab9cbc3011d86faad9d1acc488ef0eb097dcf178a2b49b8e6343e8c107\",\"isAuditEnabled\":true,\"resources\":{\"global\":{\"values\":[\"*\"],\"isExcludes\":false,\"isRecursive\":false}},\"policyItems\":[{\"accesses\":[{\"type\":\"select\",\"isAllowed\":true},{\"type\":\"update\",\"isAllowed\":true},{\"type\":\"create\",\"isAllowed\":true},{\"type\":\"drop\",\"isAllowed\":true},{\"type\":\"alter\",\"isAllowed\":true},{\"type\":\"index\",\"isAllowed\":true},{\"type\":\"lock\",\"isAllowed\":true},{\"type\":\"all\",\"isAllowed\":true},{\"type\":\"read\",\"isAllowed\":true},{\"type\":\"write\",\"isAllowed\":true},{\"type\":\"repladmin\",\"isAllowed\":true},{\"type\":\"serviceadmin\",\"isAllowed\":true},{\"type\":\"tempudfadmin\",\"isAllowed\":true},{\"type\":\"refresh\",\"isAllowed\":true},{\"type\":\"rwstorage\",\"isAllowed\":true}],\"users\":[\"hive\",\"beacon\",\"dpprofiler\",\"hue\",\"admin\",\"impala\"],\"groups\":[],\"roles\":[\"sql_adm\"],\"conditions\":[],\"delegateAdmin\":true},{\"accesses\":[{\"type\":\"select\",\"isAllowed\":true},{\"type\":\"read\",\"isAllowed\":true}],\"users\":[\"rangerlookup\"],\"groups\":[],\"roles\":[],\"conditions\":[],\"delegateAdmin\":false},{\"accesses\":[{\"type\":\"select\",\"isAllowed\":true},{\"type\":\"update\",\"isAllowed\":true},{\"type\":\"create\",\"isAllowed\":true},{\"type\":\"drop\",\"isAllowed\":true},{\"type\":\"alter\",\"isAllowed\":true},{\"type\":\"index\",\"isAllowed\":true},{\"type\":\"lock\",\"isAllowed\":true},{\"type\":\"all\",\"isAllowed\":true},{\"type\":\"read\",\"isAllowed\":true},{\"type\":\"write\",\"isAllowed\":true},{\"type\":\"repladmin\",\"isAllowed\":true},{\"type\":\"serviceadmin\",\"isAllowed\":true},{\"type\":\"tempudfadmin\",\"isAllowed\":true},{\"type\":\"refresh\",\"isAllowed\":true},{\"type\":\"rwstorage\",\"isAllowed\":true}],\"users\":[\"{OWNER}\"],\"groups\":[],\"roles\":[],\"conditions\":[],\"delegateAdmin\":true}],\"denyPolicyItems\":[],\"allowExceptions\":[],\"denyExceptions\":[],\"dataMaskPolicyItems\":[],\"rowFilterPolicyItems\":[],\"serviceType\":\"hive\",\"options\":{},\"validitySchedules\":[],\"policyLabels\":[],\"zoneName\":\"\",\"isDenyAllElse\":false,\"id\":7,\"guid\":\"642cbf33-b691-4694-bc45-c74dfd559e19\",\"isEnabled\":true,\"createdBy\":\"Admin\",\"updatedBy\":\"allan_admin\",\"createTime\":\"20220516-13:25:09.000-+0000\",\"updateTime\":\"20220518-10:16:09.000-+0000\",\"version\":2}',1),(8,'1743c101-ced6-439e-a346-5f47c0a6d53f','2022-05-16 13:25:09','2022-05-18 10:16:40',1,24,2,5,'all - database, table, column',0,'Policy for all - database, table, column','ffd181600c642189ed345de83c0fb4649f19c4d89487a478b08bb5a88fa4602e',1,1,NULL,0,'{\"service\":\"cm_hive\",\"name\":\"all - database, table, column\",\"policyType\":0,\"policyPriority\":0,\"description\":\"Policy for all - database, table, column\",\"resourceSignature\":\"ffd181600c642189ed345de83c0fb4649f19c4d89487a478b08bb5a88fa4602e\",\"isAuditEnabled\":true,\"resources\":{\"database\":{\"values\":[\"*\"],\"isExcludes\":false,\"isRecursive\":false},\"column\":{\"values\":[\"*\"],\"isExcludes\":false,\"isRecursive\":false},\"table\":{\"values\":[\"*\"],\"isExcludes\":false,\"isRecursive\":false}},\"policyItems\":[{\"accesses\":[{\"type\":\"select\",\"isAllowed\":true},{\"type\":\"update\",\"isAllowed\":true},{\"type\":\"create\",\"isAllowed\":true},{\"type\":\"drop\",\"isAllowed\":true},{\"type\":\"alter\",\"isAllowed\":true},{\"type\":\"index\",\"isAllowed\":true},{\"type\":\"lock\",\"isAllowed\":true},{\"type\":\"all\",\"isAllowed\":true},{\"type\":\"read\",\"isAllowed\":true},{\"type\":\"write\",\"isAllowed\":true},{\"type\":\"repladmin\",\"isAllowed\":true},{\"type\":\"serviceadmin\",\"isAllowed\":true},{\"type\":\"tempudfadmin\",\"isAllowed\":true},{\"type\":\"refresh\",\"isAllowed\":true},{\"type\":\"rwstorage\",\"isAllowed\":true}],\"users\":[\"hive\",\"beacon\",\"dpprofiler\",\"hue\",\"admin\",\"impala\"],\"groups\":[],\"roles\":[\"sql_adm\"],\"conditions\":[],\"delegateAdmin\":true},{\"accesses\":[{\"type\":\"select\",\"isAllowed\":true},{\"type\":\"read\",\"isAllowed\":true}],\"users\":[\"rangerlookup\"],\"groups\":[],\"roles\":[],\"conditions\":[],\"delegateAdmin\":false},{\"accesses\":[{\"type\":\"all\",\"isAllowed\":true}],\"users\":[\"{OWNER}\"],\"groups\":[],\"roles\":[],\"conditions\":[],\"delegateAdmin\":true}],\"denyPolicyItems\":[],\"allowExceptions\":[],\"denyExceptions\":[],\"dataMaskPolicyItems\":[],\"rowFilterPolicyItems\":[],\"serviceType\":\"hive\",\"options\":{},\"validitySchedules\":[],\"policyLabels\":[],\"zoneName\":\"\",\"isDenyAllElse\":false,\"id\":8,\"guid\":\"1743c101-ced6-439e-a346-5f47c0a6d53f\",\"isEnabled\":true,\"createdBy\":\"Admin\",\"updatedBy\":\"Admin\",\"createTime\":\"20220516-13:25:09.000-+0000\",\"updateTime\":\"20220516-13:25:09.000-+0000\",\"version\":1}',1),(9,'9bda6dbf-e5a4-4ca9-b057-e0b47f85b983','2022-05-16 13:25:09','2022-05-18 10:17:24',1,24,2,5,'all - database, table',0,'Policy for all - database, table','d28afef6d5894f1db09ca5fb17f47f4eeef6795e8090c8f244bc38231d1e8cb9',1,1,NULL,0,'{\"service\":\"cm_hive\",\"name\":\"all - database, table\",\"policyType\":0,\"policyPriority\":0,\"description\":\"Policy for all - database, table\",\"resourceSignature\":\"d28afef6d5894f1db09ca5fb17f47f4eeef6795e8090c8f244bc38231d1e8cb9\",\"isAuditEnabled\":true,\"resources\":{\"database\":{\"values\":[\"*\"],\"isExcludes\":false,\"isRecursive\":false},\"table\":{\"values\":[\"*\"],\"isExcludes\":false,\"isRecursive\":false}},\"policyItems\":[{\"accesses\":[{\"type\":\"select\",\"isAllowed\":true},{\"type\":\"update\",\"isAllowed\":true},{\"type\":\"create\",\"isAllowed\":true},{\"type\":\"drop\",\"isAllowed\":true},{\"type\":\"alter\",\"isAllowed\":true},{\"type\":\"index\",\"isAllowed\":true},{\"type\":\"lock\",\"isAllowed\":true},{\"type\":\"all\",\"isAllowed\":true},{\"type\":\"read\",\"isAllowed\":true},{\"type\":\"write\",\"isAllowed\":true},{\"type\":\"repladmin\",\"isAllowed\":true},{\"type\":\"serviceadmin\",\"isAllowed\":true},{\"type\":\"tempudfadmin\",\"isAllowed\":true},{\"type\":\"refresh\",\"isAllowed\":true},{\"type\":\"rwstorage\",\"isAllowed\":true}],\"users\":[\"hive\",\"beacon\",\"dpprofiler\",\"hue\",\"admin\",\"impala\"],\"groups\":[],\"roles\":[\"sql_adm\"],\"conditions\":[],\"delegateAdmin\":true},{\"accesses\":[{\"type\":\"select\",\"isAllowed\":true},{\"type\":\"read\",\"isAllowed\":true}],\"users\":[\"rangerlookup\"],\"groups\":[],\"roles\":[],\"conditions\":[],\"delegateAdmin\":false},{\"accesses\":[{\"type\":\"all\",\"isAllowed\":true}],\"users\":[\"{OWNER}\"],\"groups\":[],\"roles\":[],\"conditions\":[],\"delegateAdmin\":true},{\"accesses\":[{\"type\":\"select\",\"isAllowed\":true}],\"users\":[\"rangerrms\"],\"groups\":[],\"roles\":[],\"conditions\":[],\"delegateAdmin\":false}],\"denyPolicyItems\":[],\"allowExceptions\":[],\"denyExceptions\":[],\"dataMaskPolicyItems\":[],\"rowFilterPolicyItems\":[],\"serviceType\":\"hive\",\"options\":{},\"validitySchedules\":[],\"policyLabels\":[],\"zoneName\":\"\",\"isDenyAllElse\":false,\"id\":9,\"guid\":\"9bda6dbf-e5a4-4ca9-b057-e0b47f85b983\",\"isEnabled\":true,\"createdBy\":\"Admin\",\"updatedBy\":\"Admin\",\"createTime\":\"20220516-13:25:09.000-+0000\",\"updateTime\":\"20220516-13:25:09.000-+0000\",\"version\":1}',1),(10,'91422bbb-5529-450c-884d-c841b2262355','2022-05-16 13:25:09','2022-05-18 10:18:00',1,24,2,5,'all - storage-type, storage-url',0,'Policy for all - storage-type, storage-url','e852ea647778bbf1e26b8eca5c8e5ffc670f0e8261e41689cf022575799cfd55',1,1,NULL,0,'{\"service\":\"cm_hive\",\"name\":\"all - storage-type, storage-url\",\"policyType\":0,\"policyPriority\":0,\"description\":\"Policy for all - storage-type, storage-url\",\"resourceSignature\":\"e852ea647778bbf1e26b8eca5c8e5ffc670f0e8261e41689cf022575799cfd55\",\"isAuditEnabled\":true,\"resources\":{\"storage-type\":{\"values\":[\"*\"],\"isExcludes\":false,\"isRecursive\":false},\"storage-url\":{\"values\":[\"*\"],\"isExcludes\":false,\"isRecursive\":false}},\"policyItems\":[{\"accesses\":[{\"type\":\"rwstorage\",\"isAllowed\":true}],\"users\":[\"hive\",\"beacon\",\"dpprofiler\",\"hue\",\"admin\",\"impala\"],\"groups\":[],\"roles\":[\"sql_adm\"],\"conditions\":[],\"delegateAdmin\":true},{\"accesses\":[{\"type\":\"select\",\"isAllowed\":true},{\"type\":\"read\",\"isAllowed\":true}],\"users\":[\"rangerlookup\"],\"groups\":[],\"roles\":[],\"conditions\":[],\"delegateAdmin\":false}],\"denyPolicyItems\":[],\"allowExceptions\":[],\"denyExceptions\":[],\"dataMaskPolicyItems\":[],\"rowFilterPolicyItems\":[],\"serviceType\":\"hive\",\"options\":{},\"validitySchedules\":[],\"policyLabels\":[],\"zoneName\":\"\",\"isDenyAllElse\":false,\"id\":10,\"guid\":\"91422bbb-5529-450c-884d-c841b2262355\",\"isEnabled\":true,\"createdBy\":\"Admin\",\"updatedBy\":\"Admin\",\"createTime\":\"20220516-13:25:09.000-+0000\",\"updateTime\":\"20220516-13:25:10.000-+0000\",\"version\":1}',1),(11,'fbaa6935-126f-4db8-ad1f-d628e1a4f9aa','2022-05-16 13:25:10','2022-05-18 10:18:25',1,24,2,5,'all - database',0,'Policy for all - database','319fd63cad4bb7c8ed17fda910b636dc2e0f6b0112e28487d9e44e8a5c846314',1,1,NULL,0,'{\"service\":\"cm_hive\",\"name\":\"all - database\",\"policyType\":0,\"policyPriority\":0,\"description\":\"Policy for all - database\",\"resourceSignature\":\"319fd63cad4bb7c8ed17fda910b636dc2e0f6b0112e28487d9e44e8a5c846314\",\"isAuditEnabled\":true,\"resources\":{\"database\":{\"values\":[\"*\"],\"isExcludes\":false,\"isRecursive\":false}},\"policyItems\":[{\"accesses\":[{\"type\":\"select\",\"isAllowed\":true},{\"type\":\"update\",\"isAllowed\":true},{\"type\":\"create\",\"isAllowed\":true},{\"type\":\"drop\",\"isAllowed\":true},{\"type\":\"alter\",\"isAllowed\":true},{\"type\":\"index\",\"isAllowed\":true},{\"type\":\"lock\",\"isAllowed\":true},{\"type\":\"all\",\"isAllowed\":true},{\"type\":\"read\",\"isAllowed\":true},{\"type\":\"write\",\"isAllowed\":true},{\"type\":\"repladmin\",\"isAllowed\":true},{\"type\":\"serviceadmin\",\"isAllowed\":true},{\"type\":\"tempudfadmin\",\"isAllowed\":true},{\"type\":\"refresh\",\"isAllowed\":true},{\"type\":\"rwstorage\",\"isAllowed\":true}],\"users\":[\"hive\",\"beacon\",\"dpprofiler\",\"hue\",\"admin\",\"impala\"],\"groups\":[],\"roles\":[\"sql_adm\"],\"conditions\":[],\"delegateAdmin\":true},{\"accesses\":[{\"type\":\"select\",\"isAllowed\":true},{\"type\":\"read\",\"isAllowed\":true}],\"users\":[\"rangerlookup\"],\"groups\":[],\"roles\":[],\"conditions\":[],\"delegateAdmin\":false},{\"accesses\":[{\"type\":\"create\",\"isAllowed\":true}],\"users\":[],\"groups\":[\"public\"],\"roles\":[],\"conditions\":[],\"delegateAdmin\":false},{\"accesses\":[{\"type\":\"all\",\"isAllowed\":true}],\"users\":[\"{OWNER}\"],\"groups\":[],\"roles\":[],\"conditions\":[],\"delegateAdmin\":true}],\"denyPolicyItems\":[],\"allowExceptions\":[],\"denyExceptions\":[],\"dataMaskPolicyItems\":[],\"rowFilterPolicyItems\":[],\"serviceType\":\"hive\",\"options\":{},\"validitySchedules\":[],\"policyLabels\":[],\"zoneName\":\"\",\"isDenyAllElse\":false,\"id\":11,\"guid\":\"fbaa6935-126f-4db8-ad1f-d628e1a4f9aa\",\"isEnabled\":true,\"createdBy\":\"Admin\",\"updatedBy\":\"Admin\",\"createTime\":\"20220516-13:25:10.000-+0000\",\"updateTime\":\"20220516-13:25:10.000-+0000\",\"version\":1}',1),(12,'9153e91c-c7cd-4ca8-9c7a-47cb43239590','2022-05-16 13:25:10','2022-05-18 10:19:07',1,24,2,5,'all - hiveservice',0,'Policy for all - hiveservice','c052be6821aab8eaad336c15ac58111b27f1b9186353c072d6887497d4b72185',1,1,NULL,0,'{\"service\":\"cm_hive\",\"name\":\"all - hiveservice\",\"policyType\":0,\"policyPriority\":0,\"description\":\"Policy for all - hiveservice\",\"resourceSignature\":\"c052be6821aab8eaad336c15ac58111b27f1b9186353c072d6887497d4b72185\",\"isAuditEnabled\":true,\"resources\":{\"hiveservice\":{\"values\":[\"*\"],\"isExcludes\":false,\"isRecursive\":false}},\"policyItems\":[{\"accesses\":[{\"type\":\"select\",\"isAllowed\":true},{\"type\":\"update\",\"isAllowed\":true},{\"type\":\"create\",\"isAllowed\":true},{\"type\":\"drop\",\"isAllowed\":true},{\"type\":\"alter\",\"isAllowed\":true},{\"type\":\"index\",\"isAllowed\":true},{\"type\":\"lock\",\"isAllowed\":true},{\"type\":\"all\",\"isAllowed\":true},{\"type\":\"read\",\"isAllowed\":true},{\"type\":\"write\",\"isAllowed\":true},{\"type\":\"repladmin\",\"isAllowed\":true},{\"type\":\"serviceadmin\",\"isAllowed\":true},{\"type\":\"tempudfadmin\",\"isAllowed\":true},{\"type\":\"refresh\",\"isAllowed\":true},{\"type\":\"rwstorage\",\"isAllowed\":true}],\"users\":[\"hive\",\"beacon\",\"dpprofiler\",\"hue\",\"admin\",\"impala\"],\"groups\":[],\"roles\":[\"sql_adm\"],\"conditions\":[],\"delegateAdmin\":true},{\"accesses\":[{\"type\":\"select\",\"isAllowed\":true},{\"type\":\"read\",\"isAllowed\":true}],\"users\":[\"rangerlookup\"],\"groups\":[],\"roles\":[],\"conditions\":[],\"delegateAdmin\":false}],\"denyPolicyItems\":[],\"allowExceptions\":[],\"denyExceptions\":[],\"dataMaskPolicyItems\":[],\"rowFilterPolicyItems\":[],\"serviceType\":\"hive\",\"options\":{},\"validitySchedules\":[],\"policyLabels\":[],\"zoneName\":\"\",\"isDenyAllElse\":false,\"id\":12,\"guid\":\"9153e91c-c7cd-4ca8-9c7a-47cb43239590\",\"isEnabled\":true,\"createdBy\":\"Admin\",\"updatedBy\":\"Admin\",\"createTime\":\"20220516-13:25:10.000-+0000\",\"updateTime\":\"20220516-13:25:10.000-+0000\",\"version\":1}',1),(13,'3de7e3ba-f472-4781-9433-29a56ec7f963','2022-05-16 13:25:10','2022-05-18 10:19:23',1,24,2,5,'all - database, udf',0,'Policy for all - database, udf','a9a4ce765b10e47239e032918d1f88aadab9f6e5ca4ed9612b1f6d720f49792e',1,1,NULL,0,'{\"service\":\"cm_hive\",\"name\":\"all - database, udf\",\"policyType\":0,\"policyPriority\":0,\"description\":\"Policy for all - database, udf\",\"resourceSignature\":\"a9a4ce765b10e47239e032918d1f88aadab9f6e5ca4ed9612b1f6d720f49792e\",\"isAuditEnabled\":true,\"resources\":{\"database\":{\"values\":[\"*\"],\"isExcludes\":false,\"isRecursive\":false},\"udf\":{\"values\":[\"*\"],\"isExcludes\":false,\"isRecursive\":false}},\"policyItems\":[{\"accesses\":[{\"type\":\"select\",\"isAllowed\":true},{\"type\":\"update\",\"isAllowed\":true},{\"type\":\"create\",\"isAllowed\":true},{\"type\":\"drop\",\"isAllowed\":true},{\"type\":\"alter\",\"isAllowed\":true},{\"type\":\"index\",\"isAllowed\":true},{\"type\":\"lock\",\"isAllowed\":true},{\"type\":\"all\",\"isAllowed\":true},{\"type\":\"read\",\"isAllowed\":true},{\"type\":\"write\",\"isAllowed\":true},{\"type\":\"repladmin\",\"isAllowed\":true},{\"type\":\"serviceadmin\",\"isAllowed\":true},{\"type\":\"tempudfadmin\",\"isAllowed\":true},{\"type\":\"refresh\",\"isAllowed\":true},{\"type\":\"rwstorage\",\"isAllowed\":true}],\"users\":[\"hive\",\"beacon\",\"dpprofiler\",\"hue\",\"admin\",\"impala\"],\"groups\":[],\"roles\":[\"sql_adm\"],\"conditions\":[],\"delegateAdmin\":true},{\"accesses\":[{\"type\":\"select\",\"isAllowed\":true},{\"type\":\"read\",\"isAllowed\":true}],\"users\":[\"rangerlookup\"],\"groups\":[],\"roles\":[],\"conditions\":[],\"delegateAdmin\":false},{\"accesses\":[{\"type\":\"all\",\"isAllowed\":true}],\"users\":[\"{OWNER}\"],\"groups\":[],\"roles\":[],\"conditions\":[],\"delegateAdmin\":true}],\"denyPolicyItems\":[],\"allowExceptions\":[],\"denyExceptions\":[],\"dataMaskPolicyItems\":[],\"rowFilterPolicyItems\":[],\"serviceType\":\"hive\",\"options\":{},\"validitySchedules\":[],\"policyLabels\":[],\"zoneName\":\"\",\"isDenyAllElse\":false,\"id\":13,\"guid\":\"3de7e3ba-f472-4781-9433-29a56ec7f963\",\"isEnabled\":true,\"createdBy\":\"Admin\",\"updatedBy\":\"Admin\",\"createTime\":\"20220516-13:25:10.000-+0000\",\"updateTime\":\"20220516-13:25:10.000-+0000\",\"version\":1}',1),(14,'bc11b352-cd6b-47c8-85cd-22b32f617efb','2022-05-16 13:25:10','2022-05-18 10:19:41',1,24,2,5,'all - url',0,'Policy for all - url','a6a328c623a4eb15d84ccf34df65c83acba3c59c7df4a601780b1caa153aa870',1,1,NULL,0,'{\"service\":\"cm_hive\",\"name\":\"all - url\",\"policyType\":0,\"policyPriority\":0,\"description\":\"Policy for all - url\",\"resourceSignature\":\"a6a328c623a4eb15d84ccf34df65c83acba3c59c7df4a601780b1caa153aa870\",\"isAuditEnabled\":true,\"resources\":{\"url\":{\"values\":[\"*\"],\"isExcludes\":false,\"isRecursive\":true}},\"policyItems\":[{\"accesses\":[{\"type\":\"select\",\"isAllowed\":true},{\"type\":\"update\",\"isAllowed\":true},{\"type\":\"create\",\"isAllowed\":true},{\"type\":\"drop\",\"isAllowed\":true},{\"type\":\"alter\",\"isAllowed\":true},{\"type\":\"index\",\"isAllowed\":true},{\"type\":\"lock\",\"isAllowed\":true},{\"type\":\"all\",\"isAllowed\":true},{\"type\":\"read\",\"isAllowed\":true},{\"type\":\"write\",\"isAllowed\":true},{\"type\":\"repladmin\",\"isAllowed\":true},{\"type\":\"serviceadmin\",\"isAllowed\":true},{\"type\":\"tempudfadmin\",\"isAllowed\":true},{\"type\":\"refresh\",\"isAllowed\":true},{\"type\":\"rwstorage\",\"isAllowed\":true}],\"users\":[\"hive\",\"beacon\",\"dpprofiler\",\"hue\",\"admin\",\"impala\"],\"groups\":[],\"roles\":[\"sql_adm\"],\"conditions\":[],\"delegateAdmin\":true},{\"accesses\":[{\"type\":\"select\",\"isAllowed\":true},{\"type\":\"read\",\"isAllowed\":true}],\"users\":[\"rangerlookup\"],\"groups\":[],\"roles\":[],\"conditions\":[],\"delegateAdmin\":false}],\"denyPolicyItems\":[],\"allowExceptions\":[],\"denyExceptions\":[],\"dataMaskPolicyItems\":[],\"rowFilterPolicyItems\":[],\"serviceType\":\"hive\",\"options\":{},\"validitySchedules\":[],\"policyLabels\":[],\"zoneName\":\"\",\"isDenyAllElse\":false,\"id\":14,\"guid\":\"bc11b352-cd6b-47c8-85cd-22b32f617efb\",\"isEnabled\":true,\"createdBy\":\"Admin\",\"updatedBy\":\"Admin\",\"createTime\":\"20220516-13:25:10.000-+0000\",\"updateTime\":\"20220516-13:25:10.000-+0000\",\"version\":1}',1),(15,'1a4348e4-3d52-4e65-8b69-0d3e78641728','2022-05-16 13:25:10','2022-05-16 13:25:10',1,1,1,5,'default database tables columns',0,NULL,'6953543a4b66b6f2035924da5ab162724650a6b3e6ef0049c02819d894bc72a5',1,1,NULL,0,'{\"service\":\"cm_hive\",\"name\":\"default database tables columns\",\"policyPriority\":0,\"resourceSignature\":\"6953543a4b66b6f2035924da5ab162724650a6b3e6ef0049c02819d894bc72a5\",\"isAuditEnabled\":true,\"resources\":{\"database\":{\"values\":[\"default\"],\"isExcludes\":false,\"isRecursive\":false},\"column\":{\"values\":[\"*\"],\"isExcludes\":false,\"isRecursive\":false},\"table\":{\"values\":[\"*\"],\"isExcludes\":false,\"isRecursive\":false}},\"policyItems\":[{\"accesses\":[{\"type\":\"create\",\"isAllowed\":true}],\"users\":[],\"groups\":[\"public\"],\"roles\":[],\"conditions\":[],\"delegateAdmin\":false}],\"denyPolicyItems\":[],\"allowExceptions\":[],\"denyExceptions\":[],\"dataMaskPolicyItems\":[],\"rowFilterPolicyItems\":[],\"options\":{},\"validitySchedules\":[],\"policyLabels\":[],\"isDenyAllElse\":false,\"isEnabled\":true,\"version\":1}',1),(16,'0f8fc2c8-5c24-493a-90a8-2e4dc299c049','2022-05-16 13:25:10','2022-05-16 13:25:10',1,1,1,5,'Information_schema database tables columns',0,NULL,'ae84bfb2ea30aed7571ac7d10c68e30084fb38933ff1d7fca41a833e105bd6bb',1,1,NULL,0,'{\"service\":\"cm_hive\",\"name\":\"Information_schema database tables columns\",\"policyPriority\":0,\"resourceSignature\":\"ae84bfb2ea30aed7571ac7d10c68e30084fb38933ff1d7fca41a833e105bd6bb\",\"isAuditEnabled\":true,\"resources\":{\"database\":{\"values\":[\"information_schema\"],\"isExcludes\":false,\"isRecursive\":false},\"column\":{\"values\":[\"*\"],\"isExcludes\":false,\"isRecursive\":false},\"table\":{\"values\":[\"*\"],\"isExcludes\":false,\"isRecursive\":false}},\"policyItems\":[{\"accesses\":[{\"type\":\"select\",\"isAllowed\":true}],\"users\":[],\"groups\":[\"public\"],\"roles\":[],\"conditions\":[],\"delegateAdmin\":false}],\"denyPolicyItems\":[],\"allowExceptions\":[],\"denyExceptions\":[],\"dataMaskPolicyItems\":[],\"rowFilterPolicyItems\":[],\"options\":{},\"validitySchedules\":[],\"policyLabels\":[],\"isDenyAllElse\":false,\"isEnabled\":true,\"version\":1}',1),(17,'1d8569fc-f146-4812-99a6-633e8408c9a7','2022-05-16 13:25:12','2022-05-18 10:27:15',1,24,2,6,'all - topology, service',0,'Policy for all - topology, service','bcdaa6d5b59d1ff76890aee0548b75e9abd1a9bb6964fa8a5157b6d37ffce8db',1,1,NULL,0,'{\"service\":\"cm_knox\",\"name\":\"all - topology, service\",\"policyType\":0,\"policyPriority\":0,\"description\":\"Policy for all - topology, service\",\"resourceSignature\":\"bcdaa6d5b59d1ff76890aee0548b75e9abd1a9bb6964fa8a5157b6d37ffce8db\",\"isAuditEnabled\":true,\"resources\":{\"topology\":{\"values\":[\"*\"],\"isExcludes\":false,\"isRecursive\":false},\"service\":{\"values\":[\"*\"],\"isExcludes\":false,\"isRecursive\":false}},\"policyItems\":[{\"accesses\":[{\"type\":\"allow\",\"isAllowed\":true}],\"users\":[\"admin\"],\"groups\":[],\"roles\":[\"knox_adm\"],\"conditions\":[],\"delegateAdmin\":true},{\"accesses\":[{\"type\":\"allow\",\"isAllowed\":true}],\"users\":[\"rangerlookup\"],\"groups\":[],\"roles\":[],\"conditions\":[],\"delegateAdmin\":false}],\"denyPolicyItems\":[],\"allowExceptions\":[],\"denyExceptions\":[],\"dataMaskPolicyItems\":[],\"rowFilterPolicyItems\":[],\"serviceType\":\"knox\",\"options\":{},\"validitySchedules\":[],\"policyLabels\":[],\"zoneName\":\"\",\"isDenyAllElse\":false,\"id\":17,\"guid\":\"1d8569fc-f146-4812-99a6-633e8408c9a7\",\"isEnabled\":true,\"createdBy\":\"Admin\",\"updatedBy\":\"Admin\",\"createTime\":\"20220516-13:25:12.000-+0000\",\"updateTime\":\"20220516-13:25:12.000-+0000\",\"version\":1}',1),(18,'b14ad630-100b-4896-a6e6-55458c3a99f2','2022-05-16 13:25:12','2022-05-16 13:25:12',1,1,1,6,'CDP Proxy UI and API',0,'Policy for CDP Proxy UI and API','5d2bd127c191965d825a7b2f442de15be12ab6868fc6e414fb2e6b6c9fd62587',1,1,NULL,0,'{\"service\":\"cm_knox\",\"name\":\"CDP Proxy UI and API\",\"policyPriority\":0,\"description\":\"Policy for CDP Proxy UI and API\",\"resourceSignature\":\"5d2bd127c191965d825a7b2f442de15be12ab6868fc6e414fb2e6b6c9fd62587\",\"isAuditEnabled\":true,\"resources\":{\"service\":{\"values\":[\"*\"],\"isExcludes\":false,\"isRecursive\":false},\"topology\":{\"values\":[\"cdp-proxy\",\"cdp-proxy-api\"],\"isExcludes\":false,\"isRecursive\":false}},\"policyItems\":[{\"accesses\":[{\"type\":\"allow\",\"isAllowed\":true}],\"users\":[],\"groups\":[\"public\"],\"roles\":[],\"conditions\":[],\"delegateAdmin\":false}],\"denyPolicyItems\":[],\"allowExceptions\":[],\"denyExceptions\":[],\"dataMaskPolicyItems\":[],\"rowFilterPolicyItems\":[],\"options\":{},\"validitySchedules\":[],\"policyLabels\":[],\"isDenyAllElse\":false,\"isEnabled\":true,\"version\":1}',1),(19,'61575ce5-dbbc-4a4e-9b90-41f1a20f39d6','2022-05-16 13:25:16','2022-05-16 13:25:16',1,1,1,7,'all - volume, bucket, key',0,'Policy for all - volume, bucket, key','329ec5de6a0067fb1513a9bb53cdeb257e24a2fbbfaea4b5a1245dbe66e33359',1,1,NULL,0,'{\"service\":\"cm_ozone\",\"name\":\"all - volume, bucket, key\",\"policyPriority\":0,\"description\":\"Policy for all - volume, bucket, key\",\"resourceSignature\":\"329ec5de6a0067fb1513a9bb53cdeb257e24a2fbbfaea4b5a1245dbe66e33359\",\"isAuditEnabled\":true,\"resources\":{\"volume\":{\"values\":[\"*\"],\"isExcludes\":false,\"isRecursive\":false},\"bucket\":{\"values\":[\"*\"],\"isExcludes\":false,\"isRecursive\":false},\"key\":{\"values\":[\"*\"],\"isExcludes\":false,\"isRecursive\":true}},\"policyItems\":[{\"accesses\":[{\"type\":\"all\",\"isAllowed\":true},{\"type\":\"read\",\"isAllowed\":true},{\"type\":\"write\",\"isAllowed\":true},{\"type\":\"create\",\"isAllowed\":true},{\"type\":\"list\",\"isAllowed\":true},{\"type\":\"delete\",\"isAllowed\":true},{\"type\":\"read_acl\",\"isAllowed\":true},{\"type\":\"write_acl\",\"isAllowed\":true}],\"users\":[\"om\"],\"groups\":[],\"roles\":[],\"conditions\":[],\"delegateAdmin\":true},{\"accesses\":[{\"type\":\"all\",\"isAllowed\":true}],\"users\":[\"{OWNER}\"],\"groups\":[],\"roles\":[],\"conditions\":[],\"delegateAdmin\":true},{\"accesses\":[{\"type\":\"read\",\"isAllowed\":true},{\"type\":\"write\",\"isAllowed\":true},{\"type\":\"create\",\"isAllowed\":true},{\"type\":\"list\",\"isAllowed\":true},{\"type\":\"delete\",\"isAllowed\":true},{\"type\":\"read_acl\",\"isAllowed\":true},{\"type\":\"write_acl\",\"isAllowed\":true},{\"type\":\"all\",\"isAllowed\":true}],\"users\":[\"rangerlookup\"],\"groups\":[],\"roles\":[],\"conditions\":[],\"delegateAdmin\":false}],\"denyPolicyItems\":[],\"allowExceptions\":[],\"denyExceptions\":[],\"dataMaskPolicyItems\":[],\"rowFilterPolicyItems\":[],\"options\":{},\"validitySchedules\":[],\"policyLabels\":[],\"isDenyAllElse\":false,\"isEnabled\":true,\"version\":1}',1),(20,'81db61ea-9afd-4285-88fa-2978132e9908','2022-05-16 13:25:16','2022-05-16 13:25:16',1,1,1,7,'all - volume',0,'Policy for all - volume','5ab56d0253edcca328cd5f1bd4efb5249d79b35d26b875a8d38bec3cd2e314bf',1,1,NULL,0,'{\"service\":\"cm_ozone\",\"name\":\"all - volume\",\"policyPriority\":0,\"description\":\"Policy for all - volume\",\"resourceSignature\":\"5ab56d0253edcca328cd5f1bd4efb5249d79b35d26b875a8d38bec3cd2e314bf\",\"isAuditEnabled\":true,\"resources\":{\"volume\":{\"values\":[\"*\"],\"isExcludes\":false,\"isRecursive\":false}},\"policyItems\":[{\"accesses\":[{\"type\":\"all\",\"isAllowed\":true},{\"type\":\"read\",\"isAllowed\":true},{\"type\":\"write\",\"isAllowed\":true},{\"type\":\"create\",\"isAllowed\":true},{\"type\":\"list\",\"isAllowed\":true},{\"type\":\"delete\",\"isAllowed\":true},{\"type\":\"read_acl\",\"isAllowed\":true},{\"type\":\"write_acl\",\"isAllowed\":true}],\"users\":[\"om\"],\"groups\":[],\"roles\":[],\"conditions\":[],\"delegateAdmin\":true},{\"accesses\":[{\"type\":\"all\",\"isAllowed\":true}],\"users\":[\"{OWNER}\"],\"groups\":[],\"roles\":[],\"conditions\":[],\"delegateAdmin\":true},{\"accesses\":[{\"type\":\"read\",\"isAllowed\":true},{\"type\":\"write\",\"isAllowed\":true},{\"type\":\"create\",\"isAllowed\":true},{\"type\":\"list\",\"isAllowed\":true},{\"type\":\"delete\",\"isAllowed\":true},{\"type\":\"read_acl\",\"isAllowed\":true},{\"type\":\"write_acl\",\"isAllowed\":true},{\"type\":\"all\",\"isAllowed\":true}],\"users\":[\"rangerlookup\"],\"groups\":[],\"roles\":[],\"conditions\":[],\"delegateAdmin\":false}],\"denyPolicyItems\":[],\"allowExceptions\":[],\"denyExceptions\":[],\"dataMaskPolicyItems\":[],\"rowFilterPolicyItems\":[],\"options\":{},\"validitySchedules\":[],\"policyLabels\":[],\"isDenyAllElse\":false,\"isEnabled\":true,\"version\":1}',1),(21,'e9f0212f-30f3-43f1-8a55-564a6a5ce148','2022-05-16 13:25:16','2022-05-16 13:25:16',1,1,1,7,'all - volume, bucket',0,'Policy for all - volume, bucket','e4331481a6bc334224ea43c1350562246535155dc458c2d349375861c762b4e2',1,1,NULL,0,'{\"service\":\"cm_ozone\",\"name\":\"all - volume, bucket\",\"policyPriority\":0,\"description\":\"Policy for all - volume, bucket\",\"resourceSignature\":\"e4331481a6bc334224ea43c1350562246535155dc458c2d349375861c762b4e2\",\"isAuditEnabled\":true,\"resources\":{\"volume\":{\"values\":[\"*\"],\"isExcludes\":false,\"isRecursive\":false},\"bucket\":{\"values\":[\"*\"],\"isExcludes\":false,\"isRecursive\":false}},\"policyItems\":[{\"accesses\":[{\"type\":\"all\",\"isAllowed\":true},{\"type\":\"read\",\"isAllowed\":true},{\"type\":\"write\",\"isAllowed\":true},{\"type\":\"create\",\"isAllowed\":true},{\"type\":\"list\",\"isAllowed\":true},{\"type\":\"delete\",\"isAllowed\":true},{\"type\":\"read_acl\",\"isAllowed\":true},{\"type\":\"write_acl\",\"isAllowed\":true}],\"users\":[\"om\"],\"groups\":[],\"roles\":[],\"conditions\":[],\"delegateAdmin\":true},{\"accesses\":[{\"type\":\"all\",\"isAllowed\":true}],\"users\":[\"{OWNER}\"],\"groups\":[],\"roles\":[],\"conditions\":[],\"delegateAdmin\":true},{\"accesses\":[{\"type\":\"read\",\"isAllowed\":true},{\"type\":\"write\",\"isAllowed\":true},{\"type\":\"create\",\"isAllowed\":true},{\"type\":\"list\",\"isAllowed\":true},{\"type\":\"delete\",\"isAllowed\":true},{\"type\":\"read_acl\",\"isAllowed\":true},{\"type\":\"write_acl\",\"isAllowed\":true},{\"type\":\"all\",\"isAllowed\":true}],\"users\":[\"rangerlookup\"],\"groups\":[],\"roles\":[],\"conditions\":[],\"delegateAdmin\":false}],\"denyPolicyItems\":[],\"allowExceptions\":[],\"denyExceptions\":[],\"dataMaskPolicyItems\":[],\"rowFilterPolicyItems\":[],\"options\":{},\"validitySchedules\":[],\"policyLabels\":[],\"isDenyAllElse\":false,\"isEnabled\":true,\"version\":1}',1),(22,'7dfc1287-09f9-408d-9c10-78511ec0f2ed','2022-05-16 13:25:16','2022-05-16 13:25:16',1,1,1,7,'S3_VOLUME_POLICY',0,'Policy for S3_VOLUME_POLICY','d37d50ca04fc96e730cfed12b2047e8c28413b6e6712b9d472ed7d2d229110b1',1,1,NULL,0,'{\"service\":\"cm_ozone\",\"name\":\"S3_VOLUME_POLICY\",\"policyPriority\":0,\"description\":\"Policy for S3_VOLUME_POLICY\",\"resourceSignature\":\"d37d50ca04fc96e730cfed12b2047e8c28413b6e6712b9d472ed7d2d229110b1\",\"isAuditEnabled\":true,\"resources\":{\"volume\":{\"values\":[\"s3v\"],\"isExcludes\":false,\"isRecursive\":false},\"bucket\":{\"values\":[\"*\"],\"isExcludes\":false,\"isRecursive\":false},\"key\":{\"values\":[\"*\"],\"isExcludes\":false,\"isRecursive\":false}},\"policyItems\":[{\"accesses\":[{\"type\":\"all\",\"isAllowed\":true},{\"type\":\"create\",\"isAllowed\":true},{\"type\":\"write\",\"isAllowed\":true},{\"type\":\"read\",\"isAllowed\":true},{\"type\":\"list\",\"isAllowed\":true},{\"type\":\"delete\",\"isAllowed\":true}],\"users\":[\"hive\"],\"groups\":[],\"roles\":[],\"conditions\":[],\"delegateAdmin\":false}],\"denyPolicyItems\":[],\"allowExceptions\":[],\"denyExceptions\":[],\"dataMaskPolicyItems\":[],\"rowFilterPolicyItems\":[],\"options\":{},\"validitySchedules\":[],\"policyLabels\":[],\"isDenyAllElse\":false,\"isEnabled\":true,\"version\":1}',1),(23,'3effa19c-877e-470e-8af8-88f421b69953','2022-05-16 13:25:18','2022-05-18 10:25:07',1,24,2,8,'all - consumergroup',0,'Policy for all - consumergroup','8b806b6eabc6adcac1658dfcb2f95f7f2fdd2a3d2093e67f3fe4773d9562c08d',1,1,NULL,0,'{\"service\":\"cm_kafka\",\"name\":\"all - consumergroup\",\"policyType\":0,\"policyPriority\":0,\"description\":\"Policy for all - consumergroup\",\"resourceSignature\":\"8b806b6eabc6adcac1658dfcb2f95f7f2fdd2a3d2093e67f3fe4773d9562c08d\",\"isAuditEnabled\":true,\"resources\":{\"consumergroup\":{\"values\":[\"*\"],\"isExcludes\":false,\"isRecursive\":false}},\"policyItems\":[{\"accesses\":[{\"type\":\"consume\",\"isAllowed\":true},{\"type\":\"describe\",\"isAllowed\":true},{\"type\":\"delete\",\"isAllowed\":true}],\"users\":[\"cruisecontrol\",\"streamsmsgmgr\",\"kafka\",\"streamsrepmgr\"],\"groups\":[],\"roles\":[\"kafka_adm\"],\"conditions\":[],\"delegateAdmin\":true},{\"accesses\":[{\"type\":\"describe\",\"isAllowed\":true}],\"users\":[\"rangerlookup\"],\"groups\":[],\"roles\":[],\"conditions\":[],\"delegateAdmin\":false}],\"denyPolicyItems\":[],\"allowExceptions\":[],\"denyExceptions\":[],\"dataMaskPolicyItems\":[],\"rowFilterPolicyItems\":[],\"serviceType\":\"kafka\",\"options\":{},\"validitySchedules\":[],\"policyLabels\":[],\"zoneName\":\"\",\"isDenyAllElse\":false,\"id\":23,\"guid\":\"3effa19c-877e-470e-8af8-88f421b69953\",\"isEnabled\":true,\"createdBy\":\"Admin\",\"updatedBy\":\"Admin\",\"createTime\":\"20220516-13:25:18.000-+0000\",\"updateTime\":\"20220516-13:25:18.000-+0000\",\"version\":1}',1),(24,'0cc2b16c-8bc4-4b15-b35d-1b6f24a9bc52','2022-05-16 13:25:18','2022-05-18 10:25:24',1,24,2,8,'all - topic',0,'Policy for all - topic','875e011fb314298153184b702421bff743744ff9637778aa2c8066aecc08ecc1',1,1,NULL,0,'{\"service\":\"cm_kafka\",\"name\":\"all - topic\",\"policyType\":0,\"policyPriority\":0,\"description\":\"Policy for all - topic\",\"resourceSignature\":\"875e011fb314298153184b702421bff743744ff9637778aa2c8066aecc08ecc1\",\"isAuditEnabled\":true,\"resources\":{\"topic\":{\"values\":[\"*\"],\"isExcludes\":false,\"isRecursive\":false}},\"policyItems\":[{\"accesses\":[{\"type\":\"publish\",\"isAllowed\":true},{\"type\":\"consume\",\"isAllowed\":true},{\"type\":\"configure\",\"isAllowed\":true},{\"type\":\"describe\",\"isAllowed\":true},{\"type\":\"create\",\"isAllowed\":true},{\"type\":\"delete\",\"isAllowed\":true},{\"type\":\"describe_configs\",\"isAllowed\":true},{\"type\":\"alter_configs\",\"isAllowed\":true},{\"type\":\"alter\",\"isAllowed\":true}],\"users\":[\"cruisecontrol\",\"streamsmsgmgr\",\"kafka\",\"streamsrepmgr\"],\"groups\":[],\"roles\":[\"kafka_adm\"],\"conditions\":[],\"delegateAdmin\":true},{\"accesses\":[{\"type\":\"describe\",\"isAllowed\":true}],\"users\":[\"rangerlookup\"],\"groups\":[],\"roles\":[],\"conditions\":[],\"delegateAdmin\":false}],\"denyPolicyItems\":[],\"allowExceptions\":[],\"denyExceptions\":[],\"dataMaskPolicyItems\":[],\"rowFilterPolicyItems\":[],\"serviceType\":\"kafka\",\"options\":{},\"validitySchedules\":[],\"policyLabels\":[],\"zoneName\":\"\",\"isDenyAllElse\":false,\"id\":24,\"guid\":\"0cc2b16c-8bc4-4b15-b35d-1b6f24a9bc52\",\"isEnabled\":true,\"createdBy\":\"Admin\",\"updatedBy\":\"Admin\",\"createTime\":\"20220516-13:25:18.000-+0000\",\"updateTime\":\"20220516-13:25:18.000-+0000\",\"version\":1}',1),(25,'33e771c8-b0f1-42cd-9122-c4b6d7f194c5','2022-05-16 13:25:19','2022-05-18 10:25:40',1,24,2,8,'all - transactionalid',0,'Policy for all - transactionalid','08c233ac88f4f6024ae516f63c9f244e65eb9a0ad4581d807fe0f66f00c1f17c',1,1,NULL,0,'{\"service\":\"cm_kafka\",\"name\":\"all - transactionalid\",\"policyType\":0,\"policyPriority\":0,\"description\":\"Policy for all - transactionalid\",\"resourceSignature\":\"08c233ac88f4f6024ae516f63c9f244e65eb9a0ad4581d807fe0f66f00c1f17c\",\"isAuditEnabled\":true,\"resources\":{\"transactionalid\":{\"values\":[\"*\"],\"isExcludes\":false,\"isRecursive\":false}},\"policyItems\":[{\"accesses\":[{\"type\":\"publish\",\"isAllowed\":true},{\"type\":\"describe\",\"isAllowed\":true}],\"users\":[\"cruisecontrol\",\"streamsmsgmgr\",\"kafka\",\"streamsrepmgr\"],\"groups\":[],\"roles\":[\"kafka_adm\"],\"conditions\":[],\"delegateAdmin\":true},{\"accesses\":[{\"type\":\"describe\",\"isAllowed\":true}],\"users\":[\"rangerlookup\"],\"groups\":[],\"roles\":[],\"conditions\":[],\"delegateAdmin\":false}],\"denyPolicyItems\":[],\"allowExceptions\":[],\"denyExceptions\":[],\"dataMaskPolicyItems\":[],\"rowFilterPolicyItems\":[],\"serviceType\":\"kafka\",\"options\":{},\"validitySchedules\":[],\"policyLabels\":[],\"zoneName\":\"\",\"isDenyAllElse\":false,\"id\":25,\"guid\":\"33e771c8-b0f1-42cd-9122-c4b6d7f194c5\",\"isEnabled\":true,\"createdBy\":\"Admin\",\"updatedBy\":\"Admin\",\"createTime\":\"20220516-13:25:19.000-+0000\",\"updateTime\":\"20220516-13:25:19.000-+0000\",\"version\":1}',1),(26,'28272b2b-18f9-43f0-b80c-e6abca67c820','2022-05-16 13:25:19','2022-05-18 10:26:06',1,24,2,8,'all - cluster',0,'Policy for all - cluster','f0f71572fbbecb75c249a18d593c9f16b8913a1fe67ec1e03f7e513ed857ed13',1,1,NULL,0,'{\"service\":\"cm_kafka\",\"name\":\"all - cluster\",\"policyType\":0,\"policyPriority\":0,\"description\":\"Policy for all - cluster\",\"resourceSignature\":\"f0f71572fbbecb75c249a18d593c9f16b8913a1fe67ec1e03f7e513ed857ed13\",\"isAuditEnabled\":true,\"resources\":{\"cluster\":{\"values\":[\"*\"],\"isExcludes\":false,\"isRecursive\":false}},\"policyItems\":[{\"accesses\":[{\"type\":\"configure\",\"isAllowed\":true},{\"type\":\"describe\",\"isAllowed\":true},{\"type\":\"kafka_admin\",\"isAllowed\":true},{\"type\":\"create\",\"isAllowed\":true},{\"type\":\"idempotent_write\",\"isAllowed\":true},{\"type\":\"describe_configs\",\"isAllowed\":true},{\"type\":\"alter_configs\",\"isAllowed\":true},{\"type\":\"cluster_action\",\"isAllowed\":true},{\"type\":\"alter\",\"isAllowed\":true}],\"users\":[\"cruisecontrol\",\"streamsmsgmgr\",\"kafka\",\"streamsrepmgr\"],\"groups\":[],\"roles\":[\"kafka_adm\"],\"conditions\":[],\"delegateAdmin\":true},{\"accesses\":[{\"type\":\"describe\",\"isAllowed\":true}],\"users\":[\"rangerlookup\"],\"groups\":[],\"roles\":[],\"conditions\":[],\"delegateAdmin\":false}],\"denyPolicyItems\":[],\"allowExceptions\":[],\"denyExceptions\":[],\"dataMaskPolicyItems\":[],\"rowFilterPolicyItems\":[],\"serviceType\":\"kafka\",\"options\":{},\"validitySchedules\":[],\"policyLabels\":[],\"zoneName\":\"\",\"isDenyAllElse\":false,\"id\":26,\"guid\":\"28272b2b-18f9-43f0-b80c-e6abca67c820\",\"isEnabled\":true,\"createdBy\":\"Admin\",\"updatedBy\":\"Admin\",\"createTime\":\"20220516-13:25:19.000-+0000\",\"updateTime\":\"20220516-13:25:19.000-+0000\",\"version\":1}',1),(27,'fb583824-6d8d-4078-bdfb-27c0b997cf6f','2022-05-16 13:25:19','2022-05-18 10:26:33',1,24,2,8,'all - delegationtoken',0,'Policy for all - delegationtoken','2cb327aea1a3008ff5871618be9eec6fd9804adffa51f703889b49d465a64635',1,1,NULL,0,'{\"service\":\"cm_kafka\",\"name\":\"all - delegationtoken\",\"policyType\":0,\"policyPriority\":0,\"description\":\"Policy for all - delegationtoken\",\"resourceSignature\":\"2cb327aea1a3008ff5871618be9eec6fd9804adffa51f703889b49d465a64635\",\"isAuditEnabled\":true,\"resources\":{\"delegationtoken\":{\"values\":[\"*\"],\"isExcludes\":false,\"isRecursive\":false}},\"policyItems\":[{\"accesses\":[{\"type\":\"describe\",\"isAllowed\":true}],\"users\":[\"cruisecontrol\",\"streamsmsgmgr\",\"kafka\",\"streamsrepmgr\"],\"groups\":[],\"roles\":[\"kafka_adm\"],\"conditions\":[],\"delegateAdmin\":true},{\"accesses\":[{\"type\":\"describe\",\"isAllowed\":true}],\"users\":[\"rangerlookup\"],\"groups\":[],\"roles\":[],\"conditions\":[],\"delegateAdmin\":false}],\"denyPolicyItems\":[],\"allowExceptions\":[],\"denyExceptions\":[],\"dataMaskPolicyItems\":[],\"rowFilterPolicyItems\":[],\"serviceType\":\"kafka\",\"options\":{},\"validitySchedules\":[],\"policyLabels\":[],\"zoneName\":\"\",\"isDenyAllElse\":false,\"id\":27,\"guid\":\"fb583824-6d8d-4078-bdfb-27c0b997cf6f\",\"isEnabled\":true,\"createdBy\":\"Admin\",\"updatedBy\":\"Admin\",\"createTime\":\"20220516-13:25:19.000-+0000\",\"updateTime\":\"20220516-13:25:19.000-+0000\",\"version\":1}',1),(28,'04084483-7713-45d8-99d0-f66a4f3b751f','2022-05-16 13:25:19','2022-05-16 13:25:19',1,1,1,8,'ATLAS_HOOK',0,'Policy for ATLAS_HOOK','62ab64de7a6f80b7218ea070cc18e4b814383a6556b1017572b566e244002ad9',1,1,NULL,0,'{\"service\":\"cm_kafka\",\"name\":\"ATLAS_HOOK\",\"policyPriority\":0,\"description\":\"Policy for ATLAS_HOOK\",\"resourceSignature\":\"62ab64de7a6f80b7218ea070cc18e4b814383a6556b1017572b566e244002ad9\",\"isAuditEnabled\":true,\"resources\":{\"topic\":{\"values\":[\"ATLAS_HOOK\"],\"isExcludes\":false,\"isRecursive\":false}},\"policyItems\":[{\"accesses\":[{\"type\":\"publish\",\"isAllowed\":true}],\"users\":[\"hbase\",\"hive\",\"impala\",\"mlgov\",\"nifi\"],\"groups\":[],\"roles\":[],\"conditions\":[],\"delegateAdmin\":false},{\"accesses\":[{\"type\":\"create\",\"isAllowed\":true},{\"type\":\"configure\",\"isAllowed\":true},{\"type\":\"consume\",\"isAllowed\":true},{\"type\":\"publish\",\"isAllowed\":true}],\"users\":[\"atlas\"],\"groups\":[],\"roles\":[],\"conditions\":[],\"delegateAdmin\":false}],\"denyPolicyItems\":[],\"allowExceptions\":[],\"denyExceptions\":[],\"dataMaskPolicyItems\":[],\"rowFilterPolicyItems\":[],\"options\":{},\"validitySchedules\":[],\"policyLabels\":[],\"isDenyAllElse\":false,\"isEnabled\":true,\"version\":1}',1),(29,'8d0d4928-f5f7-4044-9555-54d08b619725','2022-05-16 13:25:19','2022-05-16 13:25:19',1,1,1,8,'ATLAS_ENTITIES',0,'Policy for ATLAS_ENTITIES','1ccf2b90f80907376d4387b17c85a0c53f8ebc95ea0b8dd2db1043bf57f54975',1,1,NULL,0,'{\"service\":\"cm_kafka\",\"name\":\"ATLAS_ENTITIES\",\"policyPriority\":0,\"description\":\"Policy for ATLAS_ENTITIES\",\"resourceSignature\":\"1ccf2b90f80907376d4387b17c85a0c53f8ebc95ea0b8dd2db1043bf57f54975\",\"isAuditEnabled\":true,\"resources\":{\"topic\":{\"values\":[\"ATLAS_ENTITIES\"],\"isExcludes\":false,\"isRecursive\":false}},\"policyItems\":[{\"accesses\":[{\"type\":\"create\",\"isAllowed\":true},{\"type\":\"configure\",\"isAllowed\":true},{\"type\":\"publish\",\"isAllowed\":true}],\"users\":[\"atlas\"],\"groups\":[],\"roles\":[],\"conditions\":[],\"delegateAdmin\":false},{\"accesses\":[{\"type\":\"consume\",\"isAllowed\":true}],\"users\":[\"rangertagsync\"],\"groups\":[],\"roles\":[],\"conditions\":[],\"delegateAdmin\":false}],\"denyPolicyItems\":[],\"allowExceptions\":[],\"denyExceptions\":[],\"dataMaskPolicyItems\":[],\"rowFilterPolicyItems\":[],\"options\":{},\"validitySchedules\":[],\"policyLabels\":[],\"isDenyAllElse\":false,\"isEnabled\":true,\"version\":1}',1),(30,'cfa43f5f-06a2-470b-9bb9-6e48a8d7f35a','2022-05-16 13:25:19','2022-05-16 13:25:19',1,1,1,8,'ATLAS_SPARK_HOOK',0,'Policy for ATLAS_SPARK_HOOK','f66fbdb64a0413114c9e1575f265f6ca401b7349dd5f0060d513fd7294e49539',1,1,NULL,0,'{\"service\":\"cm_kafka\",\"name\":\"ATLAS_SPARK_HOOK\",\"policyPriority\":0,\"description\":\"Policy for ATLAS_SPARK_HOOK\",\"resourceSignature\":\"f66fbdb64a0413114c9e1575f265f6ca401b7349dd5f0060d513fd7294e49539\",\"isAuditEnabled\":true,\"resources\":{\"topic\":{\"values\":[\"ATLAS_SPARK_HOOK\"],\"isExcludes\":false,\"isRecursive\":false}},\"policyItems\":[{\"accesses\":[{\"type\":\"publish\",\"isAllowed\":true}],\"users\":[],\"groups\":[\"public\"],\"roles\":[],\"conditions\":[],\"delegateAdmin\":false},{\"accesses\":[{\"type\":\"create\",\"isAllowed\":true},{\"type\":\"configure\",\"isAllowed\":true},{\"type\":\"consume\",\"isAllowed\":true}],\"users\":[\"atlas\"],\"groups\":[],\"roles\":[],\"conditions\":[],\"delegateAdmin\":false}],\"denyPolicyItems\":[],\"allowExceptions\":[],\"denyExceptions\":[],\"dataMaskPolicyItems\":[],\"rowFilterPolicyItems\":[],\"options\":{},\"validitySchedules\":[],\"policyLabels\":[],\"isDenyAllElse\":false,\"isEnabled\":true,\"version\":1}',1),(31,'e262fba2-f7c0-4b85-9c06-354eaf0f3274','2022-05-16 13:25:19','2022-05-16 13:25:19',1,1,1,8,'atlas consumergroup',0,'Policy for atlas consumergroup','b0d89626d9a2152826dc5c7ec095c65ff0900b965d34842b7a315580492757ef',1,1,NULL,0,'{\"service\":\"cm_kafka\",\"name\":\"atlas consumergroup\",\"policyPriority\":0,\"description\":\"Policy for atlas consumergroup\",\"resourceSignature\":\"b0d89626d9a2152826dc5c7ec095c65ff0900b965d34842b7a315580492757ef\",\"isAuditEnabled\":true,\"resources\":{\"consumergroup\":{\"values\":[\"atlas\"],\"isExcludes\":false,\"isRecursive\":false}},\"policyItems\":[{\"accesses\":[{\"type\":\"consume\",\"isAllowed\":true},{\"type\":\"describe\",\"isAllowed\":true}],\"users\":[\"atlas\"],\"groups\":[],\"roles\":[],\"conditions\":[],\"delegateAdmin\":false}],\"denyPolicyItems\":[],\"allowExceptions\":[],\"denyExceptions\":[],\"dataMaskPolicyItems\":[],\"rowFilterPolicyItems\":[],\"options\":{},\"validitySchedules\":[],\"policyLabels\":[],\"isDenyAllElse\":false,\"isEnabled\":true,\"version\":1}',1),(32,'826104f1-6f64-4c60-80d4-c192c783cfa9','2022-05-16 13:25:19','2022-05-16 13:25:19',1,1,1,8,'ranger_entities_consumer consumergroup',0,'Policy for ranger_entities_consumer consumergroup','e054216c9589eb07a10034a2e7eb60da47b64cdad80e98aa2f180cbb5cc1b096',1,1,NULL,0,'{\"service\":\"cm_kafka\",\"name\":\"ranger_entities_consumer consumergroup\",\"policyPriority\":0,\"description\":\"Policy for ranger_entities_consumer consumergroup\",\"resourceSignature\":\"e054216c9589eb07a10034a2e7eb60da47b64cdad80e98aa2f180cbb5cc1b096\",\"isAuditEnabled\":true,\"resources\":{\"consumergroup\":{\"values\":[\"ranger_entities_consumer\"],\"isExcludes\":false,\"isRecursive\":false}},\"policyItems\":[{\"accesses\":[{\"type\":\"consume\",\"isAllowed\":true},{\"type\":\"describe\",\"isAllowed\":true}],\"users\":[\"rangertagsync\"],\"groups\":[],\"roles\":[],\"conditions\":[],\"delegateAdmin\":false}],\"denyPolicyItems\":[],\"allowExceptions\":[],\"denyExceptions\":[],\"dataMaskPolicyItems\":[],\"rowFilterPolicyItems\":[],\"options\":{},\"validitySchedules\":[],\"policyLabels\":[],\"isDenyAllElse\":false,\"isEnabled\":true,\"version\":1}',1),(33,'7c67fef5-1291-4f95-82c9-e1b09f724b34','2022-05-16 13:25:22','2022-05-18 10:10:28',1,24,2,9,'all - entity-type, entity-classification, entity, entity-business-metadata',0,'Policy for all - entity-type, entity-classification, entity, entity-business-metadata','cb3f8abd5d78dccb01af0eef1f16536ee021e91f3f67c04cc0abce3b3d74da07',1,1,NULL,0,'{\"service\":\"cm_atlas\",\"name\":\"all - entity-type, entity-classification, entity, entity-business-metadata\",\"policyType\":0,\"policyPriority\":0,\"description\":\"Policy for all - entity-type, entity-classification, entity, entity-business-metadata\",\"resourceSignature\":\"cb3f8abd5d78dccb01af0eef1f16536ee021e91f3f67c04cc0abce3b3d74da07\",\"isAuditEnabled\":true,\"resources\":{\"entity-type\":{\"values\":[\"*\"],\"isExcludes\":false,\"isRecursive\":false},\"entity-business-metadata\":{\"values\":[\"*\"],\"isExcludes\":false,\"isRecursive\":false},\"entity-classification\":{\"values\":[\"*\"],\"isExcludes\":false,\"isRecursive\":false},\"entity\":{\"values\":[\"*\"],\"isExcludes\":false,\"isRecursive\":false}},\"policyItems\":[{\"accesses\":[{\"type\":\"entity-update-business-metadata\",\"isAllowed\":true}],\"users\":[\"beacon\",\"dpprofiler\",\"admin\",\"nifi\",\"admin\"],\"groups\":[],\"roles\":[\"atlas_adm\"],\"conditions\":[],\"delegateAdmin\":true},{\"accesses\":[{\"type\":\"entity-read\",\"isAllowed\":true}],\"users\":[\"rangertagsync\"],\"groups\":[],\"roles\":[],\"conditions\":[],\"delegateAdmin\":false},{\"accesses\":[{\"type\":\"entity-read\",\"isAllowed\":true}],\"users\":[\"rangerlookup\"],\"groups\":[],\"roles\":[],\"conditions\":[],\"delegateAdmin\":false}],\"denyPolicyItems\":[],\"allowExceptions\":[],\"denyExceptions\":[],\"dataMaskPolicyItems\":[],\"rowFilterPolicyItems\":[],\"serviceType\":\"atlas\",\"options\":{},\"validitySchedules\":[],\"policyLabels\":[],\"zoneName\":\"\",\"isDenyAllElse\":false,\"id\":33,\"guid\":\"7c67fef5-1291-4f95-82c9-e1b09f724b34\",\"isEnabled\":true,\"createdBy\":\"Admin\",\"updatedBy\":\"Admin\",\"createTime\":\"20220516-13:25:22.000-+0000\",\"updateTime\":\"20220516-13:25:22.000-+0000\",\"version\":1}',1),(34,'c49258a1-ec02-4037-9329-5db56322fae6','2022-05-16 13:25:22','2022-05-18 10:10:59',1,24,2,9,'all - entity-type, entity-classification, entity',0,'Policy for all - entity-type, entity-classification, entity','cfa28062e015d86ccef9cae8c7deddf77f9e9b20d433efd86228ec6c5bd4bac9',1,1,NULL,0,'{\"service\":\"cm_atlas\",\"name\":\"all - entity-type, entity-classification, entity\",\"policyType\":0,\"policyPriority\":0,\"description\":\"Policy for all - entity-type, entity-classification, entity\",\"resourceSignature\":\"cfa28062e015d86ccef9cae8c7deddf77f9e9b20d433efd86228ec6c5bd4bac9\",\"isAuditEnabled\":true,\"resources\":{\"entity-type\":{\"values\":[\"*\"],\"isExcludes\":false,\"isRecursive\":false},\"entity-classification\":{\"values\":[\"*\"],\"isExcludes\":false,\"isRecursive\":false},\"entity\":{\"values\":[\"*\"],\"isExcludes\":false,\"isRecursive\":false}},\"policyItems\":[{\"accesses\":[{\"type\":\"entity-read\",\"isAllowed\":true},{\"type\":\"entity-create\",\"isAllowed\":true},{\"type\":\"entity-update\",\"isAllowed\":true},{\"type\":\"entity-delete\",\"isAllowed\":true},{\"type\":\"entity-add-classification\",\"isAllowed\":true},{\"type\":\"entity-update-classification\",\"isAllowed\":true},{\"type\":\"entity-remove-classification\",\"isAllowed\":true}],\"users\":[\"beacon\",\"dpprofiler\",\"admin\",\"nifi\",\"admin\"],\"groups\":[],\"roles\":[\"atlas_adm\"],\"conditions\":[],\"delegateAdmin\":true},{\"accesses\":[{\"type\":\"entity-read\",\"isAllowed\":true}],\"users\":[\"rangertagsync\"],\"groups\":[],\"roles\":[],\"conditions\":[],\"delegateAdmin\":false},{\"accesses\":[{\"type\":\"entity-read\",\"isAllowed\":true}],\"users\":[\"rangerlookup\"],\"groups\":[],\"roles\":[],\"conditions\":[],\"delegateAdmin\":false}],\"denyPolicyItems\":[],\"allowExceptions\":[],\"denyExceptions\":[],\"dataMaskPolicyItems\":[],\"rowFilterPolicyItems\":[],\"serviceType\":\"atlas\",\"options\":{},\"validitySchedules\":[],\"policyLabels\":[],\"zoneName\":\"\",\"isDenyAllElse\":false,\"id\":34,\"guid\":\"c49258a1-ec02-4037-9329-5db56322fae6\",\"isEnabled\":true,\"createdBy\":\"Admin\",\"updatedBy\":\"Admin\",\"createTime\":\"20220516-13:25:22.000-+0000\",\"updateTime\":\"20220516-13:25:22.000-+0000\",\"version\":1}',1),(35,'16e30a26-3b87-4c76-9f98-c3f9cb6f1684','2022-05-16 13:25:22','2022-05-18 10:11:24',1,24,2,9,'all - atlas-service',0,'Policy for all - atlas-service','18a7b8a5b4f223bf77aaf25c14f30d6461c60ec52cd44e8b89e6d13abc5bda19',1,1,NULL,0,'{\"service\":\"cm_atlas\",\"name\":\"all - atlas-service\",\"policyType\":0,\"policyPriority\":0,\"description\":\"Policy for all - atlas-service\",\"resourceSignature\":\"18a7b8a5b4f223bf77aaf25c14f30d6461c60ec52cd44e8b89e6d13abc5bda19\",\"isAuditEnabled\":true,\"resources\":{\"atlas-service\":{\"values\":[\"*\"],\"isExcludes\":false,\"isRecursive\":false}},\"policyItems\":[{\"accesses\":[{\"type\":\"admin-export\",\"isAllowed\":true},{\"type\":\"admin-import\",\"isAllowed\":true},{\"type\":\"admin-purge\",\"isAllowed\":true},{\"type\":\"admin-audits\",\"isAllowed\":true}],\"users\":[\"beacon\",\"dpprofiler\",\"admin\",\"nifi\",\"admin\"],\"groups\":[],\"roles\":[\"atlas_adm\"],\"conditions\":[],\"delegateAdmin\":true}],\"denyPolicyItems\":[],\"allowExceptions\":[],\"denyExceptions\":[],\"dataMaskPolicyItems\":[],\"rowFilterPolicyItems\":[],\"serviceType\":\"atlas\",\"options\":{},\"validitySchedules\":[],\"policyLabels\":[],\"zoneName\":\"\",\"isDenyAllElse\":false,\"id\":35,\"guid\":\"16e30a26-3b87-4c76-9f98-c3f9cb6f1684\",\"isEnabled\":true,\"createdBy\":\"Admin\",\"updatedBy\":\"Admin\",\"createTime\":\"20220516-13:25:22.000-+0000\",\"updateTime\":\"20220516-13:25:22.000-+0000\",\"version\":1}',1),(36,'828d46d8-ab5c-49b8-9e8d-6f35ccf7534b','2022-05-16 13:25:22','2022-05-18 10:11:43',1,24,2,9,'all - entity-type, entity-classification, entity, entity-label',0,'Policy for all - entity-type, entity-classification, entity, entity-label','4d06f528b81c404a528a63e158ec844daca5b4d2b985b47e65150e7a5b25235e',1,1,NULL,0,'{\"service\":\"cm_atlas\",\"name\":\"all - entity-type, entity-classification, entity, entity-label\",\"policyType\":0,\"policyPriority\":0,\"description\":\"Policy for all - entity-type, entity-classification, entity, entity-label\",\"resourceSignature\":\"4d06f528b81c404a528a63e158ec844daca5b4d2b985b47e65150e7a5b25235e\",\"isAuditEnabled\":true,\"resources\":{\"entity-type\":{\"values\":[\"*\"],\"isExcludes\":false,\"isRecursive\":false},\"entity-classification\":{\"values\":[\"*\"],\"isExcludes\":false,\"isRecursive\":false},\"entity-label\":{\"values\":[\"*\"],\"isExcludes\":false,\"isRecursive\":false},\"entity\":{\"values\":[\"*\"],\"isExcludes\":false,\"isRecursive\":false}},\"policyItems\":[{\"accesses\":[{\"type\":\"entity-add-label\",\"isAllowed\":true},{\"type\":\"entity-remove-label\",\"isAllowed\":true}],\"users\":[\"beacon\",\"dpprofiler\",\"admin\",\"nifi\",\"admin\"],\"groups\":[],\"roles\":[\"atlas_adm\"],\"conditions\":[],\"delegateAdmin\":true},{\"accesses\":[{\"type\":\"entity-read\",\"isAllowed\":true}],\"users\":[\"rangertagsync\"],\"groups\":[],\"roles\":[],\"conditions\":[],\"delegateAdmin\":false},{\"accesses\":[{\"type\":\"entity-read\",\"isAllowed\":true}],\"users\":[\"rangerlookup\"],\"groups\":[],\"roles\":[],\"conditions\":[],\"delegateAdmin\":false}],\"denyPolicyItems\":[],\"allowExceptions\":[],\"denyExceptions\":[],\"dataMaskPolicyItems\":[],\"rowFilterPolicyItems\":[],\"serviceType\":\"atlas\",\"options\":{},\"validitySchedules\":[],\"policyLabels\":[],\"zoneName\":\"\",\"isDenyAllElse\":false,\"id\":36,\"guid\":\"828d46d8-ab5c-49b8-9e8d-6f35ccf7534b\",\"isEnabled\":true,\"createdBy\":\"Admin\",\"updatedBy\":\"Admin\",\"createTime\":\"20220516-13:25:22.000-+0000\",\"updateTime\":\"20220516-13:25:22.000-+0000\",\"version\":1}',1),(37,'fb75336b-9e85-47ce-b8b8-11fd1338b689','2022-05-16 13:25:22','2022-05-18 10:12:10',1,24,2,9,'all - relationship-type, end-one-entity-type, end-one-entity-classification, end-one-entity, end-two-entity-type, end-two-entity-classification, end-two-entity',0,'Policy for all - relationship-type, end-one-entity-type, end-one-entity-classification, end-one-entity, end-two-entity-type, end-two-entity-classification, end-two-entity','61c3a6849c77a161330353551b6b0d9d4feef3f38914abdcaefd35f009b6e4d5',1,1,NULL,0,'{\"service\":\"cm_atlas\",\"name\":\"all - relationship-type, end-one-entity-type, end-one-entity-classification, end-one-entity, end-two-entity-type, end-two-entity-classification, end-two-entity\",\"policyType\":0,\"policyPriority\":0,\"description\":\"Policy for all - relationship-type, end-one-entity-type, end-one-entity-classification, end-one-entity, end-two-entity-type, end-two-entity-classification, end-two-entity\",\"resourceSignature\":\"61c3a6849c77a161330353551b6b0d9d4feef3f38914abdcaefd35f009b6e4d5\",\"isAuditEnabled\":true,\"resources\":{\"end-one-entity-classification\":{\"values\":[\"*\"],\"isExcludes\":false,\"isRecursive\":false},\"end-two-entity\":{\"values\":[\"*\"],\"isExcludes\":false,\"isRecursive\":false},\"end-two-entity-type\":{\"values\":[\"*\"],\"isExcludes\":false,\"isRecursive\":false},\"relationship-type\":{\"values\":[\"*\"],\"isExcludes\":false,\"isRecursive\":false},\"end-two-entity-classification\":{\"values\":[\"*\"],\"isExcludes\":false,\"isRecursive\":false},\"end-one-entity-type\":{\"values\":[\"*\"],\"isExcludes\":false,\"isRecursive\":false},\"end-one-entity\":{\"values\":[\"*\"],\"isExcludes\":false,\"isRecursive\":false}},\"policyItems\":[{\"accesses\":[{\"type\":\"add-relationship\",\"isAllowed\":true},{\"type\":\"update-relationship\",\"isAllowed\":true},{\"type\":\"remove-relationship\",\"isAllowed\":true}],\"users\":[\"beacon\",\"dpprofiler\",\"admin\",\"nifi\",\"admin\"],\"groups\":[],\"roles\":[\"atlas_adm\"],\"conditions\":[],\"delegateAdmin\":true}],\"denyPolicyItems\":[],\"allowExceptions\":[],\"denyExceptions\":[],\"dataMaskPolicyItems\":[],\"rowFilterPolicyItems\":[],\"serviceType\":\"atlas\",\"options\":{},\"validitySchedules\":[],\"policyLabels\":[],\"zoneName\":\"\",\"isDenyAllElse\":false,\"id\":37,\"guid\":\"fb75336b-9e85-47ce-b8b8-11fd1338b689\",\"isEnabled\":true,\"createdBy\":\"Admin\",\"updatedBy\":\"Admin\",\"createTime\":\"20220516-13:25:22.000-+0000\",\"updateTime\":\"20220516-13:25:22.000-+0000\",\"version\":1}',1),(38,'2b818801-beb2-4050-b558-ab52ffd13975','2022-05-16 13:25:22','2022-05-18 10:14:04',1,24,2,9,'all - type-category, type',0,'Policy for all - type-category, type','c200eb7817dbc41a8c7800802b3a558081a32da1d84231d836fa88a8294a9b54',1,1,NULL,0,'{\"service\":\"cm_atlas\",\"name\":\"all - type-category, type\",\"policyType\":0,\"policyPriority\":0,\"description\":\"Policy for all - type-category, type\",\"resourceSignature\":\"c200eb7817dbc41a8c7800802b3a558081a32da1d84231d836fa88a8294a9b54\",\"isAuditEnabled\":true,\"resources\":{\"type-category\":{\"values\":[\"*\"],\"isExcludes\":false,\"isRecursive\":false},\"type\":{\"values\":[\"*\"],\"isExcludes\":false,\"isRecursive\":false}},\"policyItems\":[{\"accesses\":[{\"type\":\"type-create\",\"isAllowed\":true},{\"type\":\"type-update\",\"isAllowed\":true},{\"type\":\"type-delete\",\"isAllowed\":true},{\"type\":\"type-read\",\"isAllowed\":true}],\"users\":[\"beacon\",\"dpprofiler\",\"admin\",\"nifi\",\"admin\"],\"groups\":[],\"roles\":[\"atlas_adm\"],\"conditions\":[],\"delegateAdmin\":true}],\"denyPolicyItems\":[],\"allowExceptions\":[],\"denyExceptions\":[],\"dataMaskPolicyItems\":[],\"rowFilterPolicyItems\":[],\"serviceType\":\"atlas\",\"options\":{},\"validitySchedules\":[],\"policyLabels\":[],\"zoneName\":\"\",\"isDenyAllElse\":false,\"id\":38,\"guid\":\"2b818801-beb2-4050-b558-ab52ffd13975\",\"isEnabled\":true,\"createdBy\":\"Admin\",\"updatedBy\":\"Admin\",\"createTime\":\"20220516-13:25:22.000-+0000\",\"updateTime\":\"20220516-13:25:22.000-+0000\",\"version\":1}',1),(39,'49580a09-250b-4e33-91c6-16c9231f697a','2022-05-16 13:25:22','2022-05-16 13:25:22',1,1,1,9,'Allow users to manage favorite searches',0,NULL,'fb8adb168966bcfb58305a6b7c0f2a772e27193fd73bb166f7b0cd54a99b32cd',1,1,NULL,0,'{\"service\":\"cm_atlas\",\"name\":\"Allow users to manage favorite searches\",\"policyPriority\":0,\"resourceSignature\":\"fb8adb168966bcfb58305a6b7c0f2a772e27193fd73bb166f7b0cd54a99b32cd\",\"isAuditEnabled\":true,\"resources\":{\"entity-type\":{\"values\":[\"__AtlasUserProfile\",\"__AtlasUserSavedSearch\"],\"isExcludes\":false,\"isRecursive\":false},\"entity-classification\":{\"values\":[\"*\"],\"isExcludes\":false,\"isRecursive\":false},\"entity\":{\"values\":[\"{USER}\",\"{USER}:*\"],\"isExcludes\":false,\"isRecursive\":false}},\"policyItems\":[{\"accesses\":[{\"type\":\"entity-read\",\"isAllowed\":true},{\"type\":\"entity-create\",\"isAllowed\":true},{\"type\":\"entity-update\",\"isAllowed\":true},{\"type\":\"entity-delete\",\"isAllowed\":true}],\"users\":[\"{USER}\"],\"groups\":[],\"roles\":[],\"conditions\":[],\"delegateAdmin\":false}],\"denyPolicyItems\":[],\"allowExceptions\":[],\"denyExceptions\":[],\"dataMaskPolicyItems\":[],\"rowFilterPolicyItems\":[],\"options\":{},\"validitySchedules\":[],\"policyLabels\":[],\"isDenyAllElse\":false,\"isEnabled\":true,\"version\":1}',1),(40,'2ad58bd5-ca0a-47b4-a255-d1b06b4ca87b','2022-05-16 13:25:25','2022-05-18 10:27:45',1,24,2,10,'all - collection',0,'Policy for all - collection','b2f44bc8981641c5afb20bb8561ede30c2a0211ab91818a975677fabf35e5b12',1,1,NULL,0,'{\"service\":\"cm_solr\",\"name\":\"all - collection\",\"policyType\":0,\"policyPriority\":0,\"description\":\"Policy for all - collection\",\"resourceSignature\":\"b2f44bc8981641c5afb20bb8561ede30c2a0211ab91818a975677fabf35e5b12\",\"isAuditEnabled\":true,\"resources\":{\"collection\":{\"values\":[\"*\"],\"isExcludes\":false,\"isRecursive\":false}},\"policyItems\":[{\"accesses\":[{\"type\":\"query\",\"isAllowed\":true},{\"type\":\"update\",\"isAllowed\":true},{\"type\":\"others\",\"isAllowed\":true},{\"type\":\"solr_admin\",\"isAllowed\":true}],\"users\":[\"atlas\",\"solr\",\"ranger\"],\"groups\":[],\"roles\":[\"solr_adm\"],\"conditions\":[],\"delegateAdmin\":true},{\"accesses\":[{\"type\":\"query\",\"isAllowed\":true}],\"users\":[\"rangerlookup\"],\"groups\":[],\"roles\":[],\"conditions\":[],\"delegateAdmin\":false}],\"denyPolicyItems\":[],\"allowExceptions\":[],\"denyExceptions\":[],\"dataMaskPolicyItems\":[],\"rowFilterPolicyItems\":[],\"serviceType\":\"solr\",\"options\":{},\"validitySchedules\":[],\"policyLabels\":[],\"zoneName\":\"\",\"isDenyAllElse\":false,\"id\":40,\"guid\":\"2ad58bd5-ca0a-47b4-a255-d1b06b4ca87b\",\"isEnabled\":true,\"createdBy\":\"Admin\",\"updatedBy\":\"Admin\",\"createTime\":\"20220516-13:25:25.000-+0000\",\"updateTime\":\"20220516-13:25:25.000-+0000\",\"version\":1}',1),(41,'8f3117ea-fd2b-4f29-a00a-b3199768e9f0','2022-05-16 13:25:25','2022-05-16 13:25:25',1,1,1,10,'RANGER_AUDITS_COLLECTION',0,'Policy for RANGER_AUDITS_COLLECTION','ae34ec4b148fe7a9b06ae03f93f6a95b4ea02664aa996660a9f2c181b7fb3854',1,1,NULL,0,'{\"service\":\"cm_solr\",\"name\":\"RANGER_AUDITS_COLLECTION\",\"policyPriority\":0,\"description\":\"Policy for RANGER_AUDITS_COLLECTION\",\"resourceSignature\":\"ae34ec4b148fe7a9b06ae03f93f6a95b4ea02664aa996660a9f2c181b7fb3854\",\"isAuditEnabled\":true,\"resources\":{\"collection\":{\"values\":[\"ranger_audits\"],\"isExcludes\":false,\"isRecursive\":false}},\"policyItems\":[{\"accesses\":[{\"type\":\"query\",\"isAllowed\":true},{\"type\":\"update\",\"isAllowed\":true},{\"type\":\"others\",\"isAllowed\":true}],\"users\":[\"hdfs\",\"hbase\",\"hive\",\"yarn\",\"knox\",\"storm\",\"kafka\",\"nifi\",\"nifiregistry\",\"impala\",\"keyadmin\",\"rangerraz\",\"streamsmsgmgr\",\"schemaregistry\"],\"groups\":[],\"roles\":[],\"conditions\":[],\"delegateAdmin\":false}],\"denyPolicyItems\":[],\"allowExceptions\":[],\"denyExceptions\":[],\"dataMaskPolicyItems\":[],\"rowFilterPolicyItems\":[],\"options\":{},\"validitySchedules\":[],\"policyLabels\":[],\"isDenyAllElse\":false,\"isEnabled\":true,\"version\":1}',1),(42,'47e138cb-42fb-4513-b0da-f4f7338b9dd8','2022-05-16 13:25:28','2022-05-16 13:25:28',1,1,1,11,'all - keyname',0,'Policy for all - keyname','43ba5ec899642b547c31144d1b915a0b8502b71fbff3216ec5733c7d6363cb2c',1,1,NULL,0,'{\"service\":\"cm_kms\",\"name\":\"all - keyname\",\"policyPriority\":0,\"description\":\"Policy for all - keyname\",\"resourceSignature\":\"43ba5ec899642b547c31144d1b915a0b8502b71fbff3216ec5733c7d6363cb2c\",\"isAuditEnabled\":true,\"resources\":{\"keyname\":{\"values\":[\"*\"],\"isExcludes\":false,\"isRecursive\":false}},\"policyItems\":[{\"accesses\":[{\"type\":\"create\",\"isAllowed\":true},{\"type\":\"delete\",\"isAllowed\":true},{\"type\":\"rollover\",\"isAllowed\":true},{\"type\":\"setkeymaterial\",\"isAllowed\":true},{\"type\":\"get\",\"isAllowed\":true},{\"type\":\"getkeys\",\"isAllowed\":true},{\"type\":\"getmetadata\",\"isAllowed\":true},{\"type\":\"generateeek\",\"isAllowed\":true},{\"type\":\"decrypteek\",\"isAllowed\":true}],\"users\":[\"keyadmin\",\"ranger\"],\"groups\":[],\"roles\":[],\"conditions\":[],\"delegateAdmin\":true},{\"accesses\":[{\"type\":\"get\",\"isAllowed\":true}],\"users\":[\"rangerlookup\",\"ranger\"],\"groups\":[],\"roles\":[],\"conditions\":[],\"delegateAdmin\":false},{\"accesses\":[{\"type\":\"getmetadata\",\"isAllowed\":true},{\"type\":\"generateeek\",\"isAllowed\":true}],\"users\":[\"hdfs\"],\"groups\":[],\"roles\":[],\"conditions\":[],\"delegateAdmin\":true},{\"accesses\":[{\"type\":\"getmetadata\",\"isAllowed\":true},{\"type\":\"decrypteek\",\"isAllowed\":true}],\"users\":[\"hive\"],\"groups\":[],\"roles\":[],\"conditions\":[],\"delegateAdmin\":true},{\"accesses\":[{\"type\":\"decrypteek\",\"isAllowed\":true}],\"users\":[\"hbase\"],\"groups\":[],\"roles\":[],\"conditions\":[],\"delegateAdmin\":true}],\"denyPolicyItems\":[],\"allowExceptions\":[],\"denyExceptions\":[],\"dataMaskPolicyItems\":[],\"rowFilterPolicyItems\":[],\"options\":{},\"validitySchedules\":[],\"policyLabels\":[],\"isDenyAllElse\":false,\"isEnabled\":true,\"version\":1}',1),(43,'34df02cf-7468-4796-865c-839721df3653','2022-05-16 14:10:19','2022-05-16 14:10:19',55,55,1,1,'access: ranger audit',0,'','8bb16f63a41d13be972dd701ddec86bc4722a268d3a32fb163fccf80912db4b3',1,1,NULL,0,'{\"service\":\"cm_hdfs\",\"name\":\"access: ranger audit\",\"policyType\":0,\"policyPriority\":0,\"description\":\"\",\"resourceSignature\":\"8bb16f63a41d13be972dd701ddec86bc4722a268d3a32fb163fccf80912db4b3\",\"isAuditEnabled\":true,\"resources\":{\"path\":{\"values\":[\"/ranger/audit\"],\"isExcludes\":false,\"isRecursive\":true}},\"policyItems\":[{\"accesses\":[{\"type\":\"read\",\"isAllowed\":true},{\"type\":\"write\",\"isAllowed\":true},{\"type\":\"execute\",\"isAllowed\":true}],\"users\":[\"atlas\",\"hbase\",\"hdfs\",\"impala\",\"kafka\",\"knox\",\"solr\",\"yarn\",\"hive\"],\"groups\":[],\"roles\":[],\"conditions\":[],\"delegateAdmin\":false}],\"denyPolicyItems\":[],\"allowExceptions\":[],\"denyExceptions\":[],\"dataMaskPolicyItems\":[],\"rowFilterPolicyItems\":[],\"options\":{},\"validitySchedules\":[],\"policyLabels\":[],\"isDenyAllElse\":false,\"isEnabled\":true,\"version\":1}',1),(44,'27b4923c-8d37-4725-8821-e0f854d9d912','2022-05-18 10:23:54','2022-05-18 10:23:54',24,24,1,1,'access: user directory',0,'','05d00b6f9281c6d18a2696cba2cbeccdbe47005c3aa0c4adf66ac1365113955f',1,1,NULL,0,'{\"service\":\"cm_hdfs\",\"name\":\"access: user directory\",\"policyType\":0,\"policyPriority\":0,\"description\":\"\",\"resourceSignature\":\"05d00b6f9281c6d18a2696cba2cbeccdbe47005c3aa0c4adf66ac1365113955f\",\"isAuditEnabled\":true,\"resources\":{\"path\":{\"values\":[\"/user/{USER}\"],\"isExcludes\":false,\"isRecursive\":true}},\"policyItems\":[{\"accesses\":[{\"type\":\"read\",\"isAllowed\":true},{\"type\":\"write\",\"isAllowed\":true},{\"type\":\"execute\",\"isAllowed\":true}],\"users\":[\"{USER}\"],\"groups\":[],\"roles\":[],\"conditions\":[],\"delegateAdmin\":false}],\"denyPolicyItems\":[],\"allowExceptions\":[],\"denyExceptions\":[],\"dataMaskPolicyItems\":[],\"rowFilterPolicyItems\":[],\"options\":{},\"validitySchedules\":[],\"policyLabels\":[],\"isDenyAllElse\":false,\"isEnabled\":true,\"version\":1}',1),(45,'aa15b339-8d61-4c21-814e-2225d3a90d88','2022-05-18 10:29:18','2022-05-18 10:29:18',24,24,1,4,'access: default queue',0,'','c8e62dfeca59b406f38b2e867a9b7fddc8b0b772f79b221b8638c563809087ea',1,1,NULL,0,'{\"service\":\"cm_yarn\",\"name\":\"access: default queue\",\"policyType\":0,\"policyPriority\":0,\"description\":\"\",\"resourceSignature\":\"c8e62dfeca59b406f38b2e867a9b7fddc8b0b772f79b221b8638c563809087ea\",\"isAuditEnabled\":true,\"resources\":{\"queue\":{\"values\":[\"root.default\"],\"isExcludes\":false,\"isRecursive\":true}},\"policyItems\":[{\"accesses\":[{\"type\":\"submit-app\",\"isAllowed\":true}],\"users\":[],\"groups\":[\"public\"],\"roles\":[],\"conditions\":[],\"delegateAdmin\":false}],\"denyPolicyItems\":[],\"allowExceptions\":[],\"denyExceptions\":[],\"dataMaskPolicyItems\":[],\"rowFilterPolicyItems\":[],\"options\":{},\"validitySchedules\":[],\"policyLabels\":[],\"isDenyAllElse\":false,\"isEnabled\":true,\"version\":1}',1);
/*!40000 ALTER TABLE `x_policy` ENABLE KEYS */;
UNLOCK TABLES;

--
-- Table structure for table `x_policy_change_log`
--

DROP TABLE IF EXISTS `x_policy_change_log`;
/*!40101 SET @saved_cs_client     = @@character_set_client */;
/*!40101 SET character_set_client = utf8 */;
CREATE TABLE `x_policy_change_log` (
  `id` bigint(20) NOT NULL AUTO_INCREMENT,
  `create_time` datetime DEFAULT NULL,
  `service_id` bigint(20) NOT NULL,
  `change_type` int(11) NOT NULL,
  `policy_version` bigint(20) NOT NULL DEFAULT 0,
  `service_type` varchar(256) DEFAULT NULL,
  `policy_type` int(11) DEFAULT NULL,
  `zone_name` varchar(256) DEFAULT NULL,
  `policy_id` bigint(20) DEFAULT NULL,
  PRIMARY KEY (`id`),
  UNIQUE KEY `x_policy_change_log_uk_service_id_policy_version` (`service_id`,`policy_version`),
  KEY `x_policy_change_log_IDX_service_id` (`service_id`),
  KEY `x_policy_change_log_IDX_policy_version` (`policy_version`)
) ENGINE=InnoDB AUTO_INCREMENT=94 DEFAULT CHARSET=utf8 ROW_FORMAT=DYNAMIC;
/*!40101 SET character_set_client = @saved_cs_client */;

--
-- Dumping data for table `x_policy_change_log`
--

LOCK TABLES `x_policy_change_log` WRITE;
/*!40000 ALTER TABLE `x_policy_change_log` DISABLE KEYS */;
INSERT INTO `x_policy_change_log` VALUES (1,'2022-05-16 13:25:01',2,0,2,'tag',0,'',3),(2,'2022-05-16 13:25:01',1,3,2,NULL,NULL,NULL,NULL),(3,'2022-05-16 13:25:01',1,0,3,'hdfs',0,'',1),(4,'2022-05-16 13:25:01',1,0,4,'hdfs',0,'',2),(5,'2022-05-16 13:25:04',3,0,2,'hbase',0,'',4),(6,'2022-05-16 13:25:04',3,0,3,'hbase',0,'',5),(7,'2022-05-16 13:25:06',4,0,2,'yarn',0,'',6),(8,'2022-05-16 13:25:10',5,0,2,'hive',0,'',7),(9,'2022-05-16 13:25:10',5,0,3,'hive',0,'',8),(10,'2022-05-16 13:25:10',5,0,4,'hive',0,'',9),(11,'2022-05-16 13:25:10',5,0,5,'hive',0,'',10),(12,'2022-05-16 13:25:10',5,0,6,'hive',0,'',11),(13,'2022-05-16 13:25:10',5,0,7,'hive',0,'',12),(14,'2022-05-16 13:25:10',5,0,8,'hive',0,'',13),(15,'2022-05-16 13:25:10',5,0,9,'hive',0,'',14),(16,'2022-05-16 13:25:10',5,0,10,'hive',0,'',15),(17,'2022-05-16 13:25:10',5,0,11,'hive',0,'',16),(18,'2022-05-16 13:25:12',6,0,2,'knox',0,'',17),(19,'2022-05-16 13:25:12',6,0,3,'knox',0,'',18),(20,'2022-05-16 13:25:16',7,0,2,'ozone',0,'',19),(21,'2022-05-16 13:25:16',7,0,3,'ozone',0,'',20),(22,'2022-05-16 13:25:16',7,0,4,'ozone',0,'',21),(23,'2022-05-16 13:25:16',7,0,5,'ozone',0,'',22),(24,'2022-05-16 13:25:19',8,0,2,'kafka',0,'',23),(25,'2022-05-16 13:25:19',8,0,3,'kafka',0,'',24),(26,'2022-05-16 13:25:19',8,0,4,'kafka',0,'',25),(27,'2022-05-16 13:25:19',8,0,5,'kafka',0,'',26),(28,'2022-05-16 13:25:19',8,0,6,'kafka',0,'',27),(29,'2022-05-16 13:25:19',8,0,7,'kafka',0,'',28),(30,'2022-05-16 13:25:19',8,0,8,'kafka',0,'',29),(31,'2022-05-16 13:25:19',8,0,9,'kafka',0,'',30),(32,'2022-05-16 13:25:19',8,0,10,'kafka',0,'',31),(33,'2022-05-16 13:25:19',8,0,11,'kafka',0,'',32),(34,'2022-05-16 13:25:22',9,0,2,'atlas',0,'',33),(35,'2022-05-16 13:25:22',9,0,3,'atlas',0,'',34),(36,'2022-05-16 13:25:22',9,0,4,'atlas',0,'',35),(37,'2022-05-16 13:25:22',9,0,5,'atlas',0,'',36),(38,'2022-05-16 13:25:22',9,0,6,'atlas',0,'',37),(39,'2022-05-16 13:25:22',9,0,7,'atlas',0,'',38),(40,'2022-05-16 13:25:22',9,0,8,'atlas',0,'',39),(41,'2022-05-16 13:25:25',10,0,2,'solr',0,'',40),(42,'2022-05-16 13:25:25',10,0,3,'solr',0,'',41),(43,'2022-05-16 13:25:28',11,0,2,'kms',0,'',42),(44,'2022-05-16 14:10:19',1,0,5,'hdfs',0,'',43),(45,'2022-05-17 12:34:36',1,5,6,NULL,NULL,NULL,NULL),(46,'2022-05-17 12:34:36',2,5,3,NULL,NULL,NULL,NULL),(47,'2022-05-17 12:34:36',3,5,4,NULL,NULL,NULL,NULL),(48,'2022-05-17 12:34:36',4,5,3,NULL,NULL,NULL,NULL),(49,'2022-05-17 12:34:36',5,5,12,NULL,NULL,NULL,NULL),(50,'2022-05-17 12:34:36',6,5,4,NULL,NULL,NULL,NULL),(51,'2022-05-17 12:34:36',7,5,6,NULL,NULL,NULL,NULL),(52,'2022-05-17 12:34:36',8,5,12,NULL,NULL,NULL,NULL),(53,'2022-05-17 12:34:36',9,5,9,NULL,NULL,NULL,NULL),(54,'2022-05-17 12:34:36',10,5,4,NULL,NULL,NULL,NULL),(55,'2022-05-17 12:34:36',11,5,3,NULL,NULL,NULL,NULL),(56,'2022-05-18 09:49:20',1,5,7,NULL,NULL,NULL,NULL),(57,'2022-05-18 09:49:20',2,5,4,NULL,NULL,NULL,NULL),(58,'2022-05-18 09:49:20',3,5,5,NULL,NULL,NULL,NULL),(59,'2022-05-18 09:49:20',4,5,4,NULL,NULL,NULL,NULL),(60,'2022-05-18 09:49:20',5,5,13,NULL,NULL,NULL,NULL),(61,'2022-05-18 09:49:20',6,5,5,NULL,NULL,NULL,NULL),(62,'2022-05-18 09:49:21',7,5,7,NULL,NULL,NULL,NULL),(63,'2022-05-18 09:49:21',8,5,13,NULL,NULL,NULL,NULL),(64,'2022-05-18 09:49:21',9,5,10,NULL,NULL,NULL,NULL),(65,'2022-05-18 09:49:21',10,5,5,NULL,NULL,NULL,NULL),(66,'2022-05-18 09:49:21',11,5,4,NULL,NULL,NULL,NULL),(67,'2022-05-18 10:10:28',9,1,11,'atlas',0,'',33),(68,'2022-05-18 10:10:59',9,1,12,'atlas',0,'',34),(69,'2022-05-18 10:11:24',9,1,13,'atlas',0,'',35),(70,'2022-05-18 10:11:43',9,1,14,'atlas',0,'',36),(71,'2022-05-18 10:12:10',9,1,15,'atlas',0,'',37),(72,'2022-05-18 10:14:04',9,1,16,'atlas',0,'',38),(73,'2022-05-18 10:16:09',5,1,14,'hive',0,'',7),(74,'2022-05-18 10:16:40',5,1,15,'hive',0,'',8),(75,'2022-05-18 10:17:24',5,1,16,'hive',0,'',9),(76,'2022-05-18 10:17:42',5,1,17,'hive',0,'',7),(77,'2022-05-18 10:18:00',5,1,18,'hive',0,'',10),(78,'2022-05-18 10:18:25',5,1,19,'hive',0,'',11),(79,'2022-05-18 10:19:07',5,1,20,'hive',0,'',12),(80,'2022-05-18 10:19:23',5,1,21,'hive',0,'',13),(81,'2022-05-18 10:19:41',5,1,22,'hive',0,'',14),(82,'2022-05-18 10:20:39',3,1,6,'hbase',0,'',4),(83,'2022-05-18 10:22:18',1,1,8,'hdfs',0,'',1),(84,'2022-05-18 10:23:54',1,0,9,'hdfs',0,'',44),(85,'2022-05-18 10:25:07',8,1,14,'kafka',0,'',23),(86,'2022-05-18 10:25:24',8,1,15,'kafka',0,'',24),(87,'2022-05-18 10:25:40',8,1,16,'kafka',0,'',25),(88,'2022-05-18 10:26:06',8,1,17,'kafka',0,'',26),(89,'2022-05-18 10:26:33',8,1,18,'kafka',0,'',27),(90,'2022-05-18 10:27:15',6,1,6,'knox',0,'',17),(91,'2022-05-18 10:27:45',10,1,6,'solr',0,'',40),(92,'2022-05-18 10:28:18',4,1,5,'yarn',0,'',6),(93,'2022-05-18 10:29:18',4,0,6,'yarn',0,'',45);
/*!40000 ALTER TABLE `x_policy_change_log` ENABLE KEYS */;
UNLOCK TABLES;

--
-- Table structure for table `x_policy_condition_def`
--

DROP TABLE IF EXISTS `x_policy_condition_def`;
/*!40101 SET @saved_cs_client     = @@character_set_client */;
/*!40101 SET character_set_client = utf8 */;
CREATE TABLE `x_policy_condition_def` (
  `id` bigint(20) NOT NULL AUTO_INCREMENT,
  `guid` varchar(1024) DEFAULT NULL,
  `create_time` datetime DEFAULT NULL,
  `update_time` datetime DEFAULT NULL,
  `added_by_id` bigint(20) DEFAULT NULL,
  `upd_by_id` bigint(20) DEFAULT NULL,
  `def_id` bigint(20) NOT NULL,
  `item_id` bigint(20) NOT NULL,
  `name` varchar(1024) DEFAULT NULL,
  `evaluator` varchar(1024) DEFAULT NULL,
  `evaluator_options` varchar(1024) DEFAULT NULL,
  `validation_reg_ex` varchar(1024) DEFAULT NULL,
  `validation_message` varchar(1024) DEFAULT NULL,
  `ui_hint` varchar(1024) DEFAULT NULL,
  `label` varchar(1024) DEFAULT NULL,
  `description` varchar(1024) DEFAULT NULL,
  `rb_key_label` varchar(1024) DEFAULT NULL,
  `rb_key_description` varchar(1024) DEFAULT NULL,
  `rb_key_validation_message` varchar(1024) DEFAULT NULL,
  `sort_order` int(11) DEFAULT 0,
  PRIMARY KEY (`id`),
  KEY `x_policy_condition_def_FK_defid` (`def_id`),
  KEY `x_policy_condition_def_FK_added_by_id` (`added_by_id`),
  KEY `x_policy_condition_def_FK_upd_by_id` (`upd_by_id`),
  CONSTRAINT `x_policy_condition_def_FK_added_by_id` FOREIGN KEY (`added_by_id`) REFERENCES `x_portal_user` (`id`),
  CONSTRAINT `x_policy_condition_def_FK_defid` FOREIGN KEY (`def_id`) REFERENCES `x_service_def` (`id`),
  CONSTRAINT `x_policy_condition_def_FK_upd_by_id` FOREIGN KEY (`upd_by_id`) REFERENCES `x_portal_user` (`id`)
) ENGINE=InnoDB AUTO_INCREMENT=8 DEFAULT CHARSET=utf8 ROW_FORMAT=DYNAMIC;
/*!40101 SET character_set_client = @saved_cs_client */;

--
-- Dumping data for table `x_policy_condition_def`
--

LOCK TABLES `x_policy_condition_def` WRITE;
/*!40000 ALTER TABLE `x_policy_condition_def` DISABLE KEYS */;
INSERT INTO `x_policy_condition_def` VALUES (1,NULL,'2022-05-16 13:24:00','2022-05-16 13:24:00',NULL,NULL,5,1,'ip-range','org.apache.ranger.plugin.conditionevaluator.RangerIpMatcher','{}','','','','IP Address Range','IP Address Range',NULL,NULL,NULL,0),(2,NULL,'2022-05-16 13:24:00','2022-05-16 13:24:01',NULL,NULL,9,1,'ip-range','org.apache.ranger.plugin.conditionevaluator.RangerIpMatcher','{}','','','','IP Address Range','IP Address Range',NULL,NULL,NULL,0),(3,NULL,'2022-05-16 13:24:01','2022-05-16 13:24:01',NULL,NULL,8,100,'ip-range','org.apache.ranger.plugin.conditionevaluator.RangerIpMatcher','{}','','','','IP Address Range','IP Address Range',NULL,NULL,NULL,0),(4,NULL,'2022-05-16 13:24:01','2022-05-16 13:24:01',NULL,NULL,202,1,'ip-range','org.apache.ranger.plugin.conditionevaluator.RangerIpMatcher','{}','','','','IP Address Range','IP Address Range',NULL,NULL,NULL,0),(5,NULL,'2022-05-16 13:24:01','2022-05-16 13:24:01',NULL,NULL,201,1,'ip-range','org.apache.ranger.plugin.conditionevaluator.RangerIpMatcher','{}','','','','IP Address Range','IP Address Range',NULL,NULL,NULL,0),(6,NULL,'2022-05-16 13:24:02','2022-05-16 13:24:10',NULL,NULL,100,1,'accessed-after-expiry','org.apache.ranger.plugin.conditionevaluator.RangerScriptTemplateConditionEvaluator','{\"scriptTemplate\":\"ctx.isAccessedAfter(\'expiry_date\');\"}',NULL,NULL,'{ \"singleValue\":true }','Accessed after expiry_date (yes/no)?','Accessed after expiry_date? (yes/no)',NULL,NULL,NULL,0),(7,NULL,'2022-05-16 13:24:02','2022-05-16 13:24:10',NULL,NULL,100,2,'expression','org.apache.ranger.plugin.conditionevaluator.RangerScriptConditionEvaluator','{\"engineName\":\"JavaScript\",\"ui.isMultiline\":\"true\"}',NULL,NULL,NULL,'Enter boolean expression','Boolean expression',NULL,NULL,NULL,1);
/*!40000 ALTER TABLE `x_policy_condition_def` ENABLE KEYS */;
UNLOCK TABLES;

--
-- Table structure for table `x_policy_export_audit`
--

DROP TABLE IF EXISTS `x_policy_export_audit`;
/*!40101 SET @saved_cs_client     = @@character_set_client */;
/*!40101 SET character_set_client = utf8 */;
CREATE TABLE `x_policy_export_audit` (
  `id` bigint(20) NOT NULL AUTO_INCREMENT,
  `create_time` datetime DEFAULT NULL,
  `update_time` datetime DEFAULT NULL,
  `added_by_id` bigint(20) DEFAULT NULL,
  `upd_by_id` bigint(20) DEFAULT NULL,
  `client_ip` varchar(255) NOT NULL,
  `agent_id` varchar(255) DEFAULT NULL,
  `req_epoch` bigint(20) NOT NULL,
  `last_updated` datetime DEFAULT NULL,
  `repository_name` varchar(1024) DEFAULT NULL,
  `exported_json` text DEFAULT NULL,
  `http_ret_code` int(11) NOT NULL DEFAULT 0,
  `cluster_name` varchar(255) DEFAULT NULL,
  `zone_name` varchar(255) DEFAULT NULL,
  `policy_version` bigint(20) DEFAULT NULL,
  PRIMARY KEY (`id`),
  KEY `x_policy_export_audit_FK_added_by_id` (`added_by_id`),
  KEY `x_policy_export_audit_FK_upd_by_id` (`upd_by_id`),
  KEY `x_policy_export_audit_cr_time` (`create_time`),
  KEY `x_policy_export_audit_up_time` (`update_time`),
  CONSTRAINT `x_policy_export_audit_FK_added_by_id` FOREIGN KEY (`added_by_id`) REFERENCES `x_portal_user` (`id`),
  CONSTRAINT `x_policy_export_audit_FK_upd_by_id` FOREIGN KEY (`upd_by_id`) REFERENCES `x_portal_user` (`id`)
) ENGINE=InnoDB AUTO_INCREMENT=151 DEFAULT CHARSET=utf8 ROW_FORMAT=DYNAMIC;
/*!40101 SET character_set_client = @saved_cs_client */;

--
-- Dumping data for table `x_policy_export_audit`
--

LOCK TABLES `x_policy_export_audit` WRITE;
/*!40000 ALTER TABLE `x_policy_export_audit` DISABLE KEYS */;
INSERT INTO `x_policy_export_audit` VALUES (1,'2022-05-16 13:27:30','2022-05-16 13:27:30',58,58,'10.0.0.102','hdfs@master-2.example.com-cm_hdfs',-1,NULL,'cm_hdfs',NULL,200,'Cluster1','',NULL),(2,'2022-05-16 13:27:32','2022-05-16 13:27:32',58,58,'10.0.0.102','hdfs@master-2.example.com-cm_hive',-1,NULL,'cm_hive',NULL,200,'Cluster1','',NULL),(3,'2022-05-16 13:28:22','2022-05-16 13:28:22',58,58,'10.0.0.101','hdfs@master-1.example.com-cm_hdfs',-1,NULL,'cm_hdfs',NULL,200,'Cluster1','',NULL),(4,'2022-05-16 13:28:23','2022-05-16 13:28:23',58,58,'10.0.0.101','hdfs@master-1.example.com-cm_hive',-1,NULL,'cm_hive',NULL,200,'Cluster1','',NULL),(5,'2022-05-16 13:30:08','2022-05-16 13:30:08',49,49,'10.0.0.102','solr@master-2.example.com-cm_solr',-1,NULL,'cm_solr',NULL,200,'Cluster1','',NULL),(6,'2022-05-16 13:31:05','2022-05-16 13:31:05',51,51,'10.0.0.101','hbaseMaster@master-1.example.com-cm_hbase',-1,NULL,'cm_hbase',NULL,200,'Cluster1','',NULL),(7,'2022-05-16 13:31:10','2022-05-16 13:31:10',51,51,'10.0.0.104','hbaseRegional@worker-1.example.com-cm_hbase',-1,NULL,'cm_hbase',NULL,200,'Cluster1','',NULL),(8,'2022-05-16 13:31:10','2022-05-16 13:31:10',51,51,'10.0.0.106','hbaseRegional@worker-3.example.com-cm_hbase',-1,NULL,'cm_hbase',NULL,200,'Cluster1','',NULL),(9,'2022-05-16 13:31:10','2022-05-16 13:31:10',51,51,'10.0.0.105','hbaseRegional@worker-2.example.com-cm_hbase',-1,NULL,'cm_hbase',NULL,200,'Cluster1','',NULL),(10,'2022-05-16 13:31:18','2022-05-16 13:31:18',23,23,'10.0.0.106','kafka@worker-3.example.com-cm_kafka',-1,NULL,'cm_kafka',NULL,200,'Cluster1','',NULL),(11,'2022-05-16 13:31:18','2022-05-16 13:31:18',23,23,'10.0.0.105','kafka@worker-2.example.com-cm_kafka',-1,NULL,'cm_kafka',NULL,200,'Cluster1','',NULL),(12,'2022-05-16 13:31:19','2022-05-16 13:31:19',23,23,'10.0.0.104','kafka@worker-1.example.com-cm_kafka',-1,NULL,'cm_kafka',NULL,200,'Cluster1','',NULL),(13,'2022-05-16 13:33:26','2022-05-16 13:33:26',61,61,'10.0.0.101','yarn@master-1.example.com-cm_yarn',-1,NULL,'cm_yarn',NULL,200,'Cluster1','',NULL),(14,'2022-05-16 13:35:01','2022-05-16 13:35:01',5,5,'10.0.0.103','atlas@master-3.example.com-cm_atlas',-1,NULL,'cm_atlas',NULL,200,'Cluster1','',NULL),(15,'2022-05-16 13:37:46','2022-05-16 13:37:46',29,29,'10.0.0.102','hiveServer2@master-2.example.com-cm_hive',-1,NULL,'cm_hive',NULL,200,'Cluster1','',NULL),(16,'2022-05-16 13:38:00','2022-05-16 13:38:00',29,29,'10.0.0.102','hiveMetastore@master-2.example.com-cm_hive',-1,NULL,'cm_hive',NULL,200,'Cluster1','',NULL),(17,'2022-05-16 13:38:14','2022-05-16 13:38:14',17,17,'10.0.0.104','impala@worker-1.example.com-cm_hive',-1,NULL,'cm_hive',NULL,200,'Cluster1','',NULL),(18,'2022-05-16 13:38:15','2022-05-16 13:38:15',17,17,'10.0.0.106','impala@worker-3.example.com-cm_hive',-1,NULL,'cm_hive',NULL,200,'Cluster1','',NULL),(19,'2022-05-16 13:38:22','2022-05-16 13:38:22',17,17,'10.0.0.102','impala@master-2.example.com-cm_hive',-1,NULL,'cm_hive',NULL,200,'Cluster1','',NULL),(20,'2022-05-16 13:38:24','2022-05-16 13:38:24',17,17,'10.0.0.105','impala@worker-2.example.com-cm_hive',-1,NULL,'cm_hive',NULL,200,'Cluster1','',NULL),(21,'2022-05-16 14:10:23','2022-05-16 14:10:23',58,58,'10.0.0.101','hdfs@master-1.example.com-cm_hdfs',4,NULL,'cm_hdfs',NULL,200,'Cluster1','',NULL),(22,'2022-05-16 14:10:31','2022-05-16 14:10:31',58,58,'10.0.0.102','hdfs@master-2.example.com-cm_hdfs',4,NULL,'cm_hdfs',NULL,200,'Cluster1','',NULL),(23,'2022-05-17 12:34:44','2022-05-17 12:34:44',61,61,'10.0.0.101','yarn@master-1.example.com-cm_yarn',-1,NULL,'cm_yarn',NULL,200,'Cluster1','',NULL),(24,'2022-05-17 12:34:45','2022-05-17 12:34:45',51,51,'10.0.0.106','hbaseRegional@worker-3.example.com-cm_hbase',-1,NULL,'cm_hbase',NULL,200,'Cluster1','',NULL),(25,'2022-05-17 12:34:45','2022-05-17 12:34:45',51,51,'10.0.0.105','hbaseRegional@worker-2.example.com-cm_hbase',-1,NULL,'cm_hbase',NULL,200,'Cluster1','',NULL),(26,'2022-05-17 12:34:45','2022-05-17 12:34:45',51,51,'10.0.0.104','hbaseRegional@worker-1.example.com-cm_hbase',-1,NULL,'cm_hbase',NULL,200,'Cluster1','',NULL),(27,'2022-05-17 12:34:45','2022-05-17 12:34:45',49,49,'10.0.0.102','solr@master-2.example.com-cm_solr',-1,NULL,'cm_solr',NULL,200,'Cluster1','',NULL),(28,'2022-05-17 12:34:45','2022-05-17 12:34:45',17,17,'10.0.0.104','impala@worker-1.example.com-cm_hive',-1,NULL,'cm_hive',NULL,200,'Cluster1','',NULL),(29,'2022-05-17 12:34:45','2022-05-17 12:34:45',17,17,'10.0.0.106','impala@worker-3.example.com-cm_hive',-1,NULL,'cm_hive',NULL,200,'Cluster1','',NULL),(30,'2022-05-17 12:34:45','2022-05-17 12:34:45',17,17,'10.0.0.105','impala@worker-2.example.com-cm_hive',-1,NULL,'cm_hive',NULL,200,'Cluster1','',NULL),(31,'2022-05-17 12:34:45','2022-05-17 12:34:45',58,58,'10.0.0.101','hdfs@master-1.example.com-cm_hdfs',-1,NULL,'cm_hdfs',NULL,200,'Cluster1','',NULL),(32,'2022-05-17 12:34:45','2022-05-17 12:34:45',58,58,'10.0.0.102','hdfs@master-2.example.com-cm_hdfs',-1,NULL,'cm_hdfs',NULL,200,'Cluster1','',NULL),(33,'2022-05-17 12:34:48','2022-05-17 12:34:48',58,58,'10.0.0.101','hdfs@master-1.example.com-cm_hive',-1,NULL,'cm_hive',NULL,200,'Cluster1','',NULL),(34,'2022-05-17 12:34:48','2022-05-17 12:34:48',58,58,'10.0.0.102','hdfs@master-2.example.com-cm_hive',-1,NULL,'cm_hive',NULL,200,'Cluster1','',NULL),(35,'2022-05-17 12:34:56','2022-05-17 12:34:56',29,29,'10.0.0.102','hiveMetastore@master-2.example.com-cm_hive',-1,NULL,'cm_hive',NULL,200,'Cluster1','',NULL),(36,'2022-05-17 12:35:13','2022-05-17 12:35:13',23,23,'10.0.0.106','kafka@worker-3.example.com-cm_kafka',-1,NULL,'cm_kafka',NULL,200,'Cluster1','',NULL),(37,'2022-05-17 12:35:13','2022-05-17 12:35:13',23,23,'10.0.0.104','kafka@worker-1.example.com-cm_kafka',-1,NULL,'cm_kafka',NULL,200,'Cluster1','',NULL),(38,'2022-05-17 12:35:14','2022-05-17 12:35:14',23,23,'10.0.0.105','kafka@worker-2.example.com-cm_kafka',-1,NULL,'cm_kafka',NULL,200,'Cluster1','',NULL),(39,'2022-05-17 12:35:15','2022-05-17 12:35:15',17,17,'10.0.0.102','impala@master-2.example.com-cm_hive',11,NULL,'cm_hive',NULL,200,'Cluster1','',NULL),(40,'2022-05-17 12:35:29','2022-05-17 12:35:29',29,29,'10.0.0.102','hiveServer2@master-2.example.com-cm_hive',-1,NULL,'cm_hive',NULL,200,'Cluster1','',NULL),(41,'2022-05-17 12:35:37','2022-05-17 12:35:37',51,51,'10.0.0.101','hbaseMaster@master-1.example.com-cm_hbase',-1,NULL,'cm_hbase',NULL,200,'Cluster1','',NULL),(42,'2022-05-17 12:37:05','2022-05-17 12:37:05',5,5,'10.0.0.103','atlas@master-3.example.com-cm_atlas',-1,NULL,'cm_atlas',NULL,200,'Cluster1','',NULL),(43,'2022-05-18 09:49:28','2022-05-18 09:49:28',61,61,'10.0.0.101','yarn@master-1.example.com-cm_yarn',-1,NULL,'cm_yarn',NULL,200,'Cluster1','',NULL),(44,'2022-05-18 09:49:28','2022-05-18 09:49:28',49,49,'10.0.0.102','solr@master-2.example.com-cm_solr',-1,NULL,'cm_solr',NULL,200,'Cluster1','',NULL),(45,'2022-05-18 09:49:28','2022-05-18 09:49:28',51,51,'10.0.0.106','hbaseRegional@worker-3.example.com-cm_hbase',-1,NULL,'cm_hbase',NULL,200,'Cluster1','',NULL),(46,'2022-05-18 09:49:28','2022-05-18 09:49:28',17,17,'10.0.0.105','impala@worker-2.example.com-cm_hive',-1,NULL,'cm_hive',NULL,200,'Cluster1','',NULL),(47,'2022-05-18 09:49:28','2022-05-18 09:49:28',17,17,'10.0.0.104','impala@worker-1.example.com-cm_hive',-1,NULL,'cm_hive',NULL,200,'Cluster1','',NULL),(48,'2022-05-18 09:49:28','2022-05-18 09:49:28',51,51,'10.0.0.105','hbaseRegional@worker-2.example.com-cm_hbase',-1,NULL,'cm_hbase',NULL,200,'Cluster1','',NULL),(49,'2022-05-18 09:49:28','2022-05-18 09:49:28',17,17,'10.0.0.106','impala@worker-3.example.com-cm_hive',-1,NULL,'cm_hive',NULL,200,'Cluster1','',NULL),(50,'2022-05-18 09:49:28','2022-05-18 09:49:28',17,17,'10.0.0.102','impala@master-2.example.com-cm_hive',-1,NULL,'cm_hive',NULL,200,'Cluster1','',NULL),(51,'2022-05-18 09:49:28','2022-05-18 09:49:28',51,51,'10.0.0.104','hbaseRegional@worker-1.example.com-cm_hbase',-1,NULL,'cm_hbase',NULL,200,'Cluster1','',NULL),(52,'2022-05-18 09:49:29','2022-05-18 09:49:29',58,58,'10.0.0.102','hdfs@master-2.example.com-cm_hdfs',-1,NULL,'cm_hdfs',NULL,200,'Cluster1','',NULL),(53,'2022-05-18 09:49:29','2022-05-18 09:49:29',58,58,'10.0.0.101','hdfs@master-1.example.com-cm_hdfs',-1,NULL,'cm_hdfs',NULL,200,'Cluster1','',NULL),(54,'2022-05-18 09:49:31','2022-05-18 09:49:31',58,58,'10.0.0.101','hdfs@master-1.example.com-cm_hive',-1,NULL,'cm_hive',NULL,200,'Cluster1','',NULL),(55,'2022-05-18 09:49:32','2022-05-18 09:49:32',58,58,'10.0.0.102','hdfs@master-2.example.com-cm_hive',-1,NULL,'cm_hive',NULL,200,'Cluster1','',NULL),(56,'2022-05-18 09:49:40','2022-05-18 09:49:40',29,29,'10.0.0.102','hiveMetastore@master-2.example.com-cm_hive',-1,NULL,'cm_hive',NULL,200,'Cluster1','',NULL),(57,'2022-05-18 09:49:55','2022-05-18 09:49:55',23,23,'10.0.0.104','kafka@worker-1.example.com-cm_kafka',-1,NULL,'cm_kafka',NULL,200,'Cluster1','',NULL),(58,'2022-05-18 09:49:55','2022-05-18 09:49:55',23,23,'10.0.0.105','kafka@worker-2.example.com-cm_kafka',-1,NULL,'cm_kafka',NULL,200,'Cluster1','',NULL),(59,'2022-05-18 09:49:56','2022-05-18 09:49:56',23,23,'10.0.0.106','kafka@worker-3.example.com-cm_kafka',-1,NULL,'cm_kafka',NULL,200,'Cluster1','',NULL),(60,'2022-05-18 09:50:12','2022-05-18 09:50:12',29,29,'10.0.0.102','hiveServer2@master-2.example.com-cm_hive',-1,NULL,'cm_hive',NULL,200,'Cluster1','',NULL),(61,'2022-05-18 09:50:19','2022-05-18 09:50:19',51,51,'10.0.0.101','hbaseMaster@master-1.example.com-cm_hbase',-1,NULL,'cm_hbase',NULL,200,'Cluster1','',NULL),(62,'2022-05-18 09:51:49','2022-05-18 09:51:49',5,5,'10.0.0.103','atlas@master-3.example.com-cm_atlas',-1,NULL,'cm_atlas',NULL,200,'Cluster1','',NULL),(63,'2022-05-18 10:01:31','2022-05-18 10:01:31',58,58,'10.0.0.102','hdfs@master-2.example.com-cm_hdfs',-1,NULL,'cm_hdfs',NULL,200,'Cluster1','',NULL),(64,'2022-05-18 10:01:33','2022-05-18 10:01:33',58,58,'10.0.0.102','hdfs@master-2.example.com-cm_hive',-1,NULL,'cm_hive',NULL,200,'Cluster1','',NULL),(65,'2022-05-18 10:03:05','2022-05-18 10:03:05',58,58,'10.0.0.101','hdfs@master-1.example.com-cm_hdfs',-1,NULL,'cm_hdfs',NULL,200,'Cluster1','',NULL),(66,'2022-05-18 10:03:06','2022-05-18 10:03:06',58,58,'10.0.0.101','hdfs@master-1.example.com-cm_hive',-1,NULL,'cm_hive',NULL,200,'Cluster1','',NULL),(67,'2022-05-18 10:10:50','2022-05-18 10:10:50',5,5,'10.0.0.103','atlas@master-3.example.com-cm_atlas',10,NULL,'cm_atlas',NULL,200,'Cluster1','',NULL),(68,'2022-05-18 10:11:20','2022-05-18 10:11:20',5,5,'10.0.0.103','atlas@master-3.example.com-cm_atlas',11,NULL,'cm_atlas',NULL,200,'Cluster1','',NULL),(69,'2022-05-18 10:11:50','2022-05-18 10:11:50',5,5,'10.0.0.103','atlas@master-3.example.com-cm_atlas',12,NULL,'cm_atlas',NULL,200,'Cluster1','',NULL),(70,'2022-05-18 10:12:20','2022-05-18 10:12:20',5,5,'10.0.0.103','atlas@master-3.example.com-cm_atlas',14,NULL,'cm_atlas',NULL,200,'Cluster1','',NULL),(71,'2022-05-18 10:14:20','2022-05-18 10:14:20',5,5,'10.0.0.103','atlas@master-3.example.com-cm_atlas',15,NULL,'cm_atlas',NULL,200,'Cluster1','',NULL),(72,'2022-05-18 10:16:12','2022-05-18 10:16:12',29,29,'10.0.0.102','hiveMetastore@master-2.example.com-cm_hive',13,NULL,'cm_hive',NULL,200,'Cluster1','',NULL),(73,'2022-05-18 10:16:14','2022-05-18 10:16:14',29,29,'10.0.0.102','hiveServer2@master-2.example.com-cm_hive',13,NULL,'cm_hive',NULL,200,'Cluster1','',NULL),(74,'2022-05-18 10:16:32','2022-05-18 10:16:32',17,17,'10.0.0.102','impala@master-2.example.com-cm_hive',13,NULL,'cm_hive',NULL,200,'Cluster1','',NULL),(75,'2022-05-18 10:16:33','2022-05-18 10:16:33',17,17,'10.0.0.104','impala@worker-1.example.com-cm_hive',13,NULL,'cm_hive',NULL,200,'Cluster1','',NULL),(76,'2022-05-18 10:16:33','2022-05-18 10:16:33',17,17,'10.0.0.105','impala@worker-2.example.com-cm_hive',13,NULL,'cm_hive',NULL,200,'Cluster1','',NULL),(77,'2022-05-18 10:16:33','2022-05-18 10:16:33',58,58,'10.0.0.102','hdfs@master-2.example.com-cm_hive',13,NULL,'cm_hive',NULL,200,'Cluster1','',NULL),(78,'2022-05-18 10:16:34','2022-05-18 10:16:34',17,17,'10.0.0.106','impala@worker-3.example.com-cm_hive',13,NULL,'cm_hive',NULL,200,'Cluster1','',NULL),(79,'2022-05-18 10:16:36','2022-05-18 10:16:36',58,58,'10.0.0.101','hdfs@master-1.example.com-cm_hive',13,NULL,'cm_hive',NULL,200,'Cluster1','',NULL),(80,'2022-05-18 10:16:42','2022-05-18 10:16:42',29,29,'10.0.0.102','hiveMetastore@master-2.example.com-cm_hive',14,NULL,'cm_hive',NULL,200,'Cluster1','',NULL),(81,'2022-05-18 10:16:44','2022-05-18 10:16:44',29,29,'10.0.0.102','hiveServer2@master-2.example.com-cm_hive',14,NULL,'cm_hive',NULL,200,'Cluster1','',NULL),(82,'2022-05-18 10:17:02','2022-05-18 10:17:02',17,17,'10.0.0.102','impala@master-2.example.com-cm_hive',14,NULL,'cm_hive',NULL,200,'Cluster1','',NULL),(83,'2022-05-18 10:17:03','2022-05-18 10:17:03',17,17,'10.0.0.104','impala@worker-1.example.com-cm_hive',14,NULL,'cm_hive',NULL,200,'Cluster1','',NULL),(84,'2022-05-18 10:17:03','2022-05-18 10:17:03',17,17,'10.0.0.105','impala@worker-2.example.com-cm_hive',14,NULL,'cm_hive',NULL,200,'Cluster1','',NULL),(85,'2022-05-18 10:17:03','2022-05-18 10:17:03',58,58,'10.0.0.102','hdfs@master-2.example.com-cm_hive',14,NULL,'cm_hive',NULL,200,'Cluster1','',NULL),(86,'2022-05-18 10:17:04','2022-05-18 10:17:04',17,17,'10.0.0.106','impala@worker-3.example.com-cm_hive',14,NULL,'cm_hive',NULL,200,'Cluster1','',NULL),(87,'2022-05-18 10:17:06','2022-05-18 10:17:06',58,58,'10.0.0.101','hdfs@master-1.example.com-cm_hive',14,NULL,'cm_hive',NULL,200,'Cluster1','',NULL),(88,'2022-05-18 10:17:32','2022-05-18 10:17:32',17,17,'10.0.0.102','impala@master-2.example.com-cm_hive',15,NULL,'cm_hive',NULL,200,'Cluster1','',NULL),(89,'2022-05-18 10:17:33','2022-05-18 10:17:33',17,17,'10.0.0.104','impala@worker-1.example.com-cm_hive',15,NULL,'cm_hive',NULL,200,'Cluster1','',NULL),(90,'2022-05-18 10:17:33','2022-05-18 10:17:33',17,17,'10.0.0.105','impala@worker-2.example.com-cm_hive',15,NULL,'cm_hive',NULL,200,'Cluster1','',NULL),(91,'2022-05-18 10:17:33','2022-05-18 10:17:33',58,58,'10.0.0.102','hdfs@master-2.example.com-cm_hive',15,NULL,'cm_hive',NULL,200,'Cluster1','',NULL),(92,'2022-05-18 10:17:34','2022-05-18 10:17:34',17,17,'10.0.0.106','impala@worker-3.example.com-cm_hive',15,NULL,'cm_hive',NULL,200,'Cluster1','',NULL),(93,'2022-05-18 10:17:36','2022-05-18 10:17:36',58,58,'10.0.0.101','hdfs@master-1.example.com-cm_hive',15,NULL,'cm_hive',NULL,200,'Cluster1','',NULL),(94,'2022-05-18 10:17:42','2022-05-18 10:17:42',29,29,'10.0.0.102','hiveMetastore@master-2.example.com-cm_hive',15,NULL,'cm_hive',NULL,200,'Cluster1','',NULL),(95,'2022-05-18 10:17:44','2022-05-18 10:17:44',29,29,'10.0.0.102','hiveServer2@master-2.example.com-cm_hive',15,NULL,'cm_hive',NULL,200,'Cluster1','',NULL),(96,'2022-05-18 10:18:02','2022-05-18 10:18:02',17,17,'10.0.0.102','impala@master-2.example.com-cm_hive',16,NULL,'cm_hive',NULL,200,'Cluster1','',NULL),(97,'2022-05-18 10:18:03','2022-05-18 10:18:03',17,17,'10.0.0.104','impala@worker-1.example.com-cm_hive',16,NULL,'cm_hive',NULL,200,'Cluster1','',NULL),(98,'2022-05-18 10:18:03','2022-05-18 10:18:03',17,17,'10.0.0.105','impala@worker-2.example.com-cm_hive',16,NULL,'cm_hive',NULL,200,'Cluster1','',NULL),(99,'2022-05-18 10:18:03','2022-05-18 10:18:03',58,58,'10.0.0.102','hdfs@master-2.example.com-cm_hive',16,NULL,'cm_hive',NULL,200,'Cluster1','',NULL),(100,'2022-05-18 10:18:04','2022-05-18 10:18:04',17,17,'10.0.0.106','impala@worker-3.example.com-cm_hive',16,NULL,'cm_hive',NULL,200,'Cluster1','',NULL),(101,'2022-05-18 10:18:06','2022-05-18 10:18:06',58,58,'10.0.0.101','hdfs@master-1.example.com-cm_hive',16,NULL,'cm_hive',NULL,200,'Cluster1','',NULL),(102,'2022-05-18 10:18:12','2022-05-18 10:18:12',29,29,'10.0.0.102','hiveMetastore@master-2.example.com-cm_hive',16,NULL,'cm_hive',NULL,200,'Cluster1','',NULL),(103,'2022-05-18 10:18:14','2022-05-18 10:18:14',29,29,'10.0.0.102','hiveServer2@master-2.example.com-cm_hive',17,NULL,'cm_hive',NULL,200,'Cluster1','',NULL),(104,'2022-05-18 10:18:32','2022-05-18 10:18:32',17,17,'10.0.0.102','impala@master-2.example.com-cm_hive',18,NULL,'cm_hive',NULL,200,'Cluster1','',NULL),(105,'2022-05-18 10:18:33','2022-05-18 10:18:33',17,17,'10.0.0.104','impala@worker-1.example.com-cm_hive',18,NULL,'cm_hive',NULL,200,'Cluster1','',NULL),(106,'2022-05-18 10:18:33','2022-05-18 10:18:33',17,17,'10.0.0.105','impala@worker-2.example.com-cm_hive',18,NULL,'cm_hive',NULL,200,'Cluster1','',NULL),(107,'2022-05-18 10:18:33','2022-05-18 10:18:33',58,58,'10.0.0.102','hdfs@master-2.example.com-cm_hive',18,NULL,'cm_hive',NULL,200,'Cluster1','',NULL),(108,'2022-05-18 10:18:34','2022-05-18 10:18:34',17,17,'10.0.0.106','impala@worker-3.example.com-cm_hive',18,NULL,'cm_hive',NULL,200,'Cluster1','',NULL),(109,'2022-05-18 10:18:36','2022-05-18 10:18:36',58,58,'10.0.0.101','hdfs@master-1.example.com-cm_hive',18,NULL,'cm_hive',NULL,200,'Cluster1','',NULL),(110,'2022-05-18 10:18:42','2022-05-18 10:18:42',29,29,'10.0.0.102','hiveMetastore@master-2.example.com-cm_hive',18,NULL,'cm_hive',NULL,200,'Cluster1','',NULL),(111,'2022-05-18 10:18:44','2022-05-18 10:18:44',29,29,'10.0.0.102','hiveServer2@master-2.example.com-cm_hive',18,NULL,'cm_hive',NULL,200,'Cluster1','',NULL),(112,'2022-05-18 10:19:12','2022-05-18 10:19:12',29,29,'10.0.0.102','hiveMetastore@master-2.example.com-cm_hive',19,NULL,'cm_hive',NULL,200,'Cluster1','',NULL),(113,'2022-05-18 10:19:14','2022-05-18 10:19:14',29,29,'10.0.0.102','hiveServer2@master-2.example.com-cm_hive',19,NULL,'cm_hive',NULL,200,'Cluster1','',NULL),(114,'2022-05-18 10:19:32','2022-05-18 10:19:32',17,17,'10.0.0.102','impala@master-2.example.com-cm_hive',19,NULL,'cm_hive',NULL,200,'Cluster1','',NULL),(115,'2022-05-18 10:19:33','2022-05-18 10:19:33',17,17,'10.0.0.104','impala@worker-1.example.com-cm_hive',19,NULL,'cm_hive',NULL,200,'Cluster1','',NULL),(116,'2022-05-18 10:19:33','2022-05-18 10:19:33',17,17,'10.0.0.105','impala@worker-2.example.com-cm_hive',19,NULL,'cm_hive',NULL,200,'Cluster1','',NULL),(117,'2022-05-18 10:19:33','2022-05-18 10:19:33',58,58,'10.0.0.102','hdfs@master-2.example.com-cm_hive',19,NULL,'cm_hive',NULL,200,'Cluster1','',NULL),(118,'2022-05-18 10:19:34','2022-05-18 10:19:34',17,17,'10.0.0.106','impala@worker-3.example.com-cm_hive',19,NULL,'cm_hive',NULL,200,'Cluster1','',NULL),(119,'2022-05-18 10:19:36','2022-05-18 10:19:36',58,58,'10.0.0.101','hdfs@master-1.example.com-cm_hive',19,NULL,'cm_hive',NULL,200,'Cluster1','',NULL),(120,'2022-05-18 10:19:42','2022-05-18 10:19:42',29,29,'10.0.0.102','hiveMetastore@master-2.example.com-cm_hive',20,NULL,'cm_hive',NULL,200,'Cluster1','',NULL),(121,'2022-05-18 10:19:44','2022-05-18 10:19:44',29,29,'10.0.0.102','hiveServer2@master-2.example.com-cm_hive',20,NULL,'cm_hive',NULL,200,'Cluster1','',NULL),(122,'2022-05-18 10:20:02','2022-05-18 10:20:02',17,17,'10.0.0.102','impala@master-2.example.com-cm_hive',21,NULL,'cm_hive',NULL,200,'Cluster1','',NULL),(123,'2022-05-18 10:20:03','2022-05-18 10:20:03',17,17,'10.0.0.104','impala@worker-1.example.com-cm_hive',21,NULL,'cm_hive',NULL,200,'Cluster1','',NULL),(124,'2022-05-18 10:20:03','2022-05-18 10:20:03',17,17,'10.0.0.105','impala@worker-2.example.com-cm_hive',21,NULL,'cm_hive',NULL,200,'Cluster1','',NULL),(125,'2022-05-18 10:20:03','2022-05-18 10:20:03',58,58,'10.0.0.102','hdfs@master-2.example.com-cm_hive',21,NULL,'cm_hive',NULL,200,'Cluster1','',NULL),(126,'2022-05-18 10:20:04','2022-05-18 10:20:04',17,17,'10.0.0.106','impala@worker-3.example.com-cm_hive',21,NULL,'cm_hive',NULL,200,'Cluster1','',NULL),(127,'2022-05-18 10:20:06','2022-05-18 10:20:06',58,58,'10.0.0.101','hdfs@master-1.example.com-cm_hive',21,NULL,'cm_hive',NULL,200,'Cluster1','',NULL),(128,'2022-05-18 10:20:50','2022-05-18 10:20:50',51,51,'10.0.0.101','hbaseMaster@master-1.example.com-cm_hbase',5,NULL,'cm_hbase',NULL,200,'Cluster1','',NULL),(129,'2022-05-18 10:21:02','2022-05-18 10:21:02',51,51,'10.0.0.104','hbaseRegional@worker-1.example.com-cm_hbase',5,NULL,'cm_hbase',NULL,200,'Cluster1','',NULL),(130,'2022-05-18 10:21:03','2022-05-18 10:21:03',51,51,'10.0.0.106','hbaseRegional@worker-3.example.com-cm_hbase',5,NULL,'cm_hbase',NULL,200,'Cluster1','',NULL),(131,'2022-05-18 10:21:03','2022-05-18 10:21:03',51,51,'10.0.0.105','hbaseRegional@worker-2.example.com-cm_hbase',5,NULL,'cm_hbase',NULL,200,'Cluster1','',NULL),(132,'2022-05-18 10:22:33','2022-05-18 10:22:33',58,58,'10.0.0.102','hdfs@master-2.example.com-cm_hdfs',7,NULL,'cm_hdfs',NULL,200,'Cluster1','',NULL),(133,'2022-05-18 10:22:36','2022-05-18 10:22:36',58,58,'10.0.0.101','hdfs@master-1.example.com-cm_hdfs',7,NULL,'cm_hdfs',NULL,200,'Cluster1','',NULL),(134,'2022-05-18 10:24:03','2022-05-18 10:24:03',58,58,'10.0.0.102','hdfs@master-2.example.com-cm_hdfs',8,NULL,'cm_hdfs',NULL,200,'Cluster1','',NULL),(135,'2022-05-18 10:24:06','2022-05-18 10:24:06',58,58,'10.0.0.101','hdfs@master-1.example.com-cm_hdfs',8,NULL,'cm_hdfs',NULL,200,'Cluster1','',NULL),(136,'2022-05-18 10:25:27','2022-05-18 10:25:27',23,23,'10.0.0.104','kafka@worker-1.example.com-cm_kafka',13,NULL,'cm_kafka',NULL,200,'Cluster1','',NULL),(137,'2022-05-18 10:25:28','2022-05-18 10:25:28',23,23,'10.0.0.105','kafka@worker-2.example.com-cm_kafka',13,NULL,'cm_kafka',NULL,200,'Cluster1','',NULL),(138,'2022-05-18 10:25:29','2022-05-18 10:25:29',23,23,'10.0.0.106','kafka@worker-3.example.com-cm_kafka',13,NULL,'cm_kafka',NULL,200,'Cluster1','',NULL),(139,'2022-05-18 10:25:57','2022-05-18 10:25:57',23,23,'10.0.0.104','kafka@worker-1.example.com-cm_kafka',15,NULL,'cm_kafka',NULL,200,'Cluster1','',NULL),(140,'2022-05-18 10:25:58','2022-05-18 10:25:58',23,23,'10.0.0.105','kafka@worker-2.example.com-cm_kafka',15,NULL,'cm_kafka',NULL,200,'Cluster1','',NULL),(141,'2022-05-18 10:25:59','2022-05-18 10:25:59',23,23,'10.0.0.106','kafka@worker-3.example.com-cm_kafka',15,NULL,'cm_kafka',NULL,200,'Cluster1','',NULL),(142,'2022-05-18 10:26:27','2022-05-18 10:26:27',23,23,'10.0.0.104','kafka@worker-1.example.com-cm_kafka',16,NULL,'cm_kafka',NULL,200,'Cluster1','',NULL),(143,'2022-05-18 10:26:28','2022-05-18 10:26:28',23,23,'10.0.0.105','kafka@worker-2.example.com-cm_kafka',16,NULL,'cm_kafka',NULL,200,'Cluster1','',NULL),(144,'2022-05-18 10:26:29','2022-05-18 10:26:29',23,23,'10.0.0.106','kafka@worker-3.example.com-cm_kafka',16,NULL,'cm_kafka',NULL,200,'Cluster1','',NULL),(145,'2022-05-18 10:26:57','2022-05-18 10:26:57',23,23,'10.0.0.104','kafka@worker-1.example.com-cm_kafka',17,NULL,'cm_kafka',NULL,200,'Cluster1','',NULL),(146,'2022-05-18 10:26:58','2022-05-18 10:26:58',23,23,'10.0.0.105','kafka@worker-2.example.com-cm_kafka',17,NULL,'cm_kafka',NULL,200,'Cluster1','',NULL),(147,'2022-05-18 10:26:59','2022-05-18 10:26:59',23,23,'10.0.0.106','kafka@worker-3.example.com-cm_kafka',17,NULL,'cm_kafka',NULL,200,'Cluster1','',NULL),(148,'2022-05-18 10:28:02','2022-05-18 10:28:02',49,49,'10.0.0.102','solr@master-2.example.com-cm_solr',5,NULL,'cm_solr',NULL,200,'Cluster1','',NULL),(149,'2022-05-18 10:28:31','2022-05-18 10:28:31',61,61,'10.0.0.101','yarn@master-1.example.com-cm_yarn',4,NULL,'cm_yarn',NULL,200,'Cluster1','',NULL),(150,'2022-05-18 10:29:31','2022-05-18 10:29:31',61,61,'10.0.0.101','yarn@master-1.example.com-cm_yarn',5,NULL,'cm_yarn',NULL,200,'Cluster1','',NULL);
/*!40000 ALTER TABLE `x_policy_export_audit` ENABLE KEYS */;
UNLOCK TABLES;

--
-- Table structure for table `x_policy_item`
--

DROP TABLE IF EXISTS `x_policy_item`;
/*!40101 SET @saved_cs_client     = @@character_set_client */;
/*!40101 SET character_set_client = utf8 */;
CREATE TABLE `x_policy_item` (
  `id` bigint(20) NOT NULL AUTO_INCREMENT,
  `guid` varchar(1024) DEFAULT NULL,
  `create_time` datetime DEFAULT NULL,
  `update_time` datetime DEFAULT NULL,
  `added_by_id` bigint(20) DEFAULT NULL,
  `upd_by_id` bigint(20) DEFAULT NULL,
  `policy_id` bigint(20) NOT NULL,
  `delegate_admin` tinyint(1) NOT NULL DEFAULT 0,
  `sort_order` int(11) DEFAULT 0,
  `item_type` int(11) NOT NULL DEFAULT 0,
  `is_enabled` tinyint(1) NOT NULL DEFAULT 1,
  `comments` varchar(255) DEFAULT NULL,
  PRIMARY KEY (`id`),
  KEY `x_policy_item_FK_added_by_id` (`added_by_id`),
  KEY `x_policy_item_FK_upd_by_id` (`upd_by_id`),
  KEY `x_policy_item_IDX_policy_id` (`policy_id`),
  CONSTRAINT `x_policy_item_FK_added_by_id` FOREIGN KEY (`added_by_id`) REFERENCES `x_portal_user` (`id`),
  CONSTRAINT `x_policy_item_FK_policy_id` FOREIGN KEY (`policy_id`) REFERENCES `x_policy` (`id`),
  CONSTRAINT `x_policy_item_FK_upd_by_id` FOREIGN KEY (`upd_by_id`) REFERENCES `x_portal_user` (`id`)
) ENGINE=InnoDB DEFAULT CHARSET=utf8 ROW_FORMAT=DYNAMIC;
/*!40101 SET character_set_client = @saved_cs_client */;

--
-- Dumping data for table `x_policy_item`
--

LOCK TABLES `x_policy_item` WRITE;
/*!40000 ALTER TABLE `x_policy_item` DISABLE KEYS */;
/*!40000 ALTER TABLE `x_policy_item` ENABLE KEYS */;
UNLOCK TABLES;

--
-- Table structure for table `x_policy_item_access`
--

DROP TABLE IF EXISTS `x_policy_item_access`;
/*!40101 SET @saved_cs_client     = @@character_set_client */;
/*!40101 SET character_set_client = utf8 */;
CREATE TABLE `x_policy_item_access` (
  `id` bigint(20) NOT NULL AUTO_INCREMENT,
  `guid` varchar(1024) DEFAULT NULL,
  `create_time` datetime DEFAULT NULL,
  `update_time` datetime DEFAULT NULL,
  `added_by_id` bigint(20) DEFAULT NULL,
  `upd_by_id` bigint(20) DEFAULT NULL,
  `policy_item_id` bigint(20) NOT NULL,
  `type` bigint(20) NOT NULL,
  `is_allowed` tinyint(11) NOT NULL DEFAULT 0,
  `sort_order` int(11) DEFAULT 0,
  PRIMARY KEY (`id`),
  KEY `x_policy_item_access_FK_added_by_id` (`added_by_id`),
  KEY `x_policy_item_access_FK_upd_by_id` (`upd_by_id`),
  KEY `x_policy_item_access_IDX_policy_item_id` (`policy_item_id`),
  KEY `x_policy_item_access_IDX_type` (`type`),
  CONSTRAINT `x_policy_item_access_FK_added_by_id` FOREIGN KEY (`added_by_id`) REFERENCES `x_portal_user` (`id`),
  CONSTRAINT `x_policy_item_access_FK_atd_id` FOREIGN KEY (`type`) REFERENCES `x_access_type_def` (`id`),
  CONSTRAINT `x_policy_item_access_FK_pi_id` FOREIGN KEY (`policy_item_id`) REFERENCES `x_policy_item` (`id`),
  CONSTRAINT `x_policy_item_access_FK_upd_by_id` FOREIGN KEY (`upd_by_id`) REFERENCES `x_portal_user` (`id`)
) ENGINE=InnoDB DEFAULT CHARSET=utf8 ROW_FORMAT=DYNAMIC;
/*!40101 SET character_set_client = @saved_cs_client */;

--
-- Dumping data for table `x_policy_item_access`
--

LOCK TABLES `x_policy_item_access` WRITE;
/*!40000 ALTER TABLE `x_policy_item_access` DISABLE KEYS */;
/*!40000 ALTER TABLE `x_policy_item_access` ENABLE KEYS */;
UNLOCK TABLES;

--
-- Table structure for table `x_policy_item_condition`
--

DROP TABLE IF EXISTS `x_policy_item_condition`;
/*!40101 SET @saved_cs_client     = @@character_set_client */;
/*!40101 SET character_set_client = utf8 */;
CREATE TABLE `x_policy_item_condition` (
  `id` bigint(20) NOT NULL AUTO_INCREMENT,
  `guid` varchar(1024) DEFAULT NULL,
  `create_time` datetime DEFAULT NULL,
  `update_time` datetime DEFAULT NULL,
  `added_by_id` bigint(20) DEFAULT NULL,
  `upd_by_id` bigint(20) DEFAULT NULL,
  `policy_item_id` bigint(20) NOT NULL,
  `type` bigint(20) NOT NULL,
  `value` varchar(1024) DEFAULT NULL,
  `sort_order` int(11) DEFAULT 0,
  PRIMARY KEY (`id`),
  KEY `x_policy_item_condition_FK_added_by_id` (`added_by_id`),
  KEY `x_policy_item_condition_FK_upd_by_id` (`upd_by_id`),
  KEY `x_policy_item_condition_IDX_policy_item_id` (`policy_item_id`),
  KEY `x_policy_item_condition_IDX_type` (`type`),
  CONSTRAINT `x_policy_item_condition_FK_added_by_id` FOREIGN KEY (`added_by_id`) REFERENCES `x_portal_user` (`id`),
  CONSTRAINT `x_policy_item_condition_FK_pcd_id` FOREIGN KEY (`type`) REFERENCES `x_policy_condition_def` (`id`),
  CONSTRAINT `x_policy_item_condition_FK_pi_id` FOREIGN KEY (`policy_item_id`) REFERENCES `x_policy_item` (`id`),
  CONSTRAINT `x_policy_item_condition_FK_upd_by_id` FOREIGN KEY (`upd_by_id`) REFERENCES `x_portal_user` (`id`)
) ENGINE=InnoDB DEFAULT CHARSET=utf8 ROW_FORMAT=DYNAMIC;
/*!40101 SET character_set_client = @saved_cs_client */;

--
-- Dumping data for table `x_policy_item_condition`
--

LOCK TABLES `x_policy_item_condition` WRITE;
/*!40000 ALTER TABLE `x_policy_item_condition` DISABLE KEYS */;
/*!40000 ALTER TABLE `x_policy_item_condition` ENABLE KEYS */;
UNLOCK TABLES;

--
-- Table structure for table `x_policy_item_datamask`
--

DROP TABLE IF EXISTS `x_policy_item_datamask`;
/*!40101 SET @saved_cs_client     = @@character_set_client */;
/*!40101 SET character_set_client = utf8 */;
CREATE TABLE `x_policy_item_datamask` (
  `id` bigint(20) NOT NULL AUTO_INCREMENT,
  `guid` varchar(64) DEFAULT NULL,
  `create_time` datetime DEFAULT NULL,
  `update_time` datetime DEFAULT NULL,
  `added_by_id` bigint(20) DEFAULT NULL,
  `upd_by_id` bigint(20) DEFAULT NULL,
  `policy_item_id` bigint(20) NOT NULL,
  `type` bigint(20) NOT NULL,
  `condition_expr` varchar(1024) DEFAULT NULL,
  `value_expr` varchar(1024) DEFAULT NULL,
  PRIMARY KEY (`id`),
  KEY `x_policy_item_datamask_FK_type` (`type`),
  KEY `x_policy_item_datamask_FK_added_by_id` (`added_by_id`),
  KEY `x_policy_item_datamask_FK_upd_by_id` (`upd_by_id`),
  KEY `x_policy_item_datamask_IDX_policy_item_id` (`policy_item_id`),
  CONSTRAINT `x_policy_item_datamask_FK_added_by_id` FOREIGN KEY (`added_by_id`) REFERENCES `x_portal_user` (`id`),
  CONSTRAINT `x_policy_item_datamask_FK_policy_item_id` FOREIGN KEY (`policy_item_id`) REFERENCES `x_policy_item` (`id`),
  CONSTRAINT `x_policy_item_datamask_FK_type` FOREIGN KEY (`type`) REFERENCES `x_datamask_type_def` (`id`),
  CONSTRAINT `x_policy_item_datamask_FK_upd_by_id` FOREIGN KEY (`upd_by_id`) REFERENCES `x_portal_user` (`id`)
) ENGINE=InnoDB DEFAULT CHARSET=utf8 ROW_FORMAT=DYNAMIC;
/*!40101 SET character_set_client = @saved_cs_client */;

--
-- Dumping data for table `x_policy_item_datamask`
--

LOCK TABLES `x_policy_item_datamask` WRITE;
/*!40000 ALTER TABLE `x_policy_item_datamask` DISABLE KEYS */;
/*!40000 ALTER TABLE `x_policy_item_datamask` ENABLE KEYS */;
UNLOCK TABLES;

--
-- Table structure for table `x_policy_item_group_perm`
--

DROP TABLE IF EXISTS `x_policy_item_group_perm`;
/*!40101 SET @saved_cs_client     = @@character_set_client */;
/*!40101 SET character_set_client = utf8 */;
CREATE TABLE `x_policy_item_group_perm` (
  `id` bigint(20) NOT NULL AUTO_INCREMENT,
  `guid` varchar(1024) DEFAULT NULL,
  `create_time` datetime DEFAULT NULL,
  `update_time` datetime DEFAULT NULL,
  `added_by_id` bigint(20) DEFAULT NULL,
  `upd_by_id` bigint(20) DEFAULT NULL,
  `policy_item_id` bigint(20) NOT NULL,
  `group_id` bigint(20) DEFAULT NULL,
  `sort_order` int(11) DEFAULT 0,
  PRIMARY KEY (`id`),
  KEY `x_policy_item_group_perm_FK_added_by_id` (`added_by_id`),
  KEY `x_policy_item_group_perm_FK_upd_by_id` (`upd_by_id`),
  KEY `x_policy_item_group_perm_IDX_policy_item_id` (`policy_item_id`),
  KEY `x_policy_item_group_perm_IDX_group_id` (`group_id`),
  CONSTRAINT `x_policy_item_group_perm_FK_added_by_id` FOREIGN KEY (`added_by_id`) REFERENCES `x_portal_user` (`id`),
  CONSTRAINT `x_policy_item_group_perm_FK_group_id` FOREIGN KEY (`group_id`) REFERENCES `x_group` (`id`),
  CONSTRAINT `x_policy_item_group_perm_FK_pi_id` FOREIGN KEY (`policy_item_id`) REFERENCES `x_policy_item` (`id`),
  CONSTRAINT `x_policy_item_group_perm_FK_upd_by_id` FOREIGN KEY (`upd_by_id`) REFERENCES `x_portal_user` (`id`)
) ENGINE=InnoDB DEFAULT CHARSET=utf8 ROW_FORMAT=DYNAMIC;
/*!40101 SET character_set_client = @saved_cs_client */;

--
-- Dumping data for table `x_policy_item_group_perm`
--

LOCK TABLES `x_policy_item_group_perm` WRITE;
/*!40000 ALTER TABLE `x_policy_item_group_perm` DISABLE KEYS */;
/*!40000 ALTER TABLE `x_policy_item_group_perm` ENABLE KEYS */;
UNLOCK TABLES;

--
-- Table structure for table `x_policy_item_rowfilter`
--

DROP TABLE IF EXISTS `x_policy_item_rowfilter`;
/*!40101 SET @saved_cs_client     = @@character_set_client */;
/*!40101 SET character_set_client = utf8 */;
CREATE TABLE `x_policy_item_rowfilter` (
  `id` bigint(20) NOT NULL AUTO_INCREMENT,
  `guid` varchar(64) DEFAULT NULL,
  `create_time` datetime DEFAULT NULL,
  `update_time` datetime DEFAULT NULL,
  `added_by_id` bigint(20) DEFAULT NULL,
  `upd_by_id` bigint(20) DEFAULT NULL,
  `policy_item_id` bigint(20) NOT NULL,
  `filter_expr` varchar(1024) DEFAULT NULL,
  PRIMARY KEY (`id`),
  KEY `x_policy_item_rowfilter_FK_added_by_id` (`added_by_id`),
  KEY `x_policy_item_rowfilter_FK_upd_by_id` (`upd_by_id`),
  KEY `x_policy_item_rowfilter_IDX_policy_item_id` (`policy_item_id`),
  CONSTRAINT `x_policy_item_rowfilter_FK_added_by_id` FOREIGN KEY (`added_by_id`) REFERENCES `x_portal_user` (`id`),
  CONSTRAINT `x_policy_item_rowfilter_FK_policy_item_id` FOREIGN KEY (`policy_item_id`) REFERENCES `x_policy_item` (`id`),
  CONSTRAINT `x_policy_item_rowfilter_FK_upd_by_id` FOREIGN KEY (`upd_by_id`) REFERENCES `x_portal_user` (`id`)
) ENGINE=InnoDB DEFAULT CHARSET=utf8 ROW_FORMAT=DYNAMIC;
/*!40101 SET character_set_client = @saved_cs_client */;

--
-- Dumping data for table `x_policy_item_rowfilter`
--

LOCK TABLES `x_policy_item_rowfilter` WRITE;
/*!40000 ALTER TABLE `x_policy_item_rowfilter` DISABLE KEYS */;
/*!40000 ALTER TABLE `x_policy_item_rowfilter` ENABLE KEYS */;
UNLOCK TABLES;

--
-- Table structure for table `x_policy_item_user_perm`
--

DROP TABLE IF EXISTS `x_policy_item_user_perm`;
/*!40101 SET @saved_cs_client     = @@character_set_client */;
/*!40101 SET character_set_client = utf8 */;
CREATE TABLE `x_policy_item_user_perm` (
  `id` bigint(20) NOT NULL AUTO_INCREMENT,
  `guid` varchar(1024) DEFAULT NULL,
  `create_time` datetime DEFAULT NULL,
  `update_time` datetime DEFAULT NULL,
  `added_by_id` bigint(20) DEFAULT NULL,
  `upd_by_id` bigint(20) DEFAULT NULL,
  `policy_item_id` bigint(20) NOT NULL,
  `user_id` bigint(20) DEFAULT NULL,
  `sort_order` int(11) DEFAULT 0,
  PRIMARY KEY (`id`),
  KEY `x_policy_item_user_perm_FK_added_by_id` (`added_by_id`),
  KEY `x_policy_item_user_perm_FK_upd_by_id` (`upd_by_id`),
  KEY `x_policy_item_user_perm_IDX_policy_item_id` (`policy_item_id`),
  KEY `x_policy_item_user_perm_IDX_user_id` (`user_id`),
  CONSTRAINT `x_policy_item_user_perm_FK_added_by_id` FOREIGN KEY (`added_by_id`) REFERENCES `x_portal_user` (`id`),
  CONSTRAINT `x_policy_item_user_perm_FK_pi_id` FOREIGN KEY (`policy_item_id`) REFERENCES `x_policy_item` (`id`),
  CONSTRAINT `x_policy_item_user_perm_FK_upd_by_id` FOREIGN KEY (`upd_by_id`) REFERENCES `x_portal_user` (`id`),
  CONSTRAINT `x_policy_item_user_perm_FK_user_id` FOREIGN KEY (`user_id`) REFERENCES `x_user` (`id`)
) ENGINE=InnoDB DEFAULT CHARSET=utf8 ROW_FORMAT=DYNAMIC;
/*!40101 SET character_set_client = @saved_cs_client */;

--
-- Dumping data for table `x_policy_item_user_perm`
--

LOCK TABLES `x_policy_item_user_perm` WRITE;
/*!40000 ALTER TABLE `x_policy_item_user_perm` DISABLE KEYS */;
/*!40000 ALTER TABLE `x_policy_item_user_perm` ENABLE KEYS */;
UNLOCK TABLES;

--
-- Table structure for table `x_policy_label`
--

DROP TABLE IF EXISTS `x_policy_label`;
/*!40101 SET @saved_cs_client     = @@character_set_client */;
/*!40101 SET character_set_client = utf8 */;
CREATE TABLE `x_policy_label` (
  `id` bigint(20) NOT NULL AUTO_INCREMENT,
  `guid` varchar(1024) DEFAULT NULL,
  `create_time` datetime DEFAULT NULL,
  `update_time` datetime DEFAULT NULL,
  `added_by_id` bigint(20) DEFAULT NULL,
  `upd_by_id` bigint(20) DEFAULT NULL,
  `label_name` varchar(512) DEFAULT NULL,
  PRIMARY KEY (`id`),
  UNIQUE KEY `x_policy_label_UK_label_name` (`label_name`),
  KEY `x_policy_label_added_by_id` (`added_by_id`),
  KEY `x_policy_label_upd_by_id` (`upd_by_id`),
  KEY `x_policy_label_cr_time` (`create_time`),
  KEY `x_policy_label_up_time` (`update_time`),
  KEY `x_policy_label_name` (`label_name`),
  KEY `x_policy_label_label_id` (`id`),
  KEY `x_policy_label_label_name` (`label_name`),
  CONSTRAINT `x_policy_label_FK_added_by_id` FOREIGN KEY (`added_by_id`) REFERENCES `x_portal_user` (`id`),
  CONSTRAINT `x_policy_label_FK_upd_by_id` FOREIGN KEY (`upd_by_id`) REFERENCES `x_portal_user` (`id`)
) ENGINE=InnoDB DEFAULT CHARSET=utf8 ROW_FORMAT=DYNAMIC;
/*!40101 SET character_set_client = @saved_cs_client */;

--
-- Dumping data for table `x_policy_label`
--

LOCK TABLES `x_policy_label` WRITE;
/*!40000 ALTER TABLE `x_policy_label` DISABLE KEYS */;
/*!40000 ALTER TABLE `x_policy_label` ENABLE KEYS */;
UNLOCK TABLES;

--
-- Table structure for table `x_policy_label_map`
--

DROP TABLE IF EXISTS `x_policy_label_map`;
/*!40101 SET @saved_cs_client     = @@character_set_client */;
/*!40101 SET character_set_client = utf8 */;
CREATE TABLE `x_policy_label_map` (
  `id` bigint(20) NOT NULL AUTO_INCREMENT,
  `guid` varchar(1024) DEFAULT NULL,
  `create_time` datetime DEFAULT NULL,
  `update_time` datetime DEFAULT NULL,
  `added_by_id` bigint(20) DEFAULT NULL,
  `upd_by_id` bigint(20) DEFAULT NULL,
  `policy_id` bigint(20) DEFAULT NULL,
  `policy_label_id` bigint(20) DEFAULT NULL,
  PRIMARY KEY (`id`),
  UNIQUE KEY `x_policy_label_map_pid_plid` (`policy_id`,`policy_label_id`),
  KEY `x_policy_label_map_added_by_id` (`added_by_id`),
  KEY `x_policy_label_map_upd_by_id` (`upd_by_id`),
  KEY `x_policy_label_map_cr_time` (`create_time`),
  KEY `x_policy_label_map_up_time` (`update_time`),
  KEY `x_policy_label_map_FK_policy_label_id` (`policy_label_id`),
  KEY `x_policy_label_label_map_id` (`id`),
  CONSTRAINT `x_policy_label_map_FK_added_by_id` FOREIGN KEY (`added_by_id`) REFERENCES `x_portal_user` (`id`),
  CONSTRAINT `x_policy_label_map_FK_policy_id` FOREIGN KEY (`policy_id`) REFERENCES `x_policy` (`id`),
  CONSTRAINT `x_policy_label_map_FK_policy_label_id` FOREIGN KEY (`policy_label_id`) REFERENCES `x_policy_label` (`id`),
  CONSTRAINT `x_policy_label_map_FK_upd_by_id` FOREIGN KEY (`upd_by_id`) REFERENCES `x_portal_user` (`id`)
) ENGINE=InnoDB DEFAULT CHARSET=utf8 ROW_FORMAT=DYNAMIC;
/*!40101 SET character_set_client = @saved_cs_client */;

--
-- Dumping data for table `x_policy_label_map`
--

LOCK TABLES `x_policy_label_map` WRITE;
/*!40000 ALTER TABLE `x_policy_label_map` DISABLE KEYS */;
/*!40000 ALTER TABLE `x_policy_label_map` ENABLE KEYS */;
UNLOCK TABLES;

--
-- Table structure for table `x_policy_ref_access_type`
--

DROP TABLE IF EXISTS `x_policy_ref_access_type`;
/*!40101 SET @saved_cs_client     = @@character_set_client */;
/*!40101 SET character_set_client = utf8 */;
CREATE TABLE `x_policy_ref_access_type` (
  `id` bigint(20) NOT NULL AUTO_INCREMENT,
  `guid` varchar(1024) DEFAULT NULL,
  `create_time` datetime DEFAULT NULL,
  `update_time` datetime DEFAULT NULL,
  `added_by_id` bigint(20) DEFAULT NULL,
  `upd_by_id` bigint(20) DEFAULT NULL,
  `policy_id` bigint(20) NOT NULL,
  `access_def_id` bigint(20) NOT NULL,
  `access_type_name` varchar(4000) DEFAULT NULL,
  PRIMARY KEY (`id`),
  UNIQUE KEY `x_policy_ref_access_UK_polId_accessDefId` (`policy_id`,`access_def_id`),
  KEY `x_policy_ref_access_FK_added_by_id` (`added_by_id`),
  KEY `x_policy_ref_access_FK_upd_by_id` (`upd_by_id`),
  KEY `x_policy_ref_access_FK_access_def_id` (`access_def_id`),
  CONSTRAINT `x_policy_ref_access_FK_access_def_id` FOREIGN KEY (`access_def_id`) REFERENCES `x_access_type_def` (`id`),
  CONSTRAINT `x_policy_ref_access_FK_added_by_id` FOREIGN KEY (`added_by_id`) REFERENCES `x_portal_user` (`id`),
  CONSTRAINT `x_policy_ref_access_FK_policy_id` FOREIGN KEY (`policy_id`) REFERENCES `x_policy` (`id`),
  CONSTRAINT `x_policy_ref_access_FK_upd_by_id` FOREIGN KEY (`upd_by_id`) REFERENCES `x_portal_user` (`id`)
) ENGINE=InnoDB AUTO_INCREMENT=541 DEFAULT CHARSET=utf8 ROW_FORMAT=DYNAMIC;
/*!40101 SET character_set_client = @saved_cs_client */;

--
-- Dumping data for table `x_policy_ref_access_type`
--

LOCK TABLES `x_policy_ref_access_type` WRITE;
/*!40000 ALTER TABLE `x_policy_ref_access_type` DISABLE KEYS */;
INSERT INTO `x_policy_ref_access_type` VALUES (4,NULL,'2022-05-16 13:25:00','2022-05-16 13:25:00',1,1,2,1,'read'),(5,NULL,'2022-05-16 13:25:00','2022-05-16 13:25:00',1,1,2,2,'write'),(6,NULL,'2022-05-16 13:25:00','2022-05-16 13:25:00',1,1,2,3,'execute'),(7,NULL,'2022-05-16 13:25:00','2022-05-16 13:25:01',1,1,3,208,'ozone:write_acl'),(8,NULL,'2022-05-16 13:25:00','2022-05-16 13:25:01',1,1,3,131,'hbase:execute'),(9,NULL,'2022-05-16 13:25:00','2022-05-16 13:25:01',1,1,3,176,'nifi:WRITE'),(10,NULL,'2022-05-16 13:25:00','2022-05-16 13:25:01',1,1,3,172,'kafka:alter_configs'),(11,NULL,'2022-05-16 13:25:00','2022-05-16 13:25:01',1,1,3,129,'hbase:create'),(12,NULL,'2022-05-16 13:25:00','2022-05-16 13:25:01',1,1,3,197,'atlas:entity-remove-label'),(13,NULL,'2022-05-16 13:25:00','2022-05-16 13:25:01',1,1,3,145,'hive:refresh'),(14,NULL,'2022-05-16 13:25:00','2022-05-16 13:25:01',1,1,3,144,'hive:tempudfadmin'),(15,NULL,'2022-05-16 13:25:00','2022-05-16 13:25:01',1,1,3,155,'kms:getkeys'),(16,NULL,'2022-05-16 13:25:00','2022-05-16 13:25:01',1,1,3,177,'nifi-registry:READ'),(17,NULL,'2022-05-16 13:25:00','2022-05-16 13:25:01',1,1,3,157,'kms:generateeek'),(18,NULL,'2022-05-16 13:25:00','2022-05-16 13:25:01',1,1,3,121,'kudu:drop'),(19,NULL,'2022-05-16 13:25:00','2022-05-16 13:25:01',1,1,3,206,'ozone:delete'),(20,NULL,'2022-05-16 13:25:00','2022-05-16 13:25:01',1,1,3,124,'hdfs:read'),(21,NULL,'2022-05-16 13:25:00','2022-05-16 13:25:01',1,1,3,174,'kafka:alter'),(22,NULL,'2022-05-16 13:25:00','2022-05-16 13:25:01',1,1,3,212,'schema-registry:delete'),(23,NULL,'2022-05-16 13:25:00','2022-05-16 13:25:01',1,1,3,158,'kms:decrypteek'),(24,NULL,'2022-05-16 13:25:00','2022-05-16 13:25:01',1,1,3,193,'atlas:update-relationship'),(25,NULL,'2022-05-16 13:25:00','2022-05-16 13:25:01',1,1,3,167,'kafka:kafka_admin'),(26,NULL,'2022-05-16 13:25:00','2022-05-16 13:25:01',1,1,3,175,'nifi:READ'),(27,NULL,'2022-05-16 13:25:00','2022-05-16 13:25:01',1,1,3,141,'hive:write'),(28,NULL,'2022-05-16 13:25:00','2022-05-16 13:25:01',1,1,3,101,'adls:delete'),(29,NULL,'2022-05-16 13:25:00','2022-05-16 13:25:01',1,1,3,190,'atlas:admin-export'),(30,NULL,'2022-05-16 13:25:00','2022-05-16 13:25:01',1,1,3,163,'kafka:publish'),(31,NULL,'2022-05-16 13:25:00','2022-05-16 13:25:01',1,1,3,198,'atlas:entity-update-business-metadata'),(32,NULL,'2022-05-16 13:25:00','2022-05-16 13:25:01',1,1,3,138,'hive:lock'),(33,NULL,'2022-05-16 13:25:00','2022-05-16 13:25:01',1,1,3,173,'kafka:cluster_action'),(34,NULL,'2022-05-16 13:25:00','2022-05-16 13:25:01',1,1,3,186,'atlas:entity-delete'),(35,NULL,'2022-05-16 13:25:00','2022-05-16 13:25:01',1,1,3,170,'kafka:idempotent_write'),(36,NULL,'2022-05-16 13:25:00','2022-05-16 13:25:01',1,1,3,165,'kafka:configure'),(37,NULL,'2022-05-16 13:25:00','2022-05-16 13:25:01',1,1,3,152,'kms:rollover'),(38,NULL,'2022-05-16 13:25:00','2022-05-16 13:25:01',1,1,3,154,'kms:get'),(39,NULL,'2022-05-16 13:25:00','2022-05-16 13:25:01',1,1,3,140,'hive:read'),(40,NULL,'2022-05-16 13:25:00','2022-05-16 13:25:01',1,1,3,151,'kms:delete'),(41,NULL,'2022-05-16 13:25:00','2022-05-16 13:25:01',1,1,3,194,'atlas:remove-relationship'),(42,NULL,'2022-05-16 13:25:00','2022-05-16 13:25:01',1,1,3,102,'adls:delete-recursive'),(43,NULL,'2022-05-16 13:25:00','2022-05-16 13:25:01',1,1,3,104,'adls:move'),(44,NULL,'2022-05-16 13:25:00','2022-05-16 13:25:01',1,1,3,207,'ozone:read_acl'),(45,NULL,'2022-05-16 13:25:00','2022-05-16 13:25:01',1,1,3,181,'atlas:type-update'),(46,NULL,'2022-05-16 13:25:00','2022-05-16 13:25:01',1,1,3,136,'hive:alter'),(47,NULL,'2022-05-16 13:25:00','2022-05-16 13:25:01',1,1,3,128,'hbase:write'),(48,NULL,'2022-05-16 13:25:00','2022-05-16 13:25:01',1,1,3,199,'atlas:type-read'),(49,NULL,'2022-05-16 13:25:00','2022-05-16 13:25:01',1,1,3,171,'kafka:describe_configs'),(50,NULL,'2022-05-16 13:25:00','2022-05-16 13:25:01',1,1,3,146,'hive:rwstorage'),(51,NULL,'2022-05-16 13:25:00','2022-05-16 13:25:01',1,1,3,188,'atlas:entity-update-classification'),(52,NULL,'2022-05-16 13:25:00','2022-05-16 13:25:01',1,1,3,169,'kafka:delete'),(53,NULL,'2022-05-16 13:25:00','2022-05-16 13:25:01',1,1,3,180,'atlas:type-create'),(54,NULL,'2022-05-16 13:25:00','2022-05-16 13:25:01',1,1,3,191,'atlas:admin-import'),(55,NULL,'2022-05-16 13:25:00','2022-05-16 13:25:01',1,1,3,200,'atlas:admin-audits'),(56,NULL,'2022-05-16 13:25:00','2022-05-16 13:25:01',1,1,3,103,'adls:list'),(57,NULL,'2022-05-16 13:25:00','2022-05-16 13:25:01',1,1,3,166,'kafka:describe'),(58,NULL,'2022-05-16 13:25:00','2022-05-16 13:25:01',1,1,3,100,'adls:execute'),(59,NULL,'2022-05-16 13:25:00','2022-05-16 13:25:01',1,1,3,164,'kafka:consume'),(60,NULL,'2022-05-16 13:25:00','2022-05-16 13:25:01',1,1,3,179,'nifi-registry:DELETE'),(61,NULL,'2022-05-16 13:25:00','2022-05-16 13:25:01',1,1,3,204,'ozone:create'),(62,NULL,'2022-05-16 13:25:00','2022-05-16 13:25:01',1,1,3,133,'hive:update'),(63,NULL,'2022-05-16 13:25:00','2022-05-16 13:25:01',1,1,3,168,'kafka:create'),(64,NULL,'2022-05-16 13:25:00','2022-05-16 13:25:01',1,1,3,115,'kudu:select'),(65,NULL,'2022-05-16 13:25:00','2022-05-16 13:25:01',1,1,3,126,'hdfs:execute'),(66,NULL,'2022-05-16 13:25:00','2022-05-16 13:25:01',1,1,3,183,'atlas:entity-read'),(67,NULL,'2022-05-16 13:25:00','2022-05-16 13:25:01',1,1,3,178,'nifi-registry:WRITE'),(68,NULL,'2022-05-16 13:25:00','2022-05-16 13:25:01',1,1,3,156,'kms:getmetadata'),(69,NULL,'2022-05-16 13:25:00','2022-05-16 13:25:01',1,1,3,98,'adls:read'),(70,NULL,'2022-05-16 13:25:00','2022-05-16 13:25:01',1,1,3,196,'atlas:entity-add-label'),(71,NULL,'2022-05-16 13:25:00','2022-05-16 13:25:01',1,1,3,116,'kudu:insert'),(72,NULL,'2022-05-16 13:25:00','2022-05-16 13:25:01',1,1,3,150,'kms:create'),(73,NULL,'2022-05-16 13:25:00','2022-05-16 13:25:01',1,1,3,182,'atlas:type-delete'),(74,NULL,'2022-05-16 13:25:00','2022-05-16 13:25:01',1,1,3,211,'schema-registry:update'),(75,NULL,'2022-05-16 13:25:00','2022-05-16 13:25:01',1,1,3,132,'hive:select'),(76,NULL,'2022-05-16 13:25:00','2022-05-16 13:25:01',1,1,3,195,'atlas:admin-purge'),(77,NULL,'2022-05-16 13:25:00','2022-05-16 13:25:01',1,1,3,205,'ozone:list'),(78,NULL,'2022-05-16 13:25:00','2022-05-16 13:25:01',1,1,3,99,'adls:write'),(79,NULL,'2022-05-16 13:25:00','2022-05-16 13:25:01',1,1,3,120,'kudu:create'),(80,NULL,'2022-05-16 13:25:00','2022-05-16 13:25:01',1,1,3,117,'kudu:update'),(81,NULL,'2022-05-16 13:25:00','2022-05-16 13:25:01',1,1,3,135,'hive:drop'),(82,NULL,'2022-05-16 13:25:00','2022-05-16 13:25:01',1,1,3,134,'hive:create'),(83,NULL,'2022-05-16 13:25:00','2022-05-16 13:25:01',1,1,3,162,'solr:solr_admin'),(84,NULL,'2022-05-16 13:25:00','2022-05-16 13:25:01',1,1,3,203,'ozone:write'),(85,NULL,'2022-05-16 13:25:00','2022-05-16 13:25:01',1,1,3,187,'atlas:entity-add-classification'),(86,NULL,'2022-05-16 13:25:00','2022-05-16 13:25:01',1,1,3,119,'kudu:alter'),(87,NULL,'2022-05-16 13:25:00','2022-05-16 13:25:01',1,1,3,160,'solr:update'),(88,NULL,'2022-05-16 13:25:00','2022-05-16 13:25:01',1,1,3,153,'kms:setkeymaterial'),(89,NULL,'2022-05-16 13:25:00','2022-05-16 13:25:01',1,1,3,201,'ozone:all'),(90,NULL,'2022-05-16 13:25:00','2022-05-16 13:25:01',1,1,3,137,'hive:index'),(91,NULL,'2022-05-16 13:25:00','2022-05-16 13:25:01',1,1,3,123,'kudu:all'),(92,NULL,'2022-05-16 13:25:00','2022-05-16 13:25:01',1,1,3,147,'yarn:submit-app'),(93,NULL,'2022-05-16 13:25:00','2022-05-16 13:25:01',1,1,3,189,'atlas:entity-remove-classification'),(94,NULL,'2022-05-16 13:25:00','2022-05-16 13:25:01',1,1,3,159,'solr:query'),(95,NULL,'2022-05-16 13:25:00','2022-05-16 13:25:01',1,1,3,210,'schema-registry:read'),(96,NULL,'2022-05-16 13:25:00','2022-05-16 13:25:01',1,1,3,142,'hive:repladmin'),(97,NULL,'2022-05-16 13:25:00','2022-05-16 13:25:01',1,1,3,192,'atlas:add-relationship'),(98,NULL,'2022-05-16 13:25:00','2022-05-16 13:25:01',1,1,3,209,'schema-registry:create'),(99,NULL,'2022-05-16 13:25:00','2022-05-16 13:25:01',1,1,3,149,'knox:allow'),(100,NULL,'2022-05-16 13:25:00','2022-05-16 13:25:01',1,1,3,143,'hive:serviceadmin'),(101,NULL,'2022-05-16 13:25:00','2022-05-16 13:25:01',1,1,3,185,'atlas:entity-update'),(102,NULL,'2022-05-16 13:25:00','2022-05-16 13:25:01',1,1,3,202,'ozone:read'),(103,NULL,'2022-05-16 13:25:00','2022-05-16 13:25:01',1,1,3,105,'adls:modify-permissions'),(104,NULL,'2022-05-16 13:25:00','2022-05-16 13:25:01',1,1,3,122,'kudu:metadata'),(105,NULL,'2022-05-16 13:25:00','2022-05-16 13:25:01',1,1,3,148,'yarn:admin-queue'),(106,NULL,'2022-05-16 13:25:00','2022-05-16 13:25:01',1,1,3,130,'hbase:admin'),(107,NULL,'2022-05-16 13:25:00','2022-05-16 13:25:01',1,1,3,127,'hbase:read'),(108,NULL,'2022-05-16 13:25:00','2022-05-16 13:25:01',1,1,3,125,'hdfs:write'),(109,NULL,'2022-05-16 13:25:00','2022-05-16 13:25:01',1,1,3,184,'atlas:entity-create'),(110,NULL,'2022-05-16 13:25:00','2022-05-16 13:25:01',1,1,3,118,'kudu:delete'),(111,NULL,'2022-05-16 13:25:00','2022-05-16 13:25:01',1,1,3,139,'hive:all'),(112,NULL,'2022-05-16 13:25:00','2022-05-16 13:25:01',1,1,3,161,'solr:others'),(118,NULL,'2022-05-16 13:25:04','2022-05-16 13:25:04',1,1,5,4,'read'),(119,NULL,'2022-05-16 13:25:04','2022-05-16 13:25:04',1,1,5,5,'write'),(120,NULL,'2022-05-16 13:25:04','2022-05-16 13:25:04',1,1,5,6,'create'),(121,NULL,'2022-05-16 13:25:04','2022-05-16 13:25:04',1,1,5,7,'admin'),(232,NULL,'2022-05-16 13:25:10','2022-05-16 13:25:10',1,1,15,11,'create'),(233,NULL,'2022-05-16 13:25:10','2022-05-16 13:25:10',1,1,16,9,'select'),(235,NULL,'2022-05-16 13:25:12','2022-05-16 13:25:12',1,1,18,33,'allow'),(236,NULL,'2022-05-16 13:25:16','2022-05-16 13:25:16',1,1,19,82,'all'),(237,NULL,'2022-05-16 13:25:16','2022-05-16 13:25:16',1,1,19,84,'write'),(238,NULL,'2022-05-16 13:25:16','2022-05-16 13:25:16',1,1,19,83,'read'),(239,NULL,'2022-05-16 13:25:16','2022-05-16 13:25:16',1,1,19,85,'create'),(240,NULL,'2022-05-16 13:25:16','2022-05-16 13:25:16',1,1,19,89,'write_acl'),(241,NULL,'2022-05-16 13:25:16','2022-05-16 13:25:16',1,1,19,86,'list'),(242,NULL,'2022-05-16 13:25:16','2022-05-16 13:25:16',1,1,19,87,'delete'),(243,NULL,'2022-05-16 13:25:16','2022-05-16 13:25:16',1,1,19,88,'read_acl'),(244,NULL,'2022-05-16 13:25:16','2022-05-16 13:25:16',1,1,20,82,'all'),(245,NULL,'2022-05-16 13:25:16','2022-05-16 13:25:16',1,1,20,89,'write_acl'),(246,NULL,'2022-05-16 13:25:16','2022-05-16 13:25:16',1,1,20,87,'delete'),(247,NULL,'2022-05-16 13:25:16','2022-05-16 13:25:16',1,1,20,88,'read_acl'),(248,NULL,'2022-05-16 13:25:16','2022-05-16 13:25:16',1,1,20,85,'create'),(249,NULL,'2022-05-16 13:25:16','2022-05-16 13:25:16',1,1,20,86,'list'),(250,NULL,'2022-05-16 13:25:16','2022-05-16 13:25:16',1,1,20,83,'read'),(251,NULL,'2022-05-16 13:25:16','2022-05-16 13:25:16',1,1,20,84,'write'),(252,NULL,'2022-05-16 13:25:16','2022-05-16 13:25:16',1,1,21,82,'all'),(253,NULL,'2022-05-16 13:25:16','2022-05-16 13:25:16',1,1,21,86,'list'),(254,NULL,'2022-05-16 13:25:16','2022-05-16 13:25:16',1,1,21,88,'read_acl'),(255,NULL,'2022-05-16 13:25:16','2022-05-16 13:25:16',1,1,21,87,'delete'),(256,NULL,'2022-05-16 13:25:16','2022-05-16 13:25:16',1,1,21,89,'write_acl'),(257,NULL,'2022-05-16 13:25:16','2022-05-16 13:25:16',1,1,21,83,'read'),(258,NULL,'2022-05-16 13:25:16','2022-05-16 13:25:16',1,1,21,84,'write'),(259,NULL,'2022-05-16 13:25:16','2022-05-16 13:25:16',1,1,21,85,'create'),(260,NULL,'2022-05-16 13:25:16','2022-05-16 13:25:16',1,1,22,82,'all'),(261,NULL,'2022-05-16 13:25:16','2022-05-16 13:25:16',1,1,22,87,'delete'),(262,NULL,'2022-05-16 13:25:16','2022-05-16 13:25:16',1,1,22,84,'write'),(263,NULL,'2022-05-16 13:25:16','2022-05-16 13:25:16',1,1,22,83,'read'),(264,NULL,'2022-05-16 13:25:16','2022-05-16 13:25:16',1,1,22,85,'create'),(265,NULL,'2022-05-16 13:25:16','2022-05-16 13:25:16',1,1,22,86,'list'),(290,NULL,'2022-05-16 13:25:19','2022-05-16 13:25:19',1,1,28,36,'publish'),(291,NULL,'2022-05-16 13:25:19','2022-05-16 13:25:19',1,1,28,37,'consume'),(292,NULL,'2022-05-16 13:25:19','2022-05-16 13:25:19',1,1,28,41,'create'),(293,NULL,'2022-05-16 13:25:19','2022-05-16 13:25:19',1,1,28,38,'configure'),(294,NULL,'2022-05-16 13:25:19','2022-05-16 13:25:19',1,1,29,36,'publish'),(295,NULL,'2022-05-16 13:25:19','2022-05-16 13:25:19',1,1,29,37,'consume'),(296,NULL,'2022-05-16 13:25:19','2022-05-16 13:25:19',1,1,29,38,'configure'),(297,NULL,'2022-05-16 13:25:19','2022-05-16 13:25:19',1,1,29,41,'create'),(298,NULL,'2022-05-16 13:25:19','2022-05-16 13:25:19',1,1,30,36,'publish'),(299,NULL,'2022-05-16 13:25:19','2022-05-16 13:25:19',1,1,30,38,'configure'),(300,NULL,'2022-05-16 13:25:19','2022-05-16 13:25:19',1,1,30,37,'consume'),(301,NULL,'2022-05-16 13:25:19','2022-05-16 13:25:19',1,1,30,41,'create'),(302,NULL,'2022-05-16 13:25:19','2022-05-16 13:25:19',1,1,31,37,'consume'),(303,NULL,'2022-05-16 13:25:19','2022-05-16 13:25:19',1,1,31,39,'describe'),(304,NULL,'2022-05-16 13:25:19','2022-05-16 13:25:19',1,1,32,37,'consume'),(305,NULL,'2022-05-16 13:25:19','2022-05-16 13:25:19',1,1,32,39,'describe'),(329,NULL,'2022-05-16 13:25:22','2022-05-16 13:25:22',1,1,39,64,'entity-read'),(330,NULL,'2022-05-16 13:25:22','2022-05-16 13:25:22',1,1,39,67,'entity-delete'),(331,NULL,'2022-05-16 13:25:22','2022-05-16 13:25:22',1,1,39,65,'entity-create'),(332,NULL,'2022-05-16 13:25:22','2022-05-16 13:25:22',1,1,39,66,'entity-update'),(337,NULL,'2022-05-16 13:25:25','2022-05-16 13:25:25',1,1,41,48,'query'),(338,NULL,'2022-05-16 13:25:25','2022-05-16 13:25:25',1,1,41,49,'update'),(339,NULL,'2022-05-16 13:25:25','2022-05-16 13:25:25',1,1,41,50,'others'),(340,NULL,'2022-05-16 13:25:28','2022-05-16 13:25:28',1,1,42,28,'get'),(341,NULL,'2022-05-16 13:25:28','2022-05-16 13:25:28',1,1,42,30,'getmetadata'),(342,NULL,'2022-05-16 13:25:28','2022-05-16 13:25:28',1,1,42,32,'decrypteek'),(343,NULL,'2022-05-16 13:25:28','2022-05-16 13:25:28',1,1,42,24,'create'),(344,NULL,'2022-05-16 13:25:28','2022-05-16 13:25:28',1,1,42,31,'generateeek'),(345,NULL,'2022-05-16 13:25:28','2022-05-16 13:25:28',1,1,42,26,'rollover'),(346,NULL,'2022-05-16 13:25:28','2022-05-16 13:25:28',1,1,42,29,'getkeys'),(347,NULL,'2022-05-16 13:25:28','2022-05-16 13:25:28',1,1,42,25,'delete'),(348,NULL,'2022-05-16 13:25:28','2022-05-16 13:25:28',1,1,42,27,'setkeymaterial'),(349,NULL,'2022-05-16 14:10:19','2022-05-16 14:10:19',55,55,43,1,'read'),(350,NULL,'2022-05-16 14:10:19','2022-05-16 14:10:19',55,55,43,2,'write'),(351,NULL,'2022-05-16 14:10:19','2022-05-16 14:10:19',55,55,43,3,'execute'),(352,NULL,'2022-05-16 13:25:22','2022-05-18 10:10:28',1,24,33,79,'entity-update-business-metadata'),(353,NULL,'2022-05-16 13:25:22','2022-05-18 10:10:28',1,24,33,64,'entity-read'),(354,NULL,'2022-05-16 13:25:22','2022-05-18 10:10:59',1,24,34,64,'entity-read'),(355,NULL,'2022-05-16 13:25:22','2022-05-18 10:10:59',1,24,34,68,'entity-add-classification'),(356,NULL,'2022-05-16 13:25:22','2022-05-18 10:10:59',1,24,34,69,'entity-update-classification'),(357,NULL,'2022-05-16 13:25:22','2022-05-18 10:10:59',1,24,34,67,'entity-delete'),(358,NULL,'2022-05-16 13:25:22','2022-05-18 10:10:59',1,24,34,66,'entity-update'),(359,NULL,'2022-05-16 13:25:22','2022-05-18 10:10:59',1,24,34,65,'entity-create'),(360,NULL,'2022-05-16 13:25:22','2022-05-18 10:10:59',1,24,34,70,'entity-remove-classification'),(361,NULL,'2022-05-16 13:25:22','2022-05-18 10:11:24',1,24,35,76,'admin-purge'),(362,NULL,'2022-05-16 13:25:22','2022-05-18 10:11:24',1,24,35,72,'admin-import'),(363,NULL,'2022-05-16 13:25:22','2022-05-18 10:11:24',1,24,35,81,'admin-audits'),(364,NULL,'2022-05-16 13:25:22','2022-05-18 10:11:24',1,24,35,71,'admin-export'),(365,NULL,'2022-05-16 13:25:22','2022-05-18 10:11:43',1,24,36,77,'entity-add-label'),(366,NULL,'2022-05-16 13:25:22','2022-05-18 10:11:43',1,24,36,64,'entity-read'),(367,NULL,'2022-05-16 13:25:22','2022-05-18 10:11:43',1,24,36,78,'entity-remove-label'),(368,NULL,'2022-05-16 13:25:22','2022-05-18 10:12:10',1,24,37,75,'remove-relationship'),(369,NULL,'2022-05-16 13:25:22','2022-05-18 10:12:10',1,24,37,73,'add-relationship'),(370,NULL,'2022-05-16 13:25:22','2022-05-18 10:12:10',1,24,37,74,'update-relationship'),(371,NULL,'2022-05-16 13:25:22','2022-05-18 10:14:04',1,24,38,61,'type-create'),(372,NULL,'2022-05-16 13:25:22','2022-05-18 10:14:04',1,24,38,80,'type-read'),(373,NULL,'2022-05-16 13:25:22','2022-05-18 10:14:04',1,24,38,63,'type-delete'),(374,NULL,'2022-05-16 13:25:22','2022-05-18 10:14:04',1,24,38,62,'type-update'),(390,NULL,'2022-05-16 13:25:09','2022-05-18 10:16:40',1,24,8,12,'drop'),(391,NULL,'2022-05-16 13:25:09','2022-05-18 10:16:40',1,24,8,9,'select'),(392,NULL,'2022-05-16 13:25:09','2022-05-18 10:16:40',1,24,8,15,'lock'),(393,NULL,'2022-05-16 13:25:09','2022-05-18 10:16:40',1,24,8,17,'read'),(394,NULL,'2022-05-16 13:25:09','2022-05-18 10:16:40',1,24,8,10,'update'),(395,NULL,'2022-05-16 13:25:09','2022-05-18 10:16:40',1,24,8,21,'tempudfadmin'),(396,NULL,'2022-05-16 13:25:09','2022-05-18 10:16:40',1,24,8,19,'repladmin'),(397,NULL,'2022-05-16 13:25:09','2022-05-18 10:16:40',1,24,8,22,'refresh'),(398,NULL,'2022-05-16 13:25:09','2022-05-18 10:16:40',1,24,8,11,'create'),(399,NULL,'2022-05-16 13:25:09','2022-05-18 10:16:40',1,24,8,14,'index'),(400,NULL,'2022-05-16 13:25:09','2022-05-18 10:16:40',1,24,8,13,'alter'),(401,NULL,'2022-05-16 13:25:09','2022-05-18 10:16:40',1,24,8,23,'rwstorage'),(402,NULL,'2022-05-16 13:25:09','2022-05-18 10:16:40',1,24,8,16,'all'),(403,NULL,'2022-05-16 13:25:09','2022-05-18 10:16:40',1,24,8,20,'serviceadmin'),(404,NULL,'2022-05-16 13:25:09','2022-05-18 10:16:40',1,24,8,18,'write'),(405,NULL,'2022-05-16 13:25:09','2022-05-18 10:17:24',1,24,9,12,'drop'),(406,NULL,'2022-05-16 13:25:09','2022-05-18 10:17:24',1,24,9,19,'repladmin'),(407,NULL,'2022-05-16 13:25:09','2022-05-18 10:17:24',1,24,9,21,'tempudfadmin'),(408,NULL,'2022-05-16 13:25:09','2022-05-18 10:17:24',1,24,9,13,'alter'),(409,NULL,'2022-05-16 13:25:09','2022-05-18 10:17:24',1,24,9,14,'index'),(410,NULL,'2022-05-16 13:25:09','2022-05-18 10:17:24',1,24,9,15,'lock'),(411,NULL,'2022-05-16 13:25:09','2022-05-18 10:17:24',1,24,9,18,'write'),(412,NULL,'2022-05-16 13:25:09','2022-05-18 10:17:24',1,24,9,22,'refresh'),(413,NULL,'2022-05-16 13:25:09','2022-05-18 10:17:24',1,24,9,10,'update'),(414,NULL,'2022-05-16 13:25:09','2022-05-18 10:17:24',1,24,9,11,'create'),(415,NULL,'2022-05-16 13:25:09','2022-05-18 10:17:24',1,24,9,23,'rwstorage'),(416,NULL,'2022-05-16 13:25:09','2022-05-18 10:17:24',1,24,9,16,'all'),(417,NULL,'2022-05-16 13:25:09','2022-05-18 10:17:24',1,24,9,17,'read'),(418,NULL,'2022-05-16 13:25:09','2022-05-18 10:17:24',1,24,9,20,'serviceadmin'),(419,NULL,'2022-05-16 13:25:09','2022-05-18 10:17:24',1,24,9,9,'select'),(420,NULL,'2022-05-16 13:25:09','2022-05-18 10:17:42',1,24,7,12,'drop'),(421,NULL,'2022-05-16 13:25:09','2022-05-18 10:17:42',1,24,7,19,'repladmin'),(422,NULL,'2022-05-16 13:25:09','2022-05-18 10:17:42',1,24,7,11,'create'),(423,NULL,'2022-05-16 13:25:09','2022-05-18 10:17:42',1,24,7,15,'lock'),(424,NULL,'2022-05-16 13:25:09','2022-05-18 10:17:42',1,24,7,20,'serviceadmin'),(425,NULL,'2022-05-16 13:25:09','2022-05-18 10:17:42',1,24,7,22,'refresh'),(426,NULL,'2022-05-16 13:25:09','2022-05-18 10:17:42',1,24,7,18,'write'),(427,NULL,'2022-05-16 13:25:09','2022-05-18 10:17:42',1,24,7,10,'update'),(428,NULL,'2022-05-16 13:25:09','2022-05-18 10:17:42',1,24,7,13,'alter'),(429,NULL,'2022-05-16 13:25:09','2022-05-18 10:17:42',1,24,7,23,'rwstorage'),(430,NULL,'2022-05-16 13:25:09','2022-05-18 10:17:42',1,24,7,14,'index'),(431,NULL,'2022-05-16 13:25:09','2022-05-18 10:17:42',1,24,7,9,'select'),(432,NULL,'2022-05-16 13:25:09','2022-05-18 10:17:42',1,24,7,17,'read'),(433,NULL,'2022-05-16 13:25:09','2022-05-18 10:17:42',1,24,7,16,'all'),(434,NULL,'2022-05-16 13:25:09','2022-05-18 10:17:42',1,24,7,21,'tempudfadmin'),(435,NULL,'2022-05-16 13:25:09','2022-05-18 10:18:00',1,24,10,23,'rwstorage'),(436,NULL,'2022-05-16 13:25:09','2022-05-18 10:18:00',1,24,10,9,'select'),(437,NULL,'2022-05-16 13:25:09','2022-05-18 10:18:00',1,24,10,17,'read'),(438,NULL,'2022-05-16 13:25:10','2022-05-18 10:18:25',1,24,11,12,'drop'),(439,NULL,'2022-05-16 13:25:10','2022-05-18 10:18:25',1,24,11,15,'lock'),(440,NULL,'2022-05-16 13:25:10','2022-05-18 10:18:25',1,24,11,19,'repladmin'),(441,NULL,'2022-05-16 13:25:10','2022-05-18 10:18:25',1,24,11,20,'serviceadmin'),(442,NULL,'2022-05-16 13:25:10','2022-05-18 10:18:25',1,24,11,16,'all'),(443,NULL,'2022-05-16 13:25:10','2022-05-18 10:18:25',1,24,11,10,'update'),(444,NULL,'2022-05-16 13:25:10','2022-05-18 10:18:25',1,24,11,22,'refresh'),(445,NULL,'2022-05-16 13:25:10','2022-05-18 10:18:25',1,24,11,21,'tempudfadmin'),(446,NULL,'2022-05-16 13:25:10','2022-05-18 10:18:25',1,24,11,14,'index'),(447,NULL,'2022-05-16 13:25:10','2022-05-18 10:18:25',1,24,11,17,'read'),(448,NULL,'2022-05-16 13:25:10','2022-05-18 10:18:25',1,24,11,18,'write'),(449,NULL,'2022-05-16 13:25:10','2022-05-18 10:18:25',1,24,11,23,'rwstorage'),(450,NULL,'2022-05-16 13:25:10','2022-05-18 10:18:25',1,24,11,13,'alter'),(451,NULL,'2022-05-16 13:25:10','2022-05-18 10:18:25',1,24,11,11,'create'),(452,NULL,'2022-05-16 13:25:10','2022-05-18 10:18:25',1,24,11,9,'select'),(453,NULL,'2022-05-16 13:25:10','2022-05-18 10:19:07',1,24,12,12,'drop'),(454,NULL,'2022-05-16 13:25:10','2022-05-18 10:19:07',1,24,12,14,'index'),(455,NULL,'2022-05-16 13:25:10','2022-05-18 10:19:07',1,24,12,15,'lock'),(456,NULL,'2022-05-16 13:25:10','2022-05-18 10:19:07',1,24,12,23,'rwstorage'),(457,NULL,'2022-05-16 13:25:10','2022-05-18 10:19:07',1,24,12,19,'repladmin'),(458,NULL,'2022-05-16 13:25:10','2022-05-18 10:19:07',1,24,12,17,'read'),(459,NULL,'2022-05-16 13:25:10','2022-05-18 10:19:07',1,24,12,10,'update'),(460,NULL,'2022-05-16 13:25:10','2022-05-18 10:19:07',1,24,12,13,'alter'),(461,NULL,'2022-05-16 13:25:10','2022-05-18 10:19:07',1,24,12,21,'tempudfadmin'),(462,NULL,'2022-05-16 13:25:10','2022-05-18 10:19:07',1,24,12,11,'create'),(463,NULL,'2022-05-16 13:25:10','2022-05-18 10:19:07',1,24,12,16,'all'),(464,NULL,'2022-05-16 13:25:10','2022-05-18 10:19:07',1,24,12,9,'select'),(465,NULL,'2022-05-16 13:25:10','2022-05-18 10:19:07',1,24,12,18,'write'),(466,NULL,'2022-05-16 13:25:10','2022-05-18 10:19:07',1,24,12,20,'serviceadmin'),(467,NULL,'2022-05-16 13:25:10','2022-05-18 10:19:07',1,24,12,22,'refresh'),(468,NULL,'2022-05-16 13:25:10','2022-05-18 10:19:23',1,24,13,12,'drop'),(469,NULL,'2022-05-16 13:25:10','2022-05-18 10:19:23',1,24,13,14,'index'),(470,NULL,'2022-05-16 13:25:10','2022-05-18 10:19:23',1,24,13,21,'tempudfadmin'),(471,NULL,'2022-05-16 13:25:10','2022-05-18 10:19:23',1,24,13,18,'write'),(472,NULL,'2022-05-16 13:25:10','2022-05-18 10:19:23',1,24,13,15,'lock'),(473,NULL,'2022-05-16 13:25:10','2022-05-18 10:19:23',1,24,13,20,'serviceadmin'),(474,NULL,'2022-05-16 13:25:10','2022-05-18 10:19:23',1,24,13,22,'refresh'),(475,NULL,'2022-05-16 13:25:10','2022-05-18 10:19:23',1,24,13,23,'rwstorage'),(476,NULL,'2022-05-16 13:25:10','2022-05-18 10:19:23',1,24,13,9,'select'),(477,NULL,'2022-05-16 13:25:10','2022-05-18 10:19:23',1,24,13,13,'alter'),(478,NULL,'2022-05-16 13:25:10','2022-05-18 10:19:23',1,24,13,16,'all'),(479,NULL,'2022-05-16 13:25:10','2022-05-18 10:19:23',1,24,13,11,'create'),(480,NULL,'2022-05-16 13:25:10','2022-05-18 10:19:23',1,24,13,19,'repladmin'),(481,NULL,'2022-05-16 13:25:10','2022-05-18 10:19:23',1,24,13,17,'read'),(482,NULL,'2022-05-16 13:25:10','2022-05-18 10:19:23',1,24,13,10,'update'),(483,NULL,'2022-05-16 13:25:10','2022-05-18 10:19:41',1,24,14,12,'drop'),(484,NULL,'2022-05-16 13:25:10','2022-05-18 10:19:41',1,24,14,13,'alter'),(485,NULL,'2022-05-16 13:25:10','2022-05-18 10:19:41',1,24,14,20,'serviceadmin'),(486,NULL,'2022-05-16 13:25:10','2022-05-18 10:19:41',1,24,14,23,'rwstorage'),(487,NULL,'2022-05-16 13:25:10','2022-05-18 10:19:41',1,24,14,11,'create'),(488,NULL,'2022-05-16 13:25:10','2022-05-18 10:19:41',1,24,14,9,'select'),(489,NULL,'2022-05-16 13:25:10','2022-05-18 10:19:41',1,24,14,21,'tempudfadmin'),(490,NULL,'2022-05-16 13:25:10','2022-05-18 10:19:41',1,24,14,10,'update'),(491,NULL,'2022-05-16 13:25:10','2022-05-18 10:19:41',1,24,14,18,'write'),(492,NULL,'2022-05-16 13:25:10','2022-05-18 10:19:41',1,24,14,19,'repladmin'),(493,NULL,'2022-05-16 13:25:10','2022-05-18 10:19:41',1,24,14,17,'read'),(494,NULL,'2022-05-16 13:25:10','2022-05-18 10:19:41',1,24,14,15,'lock'),(495,NULL,'2022-05-16 13:25:10','2022-05-18 10:19:41',1,24,14,14,'index'),(496,NULL,'2022-05-16 13:25:10','2022-05-18 10:19:41',1,24,14,16,'all'),(497,NULL,'2022-05-16 13:25:10','2022-05-18 10:19:41',1,24,14,22,'refresh'),(498,NULL,'2022-05-16 13:25:04','2022-05-18 10:20:39',1,24,4,4,'read'),(499,NULL,'2022-05-16 13:25:04','2022-05-18 10:20:39',1,24,4,5,'write'),(500,NULL,'2022-05-16 13:25:04','2022-05-18 10:20:39',1,24,4,8,'execute'),(501,NULL,'2022-05-16 13:25:04','2022-05-18 10:20:39',1,24,4,6,'create'),(502,NULL,'2022-05-16 13:25:04','2022-05-18 10:20:39',1,24,4,7,'admin'),(503,NULL,'2022-05-16 13:25:00','2022-05-18 10:22:18',1,24,1,1,'read'),(504,NULL,'2022-05-16 13:25:00','2022-05-18 10:22:18',1,24,1,2,'write'),(505,NULL,'2022-05-16 13:25:00','2022-05-18 10:22:18',1,24,1,3,'execute'),(506,NULL,'2022-05-18 10:23:54','2022-05-18 10:23:54',24,24,44,1,'read'),(507,NULL,'2022-05-18 10:23:54','2022-05-18 10:23:54',24,24,44,3,'execute'),(508,NULL,'2022-05-18 10:23:54','2022-05-18 10:23:54',24,24,44,2,'write'),(509,NULL,'2022-05-16 13:25:18','2022-05-18 10:25:07',1,24,23,37,'consume'),(510,NULL,'2022-05-16 13:25:18','2022-05-18 10:25:07',1,24,23,42,'delete'),(511,NULL,'2022-05-16 13:25:18','2022-05-18 10:25:07',1,24,23,39,'describe'),(512,NULL,'2022-05-16 13:25:18','2022-05-18 10:25:24',1,24,24,44,'describe_configs'),(513,NULL,'2022-05-16 13:25:18','2022-05-18 10:25:24',1,24,24,39,'describe'),(514,NULL,'2022-05-16 13:25:18','2022-05-18 10:25:24',1,24,24,37,'consume'),(515,NULL,'2022-05-16 13:25:18','2022-05-18 10:25:24',1,24,24,41,'create'),(516,NULL,'2022-05-16 13:25:18','2022-05-18 10:25:24',1,24,24,38,'configure'),(517,NULL,'2022-05-16 13:25:18','2022-05-18 10:25:24',1,24,24,47,'alter'),(518,NULL,'2022-05-16 13:25:18','2022-05-18 10:25:24',1,24,24,45,'alter_configs'),(519,NULL,'2022-05-16 13:25:18','2022-05-18 10:25:24',1,24,24,36,'publish'),(520,NULL,'2022-05-16 13:25:18','2022-05-18 10:25:24',1,24,24,42,'delete'),(521,NULL,'2022-05-16 13:25:19','2022-05-18 10:25:40',1,24,25,36,'publish'),(522,NULL,'2022-05-16 13:25:19','2022-05-18 10:25:40',1,24,25,39,'describe'),(523,NULL,'2022-05-16 13:25:19','2022-05-18 10:26:06',1,24,26,44,'describe_configs'),(524,NULL,'2022-05-16 13:25:19','2022-05-18 10:26:06',1,24,26,38,'configure'),(525,NULL,'2022-05-16 13:25:19','2022-05-18 10:26:06',1,24,26,46,'cluster_action'),(526,NULL,'2022-05-16 13:25:19','2022-05-18 10:26:06',1,24,26,41,'create'),(527,NULL,'2022-05-16 13:25:19','2022-05-18 10:26:06',1,24,26,43,'idempotent_write'),(528,NULL,'2022-05-16 13:25:19','2022-05-18 10:26:06',1,24,26,40,'kafka_admin'),(529,NULL,'2022-05-16 13:25:19','2022-05-18 10:26:06',1,24,26,45,'alter_configs'),(530,NULL,'2022-05-16 13:25:19','2022-05-18 10:26:06',1,24,26,39,'describe'),(531,NULL,'2022-05-16 13:25:19','2022-05-18 10:26:06',1,24,26,47,'alter'),(532,NULL,'2022-05-16 13:25:19','2022-05-18 10:26:33',1,24,27,39,'describe'),(533,NULL,'2022-05-16 13:25:12','2022-05-18 10:27:15',1,24,17,33,'allow'),(534,NULL,'2022-05-16 13:25:25','2022-05-18 10:27:45',1,24,40,51,'solr_admin'),(535,NULL,'2022-05-16 13:25:25','2022-05-18 10:27:45',1,24,40,48,'query'),(536,NULL,'2022-05-16 13:25:25','2022-05-18 10:27:45',1,24,40,50,'others'),(537,NULL,'2022-05-16 13:25:25','2022-05-18 10:27:45',1,24,40,49,'update'),(538,NULL,'2022-05-16 13:25:06','2022-05-18 10:28:18',1,24,6,34,'submit-app'),(539,NULL,'2022-05-16 13:25:06','2022-05-18 10:28:18',1,24,6,35,'admin-queue'),(540,NULL,'2022-05-18 10:29:18','2022-05-18 10:29:18',24,24,45,34,'submit-app');
/*!40000 ALTER TABLE `x_policy_ref_access_type` ENABLE KEYS */;
UNLOCK TABLES;

--
-- Table structure for table `x_policy_ref_condition`
--

DROP TABLE IF EXISTS `x_policy_ref_condition`;
/*!40101 SET @saved_cs_client     = @@character_set_client */;
/*!40101 SET character_set_client = utf8 */;
CREATE TABLE `x_policy_ref_condition` (
  `id` bigint(20) NOT NULL AUTO_INCREMENT,
  `guid` varchar(1024) DEFAULT NULL,
  `create_time` datetime DEFAULT NULL,
  `update_time` datetime DEFAULT NULL,
  `added_by_id` bigint(20) DEFAULT NULL,
  `upd_by_id` bigint(20) DEFAULT NULL,
  `policy_id` bigint(20) NOT NULL,
  `condition_def_id` bigint(20) NOT NULL,
  `condition_name` varchar(4000) DEFAULT NULL,
  PRIMARY KEY (`id`),
  UNIQUE KEY `x_policy_ref_condition_UK_polId_condDefId` (`policy_id`,`condition_def_id`),
  KEY `x_policy_ref_condition_FK_added_by_id` (`added_by_id`),
  KEY `x_policy_ref_condition_FK_upd_by_id` (`upd_by_id`),
  KEY `x_policy_ref_condition_FK_condition_def_id` (`condition_def_id`),
  CONSTRAINT `x_policy_ref_condition_FK_added_by_id` FOREIGN KEY (`added_by_id`) REFERENCES `x_portal_user` (`id`),
  CONSTRAINT `x_policy_ref_condition_FK_condition_def_id` FOREIGN KEY (`condition_def_id`) REFERENCES `x_policy_condition_def` (`id`),
  CONSTRAINT `x_policy_ref_condition_FK_policy_id` FOREIGN KEY (`policy_id`) REFERENCES `x_policy` (`id`),
  CONSTRAINT `x_policy_ref_condition_FK_upd_by_id` FOREIGN KEY (`upd_by_id`) REFERENCES `x_portal_user` (`id`)
) ENGINE=InnoDB AUTO_INCREMENT=2 DEFAULT CHARSET=utf8 ROW_FORMAT=DYNAMIC;
/*!40101 SET character_set_client = @saved_cs_client */;

--
-- Dumping data for table `x_policy_ref_condition`
--

LOCK TABLES `x_policy_ref_condition` WRITE;
/*!40000 ALTER TABLE `x_policy_ref_condition` DISABLE KEYS */;
INSERT INTO `x_policy_ref_condition` VALUES (1,NULL,'2022-05-16 13:25:00','2022-05-16 13:25:01',1,1,3,6,'accessed-after-expiry');
/*!40000 ALTER TABLE `x_policy_ref_condition` ENABLE KEYS */;
UNLOCK TABLES;

--
-- Table structure for table `x_policy_ref_datamask_type`
--

DROP TABLE IF EXISTS `x_policy_ref_datamask_type`;
/*!40101 SET @saved_cs_client     = @@character_set_client */;
/*!40101 SET character_set_client = utf8 */;
CREATE TABLE `x_policy_ref_datamask_type` (
  `id` bigint(20) NOT NULL AUTO_INCREMENT,
  `guid` varchar(1024) DEFAULT NULL,
  `create_time` datetime DEFAULT NULL,
  `update_time` datetime DEFAULT NULL,
  `added_by_id` bigint(20) DEFAULT NULL,
  `upd_by_id` bigint(20) DEFAULT NULL,
  `policy_id` bigint(20) NOT NULL,
  `datamask_def_id` bigint(20) NOT NULL,
  `datamask_type_name` varchar(4000) DEFAULT NULL,
  PRIMARY KEY (`id`),
  UNIQUE KEY `x_policy_ref_datamask_UK_polId_dmaskDefId` (`policy_id`,`datamask_def_id`),
  KEY `x_policy_ref_datamask_FK_added_by_id` (`added_by_id`),
  KEY `x_policy_ref_datamask_FK_upd_by_id` (`upd_by_id`),
  KEY `x_policy_ref_datamask_FK_datamask_def_id` (`datamask_def_id`),
  CONSTRAINT `x_policy_ref_datamask_FK_added_by_id` FOREIGN KEY (`added_by_id`) REFERENCES `x_portal_user` (`id`),
  CONSTRAINT `x_policy_ref_datamask_FK_datamask_def_id` FOREIGN KEY (`datamask_def_id`) REFERENCES `x_datamask_type_def` (`id`),
  CONSTRAINT `x_policy_ref_datamask_FK_policy_id` FOREIGN KEY (`policy_id`) REFERENCES `x_policy` (`id`),
  CONSTRAINT `x_policy_ref_datamask_FK_upd_by_id` FOREIGN KEY (`upd_by_id`) REFERENCES `x_portal_user` (`id`)
) ENGINE=InnoDB DEFAULT CHARSET=utf8 ROW_FORMAT=DYNAMIC;
/*!40101 SET character_set_client = @saved_cs_client */;

--
-- Dumping data for table `x_policy_ref_datamask_type`
--

LOCK TABLES `x_policy_ref_datamask_type` WRITE;
/*!40000 ALTER TABLE `x_policy_ref_datamask_type` DISABLE KEYS */;
/*!40000 ALTER TABLE `x_policy_ref_datamask_type` ENABLE KEYS */;
UNLOCK TABLES;

--
-- Table structure for table `x_policy_ref_group`
--

DROP TABLE IF EXISTS `x_policy_ref_group`;
/*!40101 SET @saved_cs_client     = @@character_set_client */;
/*!40101 SET character_set_client = utf8 */;
CREATE TABLE `x_policy_ref_group` (
  `id` bigint(20) NOT NULL AUTO_INCREMENT,
  `guid` varchar(1024) DEFAULT NULL,
  `create_time` datetime DEFAULT NULL,
  `update_time` datetime DEFAULT NULL,
  `added_by_id` bigint(20) DEFAULT NULL,
  `upd_by_id` bigint(20) DEFAULT NULL,
  `policy_id` bigint(20) NOT NULL,
  `group_id` bigint(20) NOT NULL,
  `group_name` varchar(4000) DEFAULT NULL,
  PRIMARY KEY (`id`),
  UNIQUE KEY `x_policy_ref_group_UK_polId_groupId` (`policy_id`,`group_id`),
  KEY `x_policy_ref_group_FK_added_by_id` (`added_by_id`),
  KEY `x_policy_ref_group_FK_upd_by_id` (`upd_by_id`),
  KEY `x_policy_ref_group_FK_group_id` (`group_id`),
  CONSTRAINT `x_policy_ref_group_FK_added_by_id` FOREIGN KEY (`added_by_id`) REFERENCES `x_portal_user` (`id`),
  CONSTRAINT `x_policy_ref_group_FK_group_id` FOREIGN KEY (`group_id`) REFERENCES `x_group` (`id`),
  CONSTRAINT `x_policy_ref_group_FK_policy_id` FOREIGN KEY (`policy_id`) REFERENCES `x_policy` (`id`),
  CONSTRAINT `x_policy_ref_group_FK_upd_by_id` FOREIGN KEY (`upd_by_id`) REFERENCES `x_portal_user` (`id`)
) ENGINE=InnoDB AUTO_INCREMENT=14 DEFAULT CHARSET=utf8 ROW_FORMAT=DYNAMIC;
/*!40101 SET character_set_client = @saved_cs_client */;

--
-- Dumping data for table `x_policy_ref_group`
--

LOCK TABLES `x_policy_ref_group` WRITE;
/*!40000 ALTER TABLE `x_policy_ref_group` DISABLE KEYS */;
INSERT INTO `x_policy_ref_group` VALUES (1,NULL,'2022-05-16 13:25:00','2022-05-16 13:25:00',1,1,3,1,'public'),(3,NULL,'2022-05-16 13:25:10','2022-05-16 13:25:10',1,1,15,1,'public'),(4,NULL,'2022-05-16 13:25:10','2022-05-16 13:25:10',1,1,16,1,'public'),(5,NULL,'2022-05-16 13:25:12','2022-05-16 13:25:12',1,1,18,1,'public'),(6,NULL,'2022-05-16 13:25:19','2022-05-16 13:25:19',1,1,30,1,'public'),(12,NULL,'2022-05-16 13:25:10','2022-05-18 10:18:25',1,24,11,1,'public'),(13,NULL,'2022-05-18 10:29:18','2022-05-18 10:29:18',24,24,45,1,'public');
/*!40000 ALTER TABLE `x_policy_ref_group` ENABLE KEYS */;
UNLOCK TABLES;

--
-- Table structure for table `x_policy_ref_resource`
--

DROP TABLE IF EXISTS `x_policy_ref_resource`;
/*!40101 SET @saved_cs_client     = @@character_set_client */;
/*!40101 SET character_set_client = utf8 */;
CREATE TABLE `x_policy_ref_resource` (
  `id` bigint(20) NOT NULL AUTO_INCREMENT,
  `guid` varchar(1024) DEFAULT NULL,
  `create_time` datetime DEFAULT NULL,
  `update_time` datetime DEFAULT NULL,
  `added_by_id` bigint(20) DEFAULT NULL,
  `upd_by_id` bigint(20) DEFAULT NULL,
  `policy_id` bigint(20) NOT NULL,
  `resource_def_id` bigint(20) NOT NULL,
  `resource_name` varchar(4000) DEFAULT NULL,
  PRIMARY KEY (`id`),
  UNIQUE KEY `x_policy_ref_res_UK_polId_resDefId` (`policy_id`,`resource_def_id`),
  KEY `x_policy_ref_res_FK_added_by_id` (`added_by_id`),
  KEY `x_policy_ref_res_FK_upd_by_id` (`upd_by_id`),
  KEY `x_policy_ref_res_FK_resource_def_id` (`resource_def_id`),
  CONSTRAINT `x_policy_ref_res_FK_added_by_id` FOREIGN KEY (`added_by_id`) REFERENCES `x_portal_user` (`id`),
  CONSTRAINT `x_policy_ref_res_FK_policy_id` FOREIGN KEY (`policy_id`) REFERENCES `x_policy` (`id`),
  CONSTRAINT `x_policy_ref_res_FK_resource_def_id` FOREIGN KEY (`resource_def_id`) REFERENCES `x_resource_def` (`id`),
  CONSTRAINT `x_policy_ref_res_FK_upd_by_id` FOREIGN KEY (`upd_by_id`) REFERENCES `x_portal_user` (`id`)
) ENGINE=InnoDB AUTO_INCREMENT=131 DEFAULT CHARSET=utf8 ROW_FORMAT=DYNAMIC;
/*!40101 SET character_set_client = @saved_cs_client */;

--
-- Dumping data for table `x_policy_ref_resource`
--

LOCK TABLES `x_policy_ref_resource` WRITE;
/*!40000 ALTER TABLE `x_policy_ref_resource` DISABLE KEYS */;
INSERT INTO `x_policy_ref_resource` VALUES (2,NULL,'2022-05-16 13:25:00','2022-05-16 13:25:00',1,1,2,1,'path'),(3,NULL,'2022-05-16 13:25:00','2022-05-16 13:25:00',1,1,3,50,'tag'),(7,NULL,'2022-05-16 13:25:04','2022-05-16 13:25:04',1,1,5,3,'column-family'),(8,NULL,'2022-05-16 13:25:04','2022-05-16 13:25:04',1,1,5,4,'column'),(9,NULL,'2022-05-16 13:25:04','2022-05-16 13:25:04',1,1,5,2,'table'),(24,NULL,'2022-05-16 13:25:10','2022-05-16 13:25:10',1,1,15,5,'database'),(25,NULL,'2022-05-16 13:25:10','2022-05-16 13:25:10',1,1,15,6,'table'),(26,NULL,'2022-05-16 13:25:10','2022-05-16 13:25:10',1,1,15,8,'column'),(27,NULL,'2022-05-16 13:25:10','2022-05-16 13:25:10',1,1,16,5,'database'),(28,NULL,'2022-05-16 13:25:10','2022-05-16 13:25:10',1,1,16,6,'table'),(29,NULL,'2022-05-16 13:25:10','2022-05-16 13:25:10',1,1,16,8,'column'),(32,NULL,'2022-05-16 13:25:12','2022-05-16 13:25:12',1,1,18,16,'service'),(33,NULL,'2022-05-16 13:25:12','2022-05-16 13:25:12',1,1,18,15,'topology'),(34,NULL,'2022-05-16 13:25:16','2022-05-16 13:25:16',1,1,19,47,'volume'),(35,NULL,'2022-05-16 13:25:16','2022-05-16 13:25:16',1,1,19,49,'key'),(36,NULL,'2022-05-16 13:25:16','2022-05-16 13:25:16',1,1,19,48,'bucket'),(37,NULL,'2022-05-16 13:25:16','2022-05-16 13:25:16',1,1,20,47,'volume'),(38,NULL,'2022-05-16 13:25:16','2022-05-16 13:25:16',1,1,21,47,'volume'),(39,NULL,'2022-05-16 13:25:16','2022-05-16 13:25:16',1,1,21,48,'bucket'),(40,NULL,'2022-05-16 13:25:16','2022-05-16 13:25:16',1,1,22,47,'volume'),(41,NULL,'2022-05-16 13:25:16','2022-05-16 13:25:16',1,1,22,49,'key'),(42,NULL,'2022-05-16 13:25:16','2022-05-16 13:25:16',1,1,22,48,'bucket'),(48,NULL,'2022-05-16 13:25:19','2022-05-16 13:25:19',1,1,28,18,'topic'),(49,NULL,'2022-05-16 13:25:19','2022-05-16 13:25:19',1,1,29,18,'topic'),(50,NULL,'2022-05-16 13:25:19','2022-05-16 13:25:19',1,1,30,18,'topic'),(51,NULL,'2022-05-16 13:25:19','2022-05-16 13:25:19',1,1,31,22,'consumergroup'),(52,NULL,'2022-05-16 13:25:19','2022-05-16 13:25:19',1,1,32,22,'consumergroup'),(74,NULL,'2022-05-16 13:25:22','2022-05-16 13:25:22',1,1,39,34,'entity-type'),(75,NULL,'2022-05-16 13:25:22','2022-05-16 13:25:22',1,1,39,35,'entity-classification'),(76,NULL,'2022-05-16 13:25:22','2022-05-16 13:25:22',1,1,39,36,'entity'),(78,NULL,'2022-05-16 13:25:25','2022-05-16 13:25:25',1,1,41,23,'collection'),(79,NULL,'2022-05-16 13:25:28','2022-05-16 13:25:28',1,1,42,14,'keyname'),(80,NULL,'2022-05-16 14:10:19','2022-05-16 14:10:19',55,55,43,1,'path'),(81,NULL,'2022-05-16 13:25:22','2022-05-18 10:10:28',1,24,33,34,'entity-type'),(82,NULL,'2022-05-16 13:25:22','2022-05-18 10:10:28',1,24,33,46,'entity-business-metadata'),(83,NULL,'2022-05-16 13:25:22','2022-05-18 10:10:28',1,24,33,35,'entity-classification'),(84,NULL,'2022-05-16 13:25:22','2022-05-18 10:10:28',1,24,33,36,'entity'),(85,NULL,'2022-05-16 13:25:22','2022-05-18 10:10:59',1,24,34,34,'entity-type'),(86,NULL,'2022-05-16 13:25:22','2022-05-18 10:10:59',1,24,34,35,'entity-classification'),(87,NULL,'2022-05-16 13:25:22','2022-05-18 10:10:59',1,24,34,36,'entity'),(88,NULL,'2022-05-16 13:25:22','2022-05-18 10:11:24',1,24,35,37,'atlas-service'),(89,NULL,'2022-05-16 13:25:22','2022-05-18 10:11:43',1,24,36,34,'entity-type'),(90,NULL,'2022-05-16 13:25:22','2022-05-18 10:11:43',1,24,36,45,'entity-label'),(91,NULL,'2022-05-16 13:25:22','2022-05-18 10:11:43',1,24,36,36,'entity'),(92,NULL,'2022-05-16 13:25:22','2022-05-18 10:11:43',1,24,36,35,'entity-classification'),(93,NULL,'2022-05-16 13:25:22','2022-05-18 10:12:10',1,24,37,40,'end-one-entity-classification'),(94,NULL,'2022-05-16 13:25:22','2022-05-18 10:12:10',1,24,37,39,'end-one-entity-type'),(95,NULL,'2022-05-16 13:25:22','2022-05-18 10:12:10',1,24,37,41,'end-one-entity'),(96,NULL,'2022-05-16 13:25:22','2022-05-18 10:12:10',1,24,37,43,'end-two-entity-classification'),(97,NULL,'2022-05-16 13:25:22','2022-05-18 10:12:10',1,24,37,42,'end-two-entity-type'),(98,NULL,'2022-05-16 13:25:22','2022-05-18 10:12:10',1,24,37,44,'end-two-entity'),(99,NULL,'2022-05-16 13:25:22','2022-05-18 10:12:10',1,24,37,38,'relationship-type'),(100,NULL,'2022-05-16 13:25:22','2022-05-18 10:14:04',1,24,38,32,'type-category'),(101,NULL,'2022-05-16 13:25:22','2022-05-18 10:14:04',1,24,38,33,'type'),(103,NULL,'2022-05-16 13:25:09','2022-05-18 10:16:40',1,24,8,5,'database'),(104,NULL,'2022-05-16 13:25:09','2022-05-18 10:16:40',1,24,8,8,'column'),(105,NULL,'2022-05-16 13:25:09','2022-05-18 10:16:40',1,24,8,6,'table'),(106,NULL,'2022-05-16 13:25:09','2022-05-18 10:17:24',1,24,9,5,'database'),(107,NULL,'2022-05-16 13:25:09','2022-05-18 10:17:24',1,24,9,6,'table'),(108,NULL,'2022-05-16 13:25:09','2022-05-18 10:17:42',1,24,7,11,'global'),(109,NULL,'2022-05-16 13:25:09','2022-05-18 10:18:00',1,24,10,12,'storage-type'),(110,NULL,'2022-05-16 13:25:09','2022-05-18 10:18:00',1,24,10,13,'storage-url'),(111,NULL,'2022-05-16 13:25:10','2022-05-18 10:18:25',1,24,11,5,'database'),(112,NULL,'2022-05-16 13:25:10','2022-05-18 10:19:07',1,24,12,10,'hiveservice'),(113,NULL,'2022-05-16 13:25:10','2022-05-18 10:19:23',1,24,13,5,'database'),(114,NULL,'2022-05-16 13:25:10','2022-05-18 10:19:23',1,24,13,7,'udf'),(115,NULL,'2022-05-16 13:25:10','2022-05-18 10:19:41',1,24,14,9,'url'),(116,NULL,'2022-05-16 13:25:04','2022-05-18 10:20:39',1,24,4,3,'column-family'),(117,NULL,'2022-05-16 13:25:04','2022-05-18 10:20:39',1,24,4,2,'table'),(118,NULL,'2022-05-16 13:25:04','2022-05-18 10:20:39',1,24,4,4,'column'),(119,NULL,'2022-05-16 13:25:00','2022-05-18 10:22:18',1,24,1,1,'path'),(120,NULL,'2022-05-18 10:23:54','2022-05-18 10:23:54',24,24,44,1,'path'),(121,NULL,'2022-05-16 13:25:18','2022-05-18 10:25:07',1,24,23,22,'consumergroup'),(122,NULL,'2022-05-16 13:25:18','2022-05-18 10:25:24',1,24,24,18,'topic'),(123,NULL,'2022-05-16 13:25:19','2022-05-18 10:25:40',1,24,25,19,'transactionalid'),(124,NULL,'2022-05-16 13:25:19','2022-05-18 10:26:06',1,24,26,20,'cluster'),(125,NULL,'2022-05-16 13:25:19','2022-05-18 10:26:33',1,24,27,21,'delegationtoken'),(126,NULL,'2022-05-16 13:25:12','2022-05-18 10:27:15',1,24,17,15,'topology'),(127,NULL,'2022-05-16 13:25:12','2022-05-18 10:27:15',1,24,17,16,'service'),(128,NULL,'2022-05-16 13:25:25','2022-05-18 10:27:45',1,24,40,23,'collection'),(129,NULL,'2022-05-16 13:25:06','2022-05-18 10:28:18',1,24,6,17,'queue'),(130,NULL,'2022-05-18 10:29:18','2022-05-18 10:29:18',24,24,45,17,'queue');
/*!40000 ALTER TABLE `x_policy_ref_resource` ENABLE KEYS */;
UNLOCK TABLES;

--
-- Table structure for table `x_policy_ref_role`
--

DROP TABLE IF EXISTS `x_policy_ref_role`;
/*!40101 SET @saved_cs_client     = @@character_set_client */;
/*!40101 SET character_set_client = utf8 */;
CREATE TABLE `x_policy_ref_role` (
  `id` bigint(20) NOT NULL AUTO_INCREMENT,
  `create_time` datetime DEFAULT NULL,
  `update_time` datetime DEFAULT NULL,
  `added_by_id` bigint(20) DEFAULT NULL,
  `upd_by_id` bigint(20) DEFAULT NULL,
  `policy_id` bigint(20) NOT NULL,
  `role_id` bigint(20) NOT NULL,
  `role_name` varchar(255) DEFAULT NULL,
  PRIMARY KEY (`id`),
  UNIQUE KEY `x_policy_ref_role_UK_polId_roleId` (`policy_id`,`role_id`),
  KEY `x_policy_ref_role_FK_added_by_id` (`added_by_id`),
  KEY `x_policy_ref_role_FK_upd_by_id` (`upd_by_id`),
  KEY `x_policy_ref_role_FK_role_id` (`role_id`),
  CONSTRAINT `x_policy_ref_role_FK_added_by_id` FOREIGN KEY (`added_by_id`) REFERENCES `x_portal_user` (`id`),
  CONSTRAINT `x_policy_ref_role_FK_policy_id` FOREIGN KEY (`policy_id`) REFERENCES `x_policy` (`id`),
  CONSTRAINT `x_policy_ref_role_FK_role_id` FOREIGN KEY (`role_id`) REFERENCES `x_role` (`id`),
  CONSTRAINT `x_policy_ref_role_FK_upd_by_id` FOREIGN KEY (`upd_by_id`) REFERENCES `x_portal_user` (`id`)
) ENGINE=InnoDB AUTO_INCREMENT=26 DEFAULT CHARSET=utf8 ROW_FORMAT=DYNAMIC;
/*!40101 SET character_set_client = @saved_cs_client */;

--
-- Dumping data for table `x_policy_ref_role`
--

LOCK TABLES `x_policy_ref_role` WRITE;
/*!40000 ALTER TABLE `x_policy_ref_role` DISABLE KEYS */;
INSERT INTO `x_policy_ref_role` VALUES (1,'2022-05-16 13:25:22','2022-05-18 10:10:28',1,24,33,1,'atlas_adm'),(2,'2022-05-16 13:25:22','2022-05-18 10:10:59',1,24,34,1,'atlas_adm'),(3,'2022-05-16 13:25:22','2022-05-18 10:11:24',1,24,35,1,'atlas_adm'),(4,'2022-05-16 13:25:22','2022-05-18 10:11:43',1,24,36,1,'atlas_adm'),(5,'2022-05-16 13:25:22','2022-05-18 10:12:10',1,24,37,1,'atlas_adm'),(6,'2022-05-16 13:25:22','2022-05-18 10:14:04',1,24,38,1,'atlas_adm'),(8,'2022-05-16 13:25:09','2022-05-18 10:16:40',1,24,8,7,'sql_adm'),(9,'2022-05-16 13:25:09','2022-05-18 10:17:24',1,24,9,7,'sql_adm'),(10,'2022-05-16 13:25:09','2022-05-18 10:17:42',1,24,7,7,'sql_adm'),(11,'2022-05-16 13:25:09','2022-05-18 10:18:00',1,24,10,7,'sql_adm'),(12,'2022-05-16 13:25:10','2022-05-18 10:18:25',1,24,11,7,'sql_adm'),(13,'2022-05-16 13:25:10','2022-05-18 10:19:07',1,24,12,7,'sql_adm'),(14,'2022-05-16 13:25:10','2022-05-18 10:19:23',1,24,13,7,'sql_adm'),(15,'2022-05-16 13:25:10','2022-05-18 10:19:41',1,24,14,7,'sql_adm'),(16,'2022-05-16 13:25:04','2022-05-18 10:20:39',1,24,4,2,'hbase_adm'),(17,'2022-05-16 13:25:00','2022-05-18 10:22:18',1,24,1,3,'hdfs_adm'),(18,'2022-05-16 13:25:18','2022-05-18 10:25:07',1,24,23,4,'kafka_adm'),(19,'2022-05-16 13:25:18','2022-05-18 10:25:24',1,24,24,4,'kafka_adm'),(20,'2022-05-16 13:25:19','2022-05-18 10:25:40',1,24,25,4,'kafka_adm'),(21,'2022-05-16 13:25:19','2022-05-18 10:26:06',1,24,26,4,'kafka_adm'),(22,'2022-05-16 13:25:19','2022-05-18 10:26:33',1,24,27,4,'kafka_adm'),(23,'2022-05-16 13:25:12','2022-05-18 10:27:15',1,24,17,5,'knox_adm'),(24,'2022-05-16 13:25:25','2022-05-18 10:27:45',1,24,40,6,'solr_adm'),(25,'2022-05-16 13:25:06','2022-05-18 10:28:18',1,24,6,8,'yarn_adm');
/*!40000 ALTER TABLE `x_policy_ref_role` ENABLE KEYS */;
UNLOCK TABLES;

--
-- Table structure for table `x_policy_ref_user`
--

DROP TABLE IF EXISTS `x_policy_ref_user`;
/*!40101 SET @saved_cs_client     = @@character_set_client */;
/*!40101 SET character_set_client = utf8 */;
CREATE TABLE `x_policy_ref_user` (
  `id` bigint(20) NOT NULL AUTO_INCREMENT,
  `guid` varchar(1024) DEFAULT NULL,
  `create_time` datetime DEFAULT NULL,
  `update_time` datetime DEFAULT NULL,
  `added_by_id` bigint(20) DEFAULT NULL,
  `upd_by_id` bigint(20) DEFAULT NULL,
  `policy_id` bigint(20) NOT NULL,
  `user_id` bigint(20) NOT NULL,
  `user_name` varchar(4000) DEFAULT NULL,
  PRIMARY KEY (`id`),
  UNIQUE KEY `x_policy_ref_user_UK_polId_userId` (`policy_id`,`user_id`),
  KEY `x_policy_ref_user_FK_added_by_id` (`added_by_id`),
  KEY `x_policy_ref_user_FK_upd_by_id` (`upd_by_id`),
  KEY `x_policy_ref_user_FK_user_id` (`user_id`),
  CONSTRAINT `x_policy_ref_user_FK_added_by_id` FOREIGN KEY (`added_by_id`) REFERENCES `x_portal_user` (`id`),
  CONSTRAINT `x_policy_ref_user_FK_policy_id` FOREIGN KEY (`policy_id`) REFERENCES `x_policy` (`id`),
  CONSTRAINT `x_policy_ref_user_FK_upd_by_id` FOREIGN KEY (`upd_by_id`) REFERENCES `x_portal_user` (`id`),
  CONSTRAINT `x_policy_ref_user_FK_user_id` FOREIGN KEY (`user_id`) REFERENCES `x_user` (`id`)
) ENGINE=InnoDB AUTO_INCREMENT=320 DEFAULT CHARSET=utf8 ROW_FORMAT=DYNAMIC;
/*!40101 SET character_set_client = @saved_cs_client */;

--
-- Dumping data for table `x_policy_ref_user`
--

LOCK TABLES `x_policy_ref_user` WRITE;
/*!40000 ALTER TABLE `x_policy_ref_user` DISABLE KEYS */;
INSERT INTO `x_policy_ref_user` VALUES (3,NULL,'2022-05-16 13:25:00','2022-05-16 13:25:00',1,1,2,3,'keyadmin'),(6,NULL,'2022-05-16 13:25:04','2022-05-16 13:25:04',1,1,5,7,'atlas'),(72,NULL,'2022-05-16 13:25:16','2022-05-16 13:25:16',1,1,19,65,'rangerlookup'),(73,NULL,'2022-05-16 13:25:16','2022-05-16 13:25:16',1,1,19,67,'om'),(74,NULL,'2022-05-16 13:25:16','2022-05-16 13:25:16',1,1,19,6,'{OWNER}'),(75,NULL,'2022-05-16 13:25:16','2022-05-16 13:25:16',1,1,20,65,'rangerlookup'),(76,NULL,'2022-05-16 13:25:16','2022-05-16 13:25:16',1,1,20,67,'om'),(77,NULL,'2022-05-16 13:25:16','2022-05-16 13:25:16',1,1,20,6,'{OWNER}'),(78,NULL,'2022-05-16 13:25:16','2022-05-16 13:25:16',1,1,21,65,'rangerlookup'),(79,NULL,'2022-05-16 13:25:16','2022-05-16 13:25:16',1,1,21,67,'om'),(80,NULL,'2022-05-16 13:25:16','2022-05-16 13:25:16',1,1,21,6,'{OWNER}'),(81,NULL,'2022-05-16 13:25:16','2022-05-16 13:25:16',1,1,22,31,'hive'),(107,NULL,'2022-05-16 13:25:19','2022-05-16 13:25:19',1,1,28,31,'hive'),(108,NULL,'2022-05-16 13:25:19','2022-05-16 13:25:19',1,1,28,7,'atlas'),(109,NULL,'2022-05-16 13:25:19','2022-05-16 13:25:19',1,1,28,19,'impala'),(110,NULL,'2022-05-16 13:25:19','2022-05-16 13:25:19',1,1,28,68,'mlgov'),(111,NULL,'2022-05-16 13:25:19','2022-05-16 13:25:19',1,1,28,9,'nifi'),(112,NULL,'2022-05-16 13:25:19','2022-05-16 13:25:19',1,1,28,53,'hbase'),(113,NULL,'2022-05-16 13:25:19','2022-05-16 13:25:19',1,1,29,7,'atlas'),(114,NULL,'2022-05-16 13:25:19','2022-05-16 13:25:19',1,1,29,4,'rangertagsync'),(115,NULL,'2022-05-16 13:25:19','2022-05-16 13:25:19',1,1,30,7,'atlas'),(116,NULL,'2022-05-16 13:25:19','2022-05-16 13:25:19',1,1,31,7,'atlas'),(117,NULL,'2022-05-16 13:25:19','2022-05-16 13:25:19',1,1,32,4,'rangertagsync'),(148,NULL,'2022-05-16 13:25:22','2022-05-16 13:25:22',1,1,39,5,'{USER}'),(153,NULL,'2022-05-16 13:25:25','2022-05-16 13:25:25',1,1,41,31,'hive'),(154,NULL,'2022-05-16 13:25:25','2022-05-16 13:25:25',1,1,41,69,'storm'),(155,NULL,'2022-05-16 13:25:25','2022-05-16 13:25:25',1,1,41,3,'keyadmin'),(156,NULL,'2022-05-16 13:25:25','2022-05-16 13:25:25',1,1,41,36,'streamsmsgmgr'),(157,NULL,'2022-05-16 13:25:25','2022-05-16 13:25:25',1,1,41,18,'nifiregistry'),(158,NULL,'2022-05-16 13:25:25','2022-05-16 13:25:25',1,1,41,19,'impala'),(159,NULL,'2022-05-16 13:25:25','2022-05-16 13:25:25',1,1,41,9,'nifi'),(160,NULL,'2022-05-16 13:25:25','2022-05-16 13:25:25',1,1,41,59,'rangerraz'),(161,NULL,'2022-05-16 13:25:25','2022-05-16 13:25:25',1,1,41,25,'kafka'),(162,NULL,'2022-05-16 13:25:25','2022-05-16 13:25:25',1,1,41,60,'hdfs'),(163,NULL,'2022-05-16 13:25:25','2022-05-16 13:25:25',1,1,41,63,'yarn'),(164,NULL,'2022-05-16 13:25:25','2022-05-16 13:25:25',1,1,41,13,'schemaregistry'),(165,NULL,'2022-05-16 13:25:25','2022-05-16 13:25:25',1,1,41,53,'hbase'),(166,NULL,'2022-05-16 13:25:25','2022-05-16 13:25:25',1,1,41,30,'knox'),(167,NULL,'2022-05-16 13:25:28','2022-05-16 13:25:28',1,1,42,31,'hive'),(168,NULL,'2022-05-16 13:25:28','2022-05-16 13:25:28',1,1,42,3,'keyadmin'),(169,NULL,'2022-05-16 13:25:28','2022-05-16 13:25:28',1,1,42,37,'ranger'),(170,NULL,'2022-05-16 13:25:28','2022-05-16 13:25:28',1,1,42,60,'hdfs'),(171,NULL,'2022-05-16 13:25:28','2022-05-16 13:25:28',1,1,42,65,'rangerlookup'),(172,NULL,'2022-05-16 13:25:28','2022-05-16 13:25:28',1,1,42,53,'hbase'),(173,NULL,'2022-05-16 14:10:19','2022-05-16 14:10:19',55,55,43,31,'hive'),(174,NULL,'2022-05-16 14:10:19','2022-05-16 14:10:19',55,55,43,7,'atlas'),(175,NULL,'2022-05-16 14:10:19','2022-05-16 14:10:19',55,55,43,25,'kafka'),(176,NULL,'2022-05-16 14:10:19','2022-05-16 14:10:19',55,55,43,51,'solr'),(177,NULL,'2022-05-16 14:10:19','2022-05-16 14:10:19',55,55,43,60,'hdfs'),(178,NULL,'2022-05-16 14:10:19','2022-05-16 14:10:19',55,55,43,19,'impala'),(179,NULL,'2022-05-16 14:10:19','2022-05-16 14:10:19',55,55,43,63,'yarn'),(180,NULL,'2022-05-16 14:10:19','2022-05-16 14:10:19',55,55,43,53,'hbase'),(181,NULL,'2022-05-16 14:10:19','2022-05-16 14:10:19',55,55,43,30,'knox'),(182,NULL,'2022-05-16 13:25:22','2022-05-18 10:10:28',1,24,33,66,'beacon'),(183,NULL,'2022-05-16 13:25:22','2022-05-18 10:10:28',1,24,33,11,'dpprofiler'),(184,NULL,'2022-05-16 13:25:22','2022-05-18 10:10:28',1,24,33,1,'admin'),(185,NULL,'2022-05-16 13:25:22','2022-05-18 10:10:28',1,24,33,4,'rangertagsync'),(186,NULL,'2022-05-16 13:25:22','2022-05-18 10:10:28',1,24,33,65,'rangerlookup'),(187,NULL,'2022-05-16 13:25:22','2022-05-18 10:10:28',1,24,33,9,'nifi'),(188,NULL,'2022-05-16 13:25:22','2022-05-18 10:10:59',1,24,34,66,'beacon'),(189,NULL,'2022-05-16 13:25:22','2022-05-18 10:10:59',1,24,34,11,'dpprofiler'),(190,NULL,'2022-05-16 13:25:22','2022-05-18 10:10:59',1,24,34,1,'admin'),(191,NULL,'2022-05-16 13:25:22','2022-05-18 10:10:59',1,24,34,4,'rangertagsync'),(192,NULL,'2022-05-16 13:25:22','2022-05-18 10:10:59',1,24,34,65,'rangerlookup'),(193,NULL,'2022-05-16 13:25:22','2022-05-18 10:10:59',1,24,34,9,'nifi'),(194,NULL,'2022-05-16 13:25:22','2022-05-18 10:11:24',1,24,35,66,'beacon'),(195,NULL,'2022-05-16 13:25:22','2022-05-18 10:11:24',1,24,35,11,'dpprofiler'),(196,NULL,'2022-05-16 13:25:22','2022-05-18 10:11:24',1,24,35,1,'admin'),(197,NULL,'2022-05-16 13:25:22','2022-05-18 10:11:24',1,24,35,9,'nifi'),(198,NULL,'2022-05-16 13:25:22','2022-05-18 10:11:43',1,24,36,66,'beacon'),(199,NULL,'2022-05-16 13:25:22','2022-05-18 10:11:43',1,24,36,11,'dpprofiler'),(200,NULL,'2022-05-16 13:25:22','2022-05-18 10:11:43',1,24,36,1,'admin'),(201,NULL,'2022-05-16 13:25:22','2022-05-18 10:11:43',1,24,36,4,'rangertagsync'),(202,NULL,'2022-05-16 13:25:22','2022-05-18 10:11:43',1,24,36,65,'rangerlookup'),(203,NULL,'2022-05-16 13:25:22','2022-05-18 10:11:43',1,24,36,9,'nifi'),(204,NULL,'2022-05-16 13:25:22','2022-05-18 10:12:10',1,24,37,66,'beacon'),(205,NULL,'2022-05-16 13:25:22','2022-05-18 10:12:10',1,24,37,11,'dpprofiler'),(206,NULL,'2022-05-16 13:25:22','2022-05-18 10:12:10',1,24,37,1,'admin'),(207,NULL,'2022-05-16 13:25:22','2022-05-18 10:12:10',1,24,37,9,'nifi'),(208,NULL,'2022-05-16 13:25:22','2022-05-18 10:14:04',1,24,38,66,'beacon'),(209,NULL,'2022-05-16 13:25:22','2022-05-18 10:14:04',1,24,38,11,'dpprofiler'),(210,NULL,'2022-05-16 13:25:22','2022-05-18 10:14:04',1,24,38,1,'admin'),(211,NULL,'2022-05-16 13:25:22','2022-05-18 10:14:04',1,24,38,9,'nifi'),(220,NULL,'2022-05-16 13:25:09','2022-05-18 10:16:40',1,24,8,31,'hive'),(221,NULL,'2022-05-16 13:25:09','2022-05-18 10:16:40',1,24,8,66,'beacon'),(222,NULL,'2022-05-16 13:25:09','2022-05-18 10:16:40',1,24,8,11,'dpprofiler'),(223,NULL,'2022-05-16 13:25:09','2022-05-18 10:16:40',1,24,8,61,'hue'),(224,NULL,'2022-05-16 13:25:09','2022-05-18 10:16:40',1,24,8,1,'admin'),(225,NULL,'2022-05-16 13:25:09','2022-05-18 10:16:40',1,24,8,19,'impala'),(226,NULL,'2022-05-16 13:25:09','2022-05-18 10:16:40',1,24,8,65,'rangerlookup'),(227,NULL,'2022-05-16 13:25:09','2022-05-18 10:16:40',1,24,8,6,'{OWNER}'),(228,NULL,'2022-05-16 13:25:09','2022-05-18 10:17:24',1,24,9,31,'hive'),(229,NULL,'2022-05-16 13:25:09','2022-05-18 10:17:24',1,24,9,66,'beacon'),(230,NULL,'2022-05-16 13:25:09','2022-05-18 10:17:24',1,24,9,54,'rangerrms'),(231,NULL,'2022-05-16 13:25:09','2022-05-18 10:17:24',1,24,9,11,'dpprofiler'),(232,NULL,'2022-05-16 13:25:09','2022-05-18 10:17:24',1,24,9,61,'hue'),(233,NULL,'2022-05-16 13:25:09','2022-05-18 10:17:24',1,24,9,1,'admin'),(234,NULL,'2022-05-16 13:25:09','2022-05-18 10:17:24',1,24,9,19,'impala'),(235,NULL,'2022-05-16 13:25:09','2022-05-18 10:17:24',1,24,9,65,'rangerlookup'),(236,NULL,'2022-05-16 13:25:09','2022-05-18 10:17:24',1,24,9,6,'{OWNER}'),(237,NULL,'2022-05-16 13:25:09','2022-05-18 10:17:42',1,24,7,31,'hive'),(238,NULL,'2022-05-16 13:25:09','2022-05-18 10:17:42',1,24,7,66,'beacon'),(239,NULL,'2022-05-16 13:25:09','2022-05-18 10:17:42',1,24,7,11,'dpprofiler'),(240,NULL,'2022-05-16 13:25:09','2022-05-18 10:17:42',1,24,7,61,'hue'),(241,NULL,'2022-05-16 13:25:09','2022-05-18 10:17:42',1,24,7,1,'admin'),(242,NULL,'2022-05-16 13:25:09','2022-05-18 10:17:42',1,24,7,19,'impala'),(243,NULL,'2022-05-16 13:25:09','2022-05-18 10:17:42',1,24,7,65,'rangerlookup'),(244,NULL,'2022-05-16 13:25:09','2022-05-18 10:17:42',1,24,7,6,'{OWNER}'),(245,NULL,'2022-05-16 13:25:09','2022-05-18 10:18:00',1,24,10,31,'hive'),(246,NULL,'2022-05-16 13:25:09','2022-05-18 10:18:00',1,24,10,66,'beacon'),(247,NULL,'2022-05-16 13:25:09','2022-05-18 10:18:00',1,24,10,11,'dpprofiler'),(248,NULL,'2022-05-16 13:25:09','2022-05-18 10:18:00',1,24,10,61,'hue'),(249,NULL,'2022-05-16 13:25:09','2022-05-18 10:18:00',1,24,10,1,'admin'),(250,NULL,'2022-05-16 13:25:09','2022-05-18 10:18:00',1,24,10,19,'impala'),(251,NULL,'2022-05-16 13:25:09','2022-05-18 10:18:00',1,24,10,65,'rangerlookup'),(252,NULL,'2022-05-16 13:25:10','2022-05-18 10:18:25',1,24,11,31,'hive'),(253,NULL,'2022-05-16 13:25:10','2022-05-18 10:18:25',1,24,11,66,'beacon'),(254,NULL,'2022-05-16 13:25:10','2022-05-18 10:18:25',1,24,11,11,'dpprofiler'),(255,NULL,'2022-05-16 13:25:10','2022-05-18 10:18:25',1,24,11,61,'hue'),(256,NULL,'2022-05-16 13:25:10','2022-05-18 10:18:25',1,24,11,1,'admin'),(257,NULL,'2022-05-16 13:25:10','2022-05-18 10:18:25',1,24,11,19,'impala'),(258,NULL,'2022-05-16 13:25:10','2022-05-18 10:18:25',1,24,11,65,'rangerlookup'),(259,NULL,'2022-05-16 13:25:10','2022-05-18 10:18:25',1,24,11,6,'{OWNER}'),(260,NULL,'2022-05-16 13:25:10','2022-05-18 10:19:07',1,24,12,31,'hive'),(261,NULL,'2022-05-16 13:25:10','2022-05-18 10:19:07',1,24,12,66,'beacon'),(262,NULL,'2022-05-16 13:25:10','2022-05-18 10:19:07',1,24,12,11,'dpprofiler'),(263,NULL,'2022-05-16 13:25:10','2022-05-18 10:19:07',1,24,12,61,'hue'),(264,NULL,'2022-05-16 13:25:10','2022-05-18 10:19:07',1,24,12,1,'admin'),(265,NULL,'2022-05-16 13:25:10','2022-05-18 10:19:07',1,24,12,19,'impala'),(266,NULL,'2022-05-16 13:25:10','2022-05-18 10:19:07',1,24,12,65,'rangerlookup'),(267,NULL,'2022-05-16 13:25:10','2022-05-18 10:19:23',1,24,13,31,'hive'),(268,NULL,'2022-05-16 13:25:10','2022-05-18 10:19:23',1,24,13,66,'beacon'),(269,NULL,'2022-05-16 13:25:10','2022-05-18 10:19:23',1,24,13,11,'dpprofiler'),(270,NULL,'2022-05-16 13:25:10','2022-05-18 10:19:23',1,24,13,61,'hue'),(271,NULL,'2022-05-16 13:25:10','2022-05-18 10:19:23',1,24,13,1,'admin'),(272,NULL,'2022-05-16 13:25:10','2022-05-18 10:19:23',1,24,13,19,'impala'),(273,NULL,'2022-05-16 13:25:10','2022-05-18 10:19:23',1,24,13,65,'rangerlookup'),(274,NULL,'2022-05-16 13:25:10','2022-05-18 10:19:23',1,24,13,6,'{OWNER}'),(275,NULL,'2022-05-16 13:25:10','2022-05-18 10:19:41',1,24,14,31,'hive'),(276,NULL,'2022-05-16 13:25:10','2022-05-18 10:19:41',1,24,14,66,'beacon'),(277,NULL,'2022-05-16 13:25:10','2022-05-18 10:19:41',1,24,14,11,'dpprofiler'),(278,NULL,'2022-05-16 13:25:10','2022-05-18 10:19:41',1,24,14,61,'hue'),(279,NULL,'2022-05-16 13:25:10','2022-05-18 10:19:41',1,24,14,1,'admin'),(280,NULL,'2022-05-16 13:25:10','2022-05-18 10:19:41',1,24,14,19,'impala'),(281,NULL,'2022-05-16 13:25:10','2022-05-18 10:19:41',1,24,14,65,'rangerlookup'),(282,NULL,'2022-05-16 13:25:04','2022-05-18 10:20:39',1,24,4,65,'rangerlookup'),(283,NULL,'2022-05-16 13:25:04','2022-05-18 10:20:39',1,24,4,53,'hbase'),(284,NULL,'2022-05-16 13:25:00','2022-05-18 10:22:18',1,24,1,60,'hdfs'),(285,NULL,'2022-05-16 13:25:00','2022-05-18 10:22:18',1,24,1,65,'rangerlookup'),(286,NULL,'2022-05-18 10:23:54','2022-05-18 10:23:54',24,24,44,5,'{USER}'),(287,NULL,'2022-05-16 13:25:18','2022-05-18 10:25:07',1,24,23,46,'cruisecontrol'),(288,NULL,'2022-05-16 13:25:18','2022-05-18 10:25:07',1,24,23,36,'streamsmsgmgr'),(289,NULL,'2022-05-16 13:25:18','2022-05-18 10:25:07',1,24,23,25,'kafka'),(290,NULL,'2022-05-16 13:25:18','2022-05-18 10:25:07',1,24,23,65,'rangerlookup'),(291,NULL,'2022-05-16 13:25:18','2022-05-18 10:25:07',1,24,23,27,'streamsrepmgr'),(292,NULL,'2022-05-16 13:25:18','2022-05-18 10:25:24',1,24,24,46,'cruisecontrol'),(293,NULL,'2022-05-16 13:25:18','2022-05-18 10:25:24',1,24,24,36,'streamsmsgmgr'),(294,NULL,'2022-05-16 13:25:18','2022-05-18 10:25:24',1,24,24,25,'kafka'),(295,NULL,'2022-05-16 13:25:18','2022-05-18 10:25:24',1,24,24,65,'rangerlookup'),(296,NULL,'2022-05-16 13:25:18','2022-05-18 10:25:24',1,24,24,27,'streamsrepmgr'),(297,NULL,'2022-05-16 13:25:19','2022-05-18 10:25:40',1,24,25,46,'cruisecontrol'),(298,NULL,'2022-05-16 13:25:19','2022-05-18 10:25:40',1,24,25,36,'streamsmsgmgr'),(299,NULL,'2022-05-16 13:25:19','2022-05-18 10:25:40',1,24,25,25,'kafka'),(300,NULL,'2022-05-16 13:25:19','2022-05-18 10:25:40',1,24,25,65,'rangerlookup'),(301,NULL,'2022-05-16 13:25:19','2022-05-18 10:25:40',1,24,25,27,'streamsrepmgr'),(302,NULL,'2022-05-16 13:25:19','2022-05-18 10:26:06',1,24,26,46,'cruisecontrol'),(303,NULL,'2022-05-16 13:25:19','2022-05-18 10:26:06',1,24,26,36,'streamsmsgmgr'),(304,NULL,'2022-05-16 13:25:19','2022-05-18 10:26:06',1,24,26,25,'kafka'),(305,NULL,'2022-05-16 13:25:19','2022-05-18 10:26:06',1,24,26,65,'rangerlookup'),(306,NULL,'2022-05-16 13:25:19','2022-05-18 10:26:06',1,24,26,27,'streamsrepmgr'),(307,NULL,'2022-05-16 13:25:19','2022-05-18 10:26:33',1,24,27,46,'cruisecontrol'),(308,NULL,'2022-05-16 13:25:19','2022-05-18 10:26:33',1,24,27,36,'streamsmsgmgr'),(309,NULL,'2022-05-16 13:25:19','2022-05-18 10:26:33',1,24,27,25,'kafka'),(310,NULL,'2022-05-16 13:25:19','2022-05-18 10:26:33',1,24,27,65,'rangerlookup'),(311,NULL,'2022-05-16 13:25:19','2022-05-18 10:26:33',1,24,27,27,'streamsrepmgr'),(312,NULL,'2022-05-16 13:25:12','2022-05-18 10:27:15',1,24,17,1,'admin'),(313,NULL,'2022-05-16 13:25:12','2022-05-18 10:27:15',1,24,17,65,'rangerlookup'),(314,NULL,'2022-05-16 13:25:25','2022-05-18 10:27:45',1,24,40,7,'atlas'),(315,NULL,'2022-05-16 13:25:25','2022-05-18 10:27:45',1,24,40,51,'solr'),(316,NULL,'2022-05-16 13:25:25','2022-05-18 10:27:45',1,24,40,37,'ranger'),(317,NULL,'2022-05-16 13:25:25','2022-05-18 10:27:45',1,24,40,65,'rangerlookup'),(318,NULL,'2022-05-16 13:25:06','2022-05-18 10:28:18',1,24,6,63,'yarn'),(319,NULL,'2022-05-16 13:25:06','2022-05-18 10:28:18',1,24,6,65,'rangerlookup');
/*!40000 ALTER TABLE `x_policy_ref_user` ENABLE KEYS */;
UNLOCK TABLES;

--
-- Table structure for table `x_policy_resource`
--

DROP TABLE IF EXISTS `x_policy_resource`;
/*!40101 SET @saved_cs_client     = @@character_set_client */;
/*!40101 SET character_set_client = utf8 */;
CREATE TABLE `x_policy_resource` (
  `id` bigint(20) NOT NULL AUTO_INCREMENT,
  `guid` varchar(1024) DEFAULT NULL,
  `create_time` datetime DEFAULT NULL,
  `update_time` datetime DEFAULT NULL,
  `added_by_id` bigint(20) DEFAULT NULL,
  `upd_by_id` bigint(20) DEFAULT NULL,
  `policy_id` bigint(20) NOT NULL,
  `res_def_id` bigint(20) NOT NULL,
  `is_excludes` tinyint(1) NOT NULL DEFAULT 0,
  `is_recursive` tinyint(1) NOT NULL DEFAULT 0,
  PRIMARY KEY (`id`),
  KEY `x_policy_resource_FK_added_by_id` (`added_by_id`),
  KEY `x_policy_resource_FK_upd_by_id` (`upd_by_id`),
  KEY `x_policy_resource_IDX_policy_id` (`policy_id`),
  KEY `x_policy_resource_IDX_res_def_id` (`res_def_id`),
  CONSTRAINT `x_policy_resource_FK_added_by_id` FOREIGN KEY (`added_by_id`) REFERENCES `x_portal_user` (`id`),
  CONSTRAINT `x_policy_resource_FK_policy_id` FOREIGN KEY (`policy_id`) REFERENCES `x_policy` (`id`),
  CONSTRAINT `x_policy_resource_FK_res_def_id` FOREIGN KEY (`res_def_id`) REFERENCES `x_resource_def` (`id`),
  CONSTRAINT `x_policy_resource_FK_upd_by_id` FOREIGN KEY (`upd_by_id`) REFERENCES `x_portal_user` (`id`)
) ENGINE=InnoDB DEFAULT CHARSET=utf8 ROW_FORMAT=DYNAMIC;
/*!40101 SET character_set_client = @saved_cs_client */;

--
-- Dumping data for table `x_policy_resource`
--

LOCK TABLES `x_policy_resource` WRITE;
/*!40000 ALTER TABLE `x_policy_resource` DISABLE KEYS */;
/*!40000 ALTER TABLE `x_policy_resource` ENABLE KEYS */;
UNLOCK TABLES;

--
-- Table structure for table `x_policy_resource_map`
--

DROP TABLE IF EXISTS `x_policy_resource_map`;
/*!40101 SET @saved_cs_client     = @@character_set_client */;
/*!40101 SET character_set_client = utf8 */;
CREATE TABLE `x_policy_resource_map` (
  `id` bigint(20) NOT NULL AUTO_INCREMENT,
  `guid` varchar(1024) DEFAULT NULL,
  `create_time` datetime DEFAULT NULL,
  `update_time` datetime DEFAULT NULL,
  `added_by_id` bigint(20) DEFAULT NULL,
  `upd_by_id` bigint(20) DEFAULT NULL,
  `resource_id` bigint(20) NOT NULL,
  `value` varchar(1024) DEFAULT NULL,
  `sort_order` int(11) DEFAULT 0,
  PRIMARY KEY (`id`),
  KEY `x_policy_resource_map_FK_added_by_id` (`added_by_id`),
  KEY `x_policy_resource_map_FK_upd_by_id` (`upd_by_id`),
  KEY `x_policy_resource_map_IDX_resource_id` (`resource_id`),
  CONSTRAINT `x_policy_resource_map_FK_added_by_id` FOREIGN KEY (`added_by_id`) REFERENCES `x_portal_user` (`id`),
  CONSTRAINT `x_policy_resource_map_FK_resource_id` FOREIGN KEY (`resource_id`) REFERENCES `x_policy_resource` (`id`),
  CONSTRAINT `x_policy_resource_map_FK_upd_by_id` FOREIGN KEY (`upd_by_id`) REFERENCES `x_portal_user` (`id`)
) ENGINE=InnoDB DEFAULT CHARSET=utf8 ROW_FORMAT=DYNAMIC;
/*!40101 SET character_set_client = @saved_cs_client */;

--
-- Dumping data for table `x_policy_resource_map`
--

LOCK TABLES `x_policy_resource_map` WRITE;
/*!40000 ALTER TABLE `x_policy_resource_map` DISABLE KEYS */;
/*!40000 ALTER TABLE `x_policy_resource_map` ENABLE KEYS */;
UNLOCK TABLES;

--
-- Table structure for table `x_portal_user`
--

DROP TABLE IF EXISTS `x_portal_user`;
/*!40101 SET @saved_cs_client     = @@character_set_client */;
/*!40101 SET character_set_client = utf8 */;
CREATE TABLE `x_portal_user` (
  `id` bigint(20) NOT NULL AUTO_INCREMENT,
  `create_time` datetime DEFAULT NULL,
  `update_time` datetime DEFAULT NULL,
  `added_by_id` bigint(20) DEFAULT NULL,
  `upd_by_id` bigint(20) DEFAULT NULL,
  `first_name` varchar(1022) DEFAULT NULL,
  `last_name` varchar(1022) DEFAULT NULL,
  `pub_scr_name` varchar(2048) DEFAULT NULL,
  `login_id` varchar(767) DEFAULT NULL,
  `password` varchar(512) NOT NULL,
  `email` varchar(512) DEFAULT NULL,
  `status` int(11) NOT NULL DEFAULT 0,
  `user_src` int(11) NOT NULL DEFAULT 0,
  `notes` varchar(4000) DEFAULT NULL,
  `other_attributes` varchar(4000) DEFAULT NULL,
  PRIMARY KEY (`id`),
  UNIQUE KEY `x_portal_user_UK_login_id` (`login_id`),
  UNIQUE KEY `x_portal_user_UK_email` (`email`),
  KEY `x_portal_user_FK_added_by_id` (`added_by_id`),
  KEY `x_portal_user_FK_upd_by_id` (`upd_by_id`),
  KEY `x_portal_user_cr_time` (`create_time`),
  KEY `x_portal_user_up_time` (`update_time`),
  KEY `x_portal_user_name` (`first_name`(767)),
  KEY `x_portal_user_email` (`email`),
  CONSTRAINT `x_portal_user_FK_added_by_id` FOREIGN KEY (`added_by_id`) REFERENCES `x_portal_user` (`id`),
  CONSTRAINT `x_portal_user_FK_upd_by_id` FOREIGN KEY (`upd_by_id`) REFERENCES `x_portal_user` (`id`)
) ENGINE=InnoDB AUTO_INCREMENT=69 DEFAULT CHARSET=utf8 ROW_FORMAT=DYNAMIC;
/*!40101 SET character_set_client = @saved_cs_client */;

--
-- Dumping data for table `x_portal_user`
--

LOCK TABLES `x_portal_user` WRITE;
/*!40000 ALTER TABLE `x_portal_user` DISABLE KEYS */;
INSERT INTO `x_portal_user` VALUES (1,'2022-05-16 13:23:42','2022-05-16 13:24:11',NULL,NULL,'Admin','','Admin','admin','73ad642b93b5a75d1d9971cb20ccf36dbc6c67aac0a07c12073eec46c0228d7d','',1,0,NULL,NULL),(2,'2022-05-16 13:23:42','2022-05-16 13:24:11',NULL,NULL,'rangerusersync','','rangerusersync','rangerusersync','76aac7a48040b85724f05c68c3103a48eca5e3b8d32facc5a99550b3f9346ada','rangerusersync',1,0,NULL,NULL),(3,'2022-05-16 13:23:42','2022-05-16 13:24:11',NULL,NULL,'keyadmin','','keyadmin','keyadmin','a34c41b923657aa5e456c111f7d7d3ae318230ded1ef9e7c3e59f358e6b6500e','keyadmin',1,0,NULL,NULL),(4,'2022-05-16 13:23:42','2022-05-16 13:24:11',NULL,NULL,'rangertagsync','','rangertagsync','rangertagsync','09fd61faf510d4afddf78fa9f2e7e393b5f88893dc6d3aa53df0d3430dc23426','rangertagsync',1,0,NULL,NULL),(5,'2022-05-16 13:24:57','2022-05-16 13:24:57',2,2,NULL,NULL,'atlas','atlas','7f297e5ec0e9da8b0450043734f5624a532e766c0d507d3f09072992c161ca00',NULL,0,1,NULL,NULL),(6,'2022-05-16 13:24:57','2022-05-16 13:24:57',2,2,NULL,NULL,'cmadmin-4483f1fa','cmadmin-4483f1fa','03159eef79fdd3d901c7bb4a0d282f1480288e5905db81da1331416643b8a4b4',NULL,0,1,NULL,NULL),(7,'2022-05-16 13:24:57','2022-05-16 13:24:57',2,2,NULL,NULL,'nifi','nifi','495f0074c399a9eabea6b2b6f2626e1c9147e1d38531886ca41ae5f436316b2f',NULL,0,1,NULL,NULL),(8,'2022-05-16 13:24:57','2022-05-16 13:24:57',2,2,NULL,NULL,'stella_sale','stella_sale','3b30750411e5e9d6dc171300c4e2df4200169ade17e72ae02be8fe74c6fa9340',NULL,0,1,NULL,NULL),(9,'2022-05-16 13:24:57','2022-05-16 13:24:57',2,2,NULL,NULL,'dpprofiler','dpprofiler','817916b4feab8387262b88124bada667e2d9993bd2cced3bc56a6d94108cbc9a',NULL,0,1,NULL,NULL),(10,'2022-05-16 13:24:57','2022-05-16 13:24:57',2,2,NULL,NULL,'flume','flume','33c87bfce2054348fea572f064dfe2c542b2eb7df45c8187c990c982073e305f',NULL,0,1,NULL,NULL),(11,'2022-05-16 13:24:57','2022-05-16 13:24:57',2,2,NULL,NULL,'schemaregistry','schemaregistry','a9ac8eebfff77ee95d97c24f0c6748e6dcf120438a18acc391f008b2a39a2613',NULL,0,1,NULL,NULL),(12,'2022-05-16 13:24:57','2022-05-16 13:24:57',2,2,NULL,NULL,'omar_ops','omar_ops','cfd04ace8afdb0313c4161ef58175e2898083e1eab0cb141dfcc395ad157e44f',NULL,0,1,NULL,NULL),(13,'2022-05-16 13:24:57','2022-05-16 13:24:57',2,2,NULL,NULL,'bo_biz','bo_biz','56731138a7aea850d79cc45f3caf2bbfb6552b015d58f03e4798e6205801a115',NULL,0,1,NULL,NULL),(14,'2022-05-16 13:24:57','2022-05-16 13:24:57',2,2,NULL,NULL,'zookeeper','zookeeper','15bee2d5e3d3a5432a89c597d21c505143e54573961b5b17bd5f733d2db24572',NULL,0,1,NULL,NULL),(15,'2022-05-16 13:24:57','2022-05-16 13:24:57',2,2,NULL,NULL,'tez','tez','8366bf3be99e4d7149890c96522ea9abb0b64b2e2ceddf2515b56ad34cf50167',NULL,0,1,NULL,NULL),(16,'2022-05-16 13:24:57','2022-05-16 13:24:57',2,2,NULL,NULL,'nifiregistry','nifiregistry','24757647550147429d31bd047f4eb43ab470c093891830edbf8ae58a17f76e76',NULL,0,1,NULL,NULL),(17,'2022-05-16 13:24:57','2022-05-16 13:24:57',2,2,NULL,NULL,'impala','impala','fb90510b9b4e93499739684286a87c27aec5ac2267bf519ce1f696a67142d25e',NULL,0,1,NULL,NULL),(18,'2022-05-16 13:24:57','2022-05-16 13:24:57',2,2,NULL,NULL,'dana_dev','dana_dev','e2f6e024a8c695d31235ba9126e7cbb69ec0b291049a9a18a624a70e7b97f8b4',NULL,0,1,NULL,NULL),(19,'2022-05-16 13:24:57','2022-05-16 13:24:57',2,2,NULL,NULL,'flink','flink','8f4f15547c43862499084e9bad65d42d6f5f2863479ed88ba6b11f10a47b1901',NULL,0,1,NULL,NULL),(20,'2022-05-16 13:24:57','2022-05-16 13:24:57',2,2,NULL,NULL,'grace_gov','grace_gov','cd0086733ef94bab3478fd53d4acc3d775a40efa7100814f979fe12f95a4436d',NULL,0,1,NULL,NULL),(21,'2022-05-16 13:24:57','2022-05-16 13:24:57',2,2,NULL,NULL,'livy','livy','68bff3ff3001ddef445a5aa8c3a81dbe1d20c626be19fb1ba94b2dd5cd98cb99',NULL,0,1,NULL,NULL),(22,'2022-05-16 13:24:57','2022-05-16 13:24:57',2,2,NULL,NULL,'druid','druid','7575a418d74d63124bb200c56947b71953968f2ff143d194b3e0eb9a4df7ffa1',NULL,0,1,NULL,NULL),(23,'2022-05-16 13:24:57','2022-05-16 13:24:57',2,2,NULL,NULL,'kafka','kafka','9f0b6444579c53f94401d1d5fcf73b72e16cf846fe42b5cb2303209c195d60c3',NULL,0,1,NULL,NULL),(24,'2022-05-16 13:24:57','2022-05-16 14:06:28',2,68,'','','allan_admin','allan_admin','71c65134460c11cd4fe686f771fd4f73c6bcd6d707eae8828b6afe3608c5e193',NULL,0,1,NULL,NULL),(25,'2022-05-16 13:24:57','2022-05-16 13:24:57',2,2,NULL,NULL,'streamsrepmgr','streamsrepmgr','8a509b2f9f9e123e46e0d2a5d540293bafd4de68bd8ba4531967786e0405ff22',NULL,0,1,NULL,NULL),(26,'2022-05-16 13:24:58','2022-05-16 13:24:58',2,2,NULL,NULL,'support','support','8b96221b880fe44bc5946117e7eb25b7a560d0237de1914f603390bc115f3534',NULL,0,1,NULL,NULL),(27,'2022-05-16 13:24:58','2022-05-16 13:24:58',2,2,NULL,NULL,'mapred','mapred','588ff56b725d0fcd5f2ce27507b6295cec98673f0da077ff8201b5b4f4080e55',NULL,0,1,NULL,NULL),(28,'2022-05-16 13:24:58','2022-05-16 13:24:58',2,2,NULL,NULL,'knox','knox','b19a997a04a792631d162319e49bc33391162c246922956e48719c408abe096d',NULL,0,1,NULL,NULL),(29,'2022-05-16 13:24:58','2022-05-16 13:24:58',2,2,NULL,NULL,'hive','hive','8a665c74c69ea22a485c4ce14e93ce0b3087b82f893b6e2197e099cbef16d548',NULL,0,1,NULL,NULL),(30,'2022-05-16 13:24:58','2022-05-16 13:24:58',2,2,NULL,NULL,'cloudera-scm','cloudera-scm','ce00afc7228e4a9f75f07dabf760093ca5d0f91233ff2097ca33cf352533f572',NULL,0,1,NULL,NULL),(31,'2022-05-16 13:24:58','2022-05-16 13:24:58',2,2,NULL,NULL,'httpfs','httpfs','d3ac8f30fdae0e55835cd6928ecbfae1c8557419109ea176053cb0140e9732f1',NULL,0,1,NULL,NULL),(32,'2022-05-16 13:24:58','2022-05-16 13:24:58',2,2,NULL,NULL,'superset','superset','b4eb242c0b261c5440fb03d4c19793a4ae08e2980de5b66b2bfdd95d1f8e2823',NULL,0,1,NULL,NULL),(33,'2022-05-16 13:24:58','2022-05-16 13:24:58',2,2,NULL,NULL,'denis_deng','denis_deng','06a79cb034e51cd571f51a90d0bbd4173258eaa394bd2793795a8c723b885195',NULL,0,1,NULL,NULL),(34,'2022-05-16 13:24:58','2022-05-16 13:24:58',2,2,NULL,NULL,'streamsmsgmgr','streamsmsgmgr','f60af54da96a46e7c17a68b88dcbbccaedfc26216e8261afde870295b0011cda',NULL,0,1,NULL,NULL),(35,'2022-05-16 13:24:58','2022-05-16 13:24:58',2,2,NULL,NULL,'ranger','ranger','83443c686a074aa67de98aa3fc66d02466f966f02d9c337bba4e3e08d08d036b',NULL,0,1,NULL,NULL),(36,'2022-05-16 13:24:58','2022-05-16 13:24:58',2,2,NULL,NULL,'kudu','kudu','74264e0164864856c069576f6ee016264547af7754f27b71bddf719a519a60fa',NULL,0,1,NULL,NULL),(37,'2022-05-16 13:24:58','2022-05-16 13:24:58',2,2,NULL,NULL,'training','training','2166c80b9386464dd6b60b769f49e0bc39b6402d9eae6d4ac130b004ba95ad49',NULL,0,1,NULL,NULL),(38,'2022-05-16 13:24:58','2022-05-16 13:24:58',2,2,NULL,NULL,'hamal_hr','hamal_hr','13bba447f0c1ebfe1013bf48656aa1c6daaf2cf10aa1452a348ee55d3b3a6e0a',NULL,0,1,NULL,NULL),(39,'2022-05-16 13:24:58','2022-05-16 13:24:58',2,2,NULL,NULL,'steff_sci','steff_sci','df6ac7558cbed910c9ffff73a89a1e428b23d4b4e1caca0efd0bf6f4415e60ce',NULL,0,1,NULL,NULL),(40,'2022-05-16 13:24:58','2022-05-16 13:24:58',2,2,NULL,NULL,'omid','omid','dc3ae1c1269d379446e0230ef8853337605ba6510f0c5639ea6d67ab6e169f98',NULL,0,1,NULL,NULL),(41,'2022-05-16 13:24:58','2022-05-16 13:24:58',2,2,NULL,NULL,'ozone','ozone','c64a63826212ca30975bb7bbb3649c0ec8a1e85555a6d81198a75a9d8bbe29eb',NULL,0,1,NULL,NULL),(42,'2022-05-16 13:24:58','2022-05-16 13:24:58',2,2,NULL,NULL,'nifitoolkit','nifitoolkit','18e40dc44096792afba627b1d6a2b36d4b9d75d955dcabb7b545a466aab8ad30',NULL,0,1,NULL,NULL),(43,'2022-05-16 13:24:58','2022-05-16 13:24:58',2,2,NULL,NULL,'kms','kms','72b17e568161ad58d10f4adaa290ad663d029d75cb96c388e7e7f607888985fb',NULL,0,1,NULL,NULL),(44,'2022-05-16 13:24:58','2022-05-16 13:24:58',2,2,NULL,NULL,'cruisecontrol','cruisecontrol','393c30ddbee6ed6c0f19ac7a7f5fd6f8918dcd65d0583f019d2bbc2f4e616d0f',NULL,0,1,NULL,NULL),(45,'2022-05-16 13:24:58','2022-05-16 13:24:58',2,2,NULL,NULL,'accumulo','accumulo','735a0811e03e75fc83bd9b053fbb8f0ebd59ba878ef256b150c57ffaddbf40fd',NULL,0,1,NULL,NULL),(46,'2022-05-16 13:24:58','2022-05-16 13:24:58',2,2,NULL,NULL,'polkitd','polkitd','228e01e4272286013ed92902a3c196c4c8156c8bf63e3572b889db41c727a562',NULL,0,1,NULL,NULL),(47,'2022-05-16 13:24:58','2022-05-16 13:24:58',2,2,NULL,NULL,'nfsnobody','nfsnobody','a5f72dafa51295990114c31476c040a55ab82b994b15869fdf234fd58bf4f04a',NULL,0,1,NULL,NULL),(48,'2022-05-16 13:24:58','2022-05-16 13:24:58',2,2,NULL,NULL,'spark','spark','81e34e10afa221c33dd4cfbdf81360602136c561bafef657d1f551b45ee8ca6a',NULL,0,1,NULL,NULL),(49,'2022-05-16 13:24:58','2022-05-16 13:24:58',2,2,NULL,NULL,'solr','solr','a6cbd854f74acd56d4e5d030c1e58543c7b3f4881d13a2fec74a94edd0a0d222',NULL,0,1,NULL,NULL),(50,'2022-05-16 13:24:58','2022-05-16 13:24:58',2,2,NULL,NULL,'fina_fin','fina_fin','d4a51c6ff0e3ecbebf230fa79949c65039290d0c0052efeaa62a14f3b274a88c',NULL,0,1,NULL,NULL),(51,'2022-05-16 13:24:58','2022-05-16 13:24:58',2,2,NULL,NULL,'hbase','hbase','192be8bd7f759aca745b7d9d41d38840444ef43363b324afb20527830bcfcf59',NULL,0,1,NULL,NULL),(52,'2022-05-16 13:24:58','2022-05-16 13:24:58',2,2,NULL,NULL,'rangerrms','rangerrms','9425697f040315ec6e09df2ca668a0fe16db9375948eff25645c69f5cc0f2853',NULL,0,1,NULL,NULL),(53,'2022-05-16 13:24:58','2022-05-16 13:24:58',2,2,NULL,NULL,'oozie','oozie','17d60d48b41263c94740cb4d3a6e9f6873901f26cc29fe2f58bf325119708c49',NULL,0,1,NULL,NULL),(54,'2022-05-16 13:24:58','2022-05-16 13:24:58',2,2,NULL,NULL,'zeppelin','zeppelin','19cc39cb60cb4f99041da7af77574f393925ebd88c6fe479d51de238bf0db8da',NULL,0,1,NULL,NULL),(55,'2022-05-16 13:24:58','2022-05-16 14:05:48',2,68,'','','sam_sec','sam_sec','209f88c844b7550e4371397cfe33bbc681e331145932b53974695bb7684d7a7e',NULL,0,1,NULL,NULL),(56,'2022-05-16 13:24:58','2022-05-16 13:24:58',2,2,NULL,NULL,'phoenix','phoenix','8867c4a426f9795248291f9a618ff68fbae1ce1ba241464f6b685e3563bae62c',NULL,0,1,NULL,NULL),(57,'2022-05-16 13:24:58','2022-05-16 13:24:58',2,2,NULL,NULL,'rangerraz','rangerraz','20293e3a1c237e7606a2445a6861d9b2f9d9d13a29f2bd2067c835a8bacc1c18',NULL,0,1,NULL,NULL),(58,'2022-05-16 13:24:58','2022-05-16 13:24:58',2,2,NULL,NULL,'hdfs','hdfs','0963a3848979a444fd8dcbdf954d8f7438d9ca0c60d846d91d0b03295e649727',NULL,0,1,NULL,NULL),(59,'2022-05-16 13:24:58','2022-05-16 13:24:58',2,2,NULL,NULL,'hue','hue','998ab015f42ecaed7ad7e66e6ccbc336a724515679380d7f0e1d969b9161756b',NULL,0,1,NULL,NULL),(60,'2022-05-16 13:24:58','2022-05-16 13:24:58',2,2,NULL,NULL,'sqoop','sqoop','25b3564daf94301f69ddadc33250834b643104bd73de7cb2f33bb1de92aa27a0',NULL,0,1,NULL,NULL),(61,'2022-05-16 13:24:58','2022-05-16 13:24:58',2,2,NULL,NULL,'yarn','yarn','304469000b0ce2d3beaec3dc53486278777b6e00a8bf5ba55e6f99ccb8033a57',NULL,0,1,NULL,NULL),(62,'2022-05-16 13:24:58','2022-05-16 13:24:58',2,2,NULL,NULL,'diego_deng','diego_deng','78f6543ff29b55df30b045ba3fb2bb054539f8e1dc605671d8e1967525a53890',NULL,0,1,NULL,NULL),(63,'2022-05-16 13:25:00','2022-05-16 13:25:00',1,1,NULL,NULL,'rangerlookup','rangerlookup','4bed5ccb75b2fefeb4260081ad36cc1ecc574996e55dce89772fc3f7f2362ee3',NULL,1,1,NULL,NULL),(64,'2022-05-16 13:25:09','2022-05-16 13:25:09',1,1,NULL,NULL,'beacon','beacon','ffaa619a6c9c025a5adb13c097e1e67be5ebb5c7be2f2f86cf489836552eb9e4',NULL,1,1,NULL,NULL),(65,'2022-05-16 13:25:16','2022-05-16 13:25:16',1,1,NULL,NULL,'om','om','4340b88eca591caa95161fc727cbe6b5a74d0b7dc213ee9207e950649922b7c0',NULL,1,1,NULL,NULL),(66,'2022-05-16 13:25:18','2022-05-16 13:25:18',1,1,NULL,NULL,'mlgov','mlgov','8ef63dfc53c5086e780c6bbb505655564afc318aa236a2112527a2efc2a6f473',NULL,1,1,NULL,NULL),(67,'2022-05-16 13:25:25','2022-05-16 13:25:25',1,1,NULL,NULL,'storm','storm','1227d7548bbcf90a6f471df4c20957c47c10ae38643b4d1006268e5cf439ec66',NULL,1,1,NULL,NULL),(68,'2022-05-16 14:04:05','2022-05-16 14:04:05',1,1,'CDP','Admin','CDP Admin','cdpadmin','f64c0e3abd350b489a283ad8038f7c41f88647bfe08386569353b756eae98cf1',NULL,1,0,NULL,NULL);
/*!40000 ALTER TABLE `x_portal_user` ENABLE KEYS */;
UNLOCK TABLES;

--
-- Table structure for table `x_portal_user_role`
--

DROP TABLE IF EXISTS `x_portal_user_role`;
/*!40101 SET @saved_cs_client     = @@character_set_client */;
/*!40101 SET character_set_client = utf8 */;
CREATE TABLE `x_portal_user_role` (
  `id` bigint(20) NOT NULL AUTO_INCREMENT,
  `create_time` datetime DEFAULT NULL,
  `update_time` datetime DEFAULT NULL,
  `added_by_id` bigint(20) DEFAULT NULL,
  `upd_by_id` bigint(20) DEFAULT NULL,
  `user_id` bigint(20) NOT NULL,
  `user_role` varchar(128) DEFAULT NULL,
  `status` int(11) NOT NULL DEFAULT 0,
  PRIMARY KEY (`id`),
  KEY `x_portal_user_role_FK_added_by_id` (`added_by_id`),
  KEY `x_portal_user_role_FK_upd_by_id` (`upd_by_id`),
  KEY `x_portal_user_role_FK_user_id` (`user_id`),
  KEY `x_portal_user_role_cr_time` (`create_time`),
  KEY `x_portal_user_role_up_time` (`update_time`),
  CONSTRAINT `x_portal_user_role_FK_added_by_id` FOREIGN KEY (`added_by_id`) REFERENCES `x_portal_user` (`id`),
  CONSTRAINT `x_portal_user_role_FK_upd_by_id` FOREIGN KEY (`upd_by_id`) REFERENCES `x_portal_user` (`id`),
  CONSTRAINT `x_portal_user_role_FK_user_id` FOREIGN KEY (`user_id`) REFERENCES `x_portal_user` (`id`)
) ENGINE=InnoDB AUTO_INCREMENT=71 DEFAULT CHARSET=utf8 ROW_FORMAT=DYNAMIC;
/*!40101 SET character_set_client = @saved_cs_client */;

--
-- Dumping data for table `x_portal_user_role`
--

LOCK TABLES `x_portal_user_role` WRITE;
/*!40000 ALTER TABLE `x_portal_user_role` DISABLE KEYS */;
INSERT INTO `x_portal_user_role` VALUES (1,'2022-05-16 13:23:42','2022-05-16 13:23:42',NULL,NULL,1,'ROLE_SYS_ADMIN',1),(2,'2022-05-16 13:23:42','2022-05-16 13:23:42',NULL,NULL,2,'ROLE_SYS_ADMIN',1),(3,'2022-05-16 13:23:42','2022-05-16 13:23:42',NULL,NULL,3,'ROLE_KEY_ADMIN',1),(4,'2022-05-16 13:23:42','2022-05-16 13:23:42',NULL,NULL,4,'ROLE_SYS_ADMIN',1),(5,'2022-05-16 13:24:57','2022-05-16 13:24:57',2,2,5,'ROLE_USER',1),(6,'2022-05-16 13:24:57','2022-05-16 13:24:57',2,2,6,'ROLE_USER',1),(7,'2022-05-16 13:24:57','2022-05-16 13:24:57',2,2,7,'ROLE_USER',1),(8,'2022-05-16 13:24:57','2022-05-16 13:24:57',2,2,8,'ROLE_USER',1),(9,'2022-05-16 13:24:57','2022-05-16 13:24:57',2,2,9,'ROLE_USER',1),(10,'2022-05-16 13:24:57','2022-05-16 13:24:57',2,2,10,'ROLE_USER',1),(11,'2022-05-16 13:24:57','2022-05-16 13:24:57',2,2,11,'ROLE_USER',1),(12,'2022-05-16 13:24:57','2022-05-16 13:24:57',2,2,12,'ROLE_USER',1),(13,'2022-05-16 13:24:57','2022-05-16 13:24:57',2,2,13,'ROLE_USER',1),(14,'2022-05-16 13:24:57','2022-05-16 13:24:57',2,2,14,'ROLE_USER',1),(15,'2022-05-16 13:24:57','2022-05-16 13:24:57',2,2,15,'ROLE_USER',1),(16,'2022-05-16 13:24:57','2022-05-16 13:24:57',2,2,16,'ROLE_USER',1),(17,'2022-05-16 13:24:57','2022-05-16 13:24:57',2,2,17,'ROLE_USER',1),(18,'2022-05-16 13:24:57','2022-05-16 13:24:57',2,2,18,'ROLE_USER',1),(19,'2022-05-16 13:24:57','2022-05-16 13:24:57',2,2,19,'ROLE_USER',1),(20,'2022-05-16 13:24:57','2022-05-16 13:24:57',2,2,20,'ROLE_USER',1),(21,'2022-05-16 13:24:57','2022-05-16 13:24:57',2,2,21,'ROLE_USER',1),(22,'2022-05-16 13:24:57','2022-05-16 13:24:57',2,2,22,'ROLE_USER',1),(23,'2022-05-16 13:24:57','2022-05-16 13:24:57',2,2,23,'ROLE_USER',1),(25,'2022-05-16 13:24:57','2022-05-16 13:24:57',2,2,25,'ROLE_USER',1),(26,'2022-05-16 13:24:58','2022-05-16 13:24:58',2,2,26,'ROLE_USER',1),(27,'2022-05-16 13:24:58','2022-05-16 13:24:58',2,2,27,'ROLE_USER',1),(28,'2022-05-16 13:24:58','2022-05-16 13:24:58',2,2,28,'ROLE_USER',1),(29,'2022-05-16 13:24:58','2022-05-16 13:24:58',2,2,29,'ROLE_USER',1),(30,'2022-05-16 13:24:58','2022-05-16 13:24:58',2,2,30,'ROLE_USER',1),(31,'2022-05-16 13:24:58','2022-05-16 13:24:58',2,2,31,'ROLE_USER',1),(32,'2022-05-16 13:24:58','2022-05-16 13:24:58',2,2,32,'ROLE_USER',1),(33,'2022-05-16 13:24:58','2022-05-16 13:24:58',2,2,33,'ROLE_USER',1),(34,'2022-05-16 13:24:58','2022-05-16 13:24:58',2,2,34,'ROLE_USER',1),(35,'2022-05-16 13:24:58','2022-05-16 13:24:58',2,2,35,'ROLE_USER',1),(36,'2022-05-16 13:24:58','2022-05-16 13:24:58',2,2,36,'ROLE_USER',1),(37,'2022-05-16 13:24:58','2022-05-16 13:24:58',2,2,37,'ROLE_USER',1),(38,'2022-05-16 13:24:58','2022-05-16 13:24:58',2,2,38,'ROLE_USER',1),(39,'2022-05-16 13:24:58','2022-05-16 13:24:58',2,2,39,'ROLE_USER',1),(40,'2022-05-16 13:24:58','2022-05-16 13:24:58',2,2,40,'ROLE_USER',1),(41,'2022-05-16 13:24:58','2022-05-16 13:24:58',2,2,41,'ROLE_USER',1),(42,'2022-05-16 13:24:58','2022-05-16 13:24:58',2,2,42,'ROLE_USER',1),(43,'2022-05-16 13:24:58','2022-05-16 13:24:58',2,2,43,'ROLE_USER',1),(44,'2022-05-16 13:24:58','2022-05-16 13:24:58',2,2,44,'ROLE_USER',1),(45,'2022-05-16 13:24:58','2022-05-16 13:24:58',2,2,45,'ROLE_USER',1),(46,'2022-05-16 13:24:58','2022-05-16 13:24:58',2,2,46,'ROLE_USER',1),(47,'2022-05-16 13:24:58','2022-05-16 13:24:58',2,2,47,'ROLE_USER',1),(48,'2022-05-16 13:24:58','2022-05-16 13:24:58',2,2,48,'ROLE_USER',1),(49,'2022-05-16 13:24:58','2022-05-16 13:24:58',2,2,49,'ROLE_USER',1),(50,'2022-05-16 13:24:58','2022-05-16 13:24:58',2,2,50,'ROLE_USER',1),(51,'2022-05-16 13:24:58','2022-05-16 13:24:58',2,2,51,'ROLE_USER',1),(52,'2022-05-16 13:24:58','2022-05-16 13:24:58',2,2,52,'ROLE_USER',1),(53,'2022-05-16 13:24:58','2022-05-16 13:24:58',2,2,53,'ROLE_USER',1),(54,'2022-05-16 13:24:58','2022-05-16 13:24:58',2,2,54,'ROLE_USER',1),(56,'2022-05-16 13:24:58','2022-05-16 13:24:58',2,2,56,'ROLE_USER',1),(57,'2022-05-16 13:24:58','2022-05-16 13:24:58',2,2,57,'ROLE_USER',1),(58,'2022-05-16 13:24:58','2022-05-16 13:24:58',2,2,58,'ROLE_USER',1),(59,'2022-05-16 13:24:58','2022-05-16 13:24:58',2,2,59,'ROLE_USER',1),(60,'2022-05-16 13:24:58','2022-05-16 13:24:58',2,2,60,'ROLE_USER',1),(61,'2022-05-16 13:24:58','2022-05-16 13:24:58',2,2,61,'ROLE_USER',1),(62,'2022-05-16 13:24:58','2022-05-16 13:24:58',2,2,62,'ROLE_USER',1),(63,'2022-05-16 13:25:00','2022-05-16 13:25:00',1,1,63,'ROLE_USER',1),(64,'2022-05-16 13:25:09','2022-05-16 13:25:09',1,1,64,'ROLE_USER',1),(65,'2022-05-16 13:25:16','2022-05-16 13:25:16',1,1,65,'ROLE_USER',1),(66,'2022-05-16 13:25:18','2022-05-16 13:25:18',1,1,66,'ROLE_USER',1),(67,'2022-05-16 13:25:25','2022-05-16 13:25:25',1,1,67,'ROLE_USER',1),(68,'2022-05-16 14:04:05','2022-05-16 14:04:05',1,1,68,'ROLE_SYS_ADMIN',1),(69,'2022-05-16 14:05:48','2022-05-16 14:05:48',68,68,55,'ROLE_SYS_ADMIN',1),(70,'2022-05-16 14:06:28','2022-05-16 14:06:28',68,68,24,'ROLE_SYS_ADMIN',1);
/*!40000 ALTER TABLE `x_portal_user_role` ENABLE KEYS */;
UNLOCK TABLES;

--
-- Table structure for table `x_ranger_global_state`
--

DROP TABLE IF EXISTS `x_ranger_global_state`;
/*!40101 SET @saved_cs_client     = @@character_set_client */;
/*!40101 SET character_set_client = utf8 */;
CREATE TABLE `x_ranger_global_state` (
  `id` bigint(20) NOT NULL AUTO_INCREMENT,
  `create_time` datetime DEFAULT NULL,
  `update_time` datetime DEFAULT NULL,
  `added_by_id` bigint(20) DEFAULT NULL,
  `upd_by_id` bigint(20) DEFAULT NULL,
  `version` bigint(20) DEFAULT NULL,
  `state_name` varchar(255) NOT NULL,
  `app_data` varchar(255) DEFAULT NULL,
  PRIMARY KEY (`id`),
  UNIQUE KEY `x_ranger_global_state_UK_state_name` (`state_name`),
  KEY `x_ranger_global_state_FK_added_by_id` (`added_by_id`),
  KEY `x_ranger_global_state_FK_upd_by_id` (`upd_by_id`),
  CONSTRAINT `x_ranger_global_state_FK_added_by_id` FOREIGN KEY (`added_by_id`) REFERENCES `x_portal_user` (`id`),
  CONSTRAINT `x_ranger_global_state_FK_upd_by_id` FOREIGN KEY (`upd_by_id`) REFERENCES `x_portal_user` (`id`)
) ENGINE=InnoDB AUTO_INCREMENT=4 DEFAULT CHARSET=utf8 ROW_FORMAT=DYNAMIC;
/*!40101 SET character_set_client = @saved_cs_client */;

--
-- Dumping data for table `x_ranger_global_state`
--

LOCK TABLES `x_ranger_global_state` WRITE;
/*!40000 ALTER TABLE `x_ranger_global_state` DISABLE KEYS */;
INSERT INTO `x_ranger_global_state` VALUES (1,'2022-05-16 13:23:42','2022-05-16 14:17:52',1,1,10,'RangerRole','{\"Version\":\"10\"}'),(2,'2022-05-16 13:23:42','2022-05-16 13:24:58',1,1,3,'RangerUserStore','{\"Version\":\"3\"}'),(3,'2022-05-16 13:23:42','2022-05-16 13:23:42',1,1,1,'RangerSecurityZone','{\"Version\":\"1\"}');
/*!40000 ALTER TABLE `x_ranger_global_state` ENABLE KEYS */;
UNLOCK TABLES;

--
-- Table structure for table `x_resource`
--

DROP TABLE IF EXISTS `x_resource`;
/*!40101 SET @saved_cs_client     = @@character_set_client */;
/*!40101 SET character_set_client = utf8 */;
CREATE TABLE `x_resource` (
  `id` bigint(20) NOT NULL AUTO_INCREMENT,
  `create_time` datetime DEFAULT NULL,
  `update_time` datetime DEFAULT NULL,
  `added_by_id` bigint(20) DEFAULT NULL,
  `upd_by_id` bigint(20) DEFAULT NULL,
  `res_name` varchar(4000) DEFAULT NULL,
  `descr` varchar(4000) DEFAULT NULL,
  `res_type` int(11) NOT NULL DEFAULT 0,
  `asset_id` bigint(20) NOT NULL,
  `parent_id` bigint(20) DEFAULT NULL,
  `parent_path` varchar(4000) DEFAULT NULL,
  `is_encrypt` int(11) NOT NULL DEFAULT 0,
  `is_recursive` int(11) NOT NULL DEFAULT 0,
  `res_group` varchar(1024) DEFAULT NULL,
  `res_dbs` text DEFAULT NULL,
  `res_tables` text DEFAULT NULL,
  `res_col_fams` text DEFAULT NULL,
  `res_cols` text DEFAULT NULL,
  `res_udfs` text DEFAULT NULL,
  `res_status` int(11) NOT NULL DEFAULT 1,
  `table_type` int(11) NOT NULL DEFAULT 0,
  `col_type` int(11) NOT NULL DEFAULT 0,
  `policy_name` varchar(500) DEFAULT NULL,
  `res_topologies` text DEFAULT NULL,
  `res_services` text DEFAULT NULL,
  PRIMARY KEY (`id`),
  UNIQUE KEY `x_resource_UK_policy_name` (`policy_name`),
  KEY `x_resource_FK_added_by_id` (`added_by_id`),
  KEY `x_resource_FK_upd_by_id` (`upd_by_id`),
  KEY `x_resource_FK_asset_id` (`asset_id`),
  KEY `x_resource_FK_parent_id` (`parent_id`),
  KEY `x_resource_cr_time` (`create_time`),
  KEY `x_resource_up_time` (`update_time`),
  CONSTRAINT `x_resource_FK_added_by_id` FOREIGN KEY (`added_by_id`) REFERENCES `x_portal_user` (`id`),
  CONSTRAINT `x_resource_FK_asset_id` FOREIGN KEY (`asset_id`) REFERENCES `x_asset` (`id`),
  CONSTRAINT `x_resource_FK_parent_id` FOREIGN KEY (`parent_id`) REFERENCES `x_resource` (`id`),
  CONSTRAINT `x_resource_FK_upd_by_id` FOREIGN KEY (`upd_by_id`) REFERENCES `x_portal_user` (`id`)
) ENGINE=InnoDB DEFAULT CHARSET=utf8 ROW_FORMAT=DYNAMIC;
/*!40101 SET character_set_client = @saved_cs_client */;

--
-- Dumping data for table `x_resource`
--

LOCK TABLES `x_resource` WRITE;
/*!40000 ALTER TABLE `x_resource` DISABLE KEYS */;
/*!40000 ALTER TABLE `x_resource` ENABLE KEYS */;
UNLOCK TABLES;

--
-- Table structure for table `x_resource_def`
--

DROP TABLE IF EXISTS `x_resource_def`;
/*!40101 SET @saved_cs_client     = @@character_set_client */;
/*!40101 SET character_set_client = utf8 */;
CREATE TABLE `x_resource_def` (
  `id` bigint(20) NOT NULL AUTO_INCREMENT,
  `guid` varchar(1024) DEFAULT NULL,
  `create_time` datetime DEFAULT NULL,
  `update_time` datetime DEFAULT NULL,
  `added_by_id` bigint(20) DEFAULT NULL,
  `upd_by_id` bigint(20) DEFAULT NULL,
  `def_id` bigint(20) NOT NULL,
  `item_id` bigint(20) NOT NULL,
  `name` varchar(1024) DEFAULT NULL,
  `type` varchar(1024) DEFAULT NULL,
  `res_level` bigint(20) DEFAULT NULL,
  `parent` bigint(20) DEFAULT NULL,
  `mandatory` tinyint(1) NOT NULL DEFAULT 0,
  `look_up_supported` tinyint(1) NOT NULL DEFAULT 0,
  `recursive_supported` tinyint(1) NOT NULL DEFAULT 0,
  `excludes_supported` tinyint(1) NOT NULL DEFAULT 0,
  `matcher` varchar(1024) DEFAULT NULL,
  `matcher_options` varchar(1024) DEFAULT NULL,
  `validation_reg_ex` varchar(1024) DEFAULT NULL,
  `validation_message` varchar(1024) DEFAULT NULL,
  `ui_hint` varchar(1024) DEFAULT NULL,
  `label` varchar(1024) DEFAULT NULL,
  `description` varchar(1024) DEFAULT NULL,
  `rb_key_label` varchar(1024) DEFAULT NULL,
  `rb_key_description` varchar(1024) DEFAULT NULL,
  `rb_key_validation_message` varchar(1024) DEFAULT NULL,
  `sort_order` int(11) DEFAULT 0,
  `datamask_options` varchar(1024) DEFAULT NULL,
  `rowfilter_options` varchar(1024) DEFAULT NULL,
  PRIMARY KEY (`id`),
  KEY `x_resource_def_FK_parent` (`parent`),
  KEY `x_resource_def_FK_added_by_id` (`added_by_id`),
  KEY `x_resource_def_FK_upd_by_id` (`upd_by_id`),
  KEY `x_resource_def_IDX_def_id` (`def_id`),
  CONSTRAINT `x_resource_def_FK_added_by_id` FOREIGN KEY (`added_by_id`) REFERENCES `x_portal_user` (`id`),
  CONSTRAINT `x_resource_def_FK_defid` FOREIGN KEY (`def_id`) REFERENCES `x_service_def` (`id`),
  CONSTRAINT `x_resource_def_FK_parent` FOREIGN KEY (`parent`) REFERENCES `x_resource_def` (`id`),
  CONSTRAINT `x_resource_def_FK_upd_by_id` FOREIGN KEY (`upd_by_id`) REFERENCES `x_portal_user` (`id`)
) ENGINE=InnoDB AUTO_INCREMENT=57 DEFAULT CHARSET=utf8 ROW_FORMAT=DYNAMIC;
/*!40101 SET character_set_client = @saved_cs_client */;

--
-- Dumping data for table `x_resource_def`
--

LOCK TABLES `x_resource_def` WRITE;
/*!40000 ALTER TABLE `x_resource_def` DISABLE KEYS */;
INSERT INTO `x_resource_def` VALUES (1,NULL,'2022-05-16 13:23:59','2022-05-16 13:23:59',NULL,NULL,1,1,'path','path',10,NULL,1,1,1,0,'org.apache.ranger.plugin.resourcematcher.RangerPathResourceMatcher','{\"wildCard\":\"true\",\"ignoreCase\":\"false\",\"__accessTypeRestrictions\":\"[]\",\"__isValidLeaf\":\"true\"}','','','','Resource Path','HDFS file or directory path',NULL,NULL,NULL,0,NULL,NULL),(2,NULL,'2022-05-16 13:24:00','2022-05-16 13:24:00',NULL,NULL,2,1,'table','string',10,NULL,1,1,0,1,'org.apache.ranger.plugin.resourcematcher.RangerDefaultResourceMatcher','{\"wildCard\":\"true\",\"ignoreCase\":\"false\",\"__accessTypeRestrictions\":\"[]\",\"__isValidLeaf\":\"false\"}','','','','HBase Table','HBase Table',NULL,NULL,NULL,0,NULL,NULL),(3,NULL,'2022-05-16 13:24:00','2022-05-16 13:24:00',NULL,NULL,2,2,'column-family','string',20,2,1,1,0,1,'org.apache.ranger.plugin.resourcematcher.RangerDefaultResourceMatcher','{\"wildCard\":\"true\",\"ignoreCase\":\"false\",\"__accessTypeRestrictions\":\"[]\",\"__isValidLeaf\":\"false\"}','','','','HBase Column-family','HBase Column-family',NULL,NULL,NULL,1,NULL,NULL),(4,NULL,'2022-05-16 13:24:00','2022-05-16 13:24:00',NULL,NULL,2,3,'column','string',30,3,1,0,0,1,'org.apache.ranger.plugin.resourcematcher.RangerDefaultResourceMatcher','{\"wildCard\":\"true\",\"ignoreCase\":\"false\",\"__accessTypeRestrictions\":\"[]\",\"__isValidLeaf\":\"true\"}','','','','HBase Column','HBase Column',NULL,NULL,NULL,2,NULL,NULL),(5,NULL,'2022-05-16 13:24:00','2022-05-16 13:24:00',NULL,NULL,3,1,'database','string',10,NULL,1,1,0,1,'org.apache.ranger.plugin.resourcematcher.RangerDefaultResourceMatcher','{\"wildCard\":\"true\",\"ignoreCase\":\"true\",\"__accessTypeRestrictions\":\"[]\",\"__isValidLeaf\":\"true\"}','','','','Hive Database','Hive Database',NULL,NULL,NULL,0,'{\"itemId\":1,\"name\":\"database\",\"type\":\"string\",\"level\":10,\"parent\":\"\",\"mandatory\":true,\"lookupSupported\":true,\"recursiveSupported\":false,\"excludesSupported\":false,\"matcher\":\"org.apache.ranger.plugin.resourcematcher.RangerDefaultResourceMatcher\",\"matcherOptions\":{\"wildCard\":\"false\",\"ignoreCase\":\"true\"},\"validationRegEx\":\"\",\"validationMessage\":\"\",\"uiHint\":\"{ \\\"singleValue\\\":true }\",\"label\":\"Hive Database\",\"description\":\"Hive Database\",\"accessTypeRestrictions\":[],\"isValidLeaf\":false}','{\"itemId\":1,\"name\":\"database\",\"type\":\"string\",\"level\":10,\"parent\":\"\",\"mandatory\":true,\"lookupSupported\":true,\"recursiveSupported\":false,\"excludesSupported\":false,\"matcher\":\"org.apache.ranger.plugin.resourcematcher.RangerDefaultResourceMatcher\",\"matcherOptions\":{\"wildCard\":\"false\",\"ignoreCase\":\"true\"},\"validationRegEx\":\"\",\"validationMessage\":\"\",\"uiHint\":\"{ \\\"singleValue\\\":true }\",\"label\":\"Hive Database\",\"description\":\"Hive Database\",\"accessTypeRestrictions\":[],\"isValidLeaf\":false}'),(6,NULL,'2022-05-16 13:24:00','2022-05-16 13:24:00',NULL,NULL,3,2,'table','string',20,5,1,1,0,1,'org.apache.ranger.plugin.resourcematcher.RangerDefaultResourceMatcher','{\"wildCard\":\"true\",\"ignoreCase\":\"true\",\"__accessTypeRestrictions\":\"[]\",\"__isValidLeaf\":\"true\"}','','','','Hive Table','Hive Table',NULL,NULL,NULL,1,'{\"itemId\":2,\"name\":\"table\",\"type\":\"string\",\"level\":20,\"parent\":\"database\",\"mandatory\":true,\"lookupSupported\":true,\"recursiveSupported\":false,\"excludesSupported\":false,\"matcher\":\"org.apache.ranger.plugin.resourcematcher.RangerDefaultResourceMatcher\",\"matcherOptions\":{\"wildCard\":\"false\",\"ignoreCase\":\"true\"},\"validationRegEx\":\"\",\"validationMessage\":\"\",\"uiHint\":\"{ \\\"singleValue\\\":true }\",\"label\":\"Hive Table\",\"description\":\"Hive Table\",\"accessTypeRestrictions\":[],\"isValidLeaf\":false}','{\"itemId\":2,\"name\":\"table\",\"type\":\"string\",\"level\":20,\"parent\":\"database\",\"mandatory\":true,\"lookupSupported\":true,\"recursiveSupported\":false,\"excludesSupported\":false,\"matcher\":\"org.apache.ranger.plugin.resourcematcher.RangerDefaultResourceMatcher\",\"matcherOptions\":{\"wildCard\":\"false\",\"ignoreCase\":\"true\"},\"validationRegEx\":\"\",\"validationMessage\":\"\",\"uiHint\":\"{ \\\"singleValue\\\":true }\",\"label\":\"Hive Table\",\"description\":\"Hive Table\",\"accessTypeRestrictions\":[],\"isValidLeaf\":true}'),(7,NULL,'2022-05-16 13:24:00','2022-05-16 13:24:00',NULL,NULL,3,3,'udf','string',20,5,1,1,0,1,'org.apache.ranger.plugin.resourcematcher.RangerDefaultResourceMatcher','{\"wildCard\":\"true\",\"ignoreCase\":\"true\",\"__accessTypeRestrictions\":\"[]\",\"__isValidLeaf\":\"true\"}','','','','Hive UDF','Hive UDF',NULL,NULL,NULL,2,NULL,NULL),(8,NULL,'2022-05-16 13:24:00','2022-05-16 13:24:00',NULL,NULL,3,4,'column','string',30,6,1,1,0,1,'org.apache.ranger.plugin.resourcematcher.RangerDefaultResourceMatcher','{\"wildCard\":\"true\",\"ignoreCase\":\"true\",\"__accessTypeRestrictions\":\"[]\",\"__isValidLeaf\":\"true\"}','','','','Hive Column','Hive Column',NULL,NULL,NULL,3,'{\"itemId\":4,\"name\":\"column\",\"type\":\"string\",\"level\":30,\"parent\":\"table\",\"mandatory\":true,\"lookupSupported\":true,\"recursiveSupported\":false,\"excludesSupported\":false,\"matcher\":\"org.apache.ranger.plugin.resourcematcher.RangerDefaultResourceMatcher\",\"matcherOptions\":{\"wildCard\":\"false\",\"ignoreCase\":\"true\"},\"validationRegEx\":\"\",\"validationMessage\":\"\",\"uiHint\":\"{ \\\"singleValue\\\":true }\",\"label\":\"Hive Column\",\"description\":\"Hive Column\",\"accessTypeRestrictions\":[],\"isValidLeaf\":true}',NULL),(9,NULL,'2022-05-16 13:24:00','2022-05-16 13:24:00',NULL,NULL,3,5,'url','string',10,NULL,1,0,1,0,'org.apache.ranger.plugin.resourcematcher.RangerURLResourceMatcher','{\"wildCard\":\"true\",\"ignoreCase\":\"false\",\"__accessTypeRestrictions\":\"[]\",\"__isValidLeaf\":\"true\"}','','','','URL','URL',NULL,NULL,NULL,4,NULL,NULL),(10,NULL,'2022-05-16 13:24:00','2022-05-16 13:24:00',NULL,NULL,3,6,'hiveservice','string',10,NULL,1,0,0,0,'org.apache.ranger.plugin.resourcematcher.RangerDefaultResourceMatcher','{\"wildCard\":\"true\",\"ignoreCase\":\"false\",\"__accessTypeRestrictions\":\"[]\",\"__isValidLeaf\":\"true\"}','','','','Hive Service','Hive Service',NULL,NULL,NULL,5,NULL,NULL),(11,NULL,'2022-05-16 13:24:00','2022-05-16 13:24:00',NULL,NULL,3,7,'global','string',10,NULL,1,0,0,0,'org.apache.ranger.plugin.resourcematcher.RangerDefaultResourceMatcher','{\"wildCard\":\"true\",\"ignoreCase\":\"false\",\"__accessTypeRestrictions\":\"[]\",\"__isValidLeaf\":\"true\"}','','','','Global','Global',NULL,NULL,NULL,6,NULL,NULL),(12,NULL,'2022-05-16 13:24:00','2022-05-16 13:24:00',NULL,NULL,3,8,'storage-type','string',10,NULL,1,0,0,0,'org.apache.ranger.plugin.resourcematcher.RangerDefaultResourceMatcher','{\"wildCard\":\"true\",\"ignoreCase\":\"false\",\"__accessTypeRestrictions\":\"[]\",\"__isValidLeaf\":\"false\"}','','','','Storage Type','Storage Type',NULL,NULL,NULL,7,NULL,NULL),(13,NULL,'2022-05-16 13:24:00','2022-05-16 13:24:00',NULL,NULL,3,9,'storage-url','string',20,12,1,0,0,1,'org.apache.ranger.plugin.resourcematcher.RangerURLResourceMatcher','{\"wildCard\":\"true\",\"ignoreCase\":\"true\",\"__accessTypeRestrictions\":\"[\\\"rwstorage\\\"]\",\"__isValidLeaf\":\"true\"}','','','','Storage URL','Storage URL',NULL,NULL,NULL,8,NULL,NULL),(14,NULL,'2022-05-16 13:24:00','2022-05-16 13:24:00',NULL,NULL,7,1,'keyname','string',10,NULL,1,1,0,0,'org.apache.ranger.plugin.resourcematcher.RangerDefaultResourceMatcher','{\"wildCard\":\"true\",\"ignoreCase\":\"false\",\"__accessTypeRestrictions\":\"[]\",\"__isValidLeaf\":\"true\"}','','','','Key Name','Key Name',NULL,NULL,NULL,0,NULL,NULL),(15,NULL,'2022-05-16 13:24:00','2022-05-16 13:24:00',NULL,NULL,5,1,'topology','string',10,NULL,1,1,0,1,'org.apache.ranger.plugin.resourcematcher.RangerDefaultResourceMatcher','{\"wildCard\":\"true\",\"ignoreCase\":\"false\",\"__accessTypeRestrictions\":\"[]\",\"__isValidLeaf\":\"false\"}','','','','Knox Topology','Knox Topology',NULL,NULL,NULL,0,NULL,NULL),(16,NULL,'2022-05-16 13:24:00','2022-05-16 13:24:00',NULL,NULL,5,2,'service','string',20,15,1,1,0,1,'org.apache.ranger.plugin.resourcematcher.RangerDefaultResourceMatcher','{\"wildCard\":\"true\",\"ignoreCase\":\"false\",\"__accessTypeRestrictions\":\"[]\",\"__isValidLeaf\":\"true\"}','','','','Knox Service','Knox Service',NULL,NULL,NULL,1,NULL,NULL),(17,NULL,'2022-05-16 13:24:00','2022-05-16 13:24:00',NULL,NULL,4,1,'queue','string',10,NULL,1,1,1,0,'org.apache.ranger.plugin.resourcematcher.RangerPathResourceMatcher','{\"wildCard\":\"true\",\"ignoreCase\":\"false\",\"pathSeparatorChar\":\".\",\"__accessTypeRestrictions\":\"[]\",\"__isValidLeaf\":\"true\"}','','','','Queue','Queue',NULL,NULL,NULL,0,NULL,NULL),(18,NULL,'2022-05-16 13:24:00','2022-05-16 13:24:00',NULL,NULL,9,1,'topic','string',1,NULL,1,1,0,1,'org.apache.ranger.plugin.resourcematcher.RangerDefaultResourceMatcher','{\"wildCard\":\"true\",\"ignoreCase\":\"true\",\"__accessTypeRestrictions\":\"[\\\"create\\\",\\\"delete\\\",\\\"configure\\\",\\\"alter\\\",\\\"alter_configs\\\",\\\"describe\\\",\\\"describe_configs\\\",\\\"consume\\\",\\\"publish\\\"]\",\"__isValidLeaf\":\"true\"}','','','','Topic','Topic',NULL,NULL,NULL,0,NULL,NULL),(19,NULL,'2022-05-16 13:24:00','2022-05-16 13:24:00',NULL,NULL,9,2,'transactionalid','string',1,NULL,1,0,0,1,'org.apache.ranger.plugin.resourcematcher.RangerDefaultResourceMatcher','{\"wildCard\":\"true\",\"ignoreCase\":\"true\",\"__accessTypeRestrictions\":\"[\\\"publish\\\",\\\"describe\\\"]\",\"__isValidLeaf\":\"true\"}',NULL,NULL,NULL,'Transactional Id','Transactional Id',NULL,NULL,NULL,1,NULL,NULL),(20,NULL,'2022-05-16 13:24:00','2022-05-16 13:24:00',NULL,NULL,9,3,'cluster','string',1,NULL,1,0,0,1,'org.apache.ranger.plugin.resourcematcher.RangerDefaultResourceMatcher','{\"wildCard\":\"true\",\"ignoreCase\":\"true\",\"__accessTypeRestrictions\":\"[\\\"create\\\",\\\"configure\\\",\\\"alter\\\",\\\"alter_configs\\\",\\\"describe\\\",\\\"describe_configs\\\",\\\"kafka_admin\\\",\\\"idempotent_write\\\",\\\"cluster_action\\\"]\",\"__isValidLeaf\":\"true\"}',NULL,NULL,NULL,'Cluster','Cluster',NULL,NULL,NULL,2,NULL,NULL),(21,NULL,'2022-05-16 13:24:00','2022-05-16 13:24:00',NULL,NULL,9,4,'delegationtoken','string',1,NULL,1,0,0,1,'org.apache.ranger.plugin.resourcematcher.RangerDefaultResourceMatcher','{\"wildCard\":\"true\",\"ignoreCase\":\"true\",\"__accessTypeRestrictions\":\"[\\\"describe\\\"]\",\"__isValidLeaf\":\"true\"}',NULL,NULL,NULL,'Delegation Token','Delegation Token',NULL,NULL,NULL,3,NULL,NULL),(22,NULL,'2022-05-16 13:24:00','2022-05-16 13:24:00',NULL,NULL,9,5,'consumergroup','string',1,NULL,1,0,0,1,'org.apache.ranger.plugin.resourcematcher.RangerDefaultResourceMatcher','{\"wildCard\":\"true\",\"ignoreCase\":\"true\",\"__accessTypeRestrictions\":\"[\\\"consume\\\",\\\"describe\\\",\\\"delete\\\"]\",\"__isValidLeaf\":\"true\"}',NULL,NULL,NULL,'Consumer Group','Consumer Group',NULL,NULL,NULL,4,NULL,NULL),(23,NULL,'2022-05-16 13:24:01','2022-05-16 13:24:01',NULL,NULL,8,100,'collection','string',10,NULL,1,1,0,1,'org.apache.ranger.plugin.resourcematcher.RangerDefaultResourceMatcher','{\"wildCard\":\"true\",\"ignoreCase\":\"true\",\"__accessTypeRestrictions\":\"[]\",\"__isValidLeaf\":\"true\"}','','','','Solr Collection','Solr Collection',NULL,NULL,NULL,0,NULL,NULL),(24,NULL,'2022-05-16 13:24:01','2022-05-16 13:24:01',NULL,NULL,202,1,'registry-service','string',10,NULL,1,1,0,1,'org.apache.ranger.plugin.resourcematcher.RangerDefaultResourceMatcher','{\"wildCard\":\"true\",\"ignoreCase\":\"true\",\"__accessTypeRestrictions\":\"[]\",\"__isValidLeaf\":\"true\"}','^\\*$','','','Schema Registry Service','Schema Registry Service',NULL,NULL,NULL,0,NULL,NULL),(25,NULL,'2022-05-16 13:24:01','2022-05-16 13:24:01',NULL,NULL,202,2,'schema-group','string',10,NULL,1,1,0,1,'org.apache.ranger.plugin.resourcematcher.RangerDefaultResourceMatcher','{\"wildCard\":\"true\",\"ignoreCase\":\"true\",\"__accessTypeRestrictions\":\"[]\",\"__isValidLeaf\":\"false\"}','','','','Schema Group','Schema Group',NULL,NULL,NULL,1,NULL,NULL),(26,NULL,'2022-05-16 13:24:01','2022-05-16 13:24:01',NULL,NULL,202,3,'schema-metadata','string',20,25,1,1,0,1,'org.apache.ranger.plugin.resourcematcher.RangerDefaultResourceMatcher','{\"wildCard\":\"true\",\"ignoreCase\":\"true\",\"__accessTypeRestrictions\":\"[]\",\"__isValidLeaf\":\"true\"}','','','','Schema Name','Schema Name',NULL,NULL,NULL,2,NULL,NULL),(27,NULL,'2022-05-16 13:24:01','2022-05-16 13:24:01',NULL,NULL,202,4,'schema-branch','string',30,26,1,1,0,1,'org.apache.ranger.plugin.resourcematcher.RangerDefaultResourceMatcher','{\"wildCard\":\"true\",\"ignoreCase\":\"true\",\"__accessTypeRestrictions\":\"[]\",\"__isValidLeaf\":\"true\"}','','','','Schema Branch','Schema Branch',NULL,NULL,NULL,3,NULL,NULL),(28,NULL,'2022-05-16 13:24:01','2022-05-16 13:24:01',NULL,NULL,202,5,'schema-version','string',40,27,1,1,0,1,'org.apache.ranger.plugin.resourcematcher.RangerDefaultResourceMatcher','{\"wildCard\":\"true\",\"ignoreCase\":\"true\",\"__accessTypeRestrictions\":\"[]\",\"__isValidLeaf\":\"true\"}','^\\*$','','','Schema Version','Schema Version',NULL,NULL,NULL,4,NULL,NULL),(29,NULL,'2022-05-16 13:24:01','2022-05-16 13:24:01',NULL,NULL,202,6,'serde','string',10,NULL,1,1,0,1,'org.apache.ranger.plugin.resourcematcher.RangerDefaultResourceMatcher','{\"wildCard\":\"true\",\"ignoreCase\":\"true\",\"__accessTypeRestrictions\":\"[]\",\"__isValidLeaf\":\"true\"}','^\\*$','','','Serializer/Deserializer','Serializer/Deserializer',NULL,NULL,NULL,5,NULL,NULL),(30,NULL,'2022-05-16 13:24:01','2022-05-16 13:24:01',NULL,NULL,10,100,'nifi-resource','string',10,NULL,1,1,0,0,'org.apache.ranger.plugin.resourcematcher.RangerDefaultResourceMatcher','{\"wildCard\":\"true\",\"ignoreCase\":\"true\",\"__accessTypeRestrictions\":\"[]\",\"__isValidLeaf\":\"true\"}','','','','NiFi Resource Identifier','NiFi Resource',NULL,NULL,NULL,0,NULL,NULL),(31,NULL,'2022-05-16 13:24:01','2022-05-16 13:24:01',NULL,NULL,13,100,'nifi-registry-resource','string',10,NULL,1,1,0,0,'org.apache.ranger.plugin.resourcematcher.RangerDefaultResourceMatcher','{\"wildCard\":\"true\",\"ignoreCase\":\"true\",\"__accessTypeRestrictions\":\"[]\",\"__isValidLeaf\":\"true\"}','','','','NiFi Registry Resource Identifier','NiFi Registry Resource',NULL,NULL,NULL,0,NULL,NULL),(32,NULL,'2022-05-16 13:24:01','2022-05-16 13:24:01',NULL,NULL,15,1,'type-category','string',10,NULL,1,1,0,1,'org.apache.ranger.plugin.resourcematcher.RangerDefaultResourceMatcher','{\"wildCard\":\"true\",\"ignoreCase\":\"true\",\"__accessTypeRestrictions\":\"[]\",\"__isValidLeaf\":\"false\"}',NULL,NULL,NULL,'Type Catagory','Type Catagory',NULL,NULL,NULL,0,NULL,NULL),(33,NULL,'2022-05-16 13:24:01','2022-05-16 13:24:01',NULL,NULL,15,2,'type','string',20,32,1,1,0,1,'org.apache.ranger.plugin.resourcematcher.RangerDefaultResourceMatcher','{\"wildCard\":\"true\",\"ignoreCase\":\"true\",\"__accessTypeRestrictions\":\"[\\\"type-read\\\",\\\"type-create\\\",\\\"type-update\\\",\\\"type-delete\\\"]\",\"__isValidLeaf\":\"true\"}',NULL,NULL,NULL,'Type Name','Type Name',NULL,NULL,NULL,1,NULL,NULL),(34,NULL,'2022-05-16 13:24:01','2022-05-16 13:24:01',NULL,NULL,15,3,'entity-type','string',10,NULL,1,1,0,1,'org.apache.ranger.plugin.resourcematcher.RangerDefaultResourceMatcher','{\"wildCard\":\"true\",\"ignoreCase\":\"true\",\"__accessTypeRestrictions\":\"[]\",\"__isValidLeaf\":\"false\"}',NULL,NULL,NULL,'Entity Type','Entity Type',NULL,NULL,NULL,2,NULL,NULL),(35,NULL,'2022-05-16 13:24:01','2022-05-16 13:24:01',NULL,NULL,15,4,'entity-classification','string',20,34,1,1,0,1,'org.apache.ranger.plugin.resourcematcher.RangerDefaultResourceMatcher','{\"wildCard\":\"true\",\"ignoreCase\":\"true\",\"__accessTypeRestrictions\":\"[]\",\"__isValidLeaf\":\"false\"}',NULL,NULL,NULL,'Entity Classification','Entity Classification',NULL,NULL,NULL,3,NULL,NULL),(36,NULL,'2022-05-16 13:24:01','2022-05-16 13:24:01',NULL,NULL,15,5,'entity','string',30,35,1,1,0,1,'org.apache.ranger.plugin.resourcematcher.RangerDefaultResourceMatcher','{\"wildCard\":\"true\",\"ignoreCase\":\"true\",\"__accessTypeRestrictions\":\"[\\\"entity-read\\\",\\\"entity-create\\\",\\\"entity-update\\\",\\\"entity-delete\\\",\\\"entity-add-classification\\\",\\\"entity-update-classification\\\",\\\"entity-remove-classification\\\"]\",\"__isValidLeaf\":\"true\"}',NULL,NULL,NULL,'Entity ID','Entity ID',NULL,NULL,NULL,4,NULL,NULL),(37,NULL,'2022-05-16 13:24:01','2022-05-16 13:24:01',NULL,NULL,15,6,'atlas-service','string',10,NULL,1,1,0,1,'org.apache.ranger.plugin.resourcematcher.RangerDefaultResourceMatcher','{\"wildCard\":\"true\",\"ignoreCase\":\"true\",\"__accessTypeRestrictions\":\"[\\\"admin-import\\\",\\\"admin-export\\\",\\\"admin-purge\\\",\\\"admin-audits\\\"]\",\"__isValidLeaf\":\"true\"}',NULL,NULL,NULL,'Atlas Service','Atlas Service',NULL,NULL,NULL,5,NULL,NULL),(38,NULL,'2022-05-16 13:24:01','2022-05-16 13:24:01',NULL,NULL,15,7,'relationship-type','string',10,NULL,1,1,0,1,'org.apache.ranger.plugin.resourcematcher.RangerDefaultResourceMatcher','{\"wildCard\":\"true\",\"ignoreCase\":\"true\",\"__accessTypeRestrictions\":\"[]\",\"__isValidLeaf\":\"false\"}',NULL,NULL,NULL,'Relationship Type','Relationship Type',NULL,NULL,NULL,6,NULL,NULL),(39,NULL,'2022-05-16 13:24:01','2022-05-16 13:24:01',NULL,NULL,15,8,'end-one-entity-type','string',20,38,1,1,0,1,'org.apache.ranger.plugin.resourcematcher.RangerDefaultResourceMatcher','{\"wildCard\":\"true\",\"ignoreCase\":\"true\",\"__accessTypeRestrictions\":\"[]\",\"__isValidLeaf\":\"false\"}',NULL,NULL,NULL,'End1 Entity Type','End1 Entity Type',NULL,NULL,NULL,7,NULL,NULL),(40,NULL,'2022-05-16 13:24:01','2022-05-16 13:24:01',NULL,NULL,15,9,'end-one-entity-classification','string',30,39,1,1,0,1,'org.apache.ranger.plugin.resourcematcher.RangerDefaultResourceMatcher','{\"wildCard\":\"true\",\"ignoreCase\":\"true\",\"__accessTypeRestrictions\":\"[]\",\"__isValidLeaf\":\"false\"}',NULL,NULL,NULL,'End1 Entity Classification','End1 Entity Classification',NULL,NULL,NULL,8,NULL,NULL),(41,NULL,'2022-05-16 13:24:01','2022-05-16 13:24:01',NULL,NULL,15,10,'end-one-entity','string',40,40,1,1,0,1,'org.apache.ranger.plugin.resourcematcher.RangerDefaultResourceMatcher','{\"wildCard\":\"true\",\"ignoreCase\":\"true\",\"__accessTypeRestrictions\":\"[]\",\"__isValidLeaf\":\"false\"}',NULL,NULL,NULL,'End1 Entity ID','End1 Entity ID',NULL,NULL,NULL,9,NULL,NULL),(42,NULL,'2022-05-16 13:24:01','2022-05-16 13:24:01',NULL,NULL,15,11,'end-two-entity-type','string',50,41,1,1,0,1,'org.apache.ranger.plugin.resourcematcher.RangerDefaultResourceMatcher','{\"wildCard\":\"true\",\"ignoreCase\":\"true\",\"__accessTypeRestrictions\":\"[]\",\"__isValidLeaf\":\"false\"}',NULL,NULL,NULL,'End2 Entity Type','End2 Entity Type',NULL,NULL,NULL,10,NULL,NULL),(43,NULL,'2022-05-16 13:24:01','2022-05-16 13:24:01',NULL,NULL,15,12,'end-two-entity-classification','string',60,42,1,1,0,1,'org.apache.ranger.plugin.resourcematcher.RangerDefaultResourceMatcher','{\"wildCard\":\"true\",\"ignoreCase\":\"true\",\"__accessTypeRestrictions\":\"[]\",\"__isValidLeaf\":\"false\"}',NULL,NULL,NULL,'End2 Entity Classification','End2 Entity Classification',NULL,NULL,NULL,11,NULL,NULL),(44,NULL,'2022-05-16 13:24:01','2022-05-16 13:24:01',NULL,NULL,15,13,'end-two-entity','string',70,43,1,1,0,1,'org.apache.ranger.plugin.resourcematcher.RangerDefaultResourceMatcher','{\"wildCard\":\"true\",\"ignoreCase\":\"true\",\"__accessTypeRestrictions\":\"[\\\"add-relationship\\\",\\\"update-relationship\\\",\\\"remove-relationship\\\"]\",\"__isValidLeaf\":\"true\"}',NULL,NULL,NULL,'End2 Entity ID','End2 Entity ID',NULL,NULL,NULL,12,NULL,NULL),(45,NULL,'2022-05-16 13:24:01','2022-05-16 13:24:01',NULL,NULL,15,14,'entity-label','string',40,36,1,1,0,1,'org.apache.ranger.plugin.resourcematcher.RangerDefaultResourceMatcher','{\"wildCard\":\"true\",\"ignoreCase\":\"true\",\"__accessTypeRestrictions\":\"[\\\"entity-add-label\\\",\\\"entity-remove-label\\\"]\",\"__isValidLeaf\":\"true\"}',NULL,NULL,NULL,'Label','Label',NULL,NULL,NULL,13,NULL,NULL),(46,NULL,'2022-05-16 13:24:01','2022-05-16 13:24:01',NULL,NULL,15,15,'entity-business-metadata','string',40,36,1,1,0,1,'org.apache.ranger.plugin.resourcematcher.RangerDefaultResourceMatcher','{\"wildCard\":\"true\",\"ignoreCase\":\"true\",\"__accessTypeRestrictions\":\"[\\\"entity-update-business-metadata\\\"]\",\"__isValidLeaf\":\"true\"}',NULL,NULL,NULL,'Business Metadata','Business Metadata',NULL,NULL,NULL,14,NULL,NULL),(47,NULL,'2022-05-16 13:24:01','2022-05-16 13:24:01',NULL,NULL,201,1,'volume','string',10,NULL,1,1,0,1,'org.apache.ranger.plugin.resourcematcher.RangerDefaultResourceMatcher','{\"wildCard\":\"true\",\"ignoreCase\":\"false\",\"__accessTypeRestrictions\":\"[]\",\"__isValidLeaf\":\"true\"}','','','','Ozone Volume','Ozone Volume',NULL,NULL,NULL,0,NULL,NULL),(48,NULL,'2022-05-16 13:24:01','2022-05-16 13:24:01',NULL,NULL,201,2,'bucket','string',20,47,1,1,0,1,'org.apache.ranger.plugin.resourcematcher.RangerDefaultResourceMatcher','{\"wildCard\":\"true\",\"ignoreCase\":\"true\",\"__accessTypeRestrictions\":\"[]\",\"__isValidLeaf\":\"true\"}','','','','Ozone Bucket','Ozone Bucket',NULL,NULL,NULL,1,NULL,NULL),(49,NULL,'2022-05-16 13:24:01','2022-05-16 13:24:01',NULL,NULL,201,3,'key','string',30,48,1,1,1,1,'org.apache.ranger.plugin.resourcematcher.RangerDefaultResourceMatcher','{\"wildCard\":\"true\",\"ignoreCase\":\"true\",\"__accessTypeRestrictions\":\"[]\",\"__isValidLeaf\":\"true\"}','','','','Ozone Key','Ozone Key',NULL,NULL,NULL,2,NULL,NULL),(50,NULL,'2022-05-16 13:24:02','2022-05-16 13:24:09',NULL,NULL,100,1,'tag','string',1,NULL,1,1,0,0,'org.apache.ranger.plugin.resourcematcher.RangerDefaultResourceMatcher','{\"__isValidLeaf\":\"true\",\"wildCard\":\"false\",\"__accessTypeRestrictions\":\"[]\",\"ignoreCase\":\"false\"}','','','{ \"singleValue\":true }','TAG','TAG',NULL,NULL,NULL,0,'{\"itemId\":1,\"name\":\"tag\",\"type\":\"string\",\"level\":1,\"mandatory\":true,\"lookupSupported\":true,\"recursiveSupported\":false,\"excludesSupported\":false,\"matcher\":\"org.apache.ranger.plugin.resourcematcher.RangerDefaultResourceMatcher\",\"matcherOptions\":{\"__isValidLeaf\":\"true\",\"wildCard\":\"false\",\"__accessTypeRestrictions\":\"[]\",\"ignoreCase\":\"false\"},\"validationRegEx\":\"\",\"validationMessage\":\"\",\"uiHint\":\"{ \\\"singleValue\\\":true }\",\"label\":\"TAG\",\"description\":\"TAG\",\"accessTypeRestrictions\":[],\"isValidLeaf\":true}',NULL),(51,NULL,'2022-05-16 13:24:02','2022-05-16 13:24:02',NULL,NULL,104,1,'storageaccount','string',10,NULL,1,0,0,0,'org.apache.ranger.plugin.resourcematcher.RangerDefaultResourceMatcher','{\"wildCard\":\"true\",\"ignoreCase\":\"false\",\"__accessTypeRestrictions\":\"[]\",\"__isValidLeaf\":\"false\"}','','','','Storage Account','Storage Account for the Path',NULL,NULL,NULL,0,NULL,NULL),(52,NULL,'2022-05-16 13:24:02','2022-05-16 13:24:02',NULL,NULL,104,2,'container','string',20,51,1,0,0,0,'org.apache.ranger.plugin.resourcematcher.RangerDefaultResourceMatcher','{\"wildCard\":\"true\",\"ignoreCase\":\"false\",\"__accessTypeRestrictions\":\"[]\",\"__isValidLeaf\":\"false\"}','','','','Storage Account Container','Storage Account Container for the Path',NULL,NULL,NULL,1,NULL,NULL),(53,NULL,'2022-05-16 13:24:02','2022-05-16 13:24:02',NULL,NULL,104,3,'relativepath','path',30,52,1,1,1,0,'org.apache.ranger.plugin.resourcematcher.RangerPathResourceMatcher','{\"wildCard\":\"true\",\"ignoreCase\":\"false\",\"__accessTypeRestrictions\":\"[]\",\"__isValidLeaf\":\"true\"}','^[/*]$|^/.*?[^/]$','Relative Path must not end with a slash','','Relative Path','Relative Path inside Storage Account Container',NULL,NULL,NULL,2,NULL,NULL),(54,NULL,'2022-05-16 13:24:02','2022-05-16 13:24:02',NULL,NULL,105,1,'database','string',10,NULL,1,1,0,1,'org.apache.ranger.plugin.resourcematcher.RangerDefaultResourceMatcher','{\"wildCard\":\"true\",\"ignoreCase\":\"true\",\"__accessTypeRestrictions\":\"[]\",\"__isValidLeaf\":\"true\"}','','','','Database','Database',NULL,NULL,NULL,0,NULL,NULL),(55,NULL,'2022-05-16 13:24:02','2022-05-16 13:24:02',NULL,NULL,105,2,'table','string',20,54,1,1,0,1,'org.apache.ranger.plugin.resourcematcher.RangerDefaultResourceMatcher','{\"wildCard\":\"true\",\"ignoreCase\":\"true\",\"__accessTypeRestrictions\":\"[]\",\"__isValidLeaf\":\"true\"}','','','','Table','Table',NULL,NULL,NULL,1,NULL,NULL),(56,NULL,'2022-05-16 13:24:02','2022-05-16 13:24:02',NULL,NULL,105,3,'column','string',30,55,1,1,0,1,'org.apache.ranger.plugin.resourcematcher.RangerDefaultResourceMatcher','{\"wildCard\":\"true\",\"ignoreCase\":\"true\",\"__accessTypeRestrictions\":\"[]\",\"__isValidLeaf\":\"true\"}','','','','Column','Column',NULL,NULL,NULL,2,NULL,NULL);
/*!40000 ALTER TABLE `x_resource_def` ENABLE KEYS */;
UNLOCK TABLES;

--
-- Table structure for table `x_rms_mapping_provider`
--

DROP TABLE IF EXISTS `x_rms_mapping_provider`;
/*!40101 SET @saved_cs_client     = @@character_set_client */;
/*!40101 SET character_set_client = utf8 */;
CREATE TABLE `x_rms_mapping_provider` (
  `id` bigint(20) NOT NULL AUTO_INCREMENT,
  `change_timestamp` timestamp NULL DEFAULT NULL,
  `name` varchar(128) NOT NULL,
  `last_known_version` bigint(20) NOT NULL,
  PRIMARY KEY (`id`),
  UNIQUE KEY `x_rms_mapping_provider_UK_name` (`name`)
) ENGINE=InnoDB DEFAULT CHARSET=utf8;
/*!40101 SET character_set_client = @saved_cs_client */;

--
-- Dumping data for table `x_rms_mapping_provider`
--

LOCK TABLES `x_rms_mapping_provider` WRITE;
/*!40000 ALTER TABLE `x_rms_mapping_provider` DISABLE KEYS */;
/*!40000 ALTER TABLE `x_rms_mapping_provider` ENABLE KEYS */;
UNLOCK TABLES;

--
-- Table structure for table `x_rms_notification`
--

DROP TABLE IF EXISTS `x_rms_notification`;
/*!40101 SET @saved_cs_client     = @@character_set_client */;
/*!40101 SET character_set_client = utf8 */;
CREATE TABLE `x_rms_notification` (
  `id` bigint(20) NOT NULL AUTO_INCREMENT,
  `hms_name` varchar(128) DEFAULT NULL,
  `notification_id` bigint(20) DEFAULT NULL,
  `change_timestamp` timestamp NULL DEFAULT NULL,
  `change_type` varchar(64) DEFAULT NULL,
  `hl_resource_id` bigint(20) DEFAULT NULL,
  `hl_service_id` bigint(20) DEFAULT NULL,
  `ll_resource_id` bigint(20) DEFAULT NULL,
  `ll_service_id` bigint(20) DEFAULT NULL,
  PRIMARY KEY (`id`),
  KEY `x_rms_notification_IDX_notification_id` (`notification_id`),
  KEY `x_rms_notification_IDX_hms_name_notification_id` (`hms_name`,`notification_id`),
  KEY `x_rms_notification_IDX_hl_service_id` (`hl_service_id`),
  KEY `x_rms_notification_IDX_ll_service_id` (`ll_service_id`),
  CONSTRAINT `x_rms_notification_FK_hl_service_id` FOREIGN KEY (`hl_service_id`) REFERENCES `x_service` (`id`),
  CONSTRAINT `x_rms_notification_FK_ll_service_id` FOREIGN KEY (`ll_service_id`) REFERENCES `x_service` (`id`)
) ENGINE=InnoDB DEFAULT CHARSET=utf8;
/*!40101 SET character_set_client = @saved_cs_client */;

--
-- Dumping data for table `x_rms_notification`
--

LOCK TABLES `x_rms_notification` WRITE;
/*!40000 ALTER TABLE `x_rms_notification` DISABLE KEYS */;
/*!40000 ALTER TABLE `x_rms_notification` ENABLE KEYS */;
UNLOCK TABLES;

--
-- Table structure for table `x_rms_resource_mapping`
--

DROP TABLE IF EXISTS `x_rms_resource_mapping`;
/*!40101 SET @saved_cs_client     = @@character_set_client */;
/*!40101 SET character_set_client = utf8 */;
CREATE TABLE `x_rms_resource_mapping` (
  `id` bigint(20) NOT NULL AUTO_INCREMENT,
  `change_timestamp` timestamp NULL DEFAULT NULL,
  `hl_resource_id` bigint(20) NOT NULL,
  `ll_resource_id` bigint(20) NOT NULL,
  PRIMARY KEY (`id`),
  UNIQUE KEY `x_rms_res_map_UK_hl_res_id_ll_res_id` (`hl_resource_id`,`ll_resource_id`),
  KEY `x_rms_resource_mapping_IDX_hl_resource_id` (`hl_resource_id`),
  KEY `x_rms_resource_mapping_IDX_ll_resource_id` (`ll_resource_id`),
  CONSTRAINT `x_rms_res_map_FK_hl_res_id` FOREIGN KEY (`hl_resource_id`) REFERENCES `x_rms_service_resource` (`id`),
  CONSTRAINT `x_rms_res_map_FK_ll_res_id` FOREIGN KEY (`ll_resource_id`) REFERENCES `x_rms_service_resource` (`id`)
) ENGINE=InnoDB DEFAULT CHARSET=utf8;
/*!40101 SET character_set_client = @saved_cs_client */;

--
-- Dumping data for table `x_rms_resource_mapping`
--

LOCK TABLES `x_rms_resource_mapping` WRITE;
/*!40000 ALTER TABLE `x_rms_resource_mapping` DISABLE KEYS */;
/*!40000 ALTER TABLE `x_rms_resource_mapping` ENABLE KEYS */;
UNLOCK TABLES;

--
-- Table structure for table `x_rms_service_resource`
--

DROP TABLE IF EXISTS `x_rms_service_resource`;
/*!40101 SET @saved_cs_client     = @@character_set_client */;
/*!40101 SET character_set_client = utf8 */;
CREATE TABLE `x_rms_service_resource` (
  `id` bigint(20) NOT NULL AUTO_INCREMENT,
  `guid` varchar(64) NOT NULL,
  `create_time` timestamp NULL DEFAULT NULL,
  `update_time` timestamp NULL DEFAULT NULL,
  `added_by_id` bigint(20) DEFAULT NULL,
  `upd_by_id` bigint(20) DEFAULT NULL,
  `version` bigint(20) DEFAULT NULL,
  `service_id` bigint(20) NOT NULL,
  `resource_signature` varchar(128) DEFAULT NULL,
  `is_enabled` tinyint(1) NOT NULL DEFAULT 1,
  `service_resource_elements_text` text DEFAULT NULL,
  PRIMARY KEY (`id`),
  UNIQUE KEY `x_rms_service_res_UK_guid` (`guid`),
  KEY `x_rms_service_resource_IDX_service_id` (`service_id`),
  KEY `x_rms_service_resource_IDX_resource_signature` (`resource_signature`),
  CONSTRAINT `x_rms_service_res_FK_service_id` FOREIGN KEY (`service_id`) REFERENCES `x_service` (`id`)
) ENGINE=InnoDB DEFAULT CHARSET=utf8;
/*!40101 SET character_set_client = @saved_cs_client */;

--
-- Dumping data for table `x_rms_service_resource`
--

LOCK TABLES `x_rms_service_resource` WRITE;
/*!40000 ALTER TABLE `x_rms_service_resource` DISABLE KEYS */;
/*!40000 ALTER TABLE `x_rms_service_resource` ENABLE KEYS */;
UNLOCK TABLES;

--
-- Table structure for table `x_role`
--

DROP TABLE IF EXISTS `x_role`;
/*!40101 SET @saved_cs_client     = @@character_set_client */;
/*!40101 SET character_set_client = utf8 */;
CREATE TABLE `x_role` (
  `id` bigint(20) NOT NULL AUTO_INCREMENT,
  `create_time` datetime DEFAULT NULL,
  `update_time` datetime DEFAULT NULL,
  `added_by_id` bigint(20) DEFAULT NULL,
  `upd_by_id` bigint(20) DEFAULT NULL,
  `version` bigint(20) DEFAULT NULL,
  `name` varchar(255) NOT NULL,
  `description` varchar(1024) DEFAULT NULL,
  `role_options` varchar(4000) DEFAULT NULL,
  `role_text` mediumtext DEFAULT NULL,
  PRIMARY KEY (`id`),
  UNIQUE KEY `x_role_UK_name` (`name`(190)),
  KEY `x_role_FK_added_by_id` (`added_by_id`),
  KEY `x_role_FK_upd_by_id` (`upd_by_id`),
  CONSTRAINT `x_role_FK_added_by_id` FOREIGN KEY (`added_by_id`) REFERENCES `x_portal_user` (`id`),
  CONSTRAINT `x_role_FK_upd_by_id` FOREIGN KEY (`upd_by_id`) REFERENCES `x_portal_user` (`id`)
) ENGINE=InnoDB AUTO_INCREMENT=9 DEFAULT CHARSET=utf8 ROW_FORMAT=DYNAMIC;
/*!40101 SET character_set_client = @saved_cs_client */;

--
-- Dumping data for table `x_role`
--

LOCK TABLES `x_role` WRITE;
/*!40000 ALTER TABLE `x_role` DISABLE KEYS */;
INSERT INTO `x_role` VALUES (1,'2022-05-16 14:13:31','2022-05-16 14:14:59',24,24,2,'atlas_adm','',NULL,'{\"name\":\"atlas_adm\",\"description\":\"\",\"options\":{},\"users\":[],\"groups\":[{\"name\":\"gov\",\"isAdmin\":false},{\"name\":\"admins\",\"isAdmin\":false},{\"name\":\"deng\",\"isAdmin\":false}],\"roles\":[],\"id\":1,\"isEnabled\":true,\"createdBy\":\"allan_admin\",\"updatedBy\":\"allan_admin\",\"createTime\":\"20220516-14:13:31.000-+0000\",\"updateTime\":\"20220516-14:13:31.000-+0000\"}'),(2,'2022-05-16 14:15:19','2022-05-16 14:15:19',24,24,1,'hbase_adm','',NULL,'{\"name\":\"hbase_adm\",\"description\":\"\",\"options\":{},\"users\":[],\"groups\":[{\"name\":\"deng\",\"isAdmin\":false}],\"roles\":[],\"isEnabled\":true}'),(3,'2022-05-16 14:15:41','2022-05-16 14:15:41',24,24,1,'hdfs_adm','',NULL,'{\"name\":\"hdfs_adm\",\"description\":\"\",\"options\":{},\"users\":[],\"groups\":[{\"name\":\"admins\",\"isAdmin\":false}],\"roles\":[],\"isEnabled\":true}'),(4,'2022-05-16 14:16:04','2022-05-16 14:16:04',24,24,1,'kafka_adm','',NULL,'{\"name\":\"kafka_adm\",\"description\":\"\",\"options\":{},\"users\":[],\"groups\":[{\"name\":\"deng\",\"isAdmin\":false}],\"roles\":[],\"isEnabled\":true}'),(5,'2022-05-16 14:16:42','2022-05-16 14:16:42',24,24,1,'knox_adm','',NULL,'{\"name\":\"knox_adm\",\"description\":\"\",\"options\":{},\"users\":[],\"groups\":[{\"name\":\"admins\",\"isAdmin\":false}],\"roles\":[],\"isEnabled\":true}'),(6,'2022-05-16 14:17:13','2022-05-16 14:17:13',24,24,1,'solr_adm','',NULL,'{\"name\":\"solr_adm\",\"description\":\"\",\"options\":{},\"users\":[{\"name\":\"hue\",\"isAdmin\":false}],\"groups\":[{\"name\":\"deng\",\"isAdmin\":false}],\"roles\":[],\"isEnabled\":true}'),(7,'2022-05-16 14:17:36','2022-05-16 14:17:36',24,24,1,'sql_adm','',NULL,'{\"name\":\"sql_adm\",\"description\":\"\",\"options\":{},\"users\":[],\"groups\":[{\"name\":\"deng\",\"isAdmin\":false}],\"roles\":[],\"isEnabled\":true}'),(8,'2022-05-16 14:17:51','2022-05-16 14:17:51',24,24,1,'yarn_adm','',NULL,'{\"name\":\"yarn_adm\",\"description\":\"\",\"options\":{},\"users\":[],\"groups\":[{\"name\":\"admins\",\"isAdmin\":false}],\"roles\":[],\"isEnabled\":true}');
/*!40000 ALTER TABLE `x_role` ENABLE KEYS */;
UNLOCK TABLES;

--
-- Table structure for table `x_role_ref_group`
--

DROP TABLE IF EXISTS `x_role_ref_group`;
/*!40101 SET @saved_cs_client     = @@character_set_client */;
/*!40101 SET character_set_client = utf8 */;
CREATE TABLE `x_role_ref_group` (
  `id` bigint(20) NOT NULL AUTO_INCREMENT,
  `create_time` datetime DEFAULT NULL,
  `update_time` datetime DEFAULT NULL,
  `added_by_id` bigint(20) DEFAULT NULL,
  `upd_by_id` bigint(20) DEFAULT NULL,
  `role_id` bigint(20) NOT NULL,
  `group_id` bigint(20) DEFAULT NULL,
  `group_name` varchar(767) DEFAULT NULL,
  `priv_type` int(10) DEFAULT NULL,
  PRIMARY KEY (`id`),
  KEY `x_role_ref_group_FK_added_by_id` (`added_by_id`),
  KEY `x_role_ref_group_FK_upd_by_id` (`upd_by_id`),
  KEY `x_role_ref_group_FK_role_id` (`role_id`),
  KEY `x_role_ref_group_FK_group_id` (`group_id`),
  CONSTRAINT `x_role_ref_group_FK_added_by_id` FOREIGN KEY (`added_by_id`) REFERENCES `x_portal_user` (`id`),
  CONSTRAINT `x_role_ref_group_FK_group_id` FOREIGN KEY (`group_id`) REFERENCES `x_group` (`id`),
  CONSTRAINT `x_role_ref_group_FK_role_id` FOREIGN KEY (`role_id`) REFERENCES `x_role` (`id`),
  CONSTRAINT `x_role_ref_group_FK_upd_by_id` FOREIGN KEY (`upd_by_id`) REFERENCES `x_portal_user` (`id`)
) ENGINE=InnoDB AUTO_INCREMENT=12 DEFAULT CHARSET=utf8 ROW_FORMAT=DYNAMIC;
/*!40101 SET character_set_client = @saved_cs_client */;

--
-- Dumping data for table `x_role_ref_group`
--

LOCK TABLES `x_role_ref_group` WRITE;
/*!40000 ALTER TABLE `x_role_ref_group` DISABLE KEYS */;
INSERT INTO `x_role_ref_group` VALUES (2,'2022-05-16 14:14:59','2022-05-16 14:14:59',24,24,1,111,'deng',0),(3,'2022-05-16 14:14:59','2022-05-16 14:14:59',24,24,1,32,'admins',0),(4,'2022-05-16 14:14:59','2022-05-16 14:14:59',24,24,1,72,'gov',0),(5,'2022-05-16 14:15:19','2022-05-16 14:15:19',24,24,2,111,'deng',0),(6,'2022-05-16 14:15:41','2022-05-16 14:15:41',24,24,3,32,'admins',0),(7,'2022-05-16 14:16:04','2022-05-16 14:16:04',24,24,4,111,'deng',0),(8,'2022-05-16 14:16:42','2022-05-16 14:16:42',24,24,5,32,'admins',0),(9,'2022-05-16 14:17:13','2022-05-16 14:17:13',24,24,6,111,'deng',0),(10,'2022-05-16 14:17:36','2022-05-16 14:17:36',24,24,7,111,'deng',0),(11,'2022-05-16 14:17:51','2022-05-16 14:17:51',24,24,8,32,'admins',0);
/*!40000 ALTER TABLE `x_role_ref_group` ENABLE KEYS */;
UNLOCK TABLES;

--
-- Table structure for table `x_role_ref_role`
--

DROP TABLE IF EXISTS `x_role_ref_role`;
/*!40101 SET @saved_cs_client     = @@character_set_client */;
/*!40101 SET character_set_client = utf8 */;
CREATE TABLE `x_role_ref_role` (
  `id` bigint(20) NOT NULL AUTO_INCREMENT,
  `create_time` datetime DEFAULT NULL,
  `update_time` datetime DEFAULT NULL,
  `added_by_id` bigint(20) DEFAULT NULL,
  `upd_by_id` bigint(20) DEFAULT NULL,
  `role_ref_id` bigint(20) DEFAULT NULL,
  `role_id` bigint(20) NOT NULL,
  `role_name` varchar(255) DEFAULT NULL,
  `priv_type` int(10) DEFAULT NULL,
  PRIMARY KEY (`id`),
  KEY `x_role_ref_role_FK_added_by_id` (`added_by_id`),
  KEY `x_role_ref_role_FK_upd_by_id` (`upd_by_id`),
  KEY `x_role_ref_role_FK_role_ref_id` (`role_ref_id`),
  CONSTRAINT `x_role_ref_role_FK_added_by_id` FOREIGN KEY (`added_by_id`) REFERENCES `x_portal_user` (`id`),
  CONSTRAINT `x_role_ref_role_FK_role_ref_id` FOREIGN KEY (`role_ref_id`) REFERENCES `x_role` (`id`),
  CONSTRAINT `x_role_ref_role_FK_upd_by_id` FOREIGN KEY (`upd_by_id`) REFERENCES `x_portal_user` (`id`)
) ENGINE=InnoDB DEFAULT CHARSET=utf8 ROW_FORMAT=DYNAMIC;
/*!40101 SET character_set_client = @saved_cs_client */;

--
-- Dumping data for table `x_role_ref_role`
--

LOCK TABLES `x_role_ref_role` WRITE;
/*!40000 ALTER TABLE `x_role_ref_role` DISABLE KEYS */;
/*!40000 ALTER TABLE `x_role_ref_role` ENABLE KEYS */;
UNLOCK TABLES;

--
-- Table structure for table `x_role_ref_user`
--

DROP TABLE IF EXISTS `x_role_ref_user`;
/*!40101 SET @saved_cs_client     = @@character_set_client */;
/*!40101 SET character_set_client = utf8 */;
CREATE TABLE `x_role_ref_user` (
  `id` bigint(20) NOT NULL AUTO_INCREMENT,
  `create_time` datetime DEFAULT NULL,
  `update_time` datetime DEFAULT NULL,
  `added_by_id` bigint(20) DEFAULT NULL,
  `upd_by_id` bigint(20) DEFAULT NULL,
  `role_id` bigint(20) NOT NULL,
  `user_id` bigint(20) DEFAULT NULL,
  `user_name` varchar(767) DEFAULT NULL,
  `priv_type` int(10) DEFAULT NULL,
  PRIMARY KEY (`id`),
  KEY `x_role_ref_user_FK_added_by_id` (`added_by_id`),
  KEY `x_role_ref_user_FK_upd_by_id` (`upd_by_id`),
  KEY `x_role_ref_user_FK_role_id` (`role_id`),
  KEY `x_role_ref_user_FK_user_id` (`user_id`),
  CONSTRAINT `x_role_ref_user_FK_added_by_id` FOREIGN KEY (`added_by_id`) REFERENCES `x_portal_user` (`id`),
  CONSTRAINT `x_role_ref_user_FK_role_id` FOREIGN KEY (`role_id`) REFERENCES `x_role` (`id`),
  CONSTRAINT `x_role_ref_user_FK_upd_by_id` FOREIGN KEY (`upd_by_id`) REFERENCES `x_portal_user` (`id`),
  CONSTRAINT `x_role_ref_user_FK_user_id` FOREIGN KEY (`user_id`) REFERENCES `x_user` (`id`)
) ENGINE=InnoDB AUTO_INCREMENT=4 DEFAULT CHARSET=utf8 ROW_FORMAT=DYNAMIC;
/*!40101 SET character_set_client = @saved_cs_client */;

--
-- Dumping data for table `x_role_ref_user`
--

LOCK TABLES `x_role_ref_user` WRITE;
/*!40000 ALTER TABLE `x_role_ref_user` DISABLE KEYS */;
INSERT INTO `x_role_ref_user` VALUES (3,'2022-05-16 14:17:13','2022-05-16 14:17:13',24,24,6,61,'hue',0);
/*!40000 ALTER TABLE `x_role_ref_user` ENABLE KEYS */;
UNLOCK TABLES;

--
-- Table structure for table `x_security_zone`
--

DROP TABLE IF EXISTS `x_security_zone`;
/*!40101 SET @saved_cs_client     = @@character_set_client */;
/*!40101 SET character_set_client = utf8 */;
CREATE TABLE `x_security_zone` (
  `id` bigint(20) NOT NULL AUTO_INCREMENT,
  `create_time` datetime DEFAULT NULL,
  `update_time` datetime DEFAULT NULL,
  `added_by_id` bigint(20) DEFAULT NULL,
  `upd_by_id` bigint(20) DEFAULT NULL,
  `version` bigint(20) DEFAULT NULL,
  `name` varchar(255) NOT NULL,
  `jsonData` mediumtext DEFAULT NULL,
  `description` varchar(1024) DEFAULT NULL,
  PRIMARY KEY (`id`),
  UNIQUE KEY `x_security_zone_UK_name` (`name`(190)),
  KEY `x_security_zone_FK_added_by_id` (`added_by_id`),
  KEY `x_security_zone_FK_upd_by_id` (`upd_by_id`),
  CONSTRAINT `x_security_zone_FK_added_by_id` FOREIGN KEY (`added_by_id`) REFERENCES `x_portal_user` (`id`),
  CONSTRAINT `x_security_zone_FK_upd_by_id` FOREIGN KEY (`upd_by_id`) REFERENCES `x_portal_user` (`id`)
) ENGINE=InnoDB AUTO_INCREMENT=2 DEFAULT CHARSET=utf8 ROW_FORMAT=DYNAMIC;
/*!40101 SET character_set_client = @saved_cs_client */;

--
-- Dumping data for table `x_security_zone`
--

LOCK TABLES `x_security_zone` WRITE;
/*!40000 ALTER TABLE `x_security_zone` DISABLE KEYS */;
INSERT INTO `x_security_zone` VALUES (1,'2022-05-16 13:23:42','2022-05-16 13:23:42',1,1,1,' ','','Unzoned zone');
/*!40000 ALTER TABLE `x_security_zone` ENABLE KEYS */;
UNLOCK TABLES;

--
-- Table structure for table `x_security_zone_ref_group`
--

DROP TABLE IF EXISTS `x_security_zone_ref_group`;
/*!40101 SET @saved_cs_client     = @@character_set_client */;
/*!40101 SET character_set_client = utf8 */;
CREATE TABLE `x_security_zone_ref_group` (
  `id` bigint(20) NOT NULL AUTO_INCREMENT,
  `create_time` datetime DEFAULT NULL,
  `update_time` datetime DEFAULT NULL,
  `added_by_id` bigint(20) DEFAULT NULL,
  `upd_by_id` bigint(20) DEFAULT NULL,
  `zone_id` bigint(20) DEFAULT NULL,
  `group_id` bigint(20) DEFAULT NULL,
  `group_name` varchar(255) DEFAULT NULL,
  `group_type` tinyint(3) DEFAULT NULL,
  PRIMARY KEY (`id`),
  KEY `x_sz_ref_group_FK_added_by_id` (`added_by_id`),
  KEY `x_sz_ref_group_FK_upd_by_id` (`upd_by_id`),
  KEY `x_sz_ref_group_FK_zone_id` (`zone_id`),
  KEY `x_sz_ref_group_FK_group_id` (`group_id`),
  CONSTRAINT `x_sz_ref_group_FK_added_by_id` FOREIGN KEY (`added_by_id`) REFERENCES `x_portal_user` (`id`),
  CONSTRAINT `x_sz_ref_group_FK_group_id` FOREIGN KEY (`group_id`) REFERENCES `x_group` (`id`),
  CONSTRAINT `x_sz_ref_group_FK_upd_by_id` FOREIGN KEY (`upd_by_id`) REFERENCES `x_portal_user` (`id`),
  CONSTRAINT `x_sz_ref_group_FK_zone_id` FOREIGN KEY (`zone_id`) REFERENCES `x_security_zone` (`id`)
) ENGINE=InnoDB DEFAULT CHARSET=utf8 ROW_FORMAT=DYNAMIC;
/*!40101 SET character_set_client = @saved_cs_client */;

--
-- Dumping data for table `x_security_zone_ref_group`
--

LOCK TABLES `x_security_zone_ref_group` WRITE;
/*!40000 ALTER TABLE `x_security_zone_ref_group` DISABLE KEYS */;
/*!40000 ALTER TABLE `x_security_zone_ref_group` ENABLE KEYS */;
UNLOCK TABLES;

--
-- Table structure for table `x_security_zone_ref_resource`
--

DROP TABLE IF EXISTS `x_security_zone_ref_resource`;
/*!40101 SET @saved_cs_client     = @@character_set_client */;
/*!40101 SET character_set_client = utf8 */;
CREATE TABLE `x_security_zone_ref_resource` (
  `id` bigint(20) NOT NULL AUTO_INCREMENT,
  `create_time` datetime DEFAULT NULL,
  `update_time` datetime DEFAULT NULL,
  `added_by_id` bigint(20) DEFAULT NULL,
  `upd_by_id` bigint(20) DEFAULT NULL,
  `zone_id` bigint(20) NOT NULL,
  `resource_def_id` bigint(20) NOT NULL,
  `resource_name` varchar(255) DEFAULT NULL,
  PRIMARY KEY (`id`),
  KEY `x_sz_ref_resource_FK_added_by_id` (`added_by_id`),
  KEY `x_sz_ref_resource_FK_upd_by_id` (`upd_by_id`),
  KEY `x_sz_ref_resource_FK_zone_id` (`zone_id`),
  KEY `x_sz_ref_resource_FK_resource_def_id` (`resource_def_id`),
  CONSTRAINT `x_sz_ref_resource_FK_added_by_id` FOREIGN KEY (`added_by_id`) REFERENCES `x_portal_user` (`id`),
  CONSTRAINT `x_sz_ref_resource_FK_resource_def_id` FOREIGN KEY (`resource_def_id`) REFERENCES `x_resource_def` (`id`),
  CONSTRAINT `x_sz_ref_resource_FK_upd_by_id` FOREIGN KEY (`upd_by_id`) REFERENCES `x_portal_user` (`id`),
  CONSTRAINT `x_sz_ref_resource_FK_zone_id` FOREIGN KEY (`zone_id`) REFERENCES `x_security_zone` (`id`)
) ENGINE=InnoDB DEFAULT CHARSET=utf8 ROW_FORMAT=DYNAMIC;
/*!40101 SET character_set_client = @saved_cs_client */;

--
-- Dumping data for table `x_security_zone_ref_resource`
--

LOCK TABLES `x_security_zone_ref_resource` WRITE;
/*!40000 ALTER TABLE `x_security_zone_ref_resource` DISABLE KEYS */;
/*!40000 ALTER TABLE `x_security_zone_ref_resource` ENABLE KEYS */;
UNLOCK TABLES;

--
-- Table structure for table `x_security_zone_ref_service`
--

DROP TABLE IF EXISTS `x_security_zone_ref_service`;
/*!40101 SET @saved_cs_client     = @@character_set_client */;
/*!40101 SET character_set_client = utf8 */;
CREATE TABLE `x_security_zone_ref_service` (
  `id` bigint(20) NOT NULL AUTO_INCREMENT,
  `create_time` datetime DEFAULT NULL,
  `update_time` datetime DEFAULT NULL,
  `added_by_id` bigint(20) DEFAULT NULL,
  `upd_by_id` bigint(20) DEFAULT NULL,
  `zone_id` bigint(20) DEFAULT NULL,
  `service_id` bigint(20) DEFAULT NULL,
  `service_name` varchar(255) DEFAULT NULL,
  PRIMARY KEY (`id`),
  KEY `x_sz_ref_service_FK_added_by_id` (`added_by_id`),
  KEY `x_sz_ref_service_FK_upd_by_id` (`upd_by_id`),
  KEY `x_sz_ref_service_FK_zone_id` (`zone_id`),
  KEY `x_sz_ref_service_FK_service_id` (`service_id`),
  KEY `x_sz_ref_service_FK_service_name` (`service_name`),
  CONSTRAINT `x_sz_ref_service_FK_added_by_id` FOREIGN KEY (`added_by_id`) REFERENCES `x_portal_user` (`id`),
  CONSTRAINT `x_sz_ref_service_FK_service_id` FOREIGN KEY (`service_id`) REFERENCES `x_service` (`id`),
  CONSTRAINT `x_sz_ref_service_FK_service_name` FOREIGN KEY (`service_name`) REFERENCES `x_service` (`name`),
  CONSTRAINT `x_sz_ref_service_FK_upd_by_id` FOREIGN KEY (`upd_by_id`) REFERENCES `x_portal_user` (`id`),
  CONSTRAINT `x_sz_ref_service_FK_zone_id` FOREIGN KEY (`zone_id`) REFERENCES `x_security_zone` (`id`)
) ENGINE=InnoDB DEFAULT CHARSET=utf8 ROW_FORMAT=DYNAMIC;
/*!40101 SET character_set_client = @saved_cs_client */;

--
-- Dumping data for table `x_security_zone_ref_service`
--

LOCK TABLES `x_security_zone_ref_service` WRITE;
/*!40000 ALTER TABLE `x_security_zone_ref_service` DISABLE KEYS */;
/*!40000 ALTER TABLE `x_security_zone_ref_service` ENABLE KEYS */;
UNLOCK TABLES;

--
-- Table structure for table `x_security_zone_ref_tag_srvc`
--

DROP TABLE IF EXISTS `x_security_zone_ref_tag_srvc`;
/*!40101 SET @saved_cs_client     = @@character_set_client */;
/*!40101 SET character_set_client = utf8 */;
CREATE TABLE `x_security_zone_ref_tag_srvc` (
  `id` bigint(20) NOT NULL AUTO_INCREMENT,
  `create_time` datetime DEFAULT NULL,
  `update_time` datetime DEFAULT NULL,
  `added_by_id` bigint(20) DEFAULT NULL,
  `upd_by_id` bigint(20) DEFAULT NULL,
  `zone_id` bigint(20) DEFAULT NULL,
  `tag_srvc_id` bigint(20) DEFAULT NULL,
  `tag_srvc_name` varchar(255) DEFAULT NULL,
  PRIMARY KEY (`id`),
  KEY `x_sz_ref_tag_service_FK_added_by_id` (`added_by_id`),
  KEY `x_sz_ref_tag_service_FK_upd_by_id` (`upd_by_id`),
  KEY `x_sz_ref_tag_service_FK_zone_id` (`zone_id`),
  KEY `x_sz_ref_tag_service_FK_tag_srvc_id` (`tag_srvc_id`),
  KEY `x_sz_ref_tag_service_FK_tag_srvc_name` (`tag_srvc_name`),
  CONSTRAINT `x_sz_ref_tag_service_FK_added_by_id` FOREIGN KEY (`added_by_id`) REFERENCES `x_portal_user` (`id`),
  CONSTRAINT `x_sz_ref_tag_service_FK_tag_srvc_id` FOREIGN KEY (`tag_srvc_id`) REFERENCES `x_service` (`id`),
  CONSTRAINT `x_sz_ref_tag_service_FK_tag_srvc_name` FOREIGN KEY (`tag_srvc_name`) REFERENCES `x_service` (`name`),
  CONSTRAINT `x_sz_ref_tag_service_FK_upd_by_id` FOREIGN KEY (`upd_by_id`) REFERENCES `x_portal_user` (`id`),
  CONSTRAINT `x_sz_ref_tag_service_FK_zone_id` FOREIGN KEY (`zone_id`) REFERENCES `x_security_zone` (`id`)
) ENGINE=InnoDB DEFAULT CHARSET=utf8 ROW_FORMAT=DYNAMIC;
/*!40101 SET character_set_client = @saved_cs_client */;

--
-- Dumping data for table `x_security_zone_ref_tag_srvc`
--

LOCK TABLES `x_security_zone_ref_tag_srvc` WRITE;
/*!40000 ALTER TABLE `x_security_zone_ref_tag_srvc` DISABLE KEYS */;
/*!40000 ALTER TABLE `x_security_zone_ref_tag_srvc` ENABLE KEYS */;
UNLOCK TABLES;

--
-- Table structure for table `x_security_zone_ref_user`
--

DROP TABLE IF EXISTS `x_security_zone_ref_user`;
/*!40101 SET @saved_cs_client     = @@character_set_client */;
/*!40101 SET character_set_client = utf8 */;
CREATE TABLE `x_security_zone_ref_user` (
  `id` bigint(20) NOT NULL AUTO_INCREMENT,
  `create_time` datetime DEFAULT NULL,
  `update_time` datetime DEFAULT NULL,
  `added_by_id` bigint(20) DEFAULT NULL,
  `upd_by_id` bigint(20) DEFAULT NULL,
  `zone_id` bigint(20) DEFAULT NULL,
  `user_id` bigint(20) DEFAULT NULL,
  `user_name` varchar(255) DEFAULT NULL,
  `user_type` tinyint(3) DEFAULT NULL,
  PRIMARY KEY (`id`),
  KEY `x_sz_ref_user_FK_added_by_id` (`added_by_id`),
  KEY `x_sz_ref_user_FK_upd_by_id` (`upd_by_id`),
  KEY `x_sz_ref_user_FK_zone_id` (`zone_id`),
  KEY `x_sz_ref_user_FK_user_id` (`user_id`),
  KEY `x_sz_ref_user_FK_user_name` (`user_name`),
  CONSTRAINT `x_sz_ref_user_FK_added_by_id` FOREIGN KEY (`added_by_id`) REFERENCES `x_portal_user` (`id`),
  CONSTRAINT `x_sz_ref_user_FK_upd_by_id` FOREIGN KEY (`upd_by_id`) REFERENCES `x_portal_user` (`id`),
  CONSTRAINT `x_sz_ref_user_FK_user_id` FOREIGN KEY (`user_id`) REFERENCES `x_user` (`id`),
  CONSTRAINT `x_sz_ref_user_FK_user_name` FOREIGN KEY (`user_name`) REFERENCES `x_user` (`user_name`),
  CONSTRAINT `x_sz_ref_user_FK_zone_id` FOREIGN KEY (`zone_id`) REFERENCES `x_security_zone` (`id`)
) ENGINE=InnoDB DEFAULT CHARSET=utf8 ROW_FORMAT=DYNAMIC;
/*!40101 SET character_set_client = @saved_cs_client */;

--
-- Dumping data for table `x_security_zone_ref_user`
--

LOCK TABLES `x_security_zone_ref_user` WRITE;
/*!40000 ALTER TABLE `x_security_zone_ref_user` DISABLE KEYS */;
/*!40000 ALTER TABLE `x_security_zone_ref_user` ENABLE KEYS */;
UNLOCK TABLES;

--
-- Table structure for table `x_service`
--

DROP TABLE IF EXISTS `x_service`;
/*!40101 SET @saved_cs_client     = @@character_set_client */;
/*!40101 SET character_set_client = utf8 */;
CREATE TABLE `x_service` (
  `id` bigint(20) NOT NULL AUTO_INCREMENT,
  `guid` varchar(1024) DEFAULT NULL,
  `create_time` datetime DEFAULT NULL,
  `update_time` datetime DEFAULT NULL,
  `added_by_id` bigint(20) DEFAULT NULL,
  `upd_by_id` bigint(20) DEFAULT NULL,
  `version` bigint(20) DEFAULT NULL,
  `type` bigint(20) DEFAULT NULL,
  `name` varchar(255) DEFAULT NULL,
  `display_name` varchar(255) DEFAULT NULL,
  `policy_version` bigint(20) DEFAULT NULL,
  `policy_update_time` datetime DEFAULT NULL,
  `description` varchar(1024) DEFAULT NULL,
  `is_enabled` tinyint(1) NOT NULL DEFAULT 0,
  `tag_service` bigint(20) DEFAULT NULL,
  `tag_version` bigint(20) NOT NULL DEFAULT 0,
  `tag_update_time` datetime DEFAULT NULL,
  PRIMARY KEY (`id`),
  UNIQUE KEY `X_service_name` (`name`),
  KEY `x_service_added_by_id` (`added_by_id`),
  KEY `x_service_upd_by_id` (`upd_by_id`),
  KEY `x_service_cr_time` (`create_time`),
  KEY `x_service_up_time` (`update_time`),
  KEY `x_service_type` (`type`),
  KEY `x_service_FK_tag_service` (`tag_service`),
  CONSTRAINT `x_service_FK_added_by_id` FOREIGN KEY (`added_by_id`) REFERENCES `x_portal_user` (`id`),
  CONSTRAINT `x_service_FK_tag_service` FOREIGN KEY (`tag_service`) REFERENCES `x_service` (`id`),
  CONSTRAINT `x_service_FK_type` FOREIGN KEY (`type`) REFERENCES `x_service_def` (`id`),
  CONSTRAINT `x_service_FK_upd_by_id` FOREIGN KEY (`upd_by_id`) REFERENCES `x_portal_user` (`id`)
) ENGINE=InnoDB AUTO_INCREMENT=12 DEFAULT CHARSET=utf8 ROW_FORMAT=DYNAMIC;
/*!40101 SET character_set_client = @saved_cs_client */;

--
-- Dumping data for table `x_service`
--

LOCK TABLES `x_service` WRITE;
/*!40000 ALTER TABLE `x_service` DISABLE KEYS */;
INSERT INTO `x_service` VALUES (1,'13db2100-1d22-4bff-b96b-a123b2f2c68f','2022-05-16 13:25:00','2022-05-16 13:25:01',1,1,2,1,'cm_hdfs','cm_hdfs',NULL,NULL,'Hdfs repo',1,2,1,NULL),(2,'c38f8fdc-c446-4dac-b1cc-5cfdd97df606','2022-05-16 13:25:00','2022-05-16 13:25:00',1,1,1,100,'cm_tag','cm_tag',NULL,NULL,NULL,1,NULL,1,NULL),(3,'b6eee8fe-ec67-4928-aa48-6c0ff3e1e37b','2022-05-16 13:25:03','2022-05-16 13:25:03',1,1,1,2,'cm_hbase','cm_hbase',NULL,NULL,'Hbase repo',1,2,1,NULL),(4,'e17d77c6-9d4a-44e4-b2b8-0797e33157f5','2022-05-16 13:25:06','2022-05-16 13:25:06',1,1,1,4,'cm_yarn','cm_yarn',NULL,NULL,'Yarn repo',1,2,1,NULL),(5,'419821b2-706c-4e88-aa3d-4672826de7c6','2022-05-16 13:25:09','2022-05-16 13:25:09',1,1,1,3,'cm_hive','Hadoop SQL',NULL,NULL,'Hive repo',1,2,1,NULL),(6,'643be170-9bb7-4e4f-8c94-6b008674058b','2022-05-16 13:25:12','2022-05-16 13:25:12',1,1,1,5,'cm_knox','cm_knox',NULL,NULL,'Knox repo',1,2,1,NULL),(7,'43871894-4d8f-42c5-8a79-e3d58a9b4f3d','2022-05-16 13:25:16','2022-05-16 13:25:16',1,1,1,201,'cm_ozone','cm_ozone',NULL,NULL,'Ozone repo',1,2,1,NULL),(8,'a3749870-b909-4340-861d-e378685bfda6','2022-05-16 13:25:18','2022-05-16 13:25:18',1,1,1,9,'cm_kafka','cm_kafka',NULL,NULL,'Kafka repo',1,2,1,NULL),(9,'3282fa85-145d-47bd-a127-0fea210b79ae','2022-05-16 13:25:22','2022-05-16 13:25:22',1,1,1,15,'cm_atlas','cm_atlas',NULL,NULL,'Atlas repo',1,2,1,NULL),(10,'e9cc805b-f7c0-4e5a-9d7c-fd780771266a','2022-05-16 13:25:25','2022-05-16 13:25:25',1,1,1,8,'cm_solr','cm_solr',NULL,NULL,'Solr repo',1,2,1,NULL),(11,'695be175-69d7-4cee-8aa5-f6983d72f53d','2022-05-16 13:25:28','2022-05-17 12:34:36',1,NULL,2,7,'cm_kms','cm_kms',NULL,NULL,'KMS repo',1,NULL,1,NULL);
/*!40000 ALTER TABLE `x_service` ENABLE KEYS */;
UNLOCK TABLES;

--
-- Table structure for table `x_service_config_def`
--

DROP TABLE IF EXISTS `x_service_config_def`;
/*!40101 SET @saved_cs_client     = @@character_set_client */;
/*!40101 SET character_set_client = utf8 */;
CREATE TABLE `x_service_config_def` (
  `id` bigint(20) NOT NULL AUTO_INCREMENT,
  `guid` varchar(1024) DEFAULT NULL,
  `create_time` datetime DEFAULT NULL,
  `update_time` datetime DEFAULT NULL,
  `added_by_id` bigint(20) DEFAULT NULL,
  `upd_by_id` bigint(20) DEFAULT NULL,
  `def_id` bigint(20) NOT NULL,
  `item_id` bigint(20) NOT NULL,
  `name` varchar(1024) DEFAULT NULL,
  `type` varchar(1024) DEFAULT NULL,
  `sub_type` varchar(1024) DEFAULT NULL,
  `is_mandatory` tinyint(1) NOT NULL DEFAULT 0,
  `default_value` varchar(1024) DEFAULT NULL,
  `validation_reg_ex` varchar(1024) DEFAULT NULL,
  `validation_message` varchar(1024) DEFAULT NULL,
  `ui_hint` varchar(1024) DEFAULT NULL,
  `label` varchar(1024) DEFAULT NULL,
  `description` varchar(1024) DEFAULT NULL,
  `rb_key_label` varchar(1024) DEFAULT NULL,
  `rb_key_description` varchar(1024) DEFAULT NULL,
  `rb_key_validation_message` varchar(1024) DEFAULT NULL,
  `sort_order` int(11) DEFAULT 0,
  PRIMARY KEY (`id`),
  KEY `x_service_config_def_FK_added_by_id` (`added_by_id`),
  KEY `x_service_config_def_FK_upd_by_id` (`upd_by_id`),
  KEY `x_service_config_def_IDX_def_id` (`def_id`),
  CONSTRAINT `x_service_config_def_FK_added_by_id` FOREIGN KEY (`added_by_id`) REFERENCES `x_portal_user` (`id`),
  CONSTRAINT `x_service_config_def_FK_defid` FOREIGN KEY (`def_id`) REFERENCES `x_service_def` (`id`),
  CONSTRAINT `x_service_config_def_FK_upd_by_id` FOREIGN KEY (`upd_by_id`) REFERENCES `x_portal_user` (`id`)
) ENGINE=InnoDB AUTO_INCREMENT=99 DEFAULT CHARSET=utf8 ROW_FORMAT=DYNAMIC;
/*!40101 SET character_set_client = @saved_cs_client */;

--
-- Dumping data for table `x_service_config_def`
--

LOCK TABLES `x_service_config_def` WRITE;
/*!40000 ALTER TABLE `x_service_config_def` DISABLE KEYS */;
INSERT INTO `x_service_config_def` VALUES (1,NULL,'2022-05-16 13:23:59','2022-05-16 13:23:59',NULL,NULL,1,1,'username','string','',1,NULL,'','','','Username',NULL,NULL,NULL,NULL,0),(2,NULL,'2022-05-16 13:23:59','2022-05-16 13:23:59',NULL,NULL,1,2,'password','password','',1,NULL,'','','','Password',NULL,NULL,NULL,NULL,1),(3,NULL,'2022-05-16 13:23:59','2022-05-16 13:23:59',NULL,NULL,1,3,'fs.default.name','string','',1,NULL,'','','{\"TextFieldWithIcon\":true, \"info\": \"1.For one Namenode Url, eg.<br>hdfs://&lt;host&gt;:&lt;port&gt;<br>2.For HA Namenode Urls(use , delimiter), eg.<br>hdfs://&lt;host&gt;:&lt;port&gt;,hdfs://&lt;host2&gt;:&lt;port2&gt;<br>\"}','Namenode URL',NULL,NULL,NULL,NULL,2),(4,NULL,'2022-05-16 13:23:59','2022-05-16 13:23:59',NULL,NULL,1,4,'hadoop.security.authorization','bool','YesTrue:NoFalse',1,'false','','','','Authorization Enabled',NULL,NULL,NULL,NULL,3),(5,NULL,'2022-05-16 13:23:59','2022-05-16 13:23:59',NULL,NULL,1,5,'hadoop.security.authentication','enum','authnType',1,'simple','','','','Authentication Type',NULL,NULL,NULL,NULL,4),(6,NULL,'2022-05-16 13:23:59','2022-05-16 13:23:59',NULL,NULL,1,6,'hadoop.security.auth_to_local','string','',0,NULL,'','','',NULL,NULL,NULL,NULL,NULL,5),(7,NULL,'2022-05-16 13:23:59','2022-05-16 13:23:59',NULL,NULL,1,7,'dfs.datanode.kerberos.principal','string','',0,NULL,'','','',NULL,NULL,NULL,NULL,NULL,6),(8,NULL,'2022-05-16 13:23:59','2022-05-16 13:23:59',NULL,NULL,1,8,'dfs.namenode.kerberos.principal','string','',0,NULL,'','','',NULL,NULL,NULL,NULL,NULL,7),(9,NULL,'2022-05-16 13:23:59','2022-05-16 13:23:59',NULL,NULL,1,9,'dfs.secondary.namenode.kerberos.principal','string','',0,NULL,'','','',NULL,NULL,NULL,NULL,NULL,8),(10,NULL,'2022-05-16 13:23:59','2022-05-16 13:23:59',NULL,NULL,1,10,'hadoop.rpc.protection','enum','rpcProtection',0,'authentication','','','','RPC Protection Type',NULL,NULL,NULL,NULL,9),(11,NULL,'2022-05-16 13:23:59','2022-05-16 13:23:59',NULL,NULL,1,11,'commonNameForCertificate','string','',0,NULL,'','','','Common Name for Certificate',NULL,NULL,NULL,NULL,10),(12,NULL,'2022-05-16 13:23:59','2022-05-16 13:23:59',NULL,NULL,1,12,'ranger.plugin.audit.filters','string','',0,'[{\'accessResult\': \'DENIED\', \'isAudited\': true}, {\'actions\':[\'delete\',\'rename\'],\'isAudited\':true}, {\'users\':[\'hdfs\'], \'actions\': [\'listStatus\', \'getfileinfo\', \'listCachePools\', \'listCacheDirectives\', \'listCorruptFileBlocks\', \'monitorHealth\', \'rollEditLog\', \'open\'], \'isAudited\': false}, {\'users\': [\'oozie\'],\'resources\': {\'path\': {\'values\': [\'/user/oozie/share/lib\'],\'isRecursive\': true}},\'isAudited\': false},{\'users\': [\'spark\'],\'resources\': {\'path\': {\'values\': [\'/user/spark/applicationHistory\'],\'isRecursive\': true}},\'isAudited\': false},{\'users\': [\'hue\'],\'resources\': {\'path\': {\'values\': [\'/user/hue\'],\'isRecursive\': true}},\'isAudited\': false},{\'users\': [\'hbase\'],\'resources\': {\'path\': {\'values\': [\'/hbase\'],\'isRecursive\': true}},\'isAudited\': false},{\'users\': [\'mapred\'],\'resources\': {\'path\': {\'values\': [\'/user/history\'],\'isRecursive\': true}},\'isAudited\': false}, {\'actions\': [\'getfileinfo\'], \'isAudited\':false} ]','','','','Ranger Default Audit Filters',NULL,NULL,NULL,NULL,11),(13,NULL,'2022-05-16 13:24:00','2022-05-16 13:24:00',NULL,NULL,2,1,'username','string','',1,NULL,'','','','Username',NULL,NULL,NULL,NULL,0),(14,NULL,'2022-05-16 13:24:00','2022-05-16 13:24:00',NULL,NULL,2,2,'password','password','',1,NULL,'','','','Password',NULL,NULL,NULL,NULL,1),(15,NULL,'2022-05-16 13:24:00','2022-05-16 13:24:00',NULL,NULL,2,3,'hadoop.security.authentication','enum','authnType',1,'simple','','','',NULL,NULL,NULL,NULL,NULL,2),(16,NULL,'2022-05-16 13:24:00','2022-05-16 13:24:00',NULL,NULL,2,4,'hbase.master.kerberos.principal','string','',0,'',NULL,NULL,NULL,NULL,NULL,NULL,NULL,NULL,3),(17,NULL,'2022-05-16 13:24:00','2022-05-16 13:24:00',NULL,NULL,2,5,'hbase.security.authentication','enum','authnType',1,'simple','','','',NULL,NULL,NULL,NULL,NULL,4),(18,NULL,'2022-05-16 13:24:00','2022-05-16 13:24:00',NULL,NULL,2,6,'hbase.zookeeper.property.clientPort','int','',1,'2181','','','',NULL,NULL,NULL,NULL,NULL,5),(19,NULL,'2022-05-16 13:24:00','2022-05-16 13:24:00',NULL,NULL,2,7,'hbase.zookeeper.quorum','string','',1,'','','',NULL,NULL,NULL,NULL,NULL,NULL,6),(20,NULL,'2022-05-16 13:24:00','2022-05-16 13:24:00',NULL,NULL,2,8,'zookeeper.znode.parent','string','',1,'/hbase','','','',NULL,NULL,NULL,NULL,NULL,7),(21,NULL,'2022-05-16 13:24:00','2022-05-16 13:24:00',NULL,NULL,2,9,'commonNameForCertificate','string','',0,NULL,'','','','Common Name for Certificate',NULL,NULL,NULL,NULL,8),(22,NULL,'2022-05-16 13:24:00','2022-05-16 13:24:00',NULL,NULL,2,10,'ranger.plugin.audit.filters','string','',0,'[{\'accessResult\': \'DENIED\', \'isAudited\': true},{\'resources\':{\'table\':{\'values\':[\'*-ROOT-*\',\'*.META.*\', \'*_acl_*\', \'hbase:meta\', \'hbase:acl\', \'default\', \'hbase\']}}, \'users\':[\'hbase\'], \'isAudited\': false }, {\'resources\':{\'table\':{\'values\':[\'atlas_janus\',\'ATLAS_ENTITY_AUDIT_EVENTS\']},\'column-family\':{\'values\':[\'*\']},\'column\':{\'values\':[\'*\']}},\'users\':[\'atlas\', \'hbase\'],\'isAudited\':false},{\'users\':[\'hbase\'], \'actions\':[\'balance\'],\'isAudited\':false}]','','','','Ranger Default Audit Filters',NULL,NULL,NULL,NULL,9),(23,NULL,'2022-05-16 13:24:00','2022-05-16 13:24:00',NULL,NULL,3,1,'username','string',NULL,1,NULL,'','','','Username',NULL,NULL,NULL,NULL,0),(24,NULL,'2022-05-16 13:24:00','2022-05-16 13:24:00',NULL,NULL,3,2,'password','password',NULL,1,NULL,'','','','Password',NULL,NULL,NULL,NULL,1),(25,NULL,'2022-05-16 13:24:00','2022-05-16 13:24:00',NULL,NULL,3,3,'jdbc.driverClassName','string',NULL,1,'org.apache.hive.jdbc.HiveDriver','','','',NULL,NULL,NULL,NULL,NULL,2),(26,NULL,'2022-05-16 13:24:00','2022-05-16 13:24:00',NULL,NULL,3,4,'jdbc.url','string',NULL,1,'','','','{\"TextFieldWithIcon\":true, \"info\": \"1.For Remote Mode, eg.<br>jdbc:hive2://&lt;host&gt;:&lt;port&gt;<br>2.For Embedded Mode (no host or port), eg.<br>jdbc:hive2:///;initFile=&lt;file&gt;<br>3.For HTTP Mode, eg.<br>jdbc:hive2://&lt;host&gt;:&lt;port&gt;/;<br>transportMode=http;httpPath=&lt;httpPath&gt;<br>4.For SSL Mode, eg.<br>jdbc:hive2://&lt;host&gt;:&lt;port&gt;/;ssl=true;<br>sslTrustStore=tStore;trustStorePassword=pw<br>5.For ZooKeeper Mode, eg.<br>jdbc:hive2://&lt;host&gt;/;serviceDiscoveryMode=<br>zooKeeper;zooKeeperNamespace=hiveserver2<br>6.For Kerberos Mode, eg.<br>jdbc:hive2://&lt;host&gt;:&lt;port&gt;/;<br>principal=hive/domain@EXAMPLE.COM<br>\"}',NULL,NULL,NULL,NULL,NULL,3),(27,NULL,'2022-05-16 13:24:00','2022-05-16 13:24:00',NULL,NULL,3,5,'commonNameForCertificate','string',NULL,0,NULL,'','','','Common Name for Certificate',NULL,NULL,NULL,NULL,4),(28,NULL,'2022-05-16 13:24:00','2022-05-16 13:24:00',NULL,NULL,3,6,'ranger.plugin.audit.filters','string','',0,'[ {\'accessResult\': \'DENIED\', \'isAudited\': true}, {\'actions\':[\'METADATA OPERATION\'], \'isAudited\': false}]','','','','Ranger Default Audit Filters',NULL,NULL,NULL,NULL,5),(29,NULL,'2022-05-16 13:24:00','2022-05-16 13:24:00',NULL,NULL,7,1,'provider','string',NULL,1,NULL,NULL,NULL,NULL,'KMS URL',NULL,NULL,NULL,NULL,0),(30,NULL,'2022-05-16 13:24:00','2022-05-16 13:24:00',NULL,NULL,7,2,'username','string',NULL,1,NULL,NULL,NULL,NULL,'Username',NULL,NULL,NULL,NULL,1),(31,NULL,'2022-05-16 13:24:00','2022-05-16 13:24:00',NULL,NULL,7,3,'password','password',NULL,1,NULL,NULL,NULL,NULL,'Password',NULL,NULL,NULL,NULL,2),(32,NULL,'2022-05-16 13:24:00','2022-05-16 13:24:00',NULL,NULL,7,4,'ranger.plugin.audit.filters','string',NULL,0,'[ {\'accessResult\': \'DENIED\', \'isAudited\': true}, {\'users\':[\'keyadmin\'] ,\'isAudited\':false} ]','','','','Ranger Default Audit Filters',NULL,NULL,NULL,NULL,3),(33,NULL,'2022-05-16 13:24:00','2022-05-16 13:24:00',NULL,NULL,5,1,'username','string',NULL,1,NULL,'','','','Username',NULL,NULL,NULL,NULL,0),(34,NULL,'2022-05-16 13:24:00','2022-05-16 13:24:00',NULL,NULL,5,2,'password','password',NULL,1,NULL,'','','','Password',NULL,NULL,NULL,NULL,1),(35,NULL,'2022-05-16 13:24:00','2022-05-16 13:24:00',NULL,NULL,5,3,'knox.url','string',NULL,1,'','','','',NULL,NULL,NULL,NULL,NULL,2),(36,NULL,'2022-05-16 13:24:00','2022-05-16 13:24:00',NULL,NULL,5,4,'commonNameForCertificate','string',NULL,0,NULL,'','','','Common Name for Certificate',NULL,NULL,NULL,NULL,3),(37,NULL,'2022-05-16 13:24:00','2022-05-16 13:24:00',NULL,NULL,5,5,'ranger.plugin.audit.filters','string','',0,'[ {\'accessResult\': \'DENIED\', \'isAudited\': true}, {\'users\':[\'knox\'] ,\'isAudited\':false} ]','','','','Ranger Default Audit Filters',NULL,NULL,NULL,NULL,4),(38,NULL,'2022-05-16 13:24:00','2022-05-16 13:24:00',NULL,NULL,4,1,'username','string',NULL,1,NULL,'','','','Username',NULL,NULL,NULL,NULL,0),(39,NULL,'2022-05-16 13:24:00','2022-05-16 13:24:00',NULL,NULL,4,2,'password','password',NULL,1,NULL,'','','','Password',NULL,NULL,NULL,NULL,1),(40,NULL,'2022-05-16 13:24:00','2022-05-16 13:24:00',NULL,NULL,4,3,'yarn.url','string',NULL,1,'','','','{\"TextFieldWithIcon\":true, \"info\": \"1.For one url, eg.<br>\'http or https://&lt;ipaddr&gt;:8088\'<br>2.For multiple urls (use , or ; delimiter), eg.<br>\'http://&lt;ipaddr1&gt;:8088,http://&lt;ipaddr2&gt;:8088\'\"}','YARN REST URL',NULL,NULL,NULL,NULL,2),(41,NULL,'2022-05-16 13:24:00','2022-05-16 13:24:00',NULL,NULL,4,4,'hadoop.security.authentication','enum','authnType',0,'simple','','','','Authentication Type',NULL,NULL,NULL,NULL,3),(42,NULL,'2022-05-16 13:24:00','2022-05-16 13:24:00',NULL,NULL,4,5,'commonNameForCertificate','string',NULL,0,NULL,'','','','Common Name for Certificate',NULL,NULL,NULL,NULL,4),(43,NULL,'2022-05-16 13:24:00','2022-05-16 13:24:00',NULL,NULL,4,6,'ranger.plugin.audit.filters','string','',0,'[]','','','','Ranger Default Audit Filters',NULL,NULL,NULL,NULL,5),(44,NULL,'2022-05-16 13:24:00','2022-05-16 13:24:00',NULL,NULL,9,1,'username','string',NULL,1,NULL,NULL,NULL,NULL,'Username',NULL,NULL,NULL,NULL,0),(45,NULL,'2022-05-16 13:24:00','2022-05-16 13:24:00',NULL,NULL,9,2,'password','password',NULL,1,NULL,NULL,NULL,NULL,'Password',NULL,NULL,NULL,NULL,1),(46,NULL,'2022-05-16 13:24:00','2022-05-16 13:24:00',NULL,NULL,9,3,'zookeeper.connect','string',NULL,1,'localhost:2181',NULL,NULL,NULL,'Zookeeper Connect String',NULL,NULL,NULL,NULL,2),(47,NULL,'2022-05-16 13:24:00','2022-05-16 13:24:00',NULL,NULL,9,4,'commonNameForCertificate','string',NULL,0,NULL,NULL,NULL,NULL,'Ranger Plugin SSL CName',NULL,NULL,NULL,NULL,3),(48,NULL,'2022-05-16 13:24:00','2022-05-16 13:24:00',NULL,NULL,9,5,'ranger.plugin.audit.filters','string','',0,'[{\'accessResult\': \'DENIED\', \'isAudited\': true},{\'resources\':{\'topic\':{\'values\':[\'ATLAS_ENTITIES\',\'ATLAS_HOOK\',\'ATLAS_SPARK_HOOK\']}},\'users\':[\'atlas\'],\'actions\':[\'describe\',\'publish\',\'consume\'],\'isAudited\':false},{\'resources\':{\'topic\':{\'values\':[\'ATLAS_HOOK\']}},\'users\':[\'hive\',\'hbase\',\'impala\',\'nifi\'],\'actions\':[\'publish\',\'describe\'],\'isAudited\':false},{\'resources\':{\'topic\':{\'values\':[\'ATLAS_ENTITIES\']}},\'users\':[\'rangertagsync\'],\'actions\':[\'consume\',\'describe\'],\'isAudited\':false},{\'resources\':{\'consumergroup\':{\'values\':[\'*\']}},\'users\':[\'atlas\',\'rangertagsync\'],\'actions\':[\'consume\'],\'isAudited\':false},{\'users\':[\'kafka\'],\'isAudited\':false}]','','','','Ranger Default Audit Filters',NULL,NULL,NULL,NULL,4),(49,NULL,'2022-05-16 13:24:01','2022-05-16 13:24:01',NULL,NULL,8,100,'username','string',NULL,1,NULL,'','','','Username',NULL,NULL,NULL,NULL,0),(50,NULL,'2022-05-16 13:24:01','2022-05-16 13:24:01',NULL,NULL,8,200,'password','password',NULL,1,NULL,'','','','Password',NULL,NULL,NULL,NULL,1),(51,NULL,'2022-05-16 13:24:01','2022-05-16 13:24:01',NULL,NULL,8,400,'solr.url','string',NULL,1,'','','','','Solr URL',NULL,NULL,NULL,NULL,2),(52,NULL,'2022-05-16 13:24:01','2022-05-16 13:24:01',NULL,NULL,8,500,'commonNameForCertificate','string',NULL,0,NULL,'','','','Ranger Plugin SSL CName',NULL,NULL,NULL,NULL,3),(53,NULL,'2022-05-16 13:24:01','2022-05-16 13:24:01',NULL,NULL,8,600,'ranger.plugin.audit.filters','string','',0,'[ {\'accessResult\': \'DENIED\', \'isAudited\': true}, {\'users\':[\'hive\',\'hdfs\',\'kafka\',\'hbase\',\'solr\',\'rangerraz\',\'knox\',\'atlas\'] ,\'isAudited\':false} ]','','','','Ranger Default Audit Filters',NULL,NULL,NULL,NULL,4),(54,NULL,'2022-05-16 13:24:01','2022-05-16 13:24:01',NULL,NULL,202,1,'schema.registry.url','string',NULL,1,'','','','','Schema Registry URL',NULL,NULL,NULL,NULL,0),(55,NULL,'2022-05-16 13:24:01','2022-05-16 13:24:01',NULL,NULL,202,2,'schema-registry.authentication','enum','authType',1,'KERBEROS','','','','Authentication Type',NULL,NULL,NULL,NULL,1),(56,NULL,'2022-05-16 13:24:01','2022-05-16 13:24:01',NULL,NULL,202,3,'commonNameForCertificate','string',NULL,0,NULL,'','','','Ranger Plugin SSL CName',NULL,NULL,NULL,NULL,2),(57,NULL,'2022-05-16 13:24:01','2022-05-16 13:24:01',NULL,NULL,202,4,'ranger.plugin.audit.filters','string','',0,'[]','','','','Ranger Default Audit Filters',NULL,NULL,NULL,NULL,3),(58,NULL,'2022-05-16 13:24:01','2022-05-16 13:24:01',NULL,NULL,10,400,'nifi.url','string',NULL,1,'http://localhost:8080/nifi-api/resources','','','{\"TextFieldWithIcon\":true, \"info\": \"The URL of the NiFi REST API that provides the available resources.\"}','NiFi URL',NULL,NULL,NULL,NULL,0),(59,NULL,'2022-05-16 13:24:01','2022-05-16 13:24:01',NULL,NULL,10,410,'nifi.authentication','enum','authType',1,'NONE','','','','Authentication Type',NULL,NULL,NULL,NULL,1),(60,NULL,'2022-05-16 13:24:01','2022-05-16 13:24:01',NULL,NULL,10,411,'nifi.ssl.use.default.context','bool','YesTrue:NoFalse',1,'false','','','{\"TextFieldWithIcon\":true, \"info\": \"If true, then Ranger\'s keystore and truststore will be used to communicate with NiFi. If false, the keystore and truststore properties must be provided.\"}','Use Ranger\'s Default SSL Context',NULL,NULL,NULL,NULL,2),(61,NULL,'2022-05-16 13:24:01','2022-05-16 13:24:01',NULL,NULL,10,500,'nifi.ssl.keystore','string',NULL,0,'','','','','Keystore',NULL,NULL,NULL,NULL,3),(62,NULL,'2022-05-16 13:24:01','2022-05-16 13:24:01',NULL,NULL,10,510,'nifi.ssl.keystoreType','string',NULL,0,'','','','','Keystore Type',NULL,NULL,NULL,NULL,4),(63,NULL,'2022-05-16 13:24:01','2022-05-16 13:24:01',NULL,NULL,10,520,'nifi.ssl.keystorePassword','password',NULL,0,'','','','','Keystore Password',NULL,NULL,NULL,NULL,5),(64,NULL,'2022-05-16 13:24:01','2022-05-16 13:24:01',NULL,NULL,10,530,'nifi.ssl.truststore','string',NULL,0,'','','','','Truststore',NULL,NULL,NULL,NULL,6),(65,NULL,'2022-05-16 13:24:01','2022-05-16 13:24:01',NULL,NULL,10,540,'nifi.ssl.truststoreType','string',NULL,0,'','','','','Truststore Type',NULL,NULL,NULL,NULL,7),(66,NULL,'2022-05-16 13:24:01','2022-05-16 13:24:01',NULL,NULL,10,550,'nifi.ssl.truststorePassword','password',NULL,0,'','','','','Truststore Password',NULL,NULL,NULL,NULL,8),(67,NULL,'2022-05-16 13:24:01','2022-05-16 13:24:01',NULL,NULL,10,560,'ranger.plugin.audit.filters','string','',0,'[]','','','','Ranger Default Audit Filters',NULL,NULL,NULL,NULL,9),(68,NULL,'2022-05-16 13:24:01','2022-05-16 13:24:01',NULL,NULL,13,400,'nifi.registry.url','string',NULL,1,'http://localhost:18080/nifi-registry-api/policies/resources','','','{\"TextFieldWithIcon\":true, \"info\": \"The URL of the NiFi Registry REST API that provides the available resources.\"}','NiFi Registry URL',NULL,NULL,NULL,NULL,0),(69,NULL,'2022-05-16 13:24:01','2022-05-16 13:24:01',NULL,NULL,13,410,'nifi.registry.authentication','enum','authType',1,'NONE','','','','Authentication Type',NULL,NULL,NULL,NULL,1),(70,NULL,'2022-05-16 13:24:01','2022-05-16 13:24:01',NULL,NULL,13,411,'nifi.registry.ssl.use.default.context','bool','YesTrue:NoFalse',1,'false','','','{\"TextFieldWithIcon\":true, \"info\": \"If true, then Ranger\'s keystore and truststore will be used to communicate with NiFi Registry. If false, the keystore and truststore properties must be provided.\"}','Use Ranger\'s Default SSL Context',NULL,NULL,NULL,NULL,2),(71,NULL,'2022-05-16 13:24:01','2022-05-16 13:24:01',NULL,NULL,13,500,'nifi.registry.ssl.keystore','string',NULL,0,'','','','','Keystore',NULL,NULL,NULL,NULL,3),(72,NULL,'2022-05-16 13:24:01','2022-05-16 13:24:01',NULL,NULL,13,510,'nifi.registry.ssl.keystoreType','string',NULL,0,'','','','','Keystore Type',NULL,NULL,NULL,NULL,4),(73,NULL,'2022-05-16 13:24:01','2022-05-16 13:24:01',NULL,NULL,13,520,'nifi.registry.ssl.keystorePassword','password',NULL,0,'','','','','Keystore Password',NULL,NULL,NULL,NULL,5),(74,NULL,'2022-05-16 13:24:01','2022-05-16 13:24:01',NULL,NULL,13,530,'nifi.registry.ssl.truststore','string',NULL,0,'','','','','Truststore',NULL,NULL,NULL,NULL,6),(75,NULL,'2022-05-16 13:24:01','2022-05-16 13:24:01',NULL,NULL,13,540,'nifi.registry.ssl.truststoreType','string',NULL,0,'','','','','Truststore Type',NULL,NULL,NULL,NULL,7),(76,NULL,'2022-05-16 13:24:01','2022-05-16 13:24:01',NULL,NULL,13,550,'nifi.registry.ssl.truststorePassword','password',NULL,0,'','','','','Truststore Password',NULL,NULL,NULL,NULL,8),(77,NULL,'2022-05-16 13:24:01','2022-05-16 13:24:01',NULL,NULL,13,560,'ranger.plugin.audit.filters','string','',0,'[]','','','','Ranger Default Audit Filters',NULL,NULL,NULL,NULL,9),(78,NULL,'2022-05-16 13:24:01','2022-05-16 13:24:01',NULL,NULL,15,1,'username','string',NULL,1,NULL,NULL,NULL,NULL,'Username',NULL,NULL,NULL,NULL,0),(79,NULL,'2022-05-16 13:24:01','2022-05-16 13:24:01',NULL,NULL,15,2,'password','password',NULL,1,NULL,NULL,NULL,NULL,'Password',NULL,NULL,NULL,NULL,1),(80,NULL,'2022-05-16 13:24:01','2022-05-16 13:24:01',NULL,NULL,15,3,'atlas.rest.address','string',NULL,1,'http://localhost:21000',NULL,NULL,NULL,NULL,NULL,NULL,NULL,NULL,2),(81,NULL,'2022-05-16 13:24:01','2022-05-16 13:24:01',NULL,NULL,15,4,'commonNameForCertificate','string',NULL,0,NULL,NULL,NULL,NULL,'Common Name for Certificate',NULL,NULL,NULL,NULL,3),(82,NULL,'2022-05-16 13:24:01','2022-05-16 13:24:01',NULL,NULL,15,5,'ranger.plugin.audit.filters','string','',0,'[ {\'accessResult\': \'DENIED\', \'isAudited\': true}, {\'users\':[\'atlas\'] ,\'isAudited\':false} ]','','','','Ranger Default Audit Filters',NULL,NULL,NULL,NULL,4),(83,NULL,'2022-05-16 13:24:01','2022-05-16 13:24:01',NULL,NULL,201,1,'username','string','',1,NULL,'','','','Username',NULL,NULL,NULL,NULL,0),(84,NULL,'2022-05-16 13:24:01','2022-05-16 13:24:01',NULL,NULL,201,2,'password','password','',1,NULL,'','','','Password',NULL,NULL,NULL,NULL,1),(85,NULL,'2022-05-16 13:24:01','2022-05-16 13:24:01',NULL,NULL,201,3,'ozone.om.http-address','string','',1,NULL,'','','{\"TextFieldWithIcon\":true, \"info\": \"For Ozone Url, eg.<br>&lt;host&gt;:&lt;port&gt;<br>\"}','Ozone URL',NULL,NULL,NULL,NULL,2),(86,NULL,'2022-05-16 13:24:01','2022-05-16 13:24:01',NULL,NULL,201,4,'hadoop.security.authorization','bool','YesTrue:NoFalse',1,'false','','','','Authorization Enabled',NULL,NULL,NULL,NULL,3),(87,NULL,'2022-05-16 13:24:01','2022-05-16 13:24:01',NULL,NULL,201,5,'hadoop.security.authentication','enum','authnType',1,'simple','','','','Authentication Type',NULL,NULL,NULL,NULL,4),(88,NULL,'2022-05-16 13:24:01','2022-05-16 13:24:01',NULL,NULL,201,6,'hadoop.security.auth_to_local','string','',0,NULL,'','','',NULL,NULL,NULL,NULL,NULL,5),(89,NULL,'2022-05-16 13:24:01','2022-05-16 13:24:01',NULL,NULL,201,7,'ranger.plugin.audit.filters','string','',0,'[ {\'accessResult\': \'DENIED\', \'isAudited\': true} ]','','','','Ranger Default Audit Filters',NULL,NULL,NULL,NULL,6),(90,NULL,'2022-05-16 13:24:02','2022-05-16 13:24:09',NULL,NULL,100,1,'ranger.plugin.audit.filters','string','',0,'[ {\'accessResult\': \'DENIED\', \'isAudited\': true} ]','','','','Ranger Default Audit Filters',NULL,NULL,NULL,NULL,0),(91,NULL,'2022-05-16 13:24:02','2022-05-16 13:24:02',NULL,NULL,104,1,'username','string','',0,NULL,'','','','Username',NULL,NULL,NULL,NULL,0),(92,NULL,'2022-05-16 13:24:02','2022-05-16 13:24:02',NULL,NULL,104,2,'password','password','',0,NULL,'','','','Password',NULL,NULL,NULL,NULL,1),(93,NULL,'2022-05-16 13:24:02','2022-05-16 13:24:02',NULL,NULL,104,3,'commonNameForCertificate','string','',0,NULL,'','','','Common Name for Certificate',NULL,NULL,NULL,NULL,2),(94,NULL,'2022-05-16 13:24:02','2022-05-16 13:24:02',NULL,NULL,104,4,'adls.url.data','string','',0,NULL,'','','','ADLS Data Location',NULL,NULL,NULL,NULL,3),(95,NULL,'2022-05-16 13:24:02','2022-05-16 13:24:02',NULL,NULL,104,5,'adls.url.logs','string','',0,NULL,'','','','ADLS Logs Location',NULL,NULL,NULL,NULL,4),(96,NULL,'2022-05-16 13:24:02','2022-05-16 13:24:02',NULL,NULL,104,6,'adls.url.audits.ranger','string','',0,NULL,'','','','Ranger audits Location',NULL,NULL,NULL,NULL,5),(97,NULL,'2022-05-16 13:24:02','2022-05-16 13:24:02',NULL,NULL,104,7,'ranger.plugin.audit.filters','string','',0,'[ {\'accessResult\': \'DENIED\', \'isAudited\': true}, {\'actions\':[\'METADATA OPERATION\'], \'isAudited\': false}, {\'users\':[\'superuser1\'],\'groups\':[\'supergroup1\'], \'isAudited\': false} ]','','','','Ranger Default Audit Filters',NULL,NULL,NULL,NULL,6),(98,NULL,'2022-05-16 13:24:02','2022-05-16 13:24:02',NULL,NULL,105,1,'ranger.plugin.audit.filters','string','',0,'[]','','','','Ranger Default Audit Filters',NULL,NULL,NULL,NULL,0);
/*!40000 ALTER TABLE `x_service_config_def` ENABLE KEYS */;
UNLOCK TABLES;

--
-- Table structure for table `x_service_config_map`
--

DROP TABLE IF EXISTS `x_service_config_map`;
/*!40101 SET @saved_cs_client     = @@character_set_client */;
/*!40101 SET character_set_client = utf8 */;
CREATE TABLE `x_service_config_map` (
  `id` bigint(20) NOT NULL AUTO_INCREMENT,
  `guid` varchar(1024) DEFAULT NULL,
  `create_time` datetime DEFAULT NULL,
  `update_time` datetime DEFAULT NULL,
  `added_by_id` bigint(20) DEFAULT NULL,
  `upd_by_id` bigint(20) DEFAULT NULL,
  `service` bigint(20) NOT NULL,
  `config_key` varchar(1024) DEFAULT NULL,
  `config_value` varchar(4000) DEFAULT NULL,
  PRIMARY KEY (`id`),
  KEY `x_service_config_map_FK_added_by_id` (`added_by_id`),
  KEY `x_service_config_map_FK_upd_by_id` (`upd_by_id`),
  KEY `x_service_config_map_IDX_service` (`service`),
  CONSTRAINT `x_service_config_map_FK_` FOREIGN KEY (`service`) REFERENCES `x_service` (`id`),
  CONSTRAINT `x_service_config_map_FK_added_by_id` FOREIGN KEY (`added_by_id`) REFERENCES `x_portal_user` (`id`),
  CONSTRAINT `x_service_config_map_FK_upd_by_id` FOREIGN KEY (`upd_by_id`) REFERENCES `x_portal_user` (`id`)
) ENGINE=InnoDB AUTO_INCREMENT=148 DEFAULT CHARSET=utf8 ROW_FORMAT=DYNAMIC;
/*!40101 SET character_set_client = @saved_cs_client */;

--
-- Dumping data for table `x_service_config_map`
--

LOCK TABLES `x_service_config_map` WRITE;
/*!40000 ALTER TABLE `x_service_config_map` DISABLE KEYS */;
INSERT INTO `x_service_config_map` VALUES (10,NULL,'2022-05-16 13:25:00','2022-05-16 13:25:00',1,1,2,'ranger.plugin.audit.filters','[ {\'accessResult\': \'DENIED\', \'isAudited\': true} ]'),(11,NULL,'2022-05-16 13:25:00','2022-05-16 13:25:01',1,1,1,'tag.download.auth.users','hdfs'),(12,NULL,'2022-05-16 13:25:00','2022-05-16 13:25:01',1,1,1,'password','PBEWithHmacSHA512AndAES_128,tzL1AKl5uc4NKYaoQ4P3WLGIBFPXWPWdu1fRm9004jtQiV,f77aLYLo,1000,NkY2F+ey8UH0CAOCjEh7Yw==,3pLJnQZUQU1BhAujIqN+rQ=='),(13,NULL,'2022-05-16 13:25:00','2022-05-16 13:25:01',1,1,1,'policy.download.auth.users','hdfs'),(14,NULL,'2022-05-16 13:25:00','2022-05-16 13:25:01',1,1,1,'hadoop.security.authentication','kerberos'),(15,NULL,'2022-05-16 13:25:00','2022-05-16 13:25:01',1,1,1,'hadoop.rpc.protection','privacy'),(16,NULL,'2022-05-16 13:25:00','2022-05-16 13:25:01',1,1,1,'fs.default.name','hdfs://my-name-service'),(17,NULL,'2022-05-16 13:25:00','2022-05-16 13:25:01',1,1,1,'hadoop.security.authorization','true'),(18,NULL,'2022-05-16 13:25:00','2022-05-16 13:25:01',1,1,1,'ranger.plugin.audit.filters','[{\'accessResult\': \'DENIED\', \'isAudited\': true}, {\'actions\':[\'delete\',\'rename\'],\'isAudited\':true}, {\'users\':[\'hdfs\'], \'actions\': [\'listStatus\', \'getfileinfo\', \'listCachePools\', \'listCacheDirectives\', \'listCorruptFileBlocks\', \'monitorHealth\', \'rollEditLog\', \'open\'], \'isAudited\': false}, {\'users\': [\'oozie\'],\'resources\': {\'path\': {\'values\': [\'/user/oozie/share/lib\'],\'isRecursive\': true}},\'isAudited\': false},{\'users\': [\'spark\'],\'resources\': {\'path\': {\'values\': [\'/user/spark/applicationHistory\'],\'isRecursive\': true}},\'isAudited\': false},{\'users\': [\'hue\'],\'resources\': {\'path\': {\'values\': [\'/user/hue\'],\'isRecursive\': true}},\'isAudited\': false},{\'users\': [\'hbase\'],\'resources\': {\'path\': {\'values\': [\'/hbase\'],\'isRecursive\': true}},\'isAudited\': false},{\'users\': [\'mapred\'],\'resources\': {\'path\': {\'values\': [\'/user/history\'],\'isRecursive\': true}},\'isAudited\': false}, {\'actions\': [\'getfileinfo\'], \'isAudited\':false} ]'),(19,NULL,'2022-05-16 13:25:00','2022-05-16 13:25:01',1,1,1,'username','hdfs'),(20,NULL,'2022-05-16 13:25:03','2022-05-16 13:25:03',1,1,3,'hbase.zookeeper.quorum','master-1.example.com:2181,master-2.example.com:2181,master-3.example.com:2181'),(21,NULL,'2022-05-16 13:25:03','2022-05-16 13:25:03',1,1,3,'setup.additional.default.policies','true'),(22,NULL,'2022-05-16 13:25:03','2022-05-16 13:25:03',1,1,3,'default-policy.1.resource.table','atlas_janus,ATLAS_ENTITY_AUDIT_EVENTS'),(23,NULL,'2022-05-16 13:25:03','2022-05-16 13:25:03',1,1,3,'hadoop.security.authentication','kerberos'),(24,NULL,'2022-05-16 13:25:03','2022-05-16 13:25:03',1,1,3,'default-policy.1.resource.column-family','*'),(25,NULL,'2022-05-16 13:25:03','2022-05-16 13:25:03',1,1,3,'policy.grantrevoke.auth.users','hbase'),(26,NULL,'2022-05-16 13:25:03','2022-05-16 13:25:03',1,1,3,'ranger.plugin.audit.filters','[{\'accessResult\': \'DENIED\', \'isAudited\': true},{\'resources\':{\'table\':{\'values\':[\'*-ROOT-*\',\'*.META.*\', \'*_acl_*\', \'hbase:meta\', \'hbase:acl\', \'default\', \'hbase\']}}, \'users\':[\'hbase\'], \'isAudited\': false }, {\'resources\':{\'table\':{\'values\':[\'atlas_janus\',\'ATLAS_ENTITY_AUDIT_EVENTS\']},\'column-family\':{\'values\':[\'*\']},\'column\':{\'values\':[\'*\']}},\'users\':[\'atlas\', \'hbase\'],\'isAudited\':false},{\'users\':[\'hbase\'], \'actions\':[\'balance\'],\'isAudited\':false}]'),(27,NULL,'2022-05-16 13:25:03','2022-05-16 13:25:03',1,1,3,'zookeeper.znode.parent','/hbase'),(28,NULL,'2022-05-16 13:25:03','2022-05-16 13:25:03',1,1,3,'default-policy.1.policyItem.1.accessTypes','create,read,write,admin'),(29,NULL,'2022-05-16 13:25:03','2022-05-16 13:25:03',1,1,3,'tag.download.auth.users','hbase'),(30,NULL,'2022-05-16 13:25:03','2022-05-16 13:25:03',1,1,3,'default-policy.1.name','ATLAS_HBASE_TABLES'),(31,NULL,'2022-05-16 13:25:03','2022-05-16 13:25:03',1,1,3,'password','PBEWithHmacSHA512AndAES_128,tzL1AKl5uc4NKYaoQ4P3WLGIBFPXWPWdu1fRm9004jtQiV,f77aLYLo,1000,YY4wUaVCEAQPZmd+5n7/Gw==,Ji/bvu4MT3i3GL0ngNKONA=='),(32,NULL,'2022-05-16 13:25:03','2022-05-16 13:25:03',1,1,3,'policy.download.auth.users','hbase'),(33,NULL,'2022-05-16 13:25:03','2022-05-16 13:25:03',1,1,3,'hbase.security.authentication','kerberos'),(34,NULL,'2022-05-16 13:25:03','2022-05-16 13:25:03',1,1,3,'hbase.zookeeper.property.clientPort','2181'),(35,NULL,'2022-05-16 13:25:03','2022-05-16 13:25:03',1,1,3,'default-policy.1.policyItem.1.users','atlas'),(36,NULL,'2022-05-16 13:25:03','2022-05-16 13:25:03',1,1,3,'default-policy.1.resource.column','*'),(37,NULL,'2022-05-16 13:25:03','2022-05-16 13:25:03',1,1,3,'username','hbase'),(38,NULL,'2022-05-16 13:25:06','2022-05-16 13:25:06',1,1,4,'tag.download.auth.users','yarn'),(39,NULL,'2022-05-16 13:25:06','2022-05-16 13:25:06',1,1,4,'password','PBEWithHmacSHA512AndAES_128,tzL1AKl5uc4NKYaoQ4P3WLGIBFPXWPWdu1fRm9004jtQiV,f77aLYLo,1000,LBDL5o3jsQJ8jz7oIQPGYA==,L7BaPgKnc7JhrJoDJbTWhA=='),(40,NULL,'2022-05-16 13:25:06','2022-05-16 13:25:06',1,1,4,'yarn.url','http://localhost:8088'),(41,NULL,'2022-05-16 13:25:06','2022-05-16 13:25:06',1,1,4,'policy.download.auth.users','yarn'),(42,NULL,'2022-05-16 13:25:06','2022-05-16 13:25:06',1,1,4,'hadoop.security.authentication','kerberos'),(43,NULL,'2022-05-16 13:25:06','2022-05-16 13:25:06',1,1,4,'ranger.plugin.audit.filters','[]'),(44,NULL,'2022-05-16 13:25:06','2022-05-16 13:25:06',1,1,4,'username','yarn'),(45,NULL,'2022-05-16 13:25:09','2022-05-16 13:25:09',1,1,5,'tag.download.auth.users','hive,hdfs,impala'),(46,NULL,'2022-05-16 13:25:09','2022-05-16 13:25:09',1,1,5,'password','PBEWithHmacSHA512AndAES_128,tzL1AKl5uc4NKYaoQ4P3WLGIBFPXWPWdu1fRm9004jtQiV,f77aLYLo,1000,PntRSfvQRZ7RaIrN0InCFw==,WJx7gdXIwoEXUFlOHomYaw=='),(47,NULL,'2022-05-16 13:25:09','2022-05-16 13:25:09',1,1,5,'policy.download.auth.users','hive,hdfs,impala'),(48,NULL,'2022-05-16 13:25:09','2022-05-16 13:25:09',1,1,5,'policy.grantrevoke.auth.users','hive,impala'),(49,NULL,'2022-05-16 13:25:09','2022-05-16 13:25:09',1,1,5,'enable.hive.metastore.lookup','true'),(50,NULL,'2022-05-16 13:25:09','2022-05-16 13:25:09',1,1,5,'default.policy.users','impala,beacon,hue,admin,dpprofiler'),(51,NULL,'2022-05-16 13:25:09','2022-05-16 13:25:09',1,1,5,'ranger.plugin.audit.filters','[ {\'accessResult\': \'DENIED\', \'isAudited\': true}, {\'actions\':[\'METADATA OPERATION\'], \'isAudited\': false}]'),(52,NULL,'2022-05-16 13:25:09','2022-05-16 13:25:09',1,1,5,'jdbc.driverClassName','org.apache.hive.jdbc.HiveDriver'),(53,NULL,'2022-05-16 13:25:09','2022-05-16 13:25:09',1,1,5,'hive.site.file.path','/etc/hive/conf/hive-site.xml'),(54,NULL,'2022-05-16 13:25:09','2022-05-16 13:25:09',1,1,5,'jdbc.url','none'),(55,NULL,'2022-05-16 13:25:09','2022-05-16 13:25:09',1,1,5,'username','hive'),(56,NULL,'2022-05-16 13:25:12','2022-05-16 13:25:12',1,1,6,'tag.download.auth.users','knox'),(57,NULL,'2022-05-16 13:25:12','2022-05-16 13:25:12',1,1,6,'default-policy.1.name','CDP Proxy UI and API'),(58,NULL,'2022-05-16 13:25:12','2022-05-16 13:25:12',1,1,6,'password','PBEWithHmacSHA512AndAES_128,tzL1AKl5uc4NKYaoQ4P3WLGIBFPXWPWdu1fRm9004jtQiV,f77aLYLo,1000,I3H36FjusT1g8IENdMU+Zw==,jyjFobSdEcmslnv8VEnOTijDbovfpw3PqVwQkke5wJI='),(59,NULL,'2022-05-16 13:25:12','2022-05-16 13:25:12',1,1,6,'policy.download.auth.users','knox'),(60,NULL,'2022-05-16 13:25:12','2022-05-16 13:25:12',1,1,6,'setup.additional.default.policies','true'),(61,NULL,'2022-05-16 13:25:12','2022-05-16 13:25:12',1,1,6,'default-policy.1.resource.service','*'),(62,NULL,'2022-05-16 13:25:12','2022-05-16 13:25:12',1,1,6,'default-policy.1.resource.topology','cdp-proxy,cdp-proxy-api'),(63,NULL,'2022-05-16 13:25:12','2022-05-16 13:25:12',1,1,6,'ranger.plugin.audit.filters','[ {\'accessResult\': \'DENIED\', \'isAudited\': true}, {\'users\':[\'knox\'] ,\'isAudited\':false} ]'),(64,NULL,'2022-05-16 13:25:12','2022-05-16 13:25:12',1,1,6,'knox.url','https://localhost:8443/gateway/admin/api/v1/topologies'),(65,NULL,'2022-05-16 13:25:12','2022-05-16 13:25:12',1,1,6,'username','admin'),(66,NULL,'2022-05-16 13:25:12','2022-05-16 13:25:12',1,1,6,'default-policy.1.policyItem.1.groups','public'),(67,NULL,'2022-05-16 13:25:12','2022-05-16 13:25:12',1,1,6,'default-policy.1.policyItem.1.accessTypes','allow'),(68,NULL,'2022-05-16 13:25:16','2022-05-16 13:25:16',1,1,7,'setup.additional.default.policies','true'),(69,NULL,'2022-05-16 13:25:16','2022-05-16 13:25:16',1,1,7,'hadoop.security.authentication','kerberos'),(70,NULL,'2022-05-16 13:25:16','2022-05-16 13:25:16',1,1,7,'ozone.om.http-address','http://localhost:9874'),(71,NULL,'2022-05-16 13:25:16','2022-05-16 13:25:16',1,1,7,'default-policy.1.resource.key','*'),(72,NULL,'2022-05-16 13:25:16','2022-05-16 13:25:16',1,1,7,'ranger.plugin.audit.filters','[ {\'accessResult\': \'DENIED\', \'isAudited\': true} ]'),(73,NULL,'2022-05-16 13:25:16','2022-05-16 13:25:16',1,1,7,'default-policy.1.resource.volume','s3v'),(74,NULL,'2022-05-16 13:25:16','2022-05-16 13:25:16',1,1,7,'default-policy.1.resource.bucket','*'),(75,NULL,'2022-05-16 13:25:16','2022-05-16 13:25:16',1,1,7,'default-policy.1.policyItem.1.accessTypes','all,create,write,read,list,delete'),(76,NULL,'2022-05-16 13:25:16','2022-05-16 13:25:16',1,1,7,'tag.download.auth.users','om'),(77,NULL,'2022-05-16 13:25:16','2022-05-16 13:25:16',1,1,7,'default-policy.1.name','S3_VOLUME_POLICY'),(78,NULL,'2022-05-16 13:25:16','2022-05-16 13:25:16',1,1,7,'password','PBEWithHmacSHA512AndAES_128,tzL1AKl5uc4NKYaoQ4P3WLGIBFPXWPWdu1fRm9004jtQiV,f77aLYLo,1000,FmvJaY46kKMl41fLQSUHXw==,UdQqS26TgzoXDurwZHOsKg=='),(79,NULL,'2022-05-16 13:25:16','2022-05-16 13:25:16',1,1,7,'policy.download.auth.users','om'),(80,NULL,'2022-05-16 13:25:16','2022-05-16 13:25:16',1,1,7,'hadoop.security.authorization','true'),(81,NULL,'2022-05-16 13:25:16','2022-05-16 13:25:16',1,1,7,'default-policy.1.policyItem.1.users','hive'),(82,NULL,'2022-05-16 13:25:16','2022-05-16 13:25:16',1,1,7,'username','om'),(83,NULL,'2022-05-16 13:25:18','2022-05-16 13:25:18',1,1,8,'default-policy.5.policyItem.1.accessTypes','consume,describe'),(84,NULL,'2022-05-16 13:25:18','2022-05-16 13:25:18',1,1,8,'default-policy.3.name','ATLAS_SPARK_HOOK'),(85,NULL,'2022-05-16 13:25:18','2022-05-16 13:25:18',1,1,8,'default-policy.4.resource.consumergroup','atlas'),(86,NULL,'2022-05-16 13:25:18','2022-05-16 13:25:18',1,1,8,'default-policy.4.policyItem.1.accessTypes','consume,describe'),(87,NULL,'2022-05-16 13:25:18','2022-05-16 13:25:18',1,1,8,'ranger.plugin.audit.filters','[{\'accessResult\': \'DENIED\', \'isAudited\': true},{\'resources\':{\'topic\':{\'values\':[\'ATLAS_ENTITIES\',\'ATLAS_HOOK\',\'ATLAS_SPARK_HOOK\']}},\'users\':[\'atlas\'],\'actions\':[\'describe\',\'publish\',\'consume\'],\'isAudited\':false},{\'resources\':{\'topic\':{\'values\':[\'ATLAS_HOOK\']}},\'users\':[\'hive\',\'hbase\',\'impala\',\'nifi\'],\'actions\':[\'publish\',\'describe\'],\'isAudited\':false},{\'resources\':{\'topic\':{\'values\':[\'ATLAS_ENTITIES\']}},\'users\':[\'rangertagsync\'],\'actions\':[\'consume\',\'describe\'],\'isAudited\':false},{\'resources\':{\'consumergroup\':{\'values\':[\'*\']}},\'users\':[\'atlas\',\'rangertagsync\'],\'actions\':[\'consume\'],\'isAudited\':false},{\'users\':[\'kafka\'],\'isAudited\':false}]'),(88,NULL,'2022-05-16 13:25:18','2022-05-16 13:25:18',1,1,8,'default-policy.5.policyItem.1.users','rangertagsync'),(89,NULL,'2022-05-16 13:25:18','2022-05-16 13:25:18',1,1,8,'password','PBEWithHmacSHA512AndAES_128,tzL1AKl5uc4NKYaoQ4P3WLGIBFPXWPWdu1fRm9004jtQiV,f77aLYLo,1000,KAduvlCayWODDIynFeqjvg==,cSumvn6Qtsy+JRD5wiz1gQ=='),(90,NULL,'2022-05-16 13:25:18','2022-05-16 13:25:18',1,1,8,'policy.download.auth.users','kafka,streamsmsgmgr,streamsrepmgr,cruisecontrol'),(91,NULL,'2022-05-16 13:25:18','2022-05-16 13:25:18',1,1,8,'default-policy.4.policyItem.1.users','atlas'),(92,NULL,'2022-05-16 13:25:18','2022-05-16 13:25:18',1,1,8,'default-policy.1.policyItem.1.users','hbase,hive,impala,mlgov,nifi'),(93,NULL,'2022-05-16 13:25:18','2022-05-16 13:25:18',1,1,8,'default-policy.2.policyItem.1.users','atlas'),(94,NULL,'2022-05-16 13:25:18','2022-05-16 13:25:18',1,1,8,'default-policy.3.policyItem.1.groups','public'),(95,NULL,'2022-05-16 13:25:18','2022-05-16 13:25:18',1,1,8,'default-policy.1.resource.topic','ATLAS_HOOK'),(96,NULL,'2022-05-16 13:25:18','2022-05-16 13:25:18',1,1,8,'setup.additional.default.policies','true'),(97,NULL,'2022-05-16 13:25:18','2022-05-16 13:25:18',1,1,8,'default-policy.5.name','ranger_entities_consumer consumergroup'),(98,NULL,'2022-05-16 13:25:18','2022-05-16 13:25:18',1,1,8,'default-policy.1.policyItem.2.users','atlas'),(99,NULL,'2022-05-16 13:25:18','2022-05-16 13:25:18',1,1,8,'default-policy.2.name','ATLAS_ENTITIES'),(100,NULL,'2022-05-16 13:25:18','2022-05-16 13:25:18',1,1,8,'default-policy.1.policyItem.2.accessTypes','create,configure,consume,publish'),(101,NULL,'2022-05-16 13:25:18','2022-05-16 13:25:18',1,1,8,'default-policy.2.resource.topic','ATLAS_ENTITIES'),(102,NULL,'2022-05-16 13:25:18','2022-05-16 13:25:18',1,1,8,'default-policy.5.resource.consumergroup','ranger_entities_consumer'),(103,NULL,'2022-05-16 13:25:18','2022-05-16 13:25:18',1,1,8,'default-policy.2.policyItem.2.accessTypes','consume'),(104,NULL,'2022-05-16 13:25:18','2022-05-16 13:25:18',1,1,8,'default-policy.1.policyItem.1.accessTypes','publish'),(105,NULL,'2022-05-16 13:25:18','2022-05-16 13:25:18',1,1,8,'default-policy.3.policyItem.2.users','atlas'),(106,NULL,'2022-05-16 13:25:18','2022-05-16 13:25:18',1,1,8,'tag.download.auth.users','kafka,streamsmsgmgr,streamsrepmgr,cruisecontrol'),(107,NULL,'2022-05-16 13:25:18','2022-05-16 13:25:18',1,1,8,'default-policy.1.name','ATLAS_HOOK'),(108,NULL,'2022-05-16 13:25:18','2022-05-16 13:25:18',1,1,8,'default-policy.3.policyItem.2.accessTypes','create,configure,consume'),(109,NULL,'2022-05-16 13:25:18','2022-05-16 13:25:18',1,1,8,'default-policy.4.name','atlas consumergroup'),(110,NULL,'2022-05-16 13:25:18','2022-05-16 13:25:18',1,1,8,'default-policy.2.policyItem.2.users','rangertagsync'),(111,NULL,'2022-05-16 13:25:18','2022-05-16 13:25:18',1,1,8,'zookeeper.connect','master-1.example.com:2181,master-2.example.com:2181,master-3.example.com:2181'),(112,NULL,'2022-05-16 13:25:18','2022-05-16 13:25:18',1,1,8,'default-policy.2.policyItem.1.accessTypes','create,configure,publish'),(113,NULL,'2022-05-16 13:25:18','2022-05-16 13:25:18',1,1,8,'default.policy.users','streamsmsgmgr,streamsrepmgr,cruisecontrol'),(114,NULL,'2022-05-16 13:25:18','2022-05-16 13:25:18',1,1,8,'default-policy.3.resource.topic','ATLAS_SPARK_HOOK'),(115,NULL,'2022-05-16 13:25:18','2022-05-16 13:25:18',1,1,8,'default-policy.3.policyItem.1.accessTypes','publish'),(116,NULL,'2022-05-16 13:25:18','2022-05-16 13:25:18',1,1,8,'username','kafka'),(117,NULL,'2022-05-16 13:25:22','2022-05-16 13:25:22',1,1,9,'atlas.rest.address','http://localhost:31000'),(118,NULL,'2022-05-16 13:25:22','2022-05-16 13:25:22',1,1,9,'tag.download.auth.users','atlas'),(119,NULL,'2022-05-16 13:25:22','2022-05-16 13:25:22',1,1,9,'password','PBEWithHmacSHA512AndAES_128,tzL1AKl5uc4NKYaoQ4P3WLGIBFPXWPWdu1fRm9004jtQiV,f77aLYLo,1000,4oxJK3X072xhqO8122ZfPg==,mfjbRrYbAX15BrEtb7NRIg=='),(120,NULL,'2022-05-16 13:25:22','2022-05-16 13:25:22',1,1,9,'policy.download.auth.users','atlas'),(121,NULL,'2022-05-16 13:25:22','2022-05-16 13:25:22',1,1,9,'default.policy.users','beacon,dpprofiler,nifi'),(122,NULL,'2022-05-16 13:25:22','2022-05-16 13:25:22',1,1,9,'ranger.plugin.audit.filters','[ {\'accessResult\': \'DENIED\', \'isAudited\': true}, {\'users\':[\'atlas\'] ,\'isAudited\':false} ]'),(123,NULL,'2022-05-16 13:25:22','2022-05-16 13:25:22',1,1,9,'username','admin'),(124,NULL,'2022-05-16 13:25:25','2022-05-16 13:25:25',1,1,10,'solr.url','http://localhost:8983/solr'),(125,NULL,'2022-05-16 13:25:25','2022-05-16 13:25:25',1,1,10,'setup.additional.default.policies','true'),(126,NULL,'2022-05-16 13:25:25','2022-05-16 13:25:25',1,1,10,'solr.zookeeper.quorum','master-1.example.com:2181,master-3.example.com:2181,master-2.example.com:2181/solr-infra'),(127,NULL,'2022-05-16 13:25:25','2022-05-16 13:25:25',1,1,10,'ranger.plugin.audit.filters','[ {\'accessResult\': \'DENIED\', \'isAudited\': true}, {\'users\':[\'hive\',\'hdfs\',\'kafka\',\'hbase\',\'solr\',\'rangerraz\',\'knox\',\'atlas\'] ,\'isAudited\':false} ]'),(128,NULL,'2022-05-16 13:25:25','2022-05-16 13:25:25',1,1,10,'default-policy.1.policyItem.1.accessTypes','query,update,others'),(129,NULL,'2022-05-16 13:25:25','2022-05-16 13:25:25',1,1,10,'tag.download.auth.users','solr'),(130,NULL,'2022-05-16 13:25:25','2022-05-16 13:25:25',1,1,10,'default-policy.1.name','RANGER_AUDITS_COLLECTION'),(131,NULL,'2022-05-16 13:25:25','2022-05-16 13:25:25',1,1,10,'password','PBEWithHmacSHA512AndAES_128,tzL1AKl5uc4NKYaoQ4P3WLGIBFPXWPWdu1fRm9004jtQiV,f77aLYLo,1000,zikysWBvnU97S5Fosa3oSQ==,ynZ9hVX05PjNxU/p0JDQRg=='),(132,NULL,'2022-05-16 13:25:25','2022-05-16 13:25:25',1,1,10,'policy.download.auth.users','solr'),(133,NULL,'2022-05-16 13:25:25','2022-05-16 13:25:25',1,1,10,'default-policy.1.resource.collection','ranger_audits'),(134,NULL,'2022-05-16 13:25:25','2022-05-16 13:25:25',1,1,10,'default.policy.users','ranger,atlas'),(135,NULL,'2022-05-16 13:25:25','2022-05-16 13:25:25',1,1,10,'default-policy.1.policyItem.1.users','hdfs,hbase,hive,yarn,knox,storm,kafka,nifi,nifiregistry,impala,keyadmin,rangerraz,streamsmsgmgr,schemaregistry'),(136,NULL,'2022-05-16 13:25:25','2022-05-16 13:25:25',1,1,10,'username','solr'),(142,NULL,'2022-05-16 13:25:28','2022-05-17 12:34:36',1,NULL,11,'tag.download.auth.users','kms'),(143,NULL,'2022-05-16 13:25:28','2022-05-17 12:34:36',1,NULL,11,'password','PBEWithHmacSHA512AndAES_128,tzL1AKl5uc4NKYaoQ4P3WLGIBFPXWPWdu1fRm9004jtQiV,f77aLYLo,1000,7dtpZ5SimwP9Eki5uB/yog==,F9Bo+t5GFTbr8yzTtJ8TPA=='),(144,NULL,'2022-05-16 13:25:28','2022-05-17 12:34:36',1,NULL,11,'policy.download.auth.users','keyadmin,rangerkms'),(145,NULL,'2022-05-16 13:25:28','2022-05-17 12:34:36',1,NULL,11,'provider','kms://http@localhost:9292/kms'),(146,NULL,'2022-05-16 13:25:28','2022-05-17 12:34:36',1,NULL,11,'ranger.plugin.audit.filters','[ {\'accessResult\': \'DENIED\', \'isAudited\': true}, {\'users\':[\'keyadmin\'] ,\'isAudited\':false} ]'),(147,NULL,'2022-05-16 13:25:28','2022-05-17 12:34:36',1,NULL,11,'username','keyadmin');
/*!40000 ALTER TABLE `x_service_config_map` ENABLE KEYS */;
UNLOCK TABLES;

--
-- Table structure for table `x_service_def`
--

DROP TABLE IF EXISTS `x_service_def`;
/*!40101 SET @saved_cs_client     = @@character_set_client */;
/*!40101 SET character_set_client = utf8 */;
CREATE TABLE `x_service_def` (
  `id` bigint(20) NOT NULL AUTO_INCREMENT,
  `guid` varchar(1024) DEFAULT NULL,
  `create_time` datetime DEFAULT NULL,
  `update_time` datetime DEFAULT NULL,
  `added_by_id` bigint(20) DEFAULT NULL,
  `upd_by_id` bigint(20) DEFAULT NULL,
  `version` bigint(20) DEFAULT NULL,
  `name` varchar(1024) DEFAULT NULL,
  `display_name` varchar(1024) DEFAULT NULL,
  `impl_class_name` varchar(1024) DEFAULT NULL,
  `label` varchar(1024) DEFAULT NULL,
  `description` varchar(1024) DEFAULT NULL,
  `rb_key_label` varchar(1024) DEFAULT NULL,
  `rb_key_description` varchar(1024) DEFAULT NULL,
  `is_enabled` tinyint(4) DEFAULT 1,
  `def_options` varchar(1024) DEFAULT NULL,
  PRIMARY KEY (`id`),
  KEY `x_service_def_added_by_id` (`added_by_id`),
  KEY `x_service_def_upd_by_id` (`upd_by_id`),
  KEY `x_service_def_cr_time` (`create_time`),
  KEY `x_service_def_up_time` (`update_time`),
  CONSTRAINT `x_service_def_FK_added_by_id` FOREIGN KEY (`added_by_id`) REFERENCES `x_portal_user` (`id`),
  CONSTRAINT `x_service_def_FK_upd_by_id` FOREIGN KEY (`upd_by_id`) REFERENCES `x_portal_user` (`id`)
) ENGINE=InnoDB AUTO_INCREMENT=203 DEFAULT CHARSET=utf8 ROW_FORMAT=DYNAMIC;
/*!40101 SET character_set_client = @saved_cs_client */;

--
-- Dumping data for table `x_service_def`
--

LOCK TABLES `x_service_def` WRITE;
/*!40000 ALTER TABLE `x_service_def` DISABLE KEYS */;
INSERT INTO `x_service_def` VALUES (1,'0d047247-bafe-4cf8-8e9b-d5d377284b2d','2022-05-16 13:23:59','2022-05-16 13:23:59',NULL,NULL,1,'hdfs','hdfs','org.apache.ranger.services.hdfs.RangerServiceHdfs','HDFS Repository','HDFS Repository',NULL,NULL,1,'{}'),(2,'d6cea1f0-2509-4791-8fc1-7b092399ba3b','2022-05-16 13:24:00','2022-05-16 13:24:00',NULL,NULL,1,'hbase','hbase','org.apache.ranger.services.hbase.RangerServiceHBase','HBase','HBase',NULL,NULL,1,'{}'),(3,'3e1afb5a-184a-4e82-9d9c-87a5cacc243c','2022-05-16 13:24:00','2022-05-16 13:24:00',NULL,NULL,1,'hive','Hadoop SQL','org.apache.ranger.services.hive.RangerServiceHive','Hive Server2','Hive Server2',NULL,NULL,1,'{}'),(4,'5b710438-edcf-4e20-834c-a9a267b5b963','2022-05-16 13:24:00','2022-05-16 13:24:00',NULL,NULL,1,'yarn','yarn','org.apache.ranger.services.yarn.RangerServiceYarn','YARN','YARN',NULL,NULL,1,'{}'),(5,'84b481b5-f23b-4f71-b8b6-ab33977149ca','2022-05-16 13:24:00','2022-05-16 13:24:00',NULL,NULL,1,'knox','knox','org.apache.ranger.services.knox.RangerServiceKnox','Knox Gateway','Knox Gateway',NULL,NULL,1,'{}'),(7,'c852b7a5-c85e-438a-a27e-91c9b3376c95','2022-05-16 13:24:00','2022-05-16 13:24:00',NULL,NULL,1,'kms','kms','org.apache.ranger.services.kms.RangerServiceKMS','KMS','KMS',NULL,NULL,1,'{\"ui.pages\":\"encryption\",\"security.allowed.roles\":\"keyadmin\"}'),(8,'402a8333-e918-48ff-ae3a-5f8fe7a3c1a9','2022-05-16 13:24:01','2022-05-16 13:24:01',NULL,NULL,1,'solr','solr','org.apache.ranger.services.solr.RangerServiceSolr','SOLR','Solr',NULL,NULL,1,'{}'),(9,'67d58ad8-21d3-441d-9c77-0df0611b5f92','2022-05-16 13:24:00','2022-05-16 13:24:00',NULL,NULL,1,'kafka','kafka','org.apache.ranger.services.kafka.RangerServiceKafka','Kafka','Apache Kafka',NULL,NULL,1,'{}'),(10,'52c2e1cb-dcab-471c-a3f2-957be5f6f2a3','2022-05-16 13:24:01','2022-05-16 13:24:01',NULL,NULL,1,'nifi','nifi','org.apache.ranger.services.nifi.RangerServiceNiFi','NIFI','NiFi',NULL,NULL,1,'{\"enableDenyAndExceptionsInPolicies\":\"false\"}'),(13,'55ed135a-170e-49bc-994f-65c98f609272','2022-05-16 13:24:01','2022-05-16 13:24:01',NULL,NULL,1,'nifi-registry','nifi-registry','org.apache.ranger.services.nifi.registry.RangerServiceNiFiRegistry','NIFI Registry','NiFi Registry',NULL,NULL,1,'{\"enableDenyAndExceptionsInPolicies\":\"false\"}'),(15,'311a79b7-16f5-46f4-9829-a0224b9999c5','2022-05-16 13:24:01','2022-05-16 13:24:01',NULL,NULL,1,'atlas','atlas','org.apache.ranger.services.atlas.RangerServiceAtlas','Atlas Metadata Server','Atlas Metadata Server',NULL,NULL,1,'{\"enableDenyAndExceptionsInPolicies\":\"true\"}'),(100,'0d047248-baff-4cf9-8e9e-d5d377284b2e','2022-05-16 13:24:02','2022-05-16 13:24:09',NULL,NULL,16,'tag','tag','org.apache.ranger.services.tag.RangerServiceTag','TAG','TAG Service Definition',NULL,NULL,1,'{\"enableDenyAndExceptionsInPolicies\":\"true\",\"ui.pages\":\"tag-based-policies\"}'),(104,'15529a12-c9ab-4e13-bbe3-daaedba4e6fa','2022-05-16 13:24:02','2022-05-16 13:24:02',NULL,NULL,1,'adls','adls','org.apache.ranger.services.adls.RangerServiceADLS','Azure Data Lake Storage','Ranger plugin for Azure Data Lake Storage',NULL,NULL,1,'{\"enableDenyAndExceptionsInPolicies\":\"true\"}'),(105,'dac6d2f0-e620-4ae4-8582-1b18e15492bb','2022-05-16 13:24:02','2022-05-16 13:24:02',NULL,NULL,1,'kudu','kudu','org.apache.ranger.services.kudu.RangerServiceKudu','Kudu','Kudu',NULL,NULL,1,'{}'),(201,'26ceccfe-0488-47c7-8b0e-3fd62f28f7fb','2022-05-16 13:24:01','2022-05-16 13:24:01',NULL,NULL,1,'ozone','ozone','org.apache.ranger.services.ozone.RangerServiceOzone','OZONE','Ozone Repository',NULL,NULL,1,'{}'),(202,'4f80dd08-1816-4d53-948c-8f99dac7ba8e','2022-05-16 13:24:01','2022-05-16 13:24:01',NULL,NULL,1,'schema-registry','schema-registry','org.apache.ranger.services.schema.registry.RangerServiceSchemaRegistry','Schema Registry','Schema Registry',NULL,NULL,1,'{}');
/*!40000 ALTER TABLE `x_service_def` ENABLE KEYS */;
UNLOCK TABLES;

--
-- Table structure for table `x_service_resource`
--

DROP TABLE IF EXISTS `x_service_resource`;
/*!40101 SET @saved_cs_client     = @@character_set_client */;
/*!40101 SET character_set_client = utf8 */;
CREATE TABLE `x_service_resource` (
  `id` bigint(20) NOT NULL AUTO_INCREMENT,
  `guid` varchar(64) NOT NULL,
  `create_time` datetime DEFAULT NULL,
  `update_time` datetime DEFAULT NULL,
  `added_by_id` bigint(20) DEFAULT NULL,
  `upd_by_id` bigint(20) DEFAULT NULL,
  `version` bigint(20) DEFAULT NULL,
  `service_id` bigint(20) NOT NULL,
  `resource_signature` varchar(128) DEFAULT NULL,
  `is_enabled` tinyint(4) NOT NULL DEFAULT 1,
  `service_resource_elements_text` mediumtext DEFAULT NULL,
  `tags_text` mediumtext DEFAULT NULL,
  PRIMARY KEY (`id`),
  UNIQUE KEY `x_service_res_UK_guid` (`guid`),
  UNIQUE KEY `x_service_resource_IDX_svc_id_resource_signature` (`service_id`,`resource_signature`),
  KEY `x_service_res_IDX_added_by_id` (`added_by_id`),
  KEY `x_service_res_IDX_upd_by_id` (`upd_by_id`),
  KEY `x_service_resource_IDX_service_id` (`service_id`),
  CONSTRAINT `x_service_res_FK_added_by_id` FOREIGN KEY (`added_by_id`) REFERENCES `x_portal_user` (`id`),
  CONSTRAINT `x_service_res_FK_service_id` FOREIGN KEY (`service_id`) REFERENCES `x_service` (`id`),
  CONSTRAINT `x_service_res_FK_upd_by_id` FOREIGN KEY (`upd_by_id`) REFERENCES `x_portal_user` (`id`)
) ENGINE=InnoDB AUTO_INCREMENT=41 DEFAULT CHARSET=utf8 ROW_FORMAT=DYNAMIC;
/*!40101 SET character_set_client = @saved_cs_client */;

--
-- Dumping data for table `x_service_resource`
--

LOCK TABLES `x_service_resource` WRITE;
/*!40000 ALTER TABLE `x_service_resource` DISABLE KEYS */;
INSERT INTO `x_service_resource` VALUES (1,'a08db8ab-5c8a-4b3b-ac79-4f55b6c70263','2022-05-16 13:36:25','2022-05-16 13:36:25',4,4,1,5,'0a4c20dc12b089e8d0a6fdc7876c2c0b99f4cac54a7221272dd2fd421b742339',1,'{\"database\":{\"values\":[\"information_schema\"],\"isExcludes\":false,\"isRecursive\":false},\"column\":{\"values\":[\"c_type\"],\"isExcludes\":false,\"isRecursive\":false},\"table\":{\"values\":[\"compactions\"],\"isExcludes\":false,\"isRecursive\":false}}',NULL),(2,'58c6bcd7-b28d-43be-a4d6-8d60c81d5cc1','2022-05-16 13:36:25','2022-05-16 13:36:25',4,4,1,5,'170bfad4f16f25b6716a3177731a28aa4736f16268865924fe6a19988aecaf79',1,'{\"database\":{\"values\":[\"information_schema\"],\"isExcludes\":false,\"isRecursive\":false},\"column\":{\"values\":[\"c_state\"],\"isExcludes\":false,\"isRecursive\":false},\"table\":{\"values\":[\"compactions\"],\"isExcludes\":false,\"isRecursive\":false}}',NULL),(3,'6f1463ff-434a-43a3-b132-85e8953865e8','2022-05-16 13:36:25','2022-05-16 13:36:25',4,4,1,5,'3f8b435eeae47dc625c260d20ff628fdf4db12161b12045b7cb321576e9eeeb0',1,'{\"database\":{\"values\":[\"information_schema\"],\"isExcludes\":false,\"isRecursive\":false},\"column\":{\"values\":[\"c_hostname\"],\"isExcludes\":false,\"isRecursive\":false},\"table\":{\"values\":[\"compactions\"],\"isExcludes\":false,\"isRecursive\":false}}',NULL),(4,'24315a5e-e68e-4a54-83ec-51e7d0e2e9a8','2022-05-16 13:36:25','2022-05-16 13:36:25',4,4,1,5,'fe212b891ff1cf983bbcb12b9a894f15ff1306eddb06e0bc3be28d495c5429e5',1,'{\"database\":{\"values\":[\"information_schema\"],\"isExcludes\":false,\"isRecursive\":false},\"column\":{\"values\":[\"c_worker_id\"],\"isExcludes\":false,\"isRecursive\":false},\"table\":{\"values\":[\"compactions\"],\"isExcludes\":false,\"isRecursive\":false}}',NULL),(5,'76b64fae-6c9b-41c9-816c-0100a0846975','2022-05-16 13:36:25','2022-05-16 13:36:25',4,4,1,5,'9a82f7afa37c691cc683fecde74d708faf471f86abb93fed73bef233253ddbbb',1,'{\"database\":{\"values\":[\"information_schema\"],\"isExcludes\":false,\"isRecursive\":false},\"column\":{\"values\":[\"c_enqueue_time\"],\"isExcludes\":false,\"isRecursive\":false},\"table\":{\"values\":[\"compactions\"],\"isExcludes\":false,\"isRecursive\":false}}',NULL),(6,'8cdc3762-423d-4cef-8f61-21aaff8bb175','2022-05-16 13:36:25','2022-05-16 13:36:25',4,4,1,5,'a7085bc9ad5aeee5e140c9a550f8a1d7598f459cee533cffe73b41d2903aa812',1,'{\"database\":{\"values\":[\"information_schema\"],\"isExcludes\":false,\"isRecursive\":false},\"column\":{\"values\":[\"c_start\"],\"isExcludes\":false,\"isRecursive\":false},\"table\":{\"values\":[\"compactions\"],\"isExcludes\":false,\"isRecursive\":false}}',NULL),(7,'551d85e0-370d-4a51-9422-8acf605ce658','2022-05-16 13:36:25','2022-05-16 13:36:25',4,4,1,5,'1874ed990a631f287dfef9c706e15404a559e42c87171b61799bf7f1fcd57a23',1,'{\"database\":{\"values\":[\"information_schema\"],\"isExcludes\":false,\"isRecursive\":false},\"column\":{\"values\":[\"c_duration\"],\"isExcludes\":false,\"isRecursive\":false},\"table\":{\"values\":[\"compactions\"],\"isExcludes\":false,\"isRecursive\":false}}',NULL),(8,'42f05101-fadf-4176-9c95-ece36e8a4a13','2022-05-16 13:36:25','2022-05-16 13:36:25',4,4,1,5,'f6a7045c9710ecd4373d213acea743fd77d2782656a3a73e5b3f5771379e2454',1,'{\"database\":{\"values\":[\"information_schema\"],\"isExcludes\":false,\"isRecursive\":false},\"column\":{\"values\":[\"c_hadoop_job_id\"],\"isExcludes\":false,\"isRecursive\":false},\"table\":{\"values\":[\"compactions\"],\"isExcludes\":false,\"isRecursive\":false}}',NULL),(9,'c79254dc-832f-4f79-ac6d-634d50d79359','2022-05-16 13:36:25','2022-05-16 13:36:25',4,4,1,5,'54b8b2016ce2eab769465be4491a9dc7d7d361504970ca30c0bb63e76723d1f6',1,'{\"database\":{\"values\":[\"information_schema\"],\"isExcludes\":false,\"isRecursive\":false},\"column\":{\"values\":[\"c_run_as\"],\"isExcludes\":false,\"isRecursive\":false},\"table\":{\"values\":[\"compactions\"],\"isExcludes\":false,\"isRecursive\":false}}',NULL),(10,'7492dab4-ce87-4d9d-8393-3806285402a4','2022-05-16 13:36:25','2022-05-16 13:36:25',4,4,1,5,'73929a5bf256fd4c4137237fac93f8679c65f75bb7c1c10160c09e7e93cdcdf7',1,'{\"database\":{\"values\":[\"information_schema\"],\"isExcludes\":false,\"isRecursive\":false},\"column\":{\"values\":[\"c_highest_write_id\"],\"isExcludes\":false,\"isRecursive\":false},\"table\":{\"values\":[\"compactions\"],\"isExcludes\":false,\"isRecursive\":false}}',NULL),(11,'1bd99468-bbec-4bc9-8bed-dc1251ec8193','2022-05-16 13:36:26','2022-05-16 13:36:26',4,4,3,5,'1b6dec30ea03a56cd850c317882281fa11f01b984590323a608b009f24a24cfe',1,'{\"database\":{\"values\":[\"information_schema\"],\"isExcludes\":false,\"isRecursive\":false}}',NULL),(12,'0e8a1a94-ad04-48b3-8dc7-a7d5db89b8d8','2022-05-16 13:36:26','2022-05-16 13:36:26',4,4,1,5,'2e710a1b2b2a546fd5ceaea14092896d2899e16fd12e4c9106b0bf740e4477d4',1,'{\"database\":{\"values\":[\"information_schema\"],\"isExcludes\":false,\"isRecursive\":false},\"table\":{\"values\":[\"scheduled_queries\"],\"isExcludes\":false,\"isRecursive\":false}}',NULL),(13,'df3c8138-3f0f-4b7a-80f7-7b581392d27c','2022-05-16 13:36:26','2022-05-16 13:36:26',4,4,1,5,'5e326fc24323f6e9ab0823b4fa4d521a4d347c48a32c2bdbdcce51b6d3049f1b',1,'{\"database\":{\"values\":[\"information_schema\"],\"isExcludes\":false,\"isRecursive\":false},\"column\":{\"values\":[\"scheduled_query_id\"],\"isExcludes\":false,\"isRecursive\":false},\"table\":{\"values\":[\"scheduled_queries\"],\"isExcludes\":false,\"isRecursive\":false}}',NULL),(14,'b2d2aa08-5682-4371-82e0-5a26056c47ad','2022-05-16 13:36:26','2022-05-16 13:36:26',4,4,1,5,'a05f1c46044f3dbfc3969f404b6cb989804614b09358c0b417be5516bab2a81c',1,'{\"database\":{\"values\":[\"information_schema\"],\"isExcludes\":false,\"isRecursive\":false},\"column\":{\"values\":[\"schedule_name\"],\"isExcludes\":false,\"isRecursive\":false},\"table\":{\"values\":[\"scheduled_queries\"],\"isExcludes\":false,\"isRecursive\":false}}',NULL),(15,'503c6332-e50b-415e-8de7-788fc313b2bd','2022-05-16 13:36:26','2022-05-16 13:36:26',4,4,1,5,'d5f45c31e6a55f94b19e0238a400df2ccf87176db1a77aa0feb88fcb35e65dbc',1,'{\"database\":{\"values\":[\"information_schema\"],\"isExcludes\":false,\"isRecursive\":false},\"column\":{\"values\":[\"enabled\"],\"isExcludes\":false,\"isRecursive\":false},\"table\":{\"values\":[\"scheduled_queries\"],\"isExcludes\":false,\"isRecursive\":false}}',NULL),(16,'a3b04a27-c0bd-4435-a775-e3f122b0bc7d','2022-05-16 13:36:26','2022-05-16 13:36:26',4,4,1,5,'d6c7a414cb6161ed9e6a0edc9ad163852fa9a41e40499263d275772aca875518',1,'{\"database\":{\"values\":[\"information_schema\"],\"isExcludes\":false,\"isRecursive\":false},\"column\":{\"values\":[\"cluster_namespace\"],\"isExcludes\":false,\"isRecursive\":false},\"table\":{\"values\":[\"scheduled_queries\"],\"isExcludes\":false,\"isRecursive\":false}}',NULL),(17,'d5d300f1-62e5-4707-9b18-cdc9785e2982','2022-05-16 13:36:26','2022-05-16 13:36:26',4,4,1,5,'2cab931d6222954c21153053fc679ae3632ae15cc62f9b6ae57c783d6046c87c',1,'{\"database\":{\"values\":[\"information_schema\"],\"isExcludes\":false,\"isRecursive\":false},\"column\":{\"values\":[\"schedule\"],\"isExcludes\":false,\"isRecursive\":false},\"table\":{\"values\":[\"scheduled_queries\"],\"isExcludes\":false,\"isRecursive\":false}}',NULL),(18,'83599872-85d4-4f20-8798-fe4b504907a4','2022-05-16 13:36:26','2022-05-16 13:36:26',4,4,1,5,'5dceb3107cdc74e46d312a669fc83628002ab006569f95411acc3cb6ba74d301',1,'{\"database\":{\"values\":[\"information_schema\"],\"isExcludes\":false,\"isRecursive\":false},\"column\":{\"values\":[\"user\"],\"isExcludes\":false,\"isRecursive\":false},\"table\":{\"values\":[\"scheduled_queries\"],\"isExcludes\":false,\"isRecursive\":false}}',NULL),(19,'52862ab5-05cb-4ff9-ab46-61559f89541d','2022-05-16 13:36:26','2022-05-16 13:36:26',4,4,1,5,'39996098c8aace8a3dbe424bd3e977bb8e9ca9aeba2fcd7d7a7519d9ac3da24a',1,'{\"database\":{\"values\":[\"information_schema\"],\"isExcludes\":false,\"isRecursive\":false},\"column\":{\"values\":[\"query\"],\"isExcludes\":false,\"isRecursive\":false},\"table\":{\"values\":[\"scheduled_queries\"],\"isExcludes\":false,\"isRecursive\":false}}',NULL),(20,'3876d3ab-76d5-4cf3-941d-e035725b4c68','2022-05-16 13:36:26','2022-05-16 13:36:26',4,4,1,5,'8372d072ddf873009d417297522c6126d5618ff75777d469043b35d78d2a4905',1,'{\"database\":{\"values\":[\"information_schema\"],\"isExcludes\":false,\"isRecursive\":false},\"column\":{\"values\":[\"next_execution\"],\"isExcludes\":false,\"isRecursive\":false},\"table\":{\"values\":[\"scheduled_queries\"],\"isExcludes\":false,\"isRecursive\":false}}',NULL),(21,'88fc51fc-9393-41ce-ae7e-459aae684eb1','2022-05-16 13:36:26','2022-05-16 13:36:26',4,4,1,5,'5a0c6da882a38484d5b32de6854d3c51f66f66aea6b58a7474b1cde9af12e69a',1,'{\"database\":{\"values\":[\"information_schema\"],\"isExcludes\":false,\"isRecursive\":false},\"column\":{\"values\":[\"active_execution_id\"],\"isExcludes\":false,\"isRecursive\":false},\"table\":{\"values\":[\"scheduled_queries\"],\"isExcludes\":false,\"isRecursive\":false}}',NULL),(22,'7342306b-9862-45c4-8dcf-37d5a9a64dc7','2022-05-16 13:36:26','2022-05-16 13:36:26',4,4,1,5,'26f4b2821736d2cdce53d6491de36b0586e9296a9ba04edb63c170f520890fe9',1,'{\"database\":{\"values\":[\"information_schema\"],\"isExcludes\":false,\"isRecursive\":false},\"table\":{\"values\":[\"scheduled_executions\"],\"isExcludes\":false,\"isRecursive\":false}}',NULL),(23,'c41a0976-2dca-436d-a743-2c0252d86da2','2022-05-16 13:36:26','2022-05-16 13:36:26',4,4,1,5,'b17058f899e5638d0e42921974be944186579aff6ed1afa6dafe321404b7604b',1,'{\"database\":{\"values\":[\"information_schema\"],\"isExcludes\":false,\"isRecursive\":false},\"column\":{\"values\":[\"scheduled_execution_id\"],\"isExcludes\":false,\"isRecursive\":false},\"table\":{\"values\":[\"scheduled_executions\"],\"isExcludes\":false,\"isRecursive\":false}}',NULL),(24,'236d3919-0b31-46d2-a6cb-2a05d645e362','2022-05-16 13:36:26','2022-05-16 13:36:26',4,4,1,5,'18e4fe55d898c8ece23eda4c3dd27f64c9eb2b971debae6336a4498b828f169b',1,'{\"database\":{\"values\":[\"information_schema\"],\"isExcludes\":false,\"isRecursive\":false},\"column\":{\"values\":[\"schedule_name\"],\"isExcludes\":false,\"isRecursive\":false},\"table\":{\"values\":[\"scheduled_executions\"],\"isExcludes\":false,\"isRecursive\":false}}',NULL),(25,'c5241080-5f61-4420-80d9-50874b79dc43','2022-05-16 13:36:26','2022-05-16 13:36:26',4,4,1,5,'da757dd022d1784e50c0ceae1636bdf1af6ec766b7c3945712565605e77c5874',1,'{\"database\":{\"values\":[\"information_schema\"],\"isExcludes\":false,\"isRecursive\":false},\"column\":{\"values\":[\"executor_query_id\"],\"isExcludes\":false,\"isRecursive\":false},\"table\":{\"values\":[\"scheduled_executions\"],\"isExcludes\":false,\"isRecursive\":false}}',NULL),(26,'325c7902-ef5b-4e54-ab39-764c15152525','2022-05-16 13:36:26','2022-05-16 13:36:26',4,4,1,5,'6826dd715e082160951bbaee35b1c8cd54e465640bbf8406591295d4467325c8',1,'{\"database\":{\"values\":[\"information_schema\"],\"isExcludes\":false,\"isRecursive\":false},\"column\":{\"values\":[\"state\"],\"isExcludes\":false,\"isRecursive\":false},\"table\":{\"values\":[\"scheduled_executions\"],\"isExcludes\":false,\"isRecursive\":false}}',NULL),(27,'80778fb9-9de3-41bd-8053-cdd892dfd04b','2022-05-16 13:36:26','2022-05-16 13:36:26',4,4,1,5,'f5f4a5c267dd8c62c8f71b8835dc8418c0b4179e5a6735b82f2b468111293622',1,'{\"database\":{\"values\":[\"information_schema\"],\"isExcludes\":false,\"isRecursive\":false},\"column\":{\"values\":[\"start_time\"],\"isExcludes\":false,\"isRecursive\":false},\"table\":{\"values\":[\"scheduled_executions\"],\"isExcludes\":false,\"isRecursive\":false}}',NULL),(28,'cab9b30e-9ae8-4867-aecb-b178045d4b2d','2022-05-16 13:36:26','2022-05-16 13:36:26',4,4,1,5,'33c554b2bca4e0b714b12427256fc773dbbbcd4c35d8169ef5c10d8c9d6bfce7',1,'{\"database\":{\"values\":[\"information_schema\"],\"isExcludes\":false,\"isRecursive\":false},\"column\":{\"values\":[\"end_time\"],\"isExcludes\":false,\"isRecursive\":false},\"table\":{\"values\":[\"scheduled_executions\"],\"isExcludes\":false,\"isRecursive\":false}}',NULL),(29,'37daf785-e539-4c2c-b5fb-8ce7ca3a2119','2022-05-16 13:36:26','2022-05-16 13:36:26',4,4,1,5,'c8eb0d6c12b43409672ae1936a4ba05157dc9a1b2a2e7fbf110bb3096afa7bfa',1,'{\"database\":{\"values\":[\"information_schema\"],\"isExcludes\":false,\"isRecursive\":false},\"column\":{\"values\":[\"elapsed\"],\"isExcludes\":false,\"isRecursive\":false},\"table\":{\"values\":[\"scheduled_executions\"],\"isExcludes\":false,\"isRecursive\":false}}',NULL),(30,'274d5686-ada2-4ca0-b9ad-40f8cd0085a8','2022-05-16 13:36:26','2022-05-16 13:36:26',4,4,1,5,'e156b4971395622b659553623b0370fba4f7b32289bfdbf54663a8eed8937655',1,'{\"database\":{\"values\":[\"information_schema\"],\"isExcludes\":false,\"isRecursive\":false},\"column\":{\"values\":[\"error_message\"],\"isExcludes\":false,\"isRecursive\":false},\"table\":{\"values\":[\"scheduled_executions\"],\"isExcludes\":false,\"isRecursive\":false}}',NULL),(31,'c4ce0ff3-6c8f-46c5-b51c-e9230b187ea6','2022-05-16 13:36:26','2022-05-16 13:36:26',4,4,1,5,'08bd9a3c08f4f196820c17f0af2937f5ca9717a035befdeafa878af0b5468296',1,'{\"database\":{\"values\":[\"information_schema\"],\"isExcludes\":false,\"isRecursive\":false},\"column\":{\"values\":[\"last_update_time\"],\"isExcludes\":false,\"isRecursive\":false},\"table\":{\"values\":[\"scheduled_executions\"],\"isExcludes\":false,\"isRecursive\":false}}',NULL),(32,'43252119-0c76-436a-9766-10058354ab1f','2022-05-16 13:36:26','2022-05-16 13:36:26',4,4,1,5,'4ccc27e4e0859dbdb534c54ced7de63d122fb49f94b36fd6f31a8bfbd6129204',1,'{\"database\":{\"values\":[\"sys\"],\"isExcludes\":false,\"isRecursive\":false},\"table\":{\"values\":[\"cdh_version\"],\"isExcludes\":false,\"isRecursive\":false}}',NULL),(33,'e0592b78-8b7b-4f9c-8c7d-24468fed0810','2022-05-16 13:36:26','2022-05-16 13:36:26',4,4,1,5,'ed73b9c76dbb019c5410893b203364119705e729a03066e9a87e99efcfbf1966',1,'{\"database\":{\"values\":[\"sys\"],\"isExcludes\":false,\"isRecursive\":false},\"column\":{\"values\":[\"ver_id\"],\"isExcludes\":false,\"isRecursive\":false},\"table\":{\"values\":[\"cdh_version\"],\"isExcludes\":false,\"isRecursive\":false}}',NULL),(34,'1ff48d24-f1f7-4668-8ac8-c5cfeab000d5','2022-05-16 13:36:26','2022-05-16 13:36:26',4,4,1,5,'b2a5000750979201d37dee148167728cfa77d1a8e21bd6a84c7901667d9a2849',1,'{\"database\":{\"values\":[\"sys\"],\"isExcludes\":false,\"isRecursive\":false},\"column\":{\"values\":[\"schema_version\"],\"isExcludes\":false,\"isRecursive\":false},\"table\":{\"values\":[\"cdh_version\"],\"isExcludes\":false,\"isRecursive\":false}}',NULL),(35,'0dfcfcf4-13a2-4cfb-a0c8-80b85662e4f9','2022-05-16 13:36:26','2022-05-16 13:36:26',4,4,1,5,'281e43d3c8c6801a1a6c2bdead50ed7002ce93108a2fc4fce754fb2201e73faf',1,'{\"database\":{\"values\":[\"sys\"],\"isExcludes\":false,\"isRecursive\":false},\"column\":{\"values\":[\"version_comment\"],\"isExcludes\":false,\"isRecursive\":false},\"table\":{\"values\":[\"cdh_version\"],\"isExcludes\":false,\"isRecursive\":false}}',NULL),(36,'3cea5992-1eee-4bac-b098-a0f5ac3bccb0','2022-05-16 13:36:26','2022-05-16 13:36:26',4,4,1,5,'ec04e885cd3e672bdaba4b0ca6e73e46e9e8ca4a679a1987d10fbb0ec38887a2',1,'{\"database\":{\"values\":[\"sys\"],\"isExcludes\":false,\"isRecursive\":false}}',NULL),(37,'d3566e34-d019-497c-9b3c-17af8b3b5f64','2022-05-16 13:36:26','2022-05-18 09:52:00',4,4,4,8,'d163244388364474f7a282d04b26d9b58f68056c0308a4cfae5a2ac68423e5fc',1,'{\"topic\":{\"values\":[\"atlas_entities\"],\"isExcludes\":false,\"isRecursive\":true}}',NULL),(38,'eaf98fcf-b27e-4f57-bb19-363a9975fd45','2022-05-16 13:52:20','2022-05-16 13:52:20',4,4,1,5,'a75d596262dabaa1a0ea834e8e34883ec3db3e8f05e975188ae2e84af4d3efe4',1,'{\"database\":{\"values\":[\"default\"],\"isExcludes\":false,\"isRecursive\":false}}',NULL),(39,'a28539fb-e601-4838-aa86-782cb2b32f3b','2022-05-16 13:52:20','2022-05-17 12:35:50',4,4,2,1,'66458f96b9e7eeac4fd85a5adc06078be2770c2e9795701024d4a9b634c804d7',1,'{\"path\":{\"values\":[\"/warehouse/tablespace/external/hive\"],\"isExcludes\":false,\"isRecursive\":true}}',NULL),(40,'e3163c9d-77ac-4501-9841-76a28348be04','2022-05-17 12:37:14','2022-05-18 09:51:58',4,4,2,8,'8a6b64503db5cc6ffa18ce059e2b6070066afa3229d3c9598fc135ec4f01c7d5',1,'{\"topic\":{\"values\":[\"atlas_hook\"],\"isExcludes\":false,\"isRecursive\":true}}',NULL);
/*!40000 ALTER TABLE `x_service_resource` ENABLE KEYS */;
UNLOCK TABLES;

--
-- Table structure for table `x_service_version_info`
--

DROP TABLE IF EXISTS `x_service_version_info`;
/*!40101 SET @saved_cs_client     = @@character_set_client */;
/*!40101 SET character_set_client = utf8 */;
CREATE TABLE `x_service_version_info` (
  `id` bigint(20) NOT NULL AUTO_INCREMENT,
  `service_id` bigint(20) NOT NULL,
  `policy_version` bigint(20) NOT NULL DEFAULT 0,
  `policy_update_time` datetime DEFAULT NULL,
  `tag_version` bigint(20) NOT NULL DEFAULT 0,
  `tag_update_time` datetime DEFAULT NULL,
  `role_version` bigint(20) NOT NULL DEFAULT 0,
  `role_update_time` datetime DEFAULT NULL,
  `version` bigint(20) NOT NULL DEFAULT 1,
  PRIMARY KEY (`id`),
  KEY `x_service_version_info_IDX_service_id` (`service_id`),
  CONSTRAINT `x_service_version_info_FK_service_id` FOREIGN KEY (`service_id`) REFERENCES `x_service` (`id`)
) ENGINE=InnoDB AUTO_INCREMENT=12 DEFAULT CHARSET=utf8 ROW_FORMAT=DYNAMIC;
/*!40101 SET character_set_client = @saved_cs_client */;

--
-- Dumping data for table `x_service_version_info`
--

LOCK TABLES `x_service_version_info` WRITE;
/*!40000 ALTER TABLE `x_service_version_info` DISABLE KEYS */;
INSERT INTO `x_service_version_info` VALUES (1,1,9,'2022-05-18 10:23:54',3,'2022-05-18 09:49:21',1,'2022-05-16 13:25:00',11),(2,2,4,'2022-05-18 09:49:20',3,'2022-05-18 09:49:21',1,'2022-05-16 13:25:00',6),(3,3,6,'2022-05-18 10:20:39',3,'2022-05-18 09:49:21',1,'2022-05-16 13:25:03',8),(4,4,6,'2022-05-18 10:29:18',3,'2022-05-18 09:49:21',1,'2022-05-16 13:25:06',8),(5,5,22,'2022-05-18 10:19:41',3,'2022-05-18 09:49:21',1,'2022-05-16 13:25:09',24),(6,6,6,'2022-05-18 10:27:15',3,'2022-05-18 09:49:21',1,'2022-05-16 13:25:12',8),(7,7,7,'2022-05-18 09:49:21',3,'2022-05-18 09:49:21',1,'2022-05-16 13:25:16',9),(8,8,18,'2022-05-18 10:26:33',3,'2022-05-18 09:49:21',1,'2022-05-16 13:25:18',20),(9,9,16,'2022-05-18 10:14:04',3,'2022-05-18 09:49:21',1,'2022-05-16 13:25:22',18),(10,10,6,'2022-05-18 10:27:45',3,'2022-05-18 09:49:21',1,'2022-05-16 13:25:25',8),(11,11,4,'2022-05-18 09:49:21',3,'2022-05-18 09:49:21',1,'2022-05-16 13:25:28',6);
/*!40000 ALTER TABLE `x_service_version_info` ENABLE KEYS */;
UNLOCK TABLES;

--
-- Table structure for table `x_tag`
--

DROP TABLE IF EXISTS `x_tag`;
/*!40101 SET @saved_cs_client     = @@character_set_client */;
/*!40101 SET character_set_client = utf8 */;
CREATE TABLE `x_tag` (
  `id` bigint(20) NOT NULL AUTO_INCREMENT,
  `guid` varchar(64) NOT NULL,
  `create_time` datetime DEFAULT NULL,
  `update_time` datetime DEFAULT NULL,
  `added_by_id` bigint(20) DEFAULT NULL,
  `upd_by_id` bigint(20) DEFAULT NULL,
  `version` bigint(20) DEFAULT NULL,
  `type` bigint(20) NOT NULL,
  `owned_by` smallint(6) NOT NULL DEFAULT 0,
  `policy_options` varchar(4000) DEFAULT NULL,
  `tag_attrs_text` mediumtext DEFAULT NULL,
  PRIMARY KEY (`id`),
  UNIQUE KEY `x_tag_UK_guid` (`guid`),
  KEY `x_tag_IDX_type` (`type`),
  KEY `x_tag_IDX_added_by_id` (`added_by_id`),
  KEY `x_tag_IDX_upd_by_id` (`upd_by_id`),
  CONSTRAINT `x_tag_FK_added_by_id` FOREIGN KEY (`added_by_id`) REFERENCES `x_portal_user` (`id`),
  CONSTRAINT `x_tag_FK_type` FOREIGN KEY (`type`) REFERENCES `x_tag_def` (`id`),
  CONSTRAINT `x_tag_FK_upd_by_id` FOREIGN KEY (`upd_by_id`) REFERENCES `x_portal_user` (`id`)
) ENGINE=InnoDB DEFAULT CHARSET=utf8 ROW_FORMAT=DYNAMIC;
/*!40101 SET character_set_client = @saved_cs_client */;

--
-- Dumping data for table `x_tag`
--

LOCK TABLES `x_tag` WRITE;
/*!40000 ALTER TABLE `x_tag` DISABLE KEYS */;
/*!40000 ALTER TABLE `x_tag` ENABLE KEYS */;
UNLOCK TABLES;

--
-- Table structure for table `x_tag_change_log`
--

DROP TABLE IF EXISTS `x_tag_change_log`;
/*!40101 SET @saved_cs_client     = @@character_set_client */;
/*!40101 SET character_set_client = utf8 */;
CREATE TABLE `x_tag_change_log` (
  `id` bigint(20) NOT NULL AUTO_INCREMENT,
  `create_time` datetime DEFAULT NULL,
  `service_id` bigint(20) NOT NULL,
  `change_type` int(11) NOT NULL,
  `service_tags_version` bigint(20) NOT NULL DEFAULT 0,
  `service_resource_id` bigint(20) DEFAULT NULL,
  `tag_id` bigint(20) DEFAULT NULL,
  PRIMARY KEY (`id`),
  UNIQUE KEY `x_tag_change_log_uk_service_id_service_tags_version` (`service_id`,`service_tags_version`),
  KEY `x_tag_change_log_IDX_service_id` (`service_id`),
  KEY `x_tag_change_log_IDX_tag_version` (`service_tags_version`)
) ENGINE=InnoDB AUTO_INCREMENT=23 DEFAULT CHARSET=utf8 ROW_FORMAT=DYNAMIC;
/*!40101 SET character_set_client = @saved_cs_client */;

--
-- Dumping data for table `x_tag_change_log`
--

LOCK TABLES `x_tag_change_log` WRITE;
/*!40000 ALTER TABLE `x_tag_change_log` DISABLE KEYS */;
INSERT INTO `x_tag_change_log` VALUES (1,'2022-05-17 12:34:36',1,4,2,NULL,NULL),(2,'2022-05-17 12:34:36',2,4,2,NULL,NULL),(3,'2022-05-17 12:34:36',3,4,2,NULL,NULL),(4,'2022-05-17 12:34:36',4,4,2,NULL,NULL),(5,'2022-05-17 12:34:36',5,4,2,NULL,NULL),(6,'2022-05-17 12:34:36',6,4,2,NULL,NULL),(7,'2022-05-17 12:34:36',7,4,2,NULL,NULL),(8,'2022-05-17 12:34:36',8,4,2,NULL,NULL),(9,'2022-05-17 12:34:36',9,4,2,NULL,NULL),(10,'2022-05-17 12:34:36',10,4,2,NULL,NULL),(11,'2022-05-17 12:34:36',11,4,2,NULL,NULL),(12,'2022-05-18 09:49:21',1,4,3,NULL,NULL),(13,'2022-05-18 09:49:21',2,4,3,NULL,NULL),(14,'2022-05-18 09:49:21',3,4,3,NULL,NULL),(15,'2022-05-18 09:49:21',4,4,3,NULL,NULL),(16,'2022-05-18 09:49:21',5,4,3,NULL,NULL),(17,'2022-05-18 09:49:21',6,4,3,NULL,NULL),(18,'2022-05-18 09:49:21',7,4,3,NULL,NULL),(19,'2022-05-18 09:49:21',8,4,3,NULL,NULL),(20,'2022-05-18 09:49:21',9,4,3,NULL,NULL),(21,'2022-05-18 09:49:21',10,4,3,NULL,NULL),(22,'2022-05-18 09:49:21',11,4,3,NULL,NULL);
/*!40000 ALTER TABLE `x_tag_change_log` ENABLE KEYS */;
UNLOCK TABLES;

--
-- Table structure for table `x_tag_def`
--

DROP TABLE IF EXISTS `x_tag_def`;
/*!40101 SET @saved_cs_client     = @@character_set_client */;
/*!40101 SET character_set_client = utf8 */;
CREATE TABLE `x_tag_def` (
  `id` bigint(20) NOT NULL AUTO_INCREMENT,
  `guid` varchar(64) NOT NULL,
  `create_time` datetime DEFAULT NULL,
  `update_time` datetime DEFAULT NULL,
  `added_by_id` bigint(20) DEFAULT NULL,
  `upd_by_id` bigint(20) DEFAULT NULL,
  `version` bigint(20) DEFAULT NULL,
  `name` varchar(255) NOT NULL,
  `source` varchar(128) DEFAULT NULL,
  `is_enabled` tinyint(1) NOT NULL DEFAULT 0,
  `tag_attrs_def_text` mediumtext DEFAULT NULL,
  PRIMARY KEY (`id`),
  UNIQUE KEY `x_tag_def_UK_guid` (`guid`),
  UNIQUE KEY `x_tag_def_UK_name` (`name`),
  KEY `x_tag_def_IDX_added_by_id` (`added_by_id`),
  KEY `x_tag_def_IDX_upd_by_id` (`upd_by_id`),
  CONSTRAINT `x_tag_def_FK_added_by_id` FOREIGN KEY (`added_by_id`) REFERENCES `x_portal_user` (`id`),
  CONSTRAINT `x_tag_def_FK_upd_by_id` FOREIGN KEY (`upd_by_id`) REFERENCES `x_portal_user` (`id`)
) ENGINE=InnoDB DEFAULT CHARSET=utf8 ROW_FORMAT=DYNAMIC;
/*!40101 SET character_set_client = @saved_cs_client */;

--
-- Dumping data for table `x_tag_def`
--

LOCK TABLES `x_tag_def` WRITE;
/*!40000 ALTER TABLE `x_tag_def` DISABLE KEYS */;
/*!40000 ALTER TABLE `x_tag_def` ENABLE KEYS */;
UNLOCK TABLES;

--
-- Table structure for table `x_tag_resource_map`
--

DROP TABLE IF EXISTS `x_tag_resource_map`;
/*!40101 SET @saved_cs_client     = @@character_set_client */;
/*!40101 SET character_set_client = utf8 */;
CREATE TABLE `x_tag_resource_map` (
  `id` bigint(20) NOT NULL AUTO_INCREMENT,
  `guid` varchar(64) NOT NULL,
  `create_time` datetime DEFAULT NULL,
  `update_time` datetime DEFAULT NULL,
  `added_by_id` bigint(20) DEFAULT NULL,
  `upd_by_id` bigint(20) DEFAULT NULL,
  `tag_id` bigint(20) NOT NULL,
  `res_id` bigint(20) NOT NULL,
  PRIMARY KEY (`id`),
  UNIQUE KEY `x_tag_res_map_UK_guid` (`guid`),
  KEY `x_tag_res_map_IDX_tag_id` (`tag_id`),
  KEY `x_tag_res_map_IDX_res_id` (`res_id`),
  KEY `x_tag_res_map_IDX_added_by_id` (`added_by_id`),
  KEY `x_tag_res_map_IDX_upd_by_id` (`upd_by_id`),
  CONSTRAINT `x_tag_res_map_FK_added_by_id` FOREIGN KEY (`added_by_id`) REFERENCES `x_portal_user` (`id`),
  CONSTRAINT `x_tag_res_map_FK_res_id` FOREIGN KEY (`res_id`) REFERENCES `x_service_resource` (`id`),
  CONSTRAINT `x_tag_res_map_FK_tag_id` FOREIGN KEY (`tag_id`) REFERENCES `x_tag` (`id`),
  CONSTRAINT `x_tag_res_map_FK_upd_by_id` FOREIGN KEY (`upd_by_id`) REFERENCES `x_portal_user` (`id`)
) ENGINE=InnoDB DEFAULT CHARSET=utf8 ROW_FORMAT=DYNAMIC;
/*!40101 SET character_set_client = @saved_cs_client */;

--
-- Dumping data for table `x_tag_resource_map`
--

LOCK TABLES `x_tag_resource_map` WRITE;
/*!40000 ALTER TABLE `x_tag_resource_map` DISABLE KEYS */;
/*!40000 ALTER TABLE `x_tag_resource_map` ENABLE KEYS */;
UNLOCK TABLES;

--
-- Table structure for table `x_trx_log`
--

DROP TABLE IF EXISTS `x_trx_log`;
/*!40101 SET @saved_cs_client     = @@character_set_client */;
/*!40101 SET character_set_client = utf8 */;
CREATE TABLE `x_trx_log` (
  `id` bigint(20) NOT NULL AUTO_INCREMENT,
  `create_time` datetime DEFAULT NULL,
  `update_time` datetime DEFAULT NULL,
  `added_by_id` bigint(20) DEFAULT NULL,
  `upd_by_id` bigint(20) DEFAULT NULL,
  `class_type` int(11) NOT NULL DEFAULT 0,
  `object_id` bigint(20) DEFAULT NULL,
  `parent_object_id` bigint(20) DEFAULT NULL,
  `parent_object_class_type` int(11) NOT NULL DEFAULT 0,
  `parent_object_name` varchar(1024) DEFAULT NULL,
  `object_name` varchar(1024) DEFAULT NULL,
  `attr_name` varchar(255) DEFAULT NULL,
  `prev_val` mediumtext DEFAULT NULL,
  `new_val` mediumtext DEFAULT NULL,
  `trx_id` varchar(1024) DEFAULT NULL,
  `action` varchar(255) DEFAULT NULL,
  `sess_id` varchar(512) DEFAULT NULL,
  `req_id` varchar(30) DEFAULT NULL,
  `sess_type` varchar(30) DEFAULT NULL,
  PRIMARY KEY (`id`),
  KEY `x_trx_log_FK_added_by_id` (`added_by_id`),
  KEY `x_trx_log_FK_upd_by_id` (`upd_by_id`),
  KEY `x_trx_log_cr_time` (`create_time`),
  KEY `x_trx_log_up_time` (`update_time`),
  CONSTRAINT `x_trx_log_FK_added_by_id` FOREIGN KEY (`added_by_id`) REFERENCES `x_portal_user` (`id`),
  CONSTRAINT `x_trx_log_FK_upd_by_id` FOREIGN KEY (`upd_by_id`) REFERENCES `x_portal_user` (`id`)
) ENGINE=InnoDB AUTO_INCREMENT=782 DEFAULT CHARSET=utf8 ROW_FORMAT=DYNAMIC;
/*!40101 SET character_set_client = @saved_cs_client */;

--
-- Dumping data for table `x_trx_log`
--

LOCK TABLES `x_trx_log` WRITE;
/*!40000 ALTER TABLE `x_trx_log` DISABLE KEYS */;
INSERT INTO `x_trx_log` VALUES (1,'2022-05-16 13:24:11','2022-05-16 13:24:11',1,1,7,1,NULL,0,NULL,'admin','Password','*****','*****','-6936514159196682394','password change',NULL,'-6936514159196682394','Spring Authenticated Session'),(2,'2022-05-16 13:24:11','2022-05-16 13:24:11',4,4,7,4,NULL,0,NULL,'rangertagsync','Password','*****','*****','-7242928911923067055','password change',NULL,'-7242928911923067055','Spring Authenticated Session'),(3,'2022-05-16 13:24:11','2022-05-16 13:24:11',2,2,7,2,NULL,0,NULL,'rangerusersync','Password','*****','*****','-261711884621361989','password change',NULL,'-261711884621361989','Spring Authenticated Session'),(4,'2022-05-16 13:24:11','2022-05-16 13:24:11',3,3,7,3,NULL,0,NULL,'keyadmin','Password','*****','*****','-6126360560818042534','password change',NULL,'-6126360560818042534','Spring Authenticated Session'),(5,'2022-05-16 13:24:57','2022-05-16 13:24:57',2,2,1003,7,NULL,0,NULL,'atlas','Login ID',NULL,'atlas','2675105739572858443','create','1','2675105739572858443','Spring Authenticated Session'),(6,'2022-05-16 13:24:57','2022-05-16 13:24:57',2,2,1003,7,NULL,0,NULL,'atlas','User Role',NULL,'[ROLE_USER]','2675105739572858443','create','1','2675105739572858443','Spring Authenticated Session'),(7,'2022-05-16 13:24:57','2022-05-16 13:24:57',2,2,1003,8,NULL,0,NULL,'cmadmin-4483f1fa','Login ID',NULL,'cmadmin-4483f1fa','1600609431261891248','create','1','1600609431261891248','Spring Authenticated Session'),(8,'2022-05-16 13:24:57','2022-05-16 13:24:57',2,2,1003,8,NULL,0,NULL,'cmadmin-4483f1fa','User Role',NULL,'[ROLE_USER]','1600609431261891248','create','1','1600609431261891248','Spring Authenticated Session'),(9,'2022-05-16 13:24:57','2022-05-16 13:24:57',2,2,1003,9,NULL,0,NULL,'nifi','Login ID',NULL,'nifi','5463607398590006770','create','1','5463607398590006770','Spring Authenticated Session'),(10,'2022-05-16 13:24:57','2022-05-16 13:24:57',2,2,1003,9,NULL,0,NULL,'nifi','User Role',NULL,'[ROLE_USER]','5463607398590006770','create','1','5463607398590006770','Spring Authenticated Session'),(11,'2022-05-16 13:24:57','2022-05-16 13:24:57',2,2,1003,10,NULL,0,NULL,'stella_sale','Login ID',NULL,'stella_sale','1224364241675764496','create','1','1224364241675764496','Spring Authenticated Session'),(12,'2022-05-16 13:24:57','2022-05-16 13:24:57',2,2,1003,10,NULL,0,NULL,'stella_sale','User Role',NULL,'[ROLE_USER]','1224364241675764496','create','1','1224364241675764496','Spring Authenticated Session'),(13,'2022-05-16 13:24:57','2022-05-16 13:24:57',2,2,1003,11,NULL,0,NULL,'dpprofiler','Login ID',NULL,'dpprofiler','-985658485431384621','create','1','-985658485431384621','Spring Authenticated Session'),(14,'2022-05-16 13:24:57','2022-05-16 13:24:57',2,2,1003,11,NULL,0,NULL,'dpprofiler','User Role',NULL,'[ROLE_USER]','-985658485431384621','create','1','-985658485431384621','Spring Authenticated Session'),(15,'2022-05-16 13:24:57','2022-05-16 13:24:57',2,2,1003,12,NULL,0,NULL,'flume','Login ID',NULL,'flume','1019737103492139890','create','1','1019737103492139890','Spring Authenticated Session'),(16,'2022-05-16 13:24:57','2022-05-16 13:24:57',2,2,1003,12,NULL,0,NULL,'flume','User Role',NULL,'[ROLE_USER]','1019737103492139890','create','1','1019737103492139890','Spring Authenticated Session'),(17,'2022-05-16 13:24:57','2022-05-16 13:24:57',2,2,1003,13,NULL,0,NULL,'schemaregistry','Login ID',NULL,'schemaregistry','6554622584177444195','create','1','6554622584177444195','Spring Authenticated Session'),(18,'2022-05-16 13:24:57','2022-05-16 13:24:57',2,2,1003,13,NULL,0,NULL,'schemaregistry','User Role',NULL,'[ROLE_USER]','6554622584177444195','create','1','6554622584177444195','Spring Authenticated Session'),(19,'2022-05-16 13:24:57','2022-05-16 13:24:57',2,2,1003,14,NULL,0,NULL,'omar_ops','Login ID',NULL,'omar_ops','-2780199015270628182','create','1','-2780199015270628182','Spring Authenticated Session'),(20,'2022-05-16 13:24:57','2022-05-16 13:24:57',2,2,1003,14,NULL,0,NULL,'omar_ops','User Role',NULL,'[ROLE_USER]','-2780199015270628182','create','1','-2780199015270628182','Spring Authenticated Session'),(21,'2022-05-16 13:24:57','2022-05-16 13:24:57',2,2,1003,15,NULL,0,NULL,'bo_biz','Login ID',NULL,'bo_biz','-1373500902868955165','create','1','-1373500902868955165','Spring Authenticated Session'),(22,'2022-05-16 13:24:57','2022-05-16 13:24:57',2,2,1003,15,NULL,0,NULL,'bo_biz','User Role',NULL,'[ROLE_USER]','-1373500902868955165','create','1','-1373500902868955165','Spring Authenticated Session'),(23,'2022-05-16 13:24:57','2022-05-16 13:24:57',2,2,1003,16,NULL,0,NULL,'zookeeper','Login ID',NULL,'zookeeper','251019607138911443','create','1','251019607138911443','Spring Authenticated Session'),(24,'2022-05-16 13:24:57','2022-05-16 13:24:57',2,2,1003,16,NULL,0,NULL,'zookeeper','User Role',NULL,'[ROLE_USER]','251019607138911443','create','1','251019607138911443','Spring Authenticated Session'),(25,'2022-05-16 13:24:57','2022-05-16 13:24:57',2,2,1003,17,NULL,0,NULL,'tez','Login ID',NULL,'tez','-5952376261487604476','create','1','-5952376261487604476','Spring Authenticated Session'),(26,'2022-05-16 13:24:57','2022-05-16 13:24:57',2,2,1003,17,NULL,0,NULL,'tez','User Role',NULL,'[ROLE_USER]','-5952376261487604476','create','1','-5952376261487604476','Spring Authenticated Session'),(27,'2022-05-16 13:24:57','2022-05-16 13:24:57',2,2,1003,18,NULL,0,NULL,'nifiregistry','Login ID',NULL,'nifiregistry','8514992743221119947','create','1','8514992743221119947','Spring Authenticated Session'),(28,'2022-05-16 13:24:57','2022-05-16 13:24:57',2,2,1003,18,NULL,0,NULL,'nifiregistry','User Role',NULL,'[ROLE_USER]','8514992743221119947','create','1','8514992743221119947','Spring Authenticated Session'),(29,'2022-05-16 13:24:57','2022-05-16 13:24:57',2,2,1003,19,NULL,0,NULL,'impala','Login ID',NULL,'impala','-1488368740425252234','create','1','-1488368740425252234','Spring Authenticated Session'),(30,'2022-05-16 13:24:57','2022-05-16 13:24:57',2,2,1003,19,NULL,0,NULL,'impala','User Role',NULL,'[ROLE_USER]','-1488368740425252234','create','1','-1488368740425252234','Spring Authenticated Session'),(31,'2022-05-16 13:24:57','2022-05-16 13:24:57',2,2,1003,20,NULL,0,NULL,'dana_dev','Login ID',NULL,'dana_dev','-3643641737476028564','create','1','-3643641737476028564','Spring Authenticated Session'),(32,'2022-05-16 13:24:57','2022-05-16 13:24:57',2,2,1003,20,NULL,0,NULL,'dana_dev','User Role',NULL,'[ROLE_USER]','-3643641737476028564','create','1','-3643641737476028564','Spring Authenticated Session'),(33,'2022-05-16 13:24:57','2022-05-16 13:24:57',2,2,1003,21,NULL,0,NULL,'flink','Login ID',NULL,'flink','1178757492476628001','create','1','1178757492476628001','Spring Authenticated Session'),(34,'2022-05-16 13:24:57','2022-05-16 13:24:57',2,2,1003,21,NULL,0,NULL,'flink','User Role',NULL,'[ROLE_USER]','1178757492476628001','create','1','1178757492476628001','Spring Authenticated Session'),(35,'2022-05-16 13:24:57','2022-05-16 13:24:57',2,2,1003,22,NULL,0,NULL,'grace_gov','Login ID',NULL,'grace_gov','5355206455599974542','create','1','5355206455599974542','Spring Authenticated Session'),(36,'2022-05-16 13:24:57','2022-05-16 13:24:57',2,2,1003,22,NULL,0,NULL,'grace_gov','User Role',NULL,'[ROLE_USER]','5355206455599974542','create','1','5355206455599974542','Spring Authenticated Session'),(37,'2022-05-16 13:24:57','2022-05-16 13:24:57',2,2,1003,23,NULL,0,NULL,'livy','Login ID',NULL,'livy','-9052443108733990777','create','1','-9052443108733990777','Spring Authenticated Session'),(38,'2022-05-16 13:24:57','2022-05-16 13:24:57',2,2,1003,23,NULL,0,NULL,'livy','User Role',NULL,'[ROLE_USER]','-9052443108733990777','create','1','-9052443108733990777','Spring Authenticated Session'),(39,'2022-05-16 13:24:57','2022-05-16 13:24:57',2,2,1003,24,NULL,0,NULL,'druid','Login ID',NULL,'druid','8501136955581615560','create','1','8501136955581615560','Spring Authenticated Session'),(40,'2022-05-16 13:24:57','2022-05-16 13:24:57',2,2,1003,24,NULL,0,NULL,'druid','User Role',NULL,'[ROLE_USER]','8501136955581615560','create','1','8501136955581615560','Spring Authenticated Session'),(41,'2022-05-16 13:24:57','2022-05-16 13:24:57',2,2,1003,25,NULL,0,NULL,'kafka','Login ID',NULL,'kafka','4674126552707711129','create','1','4674126552707711129','Spring Authenticated Session'),(42,'2022-05-16 13:24:57','2022-05-16 13:24:57',2,2,1003,25,NULL,0,NULL,'kafka','User Role',NULL,'[ROLE_USER]','4674126552707711129','create','1','4674126552707711129','Spring Authenticated Session'),(43,'2022-05-16 13:24:57','2022-05-16 13:24:57',2,2,1003,26,NULL,0,NULL,'allan_admin','Login ID',NULL,'allan_admin','-4545299612605331817','create','1','-4545299612605331817','Spring Authenticated Session'),(44,'2022-05-16 13:24:57','2022-05-16 13:24:57',2,2,1003,26,NULL,0,NULL,'allan_admin','User Role',NULL,'[ROLE_USER]','-4545299612605331817','create','1','-4545299612605331817','Spring Authenticated Session'),(45,'2022-05-16 13:24:57','2022-05-16 13:24:57',2,2,1003,27,NULL,0,NULL,'streamsrepmgr','Login ID',NULL,'streamsrepmgr','-4108024175292038224','create','1','-4108024175292038224','Spring Authenticated Session'),(46,'2022-05-16 13:24:57','2022-05-16 13:24:58',2,2,1003,27,NULL,0,NULL,'streamsrepmgr','User Role',NULL,'[ROLE_USER]','-4108024175292038224','create','1','-4108024175292038224','Spring Authenticated Session'),(47,'2022-05-16 13:24:58','2022-05-16 13:24:58',2,2,1003,28,NULL,0,NULL,'support','Login ID',NULL,'support','6060526254488964999','create','1','6060526254488964999','Spring Authenticated Session'),(48,'2022-05-16 13:24:58','2022-05-16 13:24:58',2,2,1003,28,NULL,0,NULL,'support','User Role',NULL,'[ROLE_USER]','6060526254488964999','create','1','6060526254488964999','Spring Authenticated Session'),(49,'2022-05-16 13:24:58','2022-05-16 13:24:58',2,2,1003,29,NULL,0,NULL,'mapred','Login ID',NULL,'mapred','-8817823586979527287','create','1','-8817823586979527287','Spring Authenticated Session'),(50,'2022-05-16 13:24:58','2022-05-16 13:24:58',2,2,1003,29,NULL,0,NULL,'mapred','User Role',NULL,'[ROLE_USER]','-8817823586979527287','create','1','-8817823586979527287','Spring Authenticated Session'),(51,'2022-05-16 13:24:58','2022-05-16 13:24:58',2,2,1003,30,NULL,0,NULL,'knox','Login ID',NULL,'knox','3253326934348875269','create','1','3253326934348875269','Spring Authenticated Session'),(52,'2022-05-16 13:24:58','2022-05-16 13:24:58',2,2,1003,30,NULL,0,NULL,'knox','User Role',NULL,'[ROLE_USER]','3253326934348875269','create','1','3253326934348875269','Spring Authenticated Session'),(53,'2022-05-16 13:24:58','2022-05-16 13:24:58',2,2,1003,31,NULL,0,NULL,'hive','Login ID',NULL,'hive','-7039127941009683117','create','1','-7039127941009683117','Spring Authenticated Session'),(54,'2022-05-16 13:24:58','2022-05-16 13:24:58',2,2,1003,31,NULL,0,NULL,'hive','User Role',NULL,'[ROLE_USER]','-7039127941009683117','create','1','-7039127941009683117','Spring Authenticated Session'),(55,'2022-05-16 13:24:58','2022-05-16 13:24:58',2,2,1003,32,NULL,0,NULL,'cloudera-scm','Login ID',NULL,'cloudera-scm','2123010173413968989','create','1','2123010173413968989','Spring Authenticated Session'),(56,'2022-05-16 13:24:58','2022-05-16 13:24:58',2,2,1003,32,NULL,0,NULL,'cloudera-scm','User Role',NULL,'[ROLE_USER]','2123010173413968989','create','1','2123010173413968989','Spring Authenticated Session'),(57,'2022-05-16 13:24:58','2022-05-16 13:24:58',2,2,1003,33,NULL,0,NULL,'httpfs','Login ID',NULL,'httpfs','-3933784833021951723','create','1','-3933784833021951723','Spring Authenticated Session'),(58,'2022-05-16 13:24:58','2022-05-16 13:24:58',2,2,1003,33,NULL,0,NULL,'httpfs','User Role',NULL,'[ROLE_USER]','-3933784833021951723','create','1','-3933784833021951723','Spring Authenticated Session'),(59,'2022-05-16 13:24:58','2022-05-16 13:24:58',2,2,1003,34,NULL,0,NULL,'superset','Login ID',NULL,'superset','8085206071523102245','create','1','8085206071523102245','Spring Authenticated Session'),(60,'2022-05-16 13:24:58','2022-05-16 13:24:58',2,2,1003,34,NULL,0,NULL,'superset','User Role',NULL,'[ROLE_USER]','8085206071523102245','create','1','8085206071523102245','Spring Authenticated Session'),(61,'2022-05-16 13:24:58','2022-05-16 13:24:58',2,2,1003,35,NULL,0,NULL,'denis_deng','Login ID',NULL,'denis_deng','-3194596000623147279','create','1','-3194596000623147279','Spring Authenticated Session'),(62,'2022-05-16 13:24:58','2022-05-16 13:24:58',2,2,1003,35,NULL,0,NULL,'denis_deng','User Role',NULL,'[ROLE_USER]','-3194596000623147279','create','1','-3194596000623147279','Spring Authenticated Session'),(63,'2022-05-16 13:24:58','2022-05-16 13:24:58',2,2,1003,36,NULL,0,NULL,'streamsmsgmgr','Login ID',NULL,'streamsmsgmgr','-6756477693859050496','create','1','-6756477693859050496','Spring Authenticated Session'),(64,'2022-05-16 13:24:58','2022-05-16 13:24:58',2,2,1003,36,NULL,0,NULL,'streamsmsgmgr','User Role',NULL,'[ROLE_USER]','-6756477693859050496','create','1','-6756477693859050496','Spring Authenticated Session'),(65,'2022-05-16 13:24:58','2022-05-16 13:24:58',2,2,1003,37,NULL,0,NULL,'ranger','Login ID',NULL,'ranger','-3532098596591743574','create','1','-3532098596591743574','Spring Authenticated Session'),(66,'2022-05-16 13:24:58','2022-05-16 13:24:58',2,2,1003,37,NULL,0,NULL,'ranger','User Role',NULL,'[ROLE_USER]','-3532098596591743574','create','1','-3532098596591743574','Spring Authenticated Session'),(67,'2022-05-16 13:24:58','2022-05-16 13:24:58',2,2,1003,38,NULL,0,NULL,'kudu','Login ID',NULL,'kudu','-6238609967642949627','create','1','-6238609967642949627','Spring Authenticated Session'),(68,'2022-05-16 13:24:58','2022-05-16 13:24:58',2,2,1003,38,NULL,0,NULL,'kudu','User Role',NULL,'[ROLE_USER]','-6238609967642949627','create','1','-6238609967642949627','Spring Authenticated Session'),(69,'2022-05-16 13:24:58','2022-05-16 13:24:58',2,2,1003,39,NULL,0,NULL,'training','Login ID',NULL,'training','-5720550317358428338','create','1','-5720550317358428338','Spring Authenticated Session'),(70,'2022-05-16 13:24:58','2022-05-16 13:24:58',2,2,1003,39,NULL,0,NULL,'training','User Role',NULL,'[ROLE_USER]','-5720550317358428338','create','1','-5720550317358428338','Spring Authenticated Session'),(71,'2022-05-16 13:24:58','2022-05-16 13:24:58',2,2,1003,40,NULL,0,NULL,'hamal_hr','Login ID',NULL,'hamal_hr','-8673787868274078577','create','1','-8673787868274078577','Spring Authenticated Session'),(72,'2022-05-16 13:24:58','2022-05-16 13:24:58',2,2,1003,40,NULL,0,NULL,'hamal_hr','User Role',NULL,'[ROLE_USER]','-8673787868274078577','create','1','-8673787868274078577','Spring Authenticated Session'),(73,'2022-05-16 13:24:58','2022-05-16 13:24:58',2,2,1003,41,NULL,0,NULL,'steff_sci','Login ID',NULL,'steff_sci','5814859706349863212','create','1','5814859706349863212','Spring Authenticated Session'),(74,'2022-05-16 13:24:58','2022-05-16 13:24:58',2,2,1003,41,NULL,0,NULL,'steff_sci','User Role',NULL,'[ROLE_USER]','5814859706349863212','create','1','5814859706349863212','Spring Authenticated Session'),(75,'2022-05-16 13:24:58','2022-05-16 13:24:58',2,2,1003,42,NULL,0,NULL,'omid','Login ID',NULL,'omid','-5332398559351779591','create','1','-5332398559351779591','Spring Authenticated Session'),(76,'2022-05-16 13:24:58','2022-05-16 13:24:58',2,2,1003,42,NULL,0,NULL,'omid','User Role',NULL,'[ROLE_USER]','-5332398559351779591','create','1','-5332398559351779591','Spring Authenticated Session'),(77,'2022-05-16 13:24:58','2022-05-16 13:24:58',2,2,1003,43,NULL,0,NULL,'ozone','Login ID',NULL,'ozone','8101103057511989977','create','1','8101103057511989977','Spring Authenticated Session'),(78,'2022-05-16 13:24:58','2022-05-16 13:24:58',2,2,1003,43,NULL,0,NULL,'ozone','User Role',NULL,'[ROLE_USER]','8101103057511989977','create','1','8101103057511989977','Spring Authenticated Session'),(79,'2022-05-16 13:24:58','2022-05-16 13:24:58',2,2,1003,44,NULL,0,NULL,'nifitoolkit','Login ID',NULL,'nifitoolkit','-2191434691600757415','create','1','-2191434691600757415','Spring Authenticated Session'),(80,'2022-05-16 13:24:58','2022-05-16 13:24:58',2,2,1003,44,NULL,0,NULL,'nifitoolkit','User Role',NULL,'[ROLE_USER]','-2191434691600757415','create','1','-2191434691600757415','Spring Authenticated Session'),(81,'2022-05-16 13:24:58','2022-05-16 13:24:58',2,2,1003,45,NULL,0,NULL,'kms','Login ID',NULL,'kms','986264932437282430','create','1','986264932437282430','Spring Authenticated Session'),(82,'2022-05-16 13:24:58','2022-05-16 13:24:58',2,2,1003,45,NULL,0,NULL,'kms','User Role',NULL,'[ROLE_USER]','986264932437282430','create','1','986264932437282430','Spring Authenticated Session'),(83,'2022-05-16 13:24:58','2022-05-16 13:24:58',2,2,1003,46,NULL,0,NULL,'cruisecontrol','Login ID',NULL,'cruisecontrol','-6732474686267242683','create','1','-6732474686267242683','Spring Authenticated Session'),(84,'2022-05-16 13:24:58','2022-05-16 13:24:58',2,2,1003,46,NULL,0,NULL,'cruisecontrol','User Role',NULL,'[ROLE_USER]','-6732474686267242683','create','1','-6732474686267242683','Spring Authenticated Session'),(85,'2022-05-16 13:24:58','2022-05-16 13:24:58',2,2,1003,47,NULL,0,NULL,'accumulo','Login ID',NULL,'accumulo','-7024077043709359843','create','1','-7024077043709359843','Spring Authenticated Session'),(86,'2022-05-16 13:24:58','2022-05-16 13:24:58',2,2,1003,47,NULL,0,NULL,'accumulo','User Role',NULL,'[ROLE_USER]','-7024077043709359843','create','1','-7024077043709359843','Spring Authenticated Session'),(87,'2022-05-16 13:24:58','2022-05-16 13:24:58',2,2,1003,48,NULL,0,NULL,'polkitd','Login ID',NULL,'polkitd','8351464360536984905','create','1','8351464360536984905','Spring Authenticated Session'),(88,'2022-05-16 13:24:58','2022-05-16 13:24:58',2,2,1003,48,NULL,0,NULL,'polkitd','User Role',NULL,'[ROLE_USER]','8351464360536984905','create','1','8351464360536984905','Spring Authenticated Session'),(89,'2022-05-16 13:24:58','2022-05-16 13:24:58',2,2,1003,49,NULL,0,NULL,'nfsnobody','Login ID',NULL,'nfsnobody','-1792686789032719216','create','1','-1792686789032719216','Spring Authenticated Session'),(90,'2022-05-16 13:24:58','2022-05-16 13:24:58',2,2,1003,49,NULL,0,NULL,'nfsnobody','User Role',NULL,'[ROLE_USER]','-1792686789032719216','create','1','-1792686789032719216','Spring Authenticated Session'),(91,'2022-05-16 13:24:58','2022-05-16 13:24:58',2,2,1003,50,NULL,0,NULL,'spark','Login ID',NULL,'spark','-1946176545616475638','create','1','-1946176545616475638','Spring Authenticated Session'),(92,'2022-05-16 13:24:58','2022-05-16 13:24:58',2,2,1003,50,NULL,0,NULL,'spark','User Role',NULL,'[ROLE_USER]','-1946176545616475638','create','1','-1946176545616475638','Spring Authenticated Session'),(93,'2022-05-16 13:24:58','2022-05-16 13:24:58',2,2,1003,51,NULL,0,NULL,'solr','Login ID',NULL,'solr','5947506667995809102','create','1','5947506667995809102','Spring Authenticated Session'),(94,'2022-05-16 13:24:58','2022-05-16 13:24:58',2,2,1003,51,NULL,0,NULL,'solr','User Role',NULL,'[ROLE_USER]','5947506667995809102','create','1','5947506667995809102','Spring Authenticated Session'),(95,'2022-05-16 13:24:58','2022-05-16 13:24:58',2,2,1003,52,NULL,0,NULL,'fina_fin','Login ID',NULL,'fina_fin','4228358052646109710','create','1','4228358052646109710','Spring Authenticated Session'),(96,'2022-05-16 13:24:58','2022-05-16 13:24:58',2,2,1003,52,NULL,0,NULL,'fina_fin','User Role',NULL,'[ROLE_USER]','4228358052646109710','create','1','4228358052646109710','Spring Authenticated Session'),(97,'2022-05-16 13:24:58','2022-05-16 13:24:58',2,2,1003,53,NULL,0,NULL,'hbase','Login ID',NULL,'hbase','4418031403930897953','create','1','4418031403930897953','Spring Authenticated Session'),(98,'2022-05-16 13:24:58','2022-05-16 13:24:58',2,2,1003,53,NULL,0,NULL,'hbase','User Role',NULL,'[ROLE_USER]','4418031403930897953','create','1','4418031403930897953','Spring Authenticated Session'),(99,'2022-05-16 13:24:58','2022-05-16 13:24:58',2,2,1003,54,NULL,0,NULL,'rangerrms','Login ID',NULL,'rangerrms','6809793577679669031','create','1','6809793577679669031','Spring Authenticated Session'),(100,'2022-05-16 13:24:58','2022-05-16 13:24:58',2,2,1003,54,NULL,0,NULL,'rangerrms','User Role',NULL,'[ROLE_USER]','6809793577679669031','create','1','6809793577679669031','Spring Authenticated Session'),(101,'2022-05-16 13:24:58','2022-05-16 13:24:58',2,2,1003,55,NULL,0,NULL,'oozie','Login ID',NULL,'oozie','-3062809167571369577','create','1','-3062809167571369577','Spring Authenticated Session'),(102,'2022-05-16 13:24:58','2022-05-16 13:24:58',2,2,1003,55,NULL,0,NULL,'oozie','User Role',NULL,'[ROLE_USER]','-3062809167571369577','create','1','-3062809167571369577','Spring Authenticated Session'),(103,'2022-05-16 13:24:58','2022-05-16 13:24:58',2,2,1003,56,NULL,0,NULL,'zeppelin','Login ID',NULL,'zeppelin','-9217831706500575443','create','1','-9217831706500575443','Spring Authenticated Session'),(104,'2022-05-16 13:24:58','2022-05-16 13:24:58',2,2,1003,56,NULL,0,NULL,'zeppelin','User Role',NULL,'[ROLE_USER]','-9217831706500575443','create','1','-9217831706500575443','Spring Authenticated Session'),(105,'2022-05-16 13:24:58','2022-05-16 13:24:58',2,2,1003,57,NULL,0,NULL,'sam_sec','Login ID',NULL,'sam_sec','-83276427817040603','create','1','-83276427817040603','Spring Authenticated Session'),(106,'2022-05-16 13:24:58','2022-05-16 13:24:58',2,2,1003,57,NULL,0,NULL,'sam_sec','User Role',NULL,'[ROLE_USER]','-83276427817040603','create','1','-83276427817040603','Spring Authenticated Session'),(107,'2022-05-16 13:24:58','2022-05-16 13:24:58',2,2,1003,58,NULL,0,NULL,'phoenix','Login ID',NULL,'phoenix','-1103114963431112430','create','1','-1103114963431112430','Spring Authenticated Session'),(108,'2022-05-16 13:24:58','2022-05-16 13:24:58',2,2,1003,58,NULL,0,NULL,'phoenix','User Role',NULL,'[ROLE_USER]','-1103114963431112430','create','1','-1103114963431112430','Spring Authenticated Session'),(109,'2022-05-16 13:24:58','2022-05-16 13:24:58',2,2,1003,59,NULL,0,NULL,'rangerraz','Login ID',NULL,'rangerraz','2335440706027538058','create','1','2335440706027538058','Spring Authenticated Session'),(110,'2022-05-16 13:24:58','2022-05-16 13:24:58',2,2,1003,59,NULL,0,NULL,'rangerraz','User Role',NULL,'[ROLE_USER]','2335440706027538058','create','1','2335440706027538058','Spring Authenticated Session'),(111,'2022-05-16 13:24:58','2022-05-16 13:24:58',2,2,1003,60,NULL,0,NULL,'hdfs','Login ID',NULL,'hdfs','-8986600496549902051','create','1','-8986600496549902051','Spring Authenticated Session'),(112,'2022-05-16 13:24:58','2022-05-16 13:24:58',2,2,1003,60,NULL,0,NULL,'hdfs','User Role',NULL,'[ROLE_USER]','-8986600496549902051','create','1','-8986600496549902051','Spring Authenticated Session'),(113,'2022-05-16 13:24:58','2022-05-16 13:24:58',2,2,1003,61,NULL,0,NULL,'hue','Login ID',NULL,'hue','-7986081476852822222','create','1','-7986081476852822222','Spring Authenticated Session'),(114,'2022-05-16 13:24:58','2022-05-16 13:24:58',2,2,1003,61,NULL,0,NULL,'hue','User Role',NULL,'[ROLE_USER]','-7986081476852822222','create','1','-7986081476852822222','Spring Authenticated Session'),(115,'2022-05-16 13:24:58','2022-05-16 13:24:58',2,2,1003,62,NULL,0,NULL,'sqoop','Login ID',NULL,'sqoop','-5964071294410993915','create','1','-5964071294410993915','Spring Authenticated Session'),(116,'2022-05-16 13:24:58','2022-05-16 13:24:58',2,2,1003,62,NULL,0,NULL,'sqoop','User Role',NULL,'[ROLE_USER]','-5964071294410993915','create','1','-5964071294410993915','Spring Authenticated Session'),(117,'2022-05-16 13:24:58','2022-05-16 13:24:58',2,2,1003,63,NULL,0,NULL,'yarn','Login ID',NULL,'yarn','-6979080612258888032','create','1','-6979080612258888032','Spring Authenticated Session'),(118,'2022-05-16 13:24:58','2022-05-16 13:24:58',2,2,1003,63,NULL,0,NULL,'yarn','User Role',NULL,'[ROLE_USER]','-6979080612258888032','create','1','-6979080612258888032','Spring Authenticated Session'),(119,'2022-05-16 13:24:58','2022-05-16 13:24:58',2,2,1003,64,NULL,0,NULL,'diego_deng','Login ID',NULL,'diego_deng','1240177537755597319','create','1','1240177537755597319','Spring Authenticated Session'),(120,'2022-05-16 13:24:58','2022-05-16 13:24:58',2,2,1003,64,NULL,0,NULL,'diego_deng','User Role',NULL,'[ROLE_USER]','1240177537755597319','create','1','1240177537755597319','Spring Authenticated Session'),(121,'2022-05-16 13:25:00','2022-05-16 13:25:00',1,1,1030,1,1,1033,'hdfs','cm_hdfs','Service Name',NULL,'cm_hdfs','-2631662477661353636','create','2','-2631662477661353636','Spring Authenticated Session'),(122,'2022-05-16 13:25:00','2022-05-16 13:25:00',1,1,1030,1,1,1033,'hdfs','cm_hdfs','Service Display Name',NULL,'cm_hdfs','-2631662477661353636','create','2','-2631662477661353636','Spring Authenticated Session'),(123,'2022-05-16 13:25:00','2022-05-16 13:25:00',1,1,1030,1,1,1033,'hdfs','cm_hdfs','Service Description',NULL,'Hdfs repo','-2631662477661353636','create','2','-2631662477661353636','Spring Authenticated Session'),(124,'2022-05-16 13:25:00','2022-05-16 13:25:00',1,1,1030,1,1,1033,'hdfs','cm_hdfs','Tag Service Name',NULL,'null','-2631662477661353636','create','2','-2631662477661353636','Spring Authenticated Session'),(125,'2022-05-16 13:25:00','2022-05-16 13:25:00',1,1,1030,1,1,1033,'hdfs','cm_hdfs','Connection Configurations',NULL,'{\"tag.download.auth.users\":\"hdfs\",\"password\":\"*****\",\"policy.download.auth.users\":\"hdfs\",\"hadoop.security.authentication\":\"kerberos\",\"hadoop.rpc.protection\":\"privacy\",\"fs.default.name\":\"hdfs://my-name-service\",\"hadoop.security.authorization\":\"true\",\"ranger.plugin.audit.filters\":\"[{\'accessResult\': \'DENIED\', \'isAudited\': true}, {\'actions\':[\'delete\',\'rename\'],\'isAudited\':true}, {\'users\':[\'hdfs\'], \'actions\': [\'listStatus\', \'getfileinfo\', \'listCachePools\', \'listCacheDirectives\', \'listCorruptFileBlocks\', \'monitorHealth\', \'rollEditLog\', \'open\'], \'isAudited\': false}, {\'users\': [\'oozie\'],\'resources\': {\'path\': {\'values\': [\'/user/oozie/share/lib\'],\'isRecursive\': true}},\'isAudited\': false},{\'users\': [\'spark\'],\'resources\': {\'path\': {\'values\': [\'/user/spark/applicationHistory\'],\'isRecursive\': true}},\'isAudited\': false},{\'users\': [\'hue\'],\'resources\': {\'path\': {\'values\': [\'/user/hue\'],\'isRecursive\': true}},\'isAudited\': false},{\'users\': [\'hbase\'],\'resources\': {\'path\': {\'values\': [\'/hbase\'],\'isRecursive\': true}},\'isAudited\': false},{\'users\': [\'mapred\'],\'resources\': {\'path\': {\'values\': [\'/user/history\'],\'isRecursive\': true}},\'isAudited\': false}, {\'actions\': [\'getfileinfo\'], \'isAudited\':false} ]\",\"username\":\"hdfs\"}','-2631662477661353636','create','2','-2631662477661353636','Spring Authenticated Session'),(126,'2022-05-16 13:25:00','2022-05-16 13:25:00',1,1,1030,1,1,1033,'hdfs','cm_hdfs','Service Status',NULL,'true','-2631662477661353636','create','2','-2631662477661353636','Spring Authenticated Session'),(127,'2022-05-16 13:25:00','2022-05-16 13:25:00',1,1,1003,65,NULL,0,NULL,'rangerlookup','Login ID',NULL,'rangerlookup','-1546448604897130562','create','2','-1546448604897130562','Spring Authenticated Session'),(128,'2022-05-16 13:25:00','2022-05-16 13:25:00',1,1,1003,65,NULL,0,NULL,'rangerlookup','User Role',NULL,'[ROLE_USER]','-1546448604897130562','create','2','-1546448604897130562','Spring Authenticated Session'),(129,'2022-05-16 13:25:00','2022-05-16 13:25:00',1,1,1020,1,1,1030,'cm_hdfs','all - path','Policy Name',NULL,'all - path','5377830341626445968','create','2','5377830341626445968','Spring Authenticated Session'),(130,'2022-05-16 13:25:00','2022-05-16 13:25:00',1,1,1020,1,1,1030,'cm_hdfs','all - path','Priority',NULL,'0','5377830341626445968','create','2','5377830341626445968','Spring Authenticated Session'),(131,'2022-05-16 13:25:00','2022-05-16 13:25:00',1,1,1020,1,1,1030,'cm_hdfs','all - path','Policy Description',NULL,'Policy for all - path','5377830341626445968','create','2','5377830341626445968','Spring Authenticated Session'),(132,'2022-05-16 13:25:00','2022-05-16 13:25:00',1,1,1020,1,1,1030,'cm_hdfs','all - path','Audit Status',NULL,'true','5377830341626445968','create','2','5377830341626445968','Spring Authenticated Session'),(133,'2022-05-16 13:25:00','2022-05-16 13:25:00',1,1,1020,1,1,1030,'cm_hdfs','all - path','Policy Resources',NULL,'{\"path\":{\"values\":[\"/*\"],\"isExcludes\":false,\"isRecursive\":true}}','5377830341626445968','create','2','5377830341626445968','Spring Authenticated Session'),(134,'2022-05-16 13:25:00','2022-05-16 13:25:00',1,1,1020,1,1,1030,'cm_hdfs','all - path','Policy Items',NULL,'[{\"accesses\":[{\"type\":\"read\",\"isAllowed\":true},{\"type\":\"write\",\"isAllowed\":true},{\"type\":\"execute\",\"isAllowed\":true}],\"users\":[\"hdfs\"],\"groups\":[],\"roles\":[],\"conditions\":[],\"delegateAdmin\":true},{\"accesses\":[{\"type\":\"read\",\"isAllowed\":true}],\"users\":[\"rangerlookup\"],\"groups\":[],\"roles\":[],\"conditions\":[],\"delegateAdmin\":false}]','5377830341626445968','create','2','5377830341626445968','Spring Authenticated Session'),(135,'2022-05-16 13:25:00','2022-05-16 13:25:00',1,1,1020,1,1,1030,'cm_hdfs','all - path','Validity Schedules',NULL,'[]','5377830341626445968','create','2','5377830341626445968','Spring Authenticated Session'),(136,'2022-05-16 13:25:00','2022-05-16 13:25:00',1,1,1020,1,1,1030,'cm_hdfs','all - path','Policy Labels',NULL,'[]','5377830341626445968','create','2','5377830341626445968','Spring Authenticated Session'),(137,'2022-05-16 13:25:00','2022-05-16 13:25:00',1,1,1020,1,1,1030,'cm_hdfs','all - path','Deny All Other Accesses',NULL,'false','5377830341626445968','create','2','5377830341626445968','Spring Authenticated Session'),(138,'2022-05-16 13:25:00','2022-05-16 13:25:00',1,1,1020,1,1,1030,'cm_hdfs','all - path','Policy Status',NULL,'true','5377830341626445968','create','2','5377830341626445968','Spring Authenticated Session'),(139,'2022-05-16 13:25:00','2022-05-16 13:25:00',1,1,1020,2,1,1030,'cm_hdfs','kms-audit-path','Policy Name',NULL,'kms-audit-path','210836252234304099','create','2','210836252234304099','Spring Authenticated Session'),(140,'2022-05-16 13:25:00','2022-05-16 13:25:00',1,1,1020,2,1,1030,'cm_hdfs','kms-audit-path','Priority',NULL,'0','210836252234304099','create','2','210836252234304099','Spring Authenticated Session'),(141,'2022-05-16 13:25:00','2022-05-16 13:25:00',1,1,1020,2,1,1030,'cm_hdfs','kms-audit-path','Policy Description',NULL,'Policy for kms-audit-path','210836252234304099','create','2','210836252234304099','Spring Authenticated Session'),(142,'2022-05-16 13:25:00','2022-05-16 13:25:00',1,1,1020,2,1,1030,'cm_hdfs','kms-audit-path','Audit Status',NULL,'true','210836252234304099','create','2','210836252234304099','Spring Authenticated Session'),(143,'2022-05-16 13:25:00','2022-05-16 13:25:00',1,1,1020,2,1,1030,'cm_hdfs','kms-audit-path','Policy Resources',NULL,'{\"path\":{\"values\":[\"/ranger/audit/kms\"],\"isExcludes\":false,\"isRecursive\":true}}','210836252234304099','create','2','210836252234304099','Spring Authenticated Session'),(144,'2022-05-16 13:25:00','2022-05-16 13:25:00',1,1,1020,2,1,1030,'cm_hdfs','kms-audit-path','Policy Items',NULL,'[{\"accesses\":[{\"type\":\"read\",\"isAllowed\":true},{\"type\":\"write\",\"isAllowed\":true},{\"type\":\"execute\",\"isAllowed\":true}],\"users\":[\"keyadmin\"],\"groups\":[],\"roles\":[],\"conditions\":[],\"delegateAdmin\":false}]','210836252234304099','create','2','210836252234304099','Spring Authenticated Session'),(145,'2022-05-16 13:25:00','2022-05-16 13:25:00',1,1,1020,2,1,1030,'cm_hdfs','kms-audit-path','Validity Schedules',NULL,'[]','210836252234304099','create','2','210836252234304099','Spring Authenticated Session'),(146,'2022-05-16 13:25:00','2022-05-16 13:25:00',1,1,1020,2,1,1030,'cm_hdfs','kms-audit-path','Policy Labels',NULL,'[]','210836252234304099','create','2','210836252234304099','Spring Authenticated Session'),(147,'2022-05-16 13:25:00','2022-05-16 13:25:00',1,1,1020,2,1,1030,'cm_hdfs','kms-audit-path','Deny All Other Accesses',NULL,'false','210836252234304099','create','2','210836252234304099','Spring Authenticated Session'),(148,'2022-05-16 13:25:00','2022-05-16 13:25:00',1,1,1020,2,1,1030,'cm_hdfs','kms-audit-path','Policy Status',NULL,'true','210836252234304099','create','2','210836252234304099','Spring Authenticated Session'),(149,'2022-05-16 13:25:00','2022-05-16 13:25:00',1,1,1030,2,100,1033,'tag','cm_tag','Service Name',NULL,'cm_tag','-6017049395844397171','create','2','-6017049395844397171','Spring Authenticated Session'),(150,'2022-05-16 13:25:00','2022-05-16 13:25:00',1,1,1030,2,100,1033,'tag','cm_tag','Service Display Name',NULL,'cm_tag','-6017049395844397171','create','2','-6017049395844397171','Spring Authenticated Session'),(151,'2022-05-16 13:25:00','2022-05-16 13:25:00',1,1,1030,2,100,1033,'tag','cm_tag','Service Description',NULL,'null','-6017049395844397171','create','2','-6017049395844397171','Spring Authenticated Session'),(152,'2022-05-16 13:25:00','2022-05-16 13:25:00',1,1,1030,2,100,1033,'tag','cm_tag','Tag Service Name',NULL,'null','-6017049395844397171','create','2','-6017049395844397171','Spring Authenticated Session'),(153,'2022-05-16 13:25:00','2022-05-16 13:25:00',1,1,1030,2,100,1033,'tag','cm_tag','Connection Configurations',NULL,'{\"ranger.plugin.audit.filters\":\"[ {\'accessResult\': \'DENIED\', \'isAudited\': true} ]\"}','-6017049395844397171','create','2','-6017049395844397171','Spring Authenticated Session'),(154,'2022-05-16 13:25:00','2022-05-16 13:25:00',1,1,1030,2,100,1033,'tag','cm_tag','Service Status',NULL,'true','-6017049395844397171','create','2','-6017049395844397171','Spring Authenticated Session'),(155,'2022-05-16 13:25:01','2022-05-16 13:25:01',1,1,1020,3,2,1030,'cm_tag','EXPIRES_ON','Policy Name',NULL,'EXPIRES_ON','5482302892784306301','create','2','5482302892784306301','Spring Authenticated Session'),(156,'2022-05-16 13:25:01','2022-05-16 13:25:01',1,1,1020,3,2,1030,'cm_tag','EXPIRES_ON','Priority',NULL,'0','5482302892784306301','create','2','5482302892784306301','Spring Authenticated Session'),(157,'2022-05-16 13:25:01','2022-05-16 13:25:01',1,1,1020,3,2,1030,'cm_tag','EXPIRES_ON','Policy Description',NULL,'Policy for data with EXPIRES_ON tag','5482302892784306301','create','2','5482302892784306301','Spring Authenticated Session'),(158,'2022-05-16 13:25:01','2022-05-16 13:25:01',1,1,1020,3,2,1030,'cm_tag','EXPIRES_ON','Audit Status',NULL,'true','5482302892784306301','create','2','5482302892784306301','Spring Authenticated Session'),(159,'2022-05-16 13:25:01','2022-05-16 13:25:01',1,1,1020,3,2,1030,'cm_tag','EXPIRES_ON','Policy Resources',NULL,'{\"tag\":{\"values\":[\"EXPIRES_ON\"],\"isExcludes\":false,\"isRecursive\":false}}','5482302892784306301','create','2','5482302892784306301','Spring Authenticated Session'),(160,'2022-05-16 13:25:01','2022-05-16 13:25:01',1,1,1020,3,2,1030,'cm_tag','EXPIRES_ON','DenyPolicy Items',NULL,'[{\"accesses\":[{\"type\":\"adls:read\",\"isAllowed\":true},{\"type\":\"adls:write\",\"isAllowed\":true},{\"type\":\"adls:execute\",\"isAllowed\":true},{\"type\":\"adls:delete\",\"isAllowed\":true},{\"type\":\"adls:delete-recursive\",\"isAllowed\":true},{\"type\":\"adls:list\",\"isAllowed\":true},{\"type\":\"adls:move\",\"isAllowed\":true},{\"type\":\"adls:modify-permissions\",\"isAllowed\":true},{\"type\":\"kudu:select\",\"isAllowed\":true},{\"type\":\"kudu:insert\",\"isAllowed\":true},{\"type\":\"kudu:update\",\"isAllowed\":true},{\"type\":\"kudu:delete\",\"isAllowed\":true},{\"type\":\"kudu:alter\",\"isAllowed\":true},{\"type\":\"kudu:create\",\"isAllowed\":true},{\"type\":\"kudu:drop\",\"isAllowed\":true},{\"type\":\"kudu:metadata\",\"isAllowed\":true},{\"type\":\"kudu:all\",\"isAllowed\":true},{\"type\":\"hdfs:read\",\"isAllowed\":true},{\"type\":\"hdfs:write\",\"isAllowed\":true},{\"type\":\"hdfs:execute\",\"isAllowed\":true},{\"type\":\"hbase:read\",\"isAllowed\":true},{\"type\":\"hbase:write\",\"isAllowed\":true},{\"type\":\"hbase:create\",\"isAllowed\":true},{\"type\":\"hbase:admin\",\"isAllowed\":true},{\"type\":\"hbase:execute\",\"isAllowed\":true},{\"type\":\"hive:select\",\"isAllowed\":true},{\"type\":\"hive:update\",\"isAllowed\":true},{\"type\":\"hive:create\",\"isAllowed\":true},{\"type\":\"hive:drop\",\"isAllowed\":true},{\"type\":\"hive:alter\",\"isAllowed\":true},{\"type\":\"hive:index\",\"isAllowed\":true},{\"type\":\"hive:lock\",\"isAllowed\":true},{\"type\":\"hive:all\",\"isAllowed\":true},{\"type\":\"hive:read\",\"isAllowed\":true},{\"type\":\"hive:write\",\"isAllowed\":true},{\"type\":\"hive:repladmin\",\"isAllowed\":true},{\"type\":\"hive:serviceadmin\",\"isAllowed\":true},{\"type\":\"hive:tempudfadmin\",\"isAllowed\":true},{\"type\":\"hive:refresh\",\"isAllowed\":true},{\"type\":\"hive:rwstorage\",\"isAllowed\":true},{\"type\":\"yarn:submit-app\",\"isAllowed\":true},{\"type\":\"yarn:admin-queue\",\"isAllowed\":true},{\"type\":\"knox:allow\",\"isAllowed\":true},{\"type\":\"kms:create\",\"isAllowed\":true},{\"type\":\"kms:delete\",\"isAllowed\":true},{\"type\":\"kms:rollover\",\"isAllowed\":true},{\"type\":\"kms:setkeymaterial\",\"isAllowed\":true},{\"type\":\"kms:get\",\"isAllowed\":true},{\"type\":\"kms:getkeys\",\"isAllowed\":true},{\"type\":\"kms:getmetadata\",\"isAllowed\":true},{\"type\":\"kms:generateeek\",\"isAllowed\":true},{\"type\":\"kms:decrypteek\",\"isAllowed\":true},{\"type\":\"solr:query\",\"isAllowed\":true},{\"type\":\"solr:update\",\"isAllowed\":true},{\"type\":\"solr:others\",\"isAllowed\":true},{\"type\":\"solr:solr_admin\",\"isAllowed\":true},{\"type\":\"kafka:publish\",\"isAllowed\":true},{\"type\":\"kafka:consume\",\"isAllowed\":true},{\"type\":\"kafka:configure\",\"isAllowed\":true},{\"type\":\"kafka:describe\",\"isAllowed\":true},{\"type\":\"kafka:kafka_admin\",\"isAllowed\":true},{\"type\":\"kafka:create\",\"isAllowed\":true},{\"type\":\"kafka:delete\",\"isAllowed\":true},{\"type\":\"kafka:idempotent_write\",\"isAllowed\":true},{\"type\":\"kafka:describe_configs\",\"isAllowed\":true},{\"type\":\"kafka:alter_configs\",\"isAllowed\":true},{\"type\":\"kafka:cluster_action\",\"isAllowed\":true},{\"type\":\"kafka:alter\",\"isAllowed\":true},{\"type\":\"nifi:READ\",\"isAllowed\":true},{\"type\":\"nifi:WRITE\",\"isAllowed\":true},{\"type\":\"nifi-registry:READ\",\"isAllowed\":true},{\"type\":\"nifi-registry:WRITE\",\"isAllowed\":true},{\"type\":\"nifi-registry:DELETE\",\"isAllowed\":true},{\"type\":\"atlas:type-create\",\"isAllowed\":true},{\"type\":\"atlas:type-update\",\"isAllowed\":true},{\"type\":\"atlas:type-delete\",\"isAllowed\":true},{\"type\":\"atlas:entity-read\",\"isAllowed\":true},{\"type\":\"atlas:entity-create\",\"isAllowed\":true},{\"type\":\"atlas:entity-update\",\"isAllowed\":true},{\"type\":\"atlas:entity-delete\",\"isAllowed\":true},{\"type\":\"atlas:entity-add-classification\",\"isAllowed\":true},{\"type\":\"atlas:entity-update-classification\",\"isAllowed\":true},{\"type\":\"atlas:entity-remove-classification\",\"isAllowed\":true},{\"type\":\"atlas:admin-export\",\"isAllowed\":true},{\"type\":\"atlas:admin-import\",\"isAllowed\":true},{\"type\":\"atlas:add-relationship\",\"isAllowed\":true},{\"type\":\"atlas:update-relationship\",\"isAllowed\":true},{\"type\":\"atlas:remove-relationship\",\"isAllowed\":true},{\"type\":\"atlas:admin-purge\",\"isAllowed\":true},{\"type\":\"atlas:entity-add-label\",\"isAllowed\":true},{\"type\":\"atlas:entity-remove-label\",\"isAllowed\":true},{\"type\":\"atlas:entity-update-business-metadata\",\"isAllowed\":true},{\"type\":\"atlas:type-read\",\"isAllowed\":true},{\"type\":\"atlas:admin-audits\",\"isAllowed\":true},{\"type\":\"ozone:all\",\"isAllowed\":true},{\"type\":\"ozone:read\",\"isAllowed\":true},{\"type\":\"ozone:write\",\"isAllowed\":true},{\"type\":\"ozone:create\",\"isAllowed\":true},{\"type\":\"ozone:list\",\"isAllowed\":true},{\"type\":\"ozone:delete\",\"isAllowed\":true},{\"type\":\"ozone:read_acl\",\"isAllowed\":true},{\"type\":\"ozone:write_acl\",\"isAllowed\":true},{\"type\":\"schema-registry:create\",\"isAllowed\":true},{\"type\":\"schema-registry:read\",\"isAllowed\":true},{\"type\":\"schema-registry:update\",\"isAllowed\":true},{\"type\":\"schema-registry:delete\",\"isAllowed\":true}],\"users\":[],\"groups\":[\"public\"],\"roles\":[],\"conditions\":[{\"type\":\"accessed-after-expiry\",\"values\":[\"yes\"]}],\"delegateAdmin\":false}]','5482302892784306301','create','2','5482302892784306301','Spring Authenticated Session'),(161,'2022-05-16 13:25:01','2022-05-16 13:25:01',1,1,1020,3,2,1030,'cm_tag','EXPIRES_ON','Validity Schedules',NULL,'[]','5482302892784306301','create','2','5482302892784306301','Spring Authenticated Session'),(162,'2022-05-16 13:25:01','2022-05-16 13:25:01',1,1,1020,3,2,1030,'cm_tag','EXPIRES_ON','Policy Labels',NULL,'[]','5482302892784306301','create','2','5482302892784306301','Spring Authenticated Session'),(163,'2022-05-16 13:25:01','2022-05-16 13:25:01',1,1,1020,3,2,1030,'cm_tag','EXPIRES_ON','Deny All Other Accesses',NULL,'false','5482302892784306301','create','2','5482302892784306301','Spring Authenticated Session'),(164,'2022-05-16 13:25:01','2022-05-16 13:25:01',1,1,1020,3,2,1030,'cm_tag','EXPIRES_ON','Policy Status',NULL,'true','5482302892784306301','create','2','5482302892784306301','Spring Authenticated Session'),(165,'2022-05-16 13:25:01','2022-05-16 13:25:01',1,1,1030,1,1,1033,'hdfs','cm_hdfs','Tag Service Name','null','cm_tag','1136003327021894725','update','2','1136003327021894725','Spring Authenticated Session'),(166,'2022-05-16 13:25:04','2022-05-16 13:25:04',1,1,1030,3,2,1033,'hbase','cm_hbase','Service Name',NULL,'cm_hbase','-7020205534662671186','create','3','-7020205534662671186','Spring Authenticated Session'),(167,'2022-05-16 13:25:04','2022-05-16 13:25:04',1,1,1030,3,2,1033,'hbase','cm_hbase','Service Display Name',NULL,'cm_hbase','-7020205534662671186','create','3','-7020205534662671186','Spring Authenticated Session'),(168,'2022-05-16 13:25:04','2022-05-16 13:25:04',1,1,1030,3,2,1033,'hbase','cm_hbase','Service Description',NULL,'Hbase repo','-7020205534662671186','create','3','-7020205534662671186','Spring Authenticated Session'),(169,'2022-05-16 13:25:04','2022-05-16 13:25:04',1,1,1030,3,2,1033,'hbase','cm_hbase','Tag Service Name',NULL,'cm_tag','-7020205534662671186','create','3','-7020205534662671186','Spring Authenticated Session'),(170,'2022-05-16 13:25:04','2022-05-16 13:25:04',1,1,1030,3,2,1033,'hbase','cm_hbase','Connection Configurations',NULL,'{\"hbase.zookeeper.quorum\":\"master-1.example.com:2181,master-2.example.com:2181,master-3.example.com:2181\",\"setup.additional.default.policies\":\"true\",\"default-policy.1.resource.table\":\"atlas_janus,ATLAS_ENTITY_AUDIT_EVENTS\",\"hadoop.security.authentication\":\"kerberos\",\"default-policy.1.resource.column-family\":\"*\",\"policy.grantrevoke.auth.users\":\"hbase\",\"ranger.plugin.audit.filters\":\"[{\'accessResult\': \'DENIED\', \'isAudited\': true},{\'resources\':{\'table\':{\'values\':[\'*-ROOT-*\',\'*.META.*\', \'*_acl_*\', \'hbase:meta\', \'hbase:acl\', \'default\', \'hbase\']}}, \'users\':[\'hbase\'], \'isAudited\': false }, {\'resources\':{\'table\':{\'values\':[\'atlas_janus\',\'ATLAS_ENTITY_AUDIT_EVENTS\']},\'column-family\':{\'values\':[\'*\']},\'column\':{\'values\':[\'*\']}},\'users\':[\'atlas\', \'hbase\'],\'isAudited\':false},{\'users\':[\'hbase\'], \'actions\':[\'balance\'],\'isAudited\':false}]\",\"zookeeper.znode.parent\":\"/hbase\",\"default-policy.1.policyItem.1.accessTypes\":\"create,read,write,admin\",\"tag.download.auth.users\":\"hbase\",\"default-policy.1.name\":\"ATLAS_HBASE_TABLES\",\"password\":\"*****\",\"policy.download.auth.users\":\"hbase\",\"hbase.security.authentication\":\"kerberos\",\"hbase.zookeeper.property.clientPort\":\"2181\",\"default-policy.1.policyItem.1.users\":\"atlas\",\"default-policy.1.resource.column\":\"*\",\"username\":\"hbase\"}','-7020205534662671186','create','3','-7020205534662671186','Spring Authenticated Session'),(171,'2022-05-16 13:25:04','2022-05-16 13:25:04',1,1,1030,3,2,1033,'hbase','cm_hbase','Service Status',NULL,'true','-7020205534662671186','create','3','-7020205534662671186','Spring Authenticated Session'),(172,'2022-05-16 13:25:04','2022-05-16 13:25:04',1,1,1020,4,3,1030,'cm_hbase','all - table, column-family, column','Policy Name',NULL,'all - table, column-family, column','-3506529150890717549','create','3','-3506529150890717549','Spring Authenticated Session'),(173,'2022-05-16 13:25:04','2022-05-16 13:25:04',1,1,1020,4,3,1030,'cm_hbase','all - table, column-family, column','Priority',NULL,'0','-3506529150890717549','create','3','-3506529150890717549','Spring Authenticated Session'),(174,'2022-05-16 13:25:04','2022-05-16 13:25:04',1,1,1020,4,3,1030,'cm_hbase','all - table, column-family, column','Policy Description',NULL,'Policy for all - table, column-family, column','-3506529150890717549','create','3','-3506529150890717549','Spring Authenticated Session'),(175,'2022-05-16 13:25:04','2022-05-16 13:25:04',1,1,1020,4,3,1030,'cm_hbase','all - table, column-family, column','Audit Status',NULL,'true','-3506529150890717549','create','3','-3506529150890717549','Spring Authenticated Session'),(176,'2022-05-16 13:25:04','2022-05-16 13:25:04',1,1,1020,4,3,1030,'cm_hbase','all - table, column-family, column','Policy Resources',NULL,'{\"column-family\":{\"values\":[\"*\"],\"isExcludes\":false,\"isRecursive\":false},\"column\":{\"values\":[\"*\"],\"isExcludes\":false,\"isRecursive\":false},\"table\":{\"values\":[\"*\"],\"isExcludes\":false,\"isRecursive\":false}}','-3506529150890717549','create','3','-3506529150890717549','Spring Authenticated Session'),(177,'2022-05-16 13:25:04','2022-05-16 13:25:04',1,1,1020,4,3,1030,'cm_hbase','all - table, column-family, column','Policy Items',NULL,'[{\"accesses\":[{\"type\":\"read\",\"isAllowed\":true},{\"type\":\"write\",\"isAllowed\":true},{\"type\":\"create\",\"isAllowed\":true},{\"type\":\"admin\",\"isAllowed\":true},{\"type\":\"execute\",\"isAllowed\":true}],\"users\":[\"hbase\"],\"groups\":[],\"roles\":[],\"conditions\":[],\"delegateAdmin\":true},{\"accesses\":[{\"type\":\"read\",\"isAllowed\":true},{\"type\":\"create\",\"isAllowed\":true}],\"users\":[\"rangerlookup\"],\"groups\":[],\"roles\":[],\"conditions\":[],\"delegateAdmin\":false}]','-3506529150890717549','create','3','-3506529150890717549','Spring Authenticated Session'),(178,'2022-05-16 13:25:04','2022-05-16 13:25:04',1,1,1020,4,3,1030,'cm_hbase','all - table, column-family, column','Validity Schedules',NULL,'[]','-3506529150890717549','create','3','-3506529150890717549','Spring Authenticated Session'),(179,'2022-05-16 13:25:04','2022-05-16 13:25:04',1,1,1020,4,3,1030,'cm_hbase','all - table, column-family, column','Policy Labels',NULL,'[]','-3506529150890717549','create','3','-3506529150890717549','Spring Authenticated Session'),(180,'2022-05-16 13:25:04','2022-05-16 13:25:04',1,1,1020,4,3,1030,'cm_hbase','all - table, column-family, column','Deny All Other Accesses',NULL,'false','-3506529150890717549','create','3','-3506529150890717549','Spring Authenticated Session'),(181,'2022-05-16 13:25:04','2022-05-16 13:25:04',1,1,1020,4,3,1030,'cm_hbase','all - table, column-family, column','Policy Status',NULL,'true','-3506529150890717549','create','3','-3506529150890717549','Spring Authenticated Session'),(182,'2022-05-16 13:25:04','2022-05-16 13:25:04',1,1,1020,5,3,1030,'cm_hbase','ATLAS_HBASE_TABLES','Policy Name',NULL,'ATLAS_HBASE_TABLES','6195839699648007355','create','3','6195839699648007355','Spring Authenticated Session'),(183,'2022-05-16 13:25:04','2022-05-16 13:25:04',1,1,1020,5,3,1030,'cm_hbase','ATLAS_HBASE_TABLES','Priority',NULL,'0','6195839699648007355','create','3','6195839699648007355','Spring Authenticated Session'),(184,'2022-05-16 13:25:04','2022-05-16 13:25:04',1,1,1020,5,3,1030,'cm_hbase','ATLAS_HBASE_TABLES','Policy Description',NULL,'Policy for ATLAS_HBASE_TABLES','6195839699648007355','create','3','6195839699648007355','Spring Authenticated Session'),(185,'2022-05-16 13:25:04','2022-05-16 13:25:04',1,1,1020,5,3,1030,'cm_hbase','ATLAS_HBASE_TABLES','Audit Status',NULL,'true','6195839699648007355','create','3','6195839699648007355','Spring Authenticated Session'),(186,'2022-05-16 13:25:04','2022-05-16 13:25:04',1,1,1020,5,3,1030,'cm_hbase','ATLAS_HBASE_TABLES','Policy Resources',NULL,'{\"column-family\":{\"values\":[\"*\"],\"isExcludes\":false,\"isRecursive\":false},\"column\":{\"values\":[\"*\"],\"isExcludes\":false,\"isRecursive\":false},\"table\":{\"values\":[\"atlas_janus\",\"ATLAS_ENTITY_AUDIT_EVENTS\"],\"isExcludes\":false,\"isRecursive\":false}}','6195839699648007355','create','3','6195839699648007355','Spring Authenticated Session'),(187,'2022-05-16 13:25:04','2022-05-16 13:25:04',1,1,1020,5,3,1030,'cm_hbase','ATLAS_HBASE_TABLES','Policy Items',NULL,'[{\"accesses\":[{\"type\":\"create\",\"isAllowed\":true},{\"type\":\"read\",\"isAllowed\":true},{\"type\":\"write\",\"isAllowed\":true},{\"type\":\"admin\",\"isAllowed\":true}],\"users\":[\"atlas\"],\"groups\":[],\"roles\":[],\"conditions\":[],\"delegateAdmin\":false}]','6195839699648007355','create','3','6195839699648007355','Spring Authenticated Session'),(188,'2022-05-16 13:25:04','2022-05-16 13:25:04',1,1,1020,5,3,1030,'cm_hbase','ATLAS_HBASE_TABLES','Validity Schedules',NULL,'[]','6195839699648007355','create','3','6195839699648007355','Spring Authenticated Session'),(189,'2022-05-16 13:25:04','2022-05-16 13:25:04',1,1,1020,5,3,1030,'cm_hbase','ATLAS_HBASE_TABLES','Policy Labels',NULL,'[]','6195839699648007355','create','3','6195839699648007355','Spring Authenticated Session'),(190,'2022-05-16 13:25:04','2022-05-16 13:25:04',1,1,1020,5,3,1030,'cm_hbase','ATLAS_HBASE_TABLES','Deny All Other Accesses',NULL,'false','6195839699648007355','create','3','6195839699648007355','Spring Authenticated Session'),(191,'2022-05-16 13:25:04','2022-05-16 13:25:04',1,1,1020,5,3,1030,'cm_hbase','ATLAS_HBASE_TABLES','Policy Status',NULL,'true','6195839699648007355','create','3','6195839699648007355','Spring Authenticated Session'),(192,'2022-05-16 13:25:06','2022-05-16 13:25:06',1,1,1030,4,4,1033,'yarn','cm_yarn','Service Name',NULL,'cm_yarn','-6436795123740882255','create','4','-6436795123740882255','Spring Authenticated Session'),(193,'2022-05-16 13:25:06','2022-05-16 13:25:06',1,1,1030,4,4,1033,'yarn','cm_yarn','Service Display Name',NULL,'cm_yarn','-6436795123740882255','create','4','-6436795123740882255','Spring Authenticated Session'),(194,'2022-05-16 13:25:06','2022-05-16 13:25:06',1,1,1030,4,4,1033,'yarn','cm_yarn','Service Description',NULL,'Yarn repo','-6436795123740882255','create','4','-6436795123740882255','Spring Authenticated Session'),(195,'2022-05-16 13:25:06','2022-05-16 13:25:06',1,1,1030,4,4,1033,'yarn','cm_yarn','Tag Service Name',NULL,'cm_tag','-6436795123740882255','create','4','-6436795123740882255','Spring Authenticated Session'),(196,'2022-05-16 13:25:06','2022-05-16 13:25:06',1,1,1030,4,4,1033,'yarn','cm_yarn','Connection Configurations',NULL,'{\"tag.download.auth.users\":\"yarn\",\"password\":\"*****\",\"yarn.url\":\"http://localhost:8088\",\"policy.download.auth.users\":\"yarn\",\"hadoop.security.authentication\":\"kerberos\",\"ranger.plugin.audit.filters\":\"[]\",\"username\":\"yarn\"}','-6436795123740882255','create','4','-6436795123740882255','Spring Authenticated Session'),(197,'2022-05-16 13:25:06','2022-05-16 13:25:06',1,1,1030,4,4,1033,'yarn','cm_yarn','Service Status',NULL,'true','-6436795123740882255','create','4','-6436795123740882255','Spring Authenticated Session'),(198,'2022-05-16 13:25:06','2022-05-16 13:25:06',1,1,1020,6,4,1030,'cm_yarn','all - queue','Policy Name',NULL,'all - queue','3453409071667954971','create','4','3453409071667954971','Spring Authenticated Session'),(199,'2022-05-16 13:25:06','2022-05-16 13:25:06',1,1,1020,6,4,1030,'cm_yarn','all - queue','Priority',NULL,'0','3453409071667954971','create','4','3453409071667954971','Spring Authenticated Session'),(200,'2022-05-16 13:25:06','2022-05-16 13:25:06',1,1,1020,6,4,1030,'cm_yarn','all - queue','Policy Description',NULL,'Policy for all - queue','3453409071667954971','create','4','3453409071667954971','Spring Authenticated Session'),(201,'2022-05-16 13:25:06','2022-05-16 13:25:06',1,1,1020,6,4,1030,'cm_yarn','all - queue','Audit Status',NULL,'true','3453409071667954971','create','4','3453409071667954971','Spring Authenticated Session'),(202,'2022-05-16 13:25:06','2022-05-16 13:25:06',1,1,1020,6,4,1030,'cm_yarn','all - queue','Policy Resources',NULL,'{\"queue\":{\"values\":[\"*\"],\"isExcludes\":false,\"isRecursive\":true}}','3453409071667954971','create','4','3453409071667954971','Spring Authenticated Session'),(203,'2022-05-16 13:25:06','2022-05-16 13:25:06',1,1,1020,6,4,1030,'cm_yarn','all - queue','Policy Items',NULL,'[{\"accesses\":[{\"type\":\"submit-app\",\"isAllowed\":true},{\"type\":\"admin-queue\",\"isAllowed\":true}],\"users\":[\"yarn\"],\"groups\":[],\"roles\":[],\"conditions\":[],\"delegateAdmin\":true},{\"accesses\":[{\"type\":\"submit-app\",\"isAllowed\":true}],\"users\":[\"rangerlookup\"],\"groups\":[],\"roles\":[],\"conditions\":[],\"delegateAdmin\":false}]','3453409071667954971','create','4','3453409071667954971','Spring Authenticated Session'),(204,'2022-05-16 13:25:06','2022-05-16 13:25:06',1,1,1020,6,4,1030,'cm_yarn','all - queue','Validity Schedules',NULL,'[]','3453409071667954971','create','4','3453409071667954971','Spring Authenticated Session'),(205,'2022-05-16 13:25:06','2022-05-16 13:25:06',1,1,1020,6,4,1030,'cm_yarn','all - queue','Policy Labels',NULL,'[]','3453409071667954971','create','4','3453409071667954971','Spring Authenticated Session'),(206,'2022-05-16 13:25:06','2022-05-16 13:25:06',1,1,1020,6,4,1030,'cm_yarn','all - queue','Deny All Other Accesses',NULL,'false','3453409071667954971','create','4','3453409071667954971','Spring Authenticated Session'),(207,'2022-05-16 13:25:06','2022-05-16 13:25:06',1,1,1020,6,4,1030,'cm_yarn','all - queue','Policy Status',NULL,'true','3453409071667954971','create','4','3453409071667954971','Spring Authenticated Session'),(208,'2022-05-16 13:25:09','2022-05-16 13:25:09',1,1,1030,5,3,1033,'hive','cm_hive','Service Name',NULL,'cm_hive','8771603325709992063','create','5','8771603325709992063','Spring Authenticated Session'),(209,'2022-05-16 13:25:09','2022-05-16 13:25:09',1,1,1030,5,3,1033,'hive','cm_hive','Service Display Name',NULL,'Hadoop SQL','8771603325709992063','create','5','8771603325709992063','Spring Authenticated Session'),(210,'2022-05-16 13:25:09','2022-05-16 13:25:09',1,1,1030,5,3,1033,'hive','cm_hive','Service Description',NULL,'Hive repo','8771603325709992063','create','5','8771603325709992063','Spring Authenticated Session'),(211,'2022-05-16 13:25:09','2022-05-16 13:25:09',1,1,1030,5,3,1033,'hive','cm_hive','Tag Service Name',NULL,'cm_tag','8771603325709992063','create','5','8771603325709992063','Spring Authenticated Session'),(212,'2022-05-16 13:25:09','2022-05-16 13:25:09',1,1,1030,5,3,1033,'hive','cm_hive','Connection Configurations',NULL,'{\"tag.download.auth.users\":\"hive,hdfs,impala\",\"password\":\"*****\",\"policy.download.auth.users\":\"hive,hdfs,impala\",\"policy.grantrevoke.auth.users\":\"hive,impala\",\"enable.hive.metastore.lookup\":\"true\",\"default.policy.users\":\"impala,beacon,hue,admin,dpprofiler\",\"ranger.plugin.audit.filters\":\"[ {\'accessResult\': \'DENIED\', \'isAudited\': true}, {\'actions\':[\'METADATA OPERATION\'], \'isAudited\': false}]\",\"jdbc.driverClassName\":\"org.apache.hive.jdbc.HiveDriver\",\"hive.site.file.path\":\"/etc/hive/conf/hive-site.xml\",\"jdbc.url\":\"none\",\"username\":\"hive\"}','8771603325709992063','create','5','8771603325709992063','Spring Authenticated Session'),(213,'2022-05-16 13:25:09','2022-05-16 13:25:09',1,1,1030,5,3,1033,'hive','cm_hive','Service Status',NULL,'true','8771603325709992063','create','5','8771603325709992063','Spring Authenticated Session'),(214,'2022-05-16 13:25:09','2022-05-16 13:25:09',1,1,1003,66,NULL,0,NULL,'beacon','Login ID',NULL,'beacon','-245921623820843644','create','5','-245921623820843644','Spring Authenticated Session'),(215,'2022-05-16 13:25:09','2022-05-16 13:25:09',1,1,1003,66,NULL,0,NULL,'beacon','User Role',NULL,'[ROLE_USER]','-245921623820843644','create','5','-245921623820843644','Spring Authenticated Session'),(216,'2022-05-16 13:25:09','2022-05-16 13:25:09',1,1,1020,7,5,1030,'cm_hive','all - global','Policy Name',NULL,'all - global','1276337382019387151','create','5','1276337382019387151','Spring Authenticated Session'),(217,'2022-05-16 13:25:09','2022-05-16 13:25:09',1,1,1020,7,5,1030,'cm_hive','all - global','Priority',NULL,'0','1276337382019387151','create','5','1276337382019387151','Spring Authenticated Session'),(218,'2022-05-16 13:25:09','2022-05-16 13:25:09',1,1,1020,7,5,1030,'cm_hive','all - global','Policy Description',NULL,'Policy for all - global','1276337382019387151','create','5','1276337382019387151','Spring Authenticated Session'),(219,'2022-05-16 13:25:09','2022-05-16 13:25:09',1,1,1020,7,5,1030,'cm_hive','all - global','Audit Status',NULL,'true','1276337382019387151','create','5','1276337382019387151','Spring Authenticated Session'),(220,'2022-05-16 13:25:09','2022-05-16 13:25:09',1,1,1020,7,5,1030,'cm_hive','all - global','Policy Resources',NULL,'{\"global\":{\"values\":[\"*\"],\"isExcludes\":false,\"isRecursive\":false}}','1276337382019387151','create','5','1276337382019387151','Spring Authenticated Session'),(221,'2022-05-16 13:25:09','2022-05-16 13:25:09',1,1,1020,7,5,1030,'cm_hive','all - global','Policy Items',NULL,'[{\"accesses\":[{\"type\":\"select\",\"isAllowed\":true},{\"type\":\"update\",\"isAllowed\":true},{\"type\":\"create\",\"isAllowed\":true},{\"type\":\"drop\",\"isAllowed\":true},{\"type\":\"alter\",\"isAllowed\":true},{\"type\":\"index\",\"isAllowed\":true},{\"type\":\"lock\",\"isAllowed\":true},{\"type\":\"all\",\"isAllowed\":true},{\"type\":\"read\",\"isAllowed\":true},{\"type\":\"write\",\"isAllowed\":true},{\"type\":\"repladmin\",\"isAllowed\":true},{\"type\":\"serviceadmin\",\"isAllowed\":true},{\"type\":\"tempudfadmin\",\"isAllowed\":true},{\"type\":\"refresh\",\"isAllowed\":true},{\"type\":\"rwstorage\",\"isAllowed\":true}],\"users\":[\"hive\",\"beacon\",\"dpprofiler\",\"hue\",\"admin\",\"impala\"],\"groups\":[],\"roles\":[],\"conditions\":[],\"delegateAdmin\":true},{\"accesses\":[{\"type\":\"read\",\"isAllowed\":true},{\"type\":\"select\",\"isAllowed\":true}],\"users\":[\"rangerlookup\"],\"groups\":[],\"roles\":[],\"conditions\":[],\"delegateAdmin\":false}]','1276337382019387151','create','5','1276337382019387151','Spring Authenticated Session'),(222,'2022-05-16 13:25:09','2022-05-16 13:25:09',1,1,1020,7,5,1030,'cm_hive','all - global','Validity Schedules',NULL,'[]','1276337382019387151','create','5','1276337382019387151','Spring Authenticated Session'),(223,'2022-05-16 13:25:09','2022-05-16 13:25:09',1,1,1020,7,5,1030,'cm_hive','all - global','Policy Labels',NULL,'[]','1276337382019387151','create','5','1276337382019387151','Spring Authenticated Session'),(224,'2022-05-16 13:25:09','2022-05-16 13:25:09',1,1,1020,7,5,1030,'cm_hive','all - global','Deny All Other Accesses',NULL,'false','1276337382019387151','create','5','1276337382019387151','Spring Authenticated Session'),(225,'2022-05-16 13:25:09','2022-05-16 13:25:09',1,1,1020,7,5,1030,'cm_hive','all - global','Policy Status',NULL,'true','1276337382019387151','create','5','1276337382019387151','Spring Authenticated Session'),(226,'2022-05-16 13:25:09','2022-05-16 13:25:09',1,1,1020,8,5,1030,'cm_hive','all - database, table, column','Policy Name',NULL,'all - database, table, column','-7919230114552396594','create','5','-7919230114552396594','Spring Authenticated Session'),(227,'2022-05-16 13:25:09','2022-05-16 13:25:09',1,1,1020,8,5,1030,'cm_hive','all - database, table, column','Priority',NULL,'0','-7919230114552396594','create','5','-7919230114552396594','Spring Authenticated Session'),(228,'2022-05-16 13:25:09','2022-05-16 13:25:09',1,1,1020,8,5,1030,'cm_hive','all - database, table, column','Policy Description',NULL,'Policy for all - database, table, column','-7919230114552396594','create','5','-7919230114552396594','Spring Authenticated Session'),(229,'2022-05-16 13:25:09','2022-05-16 13:25:09',1,1,1020,8,5,1030,'cm_hive','all - database, table, column','Audit Status',NULL,'true','-7919230114552396594','create','5','-7919230114552396594','Spring Authenticated Session'),(230,'2022-05-16 13:25:09','2022-05-16 13:25:09',1,1,1020,8,5,1030,'cm_hive','all - database, table, column','Policy Resources',NULL,'{\"database\":{\"values\":[\"*\"],\"isExcludes\":false,\"isRecursive\":false},\"column\":{\"values\":[\"*\"],\"isExcludes\":false,\"isRecursive\":false},\"table\":{\"values\":[\"*\"],\"isExcludes\":false,\"isRecursive\":false}}','-7919230114552396594','create','5','-7919230114552396594','Spring Authenticated Session'),(231,'2022-05-16 13:25:09','2022-05-16 13:25:09',1,1,1020,8,5,1030,'cm_hive','all - database, table, column','Policy Items',NULL,'[{\"accesses\":[{\"type\":\"select\",\"isAllowed\":true},{\"type\":\"update\",\"isAllowed\":true},{\"type\":\"create\",\"isAllowed\":true},{\"type\":\"drop\",\"isAllowed\":true},{\"type\":\"alter\",\"isAllowed\":true},{\"type\":\"index\",\"isAllowed\":true},{\"type\":\"lock\",\"isAllowed\":true},{\"type\":\"all\",\"isAllowed\":true},{\"type\":\"read\",\"isAllowed\":true},{\"type\":\"write\",\"isAllowed\":true},{\"type\":\"repladmin\",\"isAllowed\":true},{\"type\":\"serviceadmin\",\"isAllowed\":true},{\"type\":\"tempudfadmin\",\"isAllowed\":true},{\"type\":\"refresh\",\"isAllowed\":true},{\"type\":\"rwstorage\",\"isAllowed\":true}],\"users\":[\"hive\",\"beacon\",\"dpprofiler\",\"hue\",\"admin\",\"impala\"],\"groups\":[],\"roles\":[],\"conditions\":[],\"delegateAdmin\":true},{\"accesses\":[{\"type\":\"read\",\"isAllowed\":true},{\"type\":\"select\",\"isAllowed\":true}],\"users\":[\"rangerlookup\"],\"groups\":[],\"roles\":[],\"conditions\":[],\"delegateAdmin\":false},{\"accesses\":[{\"type\":\"all\",\"isAllowed\":true}],\"users\":[\"{OWNER}\"],\"groups\":[],\"roles\":[],\"conditions\":[],\"delegateAdmin\":true}]','-7919230114552396594','create','5','-7919230114552396594','Spring Authenticated Session'),(232,'2022-05-16 13:25:09','2022-05-16 13:25:09',1,1,1020,8,5,1030,'cm_hive','all - database, table, column','Validity Schedules',NULL,'[]','-7919230114552396594','create','5','-7919230114552396594','Spring Authenticated Session'),(233,'2022-05-16 13:25:09','2022-05-16 13:25:09',1,1,1020,8,5,1030,'cm_hive','all - database, table, column','Policy Labels',NULL,'[]','-7919230114552396594','create','5','-7919230114552396594','Spring Authenticated Session'),(234,'2022-05-16 13:25:09','2022-05-16 13:25:09',1,1,1020,8,5,1030,'cm_hive','all - database, table, column','Deny All Other Accesses',NULL,'false','-7919230114552396594','create','5','-7919230114552396594','Spring Authenticated Session'),(235,'2022-05-16 13:25:09','2022-05-16 13:25:09',1,1,1020,8,5,1030,'cm_hive','all - database, table, column','Policy Status',NULL,'true','-7919230114552396594','create','5','-7919230114552396594','Spring Authenticated Session'),(236,'2022-05-16 13:25:09','2022-05-16 13:25:09',1,1,1020,9,5,1030,'cm_hive','all - database, table','Policy Name',NULL,'all - database, table','-7108599280289693173','create','5','-7108599280289693173','Spring Authenticated Session'),(237,'2022-05-16 13:25:09','2022-05-16 13:25:09',1,1,1020,9,5,1030,'cm_hive','all - database, table','Priority',NULL,'0','-7108599280289693173','create','5','-7108599280289693173','Spring Authenticated Session'),(238,'2022-05-16 13:25:09','2022-05-16 13:25:09',1,1,1020,9,5,1030,'cm_hive','all - database, table','Policy Description',NULL,'Policy for all - database, table','-7108599280289693173','create','5','-7108599280289693173','Spring Authenticated Session'),(239,'2022-05-16 13:25:09','2022-05-16 13:25:09',1,1,1020,9,5,1030,'cm_hive','all - database, table','Audit Status',NULL,'true','-7108599280289693173','create','5','-7108599280289693173','Spring Authenticated Session'),(240,'2022-05-16 13:25:09','2022-05-16 13:25:09',1,1,1020,9,5,1030,'cm_hive','all - database, table','Policy Resources',NULL,'{\"database\":{\"values\":[\"*\"],\"isExcludes\":false,\"isRecursive\":false},\"table\":{\"values\":[\"*\"],\"isExcludes\":false,\"isRecursive\":false}}','-7108599280289693173','create','5','-7108599280289693173','Spring Authenticated Session'),(241,'2022-05-16 13:25:09','2022-05-16 13:25:09',1,1,1020,9,5,1030,'cm_hive','all - database, table','Policy Items',NULL,'[{\"accesses\":[{\"type\":\"select\",\"isAllowed\":true},{\"type\":\"update\",\"isAllowed\":true},{\"type\":\"create\",\"isAllowed\":true},{\"type\":\"drop\",\"isAllowed\":true},{\"type\":\"alter\",\"isAllowed\":true},{\"type\":\"index\",\"isAllowed\":true},{\"type\":\"lock\",\"isAllowed\":true},{\"type\":\"all\",\"isAllowed\":true},{\"type\":\"read\",\"isAllowed\":true},{\"type\":\"write\",\"isAllowed\":true},{\"type\":\"repladmin\",\"isAllowed\":true},{\"type\":\"serviceadmin\",\"isAllowed\":true},{\"type\":\"tempudfadmin\",\"isAllowed\":true},{\"type\":\"refresh\",\"isAllowed\":true},{\"type\":\"rwstorage\",\"isAllowed\":true}],\"users\":[\"hive\",\"beacon\",\"dpprofiler\",\"hue\",\"admin\",\"impala\"],\"groups\":[],\"roles\":[],\"conditions\":[],\"delegateAdmin\":true},{\"accesses\":[{\"type\":\"read\",\"isAllowed\":true},{\"type\":\"select\",\"isAllowed\":true}],\"users\":[\"rangerlookup\"],\"groups\":[],\"roles\":[],\"conditions\":[],\"delegateAdmin\":false},{\"accesses\":[{\"type\":\"all\",\"isAllowed\":true}],\"users\":[\"{OWNER}\"],\"groups\":[],\"roles\":[],\"conditions\":[],\"delegateAdmin\":true},{\"accesses\":[{\"type\":\"select\",\"isAllowed\":true}],\"users\":[\"rangerrms\"],\"groups\":[],\"roles\":[],\"conditions\":[],\"delegateAdmin\":false}]','-7108599280289693173','create','5','-7108599280289693173','Spring Authenticated Session'),(242,'2022-05-16 13:25:09','2022-05-16 13:25:09',1,1,1020,9,5,1030,'cm_hive','all - database, table','Validity Schedules',NULL,'[]','-7108599280289693173','create','5','-7108599280289693173','Spring Authenticated Session'),(243,'2022-05-16 13:25:09','2022-05-16 13:25:09',1,1,1020,9,5,1030,'cm_hive','all - database, table','Policy Labels',NULL,'[]','-7108599280289693173','create','5','-7108599280289693173','Spring Authenticated Session'),(244,'2022-05-16 13:25:09','2022-05-16 13:25:09',1,1,1020,9,5,1030,'cm_hive','all - database, table','Deny All Other Accesses',NULL,'false','-7108599280289693173','create','5','-7108599280289693173','Spring Authenticated Session'),(245,'2022-05-16 13:25:09','2022-05-16 13:25:09',1,1,1020,9,5,1030,'cm_hive','all - database, table','Policy Status',NULL,'true','-7108599280289693173','create','5','-7108599280289693173','Spring Authenticated Session'),(246,'2022-05-16 13:25:10','2022-05-16 13:25:10',1,1,1020,10,5,1030,'cm_hive','all - storage-type, storage-url','Policy Name',NULL,'all - storage-type, storage-url','-3570449328241620987','create','5','-3570449328241620987','Spring Authenticated Session'),(247,'2022-05-16 13:25:10','2022-05-16 13:25:10',1,1,1020,10,5,1030,'cm_hive','all - storage-type, storage-url','Priority',NULL,'0','-3570449328241620987','create','5','-3570449328241620987','Spring Authenticated Session'),(248,'2022-05-16 13:25:10','2022-05-16 13:25:10',1,1,1020,10,5,1030,'cm_hive','all - storage-type, storage-url','Policy Description',NULL,'Policy for all - storage-type, storage-url','-3570449328241620987','create','5','-3570449328241620987','Spring Authenticated Session'),(249,'2022-05-16 13:25:10','2022-05-16 13:25:10',1,1,1020,10,5,1030,'cm_hive','all - storage-type, storage-url','Audit Status',NULL,'true','-3570449328241620987','create','5','-3570449328241620987','Spring Authenticated Session'),(250,'2022-05-16 13:25:10','2022-05-16 13:25:10',1,1,1020,10,5,1030,'cm_hive','all - storage-type, storage-url','Policy Resources',NULL,'{\"storage-type\":{\"values\":[\"*\"],\"isExcludes\":false,\"isRecursive\":false},\"storage-url\":{\"values\":[\"*\"],\"isExcludes\":false,\"isRecursive\":false}}','-3570449328241620987','create','5','-3570449328241620987','Spring Authenticated Session'),(251,'2022-05-16 13:25:10','2022-05-16 13:25:10',1,1,1020,10,5,1030,'cm_hive','all - storage-type, storage-url','Policy Items',NULL,'[{\"accesses\":[{\"type\":\"rwstorage\",\"isAllowed\":true}],\"users\":[\"hive\",\"beacon\",\"dpprofiler\",\"hue\",\"admin\",\"impala\"],\"groups\":[],\"roles\":[],\"conditions\":[],\"delegateAdmin\":true},{\"accesses\":[{\"type\":\"read\",\"isAllowed\":true},{\"type\":\"select\",\"isAllowed\":true}],\"users\":[\"rangerlookup\"],\"groups\":[],\"roles\":[],\"conditions\":[],\"delegateAdmin\":false}]','-3570449328241620987','create','5','-3570449328241620987','Spring Authenticated Session'),(252,'2022-05-16 13:25:10','2022-05-16 13:25:10',1,1,1020,10,5,1030,'cm_hive','all - storage-type, storage-url','Validity Schedules',NULL,'[]','-3570449328241620987','create','5','-3570449328241620987','Spring Authenticated Session'),(253,'2022-05-16 13:25:10','2022-05-16 13:25:10',1,1,1020,10,5,1030,'cm_hive','all - storage-type, storage-url','Policy Labels',NULL,'[]','-3570449328241620987','create','5','-3570449328241620987','Spring Authenticated Session'),(254,'2022-05-16 13:25:10','2022-05-16 13:25:10',1,1,1020,10,5,1030,'cm_hive','all - storage-type, storage-url','Deny All Other Accesses',NULL,'false','-3570449328241620987','create','5','-3570449328241620987','Spring Authenticated Session'),(255,'2022-05-16 13:25:10','2022-05-16 13:25:10',1,1,1020,10,5,1030,'cm_hive','all - storage-type, storage-url','Policy Status',NULL,'true','-3570449328241620987','create','5','-3570449328241620987','Spring Authenticated Session'),(256,'2022-05-16 13:25:10','2022-05-16 13:25:10',1,1,1020,11,5,1030,'cm_hive','all - database','Policy Name',NULL,'all - database','7122529356017780512','create','5','7122529356017780512','Spring Authenticated Session'),(257,'2022-05-16 13:25:10','2022-05-16 13:25:10',1,1,1020,11,5,1030,'cm_hive','all - database','Priority',NULL,'0','7122529356017780512','create','5','7122529356017780512','Spring Authenticated Session'),(258,'2022-05-16 13:25:10','2022-05-16 13:25:10',1,1,1020,11,5,1030,'cm_hive','all - database','Policy Description',NULL,'Policy for all - database','7122529356017780512','create','5','7122529356017780512','Spring Authenticated Session'),(259,'2022-05-16 13:25:10','2022-05-16 13:25:10',1,1,1020,11,5,1030,'cm_hive','all - database','Audit Status',NULL,'true','7122529356017780512','create','5','7122529356017780512','Spring Authenticated Session'),(260,'2022-05-16 13:25:10','2022-05-16 13:25:10',1,1,1020,11,5,1030,'cm_hive','all - database','Policy Resources',NULL,'{\"database\":{\"values\":[\"*\"],\"isExcludes\":false,\"isRecursive\":false}}','7122529356017780512','create','5','7122529356017780512','Spring Authenticated Session'),(261,'2022-05-16 13:25:10','2022-05-16 13:25:10',1,1,1020,11,5,1030,'cm_hive','all - database','Policy Items',NULL,'[{\"accesses\":[{\"type\":\"select\",\"isAllowed\":true},{\"type\":\"update\",\"isAllowed\":true},{\"type\":\"create\",\"isAllowed\":true},{\"type\":\"drop\",\"isAllowed\":true},{\"type\":\"alter\",\"isAllowed\":true},{\"type\":\"index\",\"isAllowed\":true},{\"type\":\"lock\",\"isAllowed\":true},{\"type\":\"all\",\"isAllowed\":true},{\"type\":\"read\",\"isAllowed\":true},{\"type\":\"write\",\"isAllowed\":true},{\"type\":\"repladmin\",\"isAllowed\":true},{\"type\":\"serviceadmin\",\"isAllowed\":true},{\"type\":\"tempudfadmin\",\"isAllowed\":true},{\"type\":\"refresh\",\"isAllowed\":true},{\"type\":\"rwstorage\",\"isAllowed\":true}],\"users\":[\"hive\",\"beacon\",\"dpprofiler\",\"hue\",\"admin\",\"impala\"],\"groups\":[],\"roles\":[],\"conditions\":[],\"delegateAdmin\":true},{\"accesses\":[{\"type\":\"read\",\"isAllowed\":true},{\"type\":\"select\",\"isAllowed\":true}],\"users\":[\"rangerlookup\"],\"groups\":[],\"roles\":[],\"conditions\":[],\"delegateAdmin\":false},{\"accesses\":[{\"type\":\"create\",\"isAllowed\":true}],\"users\":[],\"groups\":[\"public\"],\"roles\":[],\"conditions\":[],\"delegateAdmin\":false},{\"accesses\":[{\"type\":\"all\",\"isAllowed\":true}],\"users\":[\"{OWNER}\"],\"groups\":[],\"roles\":[],\"conditions\":[],\"delegateAdmin\":true}]','7122529356017780512','create','5','7122529356017780512','Spring Authenticated Session'),(262,'2022-05-16 13:25:10','2022-05-16 13:25:10',1,1,1020,11,5,1030,'cm_hive','all - database','Validity Schedules',NULL,'[]','7122529356017780512','create','5','7122529356017780512','Spring Authenticated Session'),(263,'2022-05-16 13:25:10','2022-05-16 13:25:10',1,1,1020,11,5,1030,'cm_hive','all - database','Policy Labels',NULL,'[]','7122529356017780512','create','5','7122529356017780512','Spring Authenticated Session'),(264,'2022-05-16 13:25:10','2022-05-16 13:25:10',1,1,1020,11,5,1030,'cm_hive','all - database','Deny All Other Accesses',NULL,'false','7122529356017780512','create','5','7122529356017780512','Spring Authenticated Session'),(265,'2022-05-16 13:25:10','2022-05-16 13:25:10',1,1,1020,11,5,1030,'cm_hive','all - database','Policy Status',NULL,'true','7122529356017780512','create','5','7122529356017780512','Spring Authenticated Session'),(266,'2022-05-16 13:25:10','2022-05-16 13:25:10',1,1,1020,12,5,1030,'cm_hive','all - hiveservice','Policy Name',NULL,'all - hiveservice','3277266754637348864','create','5','3277266754637348864','Spring Authenticated Session'),(267,'2022-05-16 13:25:10','2022-05-16 13:25:10',1,1,1020,12,5,1030,'cm_hive','all - hiveservice','Priority',NULL,'0','3277266754637348864','create','5','3277266754637348864','Spring Authenticated Session'),(268,'2022-05-16 13:25:10','2022-05-16 13:25:10',1,1,1020,12,5,1030,'cm_hive','all - hiveservice','Policy Description',NULL,'Policy for all - hiveservice','3277266754637348864','create','5','3277266754637348864','Spring Authenticated Session'),(269,'2022-05-16 13:25:10','2022-05-16 13:25:10',1,1,1020,12,5,1030,'cm_hive','all - hiveservice','Audit Status',NULL,'true','3277266754637348864','create','5','3277266754637348864','Spring Authenticated Session'),(270,'2022-05-16 13:25:10','2022-05-16 13:25:10',1,1,1020,12,5,1030,'cm_hive','all - hiveservice','Policy Resources',NULL,'{\"hiveservice\":{\"values\":[\"*\"],\"isExcludes\":false,\"isRecursive\":false}}','3277266754637348864','create','5','3277266754637348864','Spring Authenticated Session'),(271,'2022-05-16 13:25:10','2022-05-16 13:25:10',1,1,1020,12,5,1030,'cm_hive','all - hiveservice','Policy Items',NULL,'[{\"accesses\":[{\"type\":\"select\",\"isAllowed\":true},{\"type\":\"update\",\"isAllowed\":true},{\"type\":\"create\",\"isAllowed\":true},{\"type\":\"drop\",\"isAllowed\":true},{\"type\":\"alter\",\"isAllowed\":true},{\"type\":\"index\",\"isAllowed\":true},{\"type\":\"lock\",\"isAllowed\":true},{\"type\":\"all\",\"isAllowed\":true},{\"type\":\"read\",\"isAllowed\":true},{\"type\":\"write\",\"isAllowed\":true},{\"type\":\"repladmin\",\"isAllowed\":true},{\"type\":\"serviceadmin\",\"isAllowed\":true},{\"type\":\"tempudfadmin\",\"isAllowed\":true},{\"type\":\"refresh\",\"isAllowed\":true},{\"type\":\"rwstorage\",\"isAllowed\":true}],\"users\":[\"hive\",\"beacon\",\"dpprofiler\",\"hue\",\"admin\",\"impala\"],\"groups\":[],\"roles\":[],\"conditions\":[],\"delegateAdmin\":true},{\"accesses\":[{\"type\":\"read\",\"isAllowed\":true},{\"type\":\"select\",\"isAllowed\":true}],\"users\":[\"rangerlookup\"],\"groups\":[],\"roles\":[],\"conditions\":[],\"delegateAdmin\":false}]','3277266754637348864','create','5','3277266754637348864','Spring Authenticated Session'),(272,'2022-05-16 13:25:10','2022-05-16 13:25:10',1,1,1020,12,5,1030,'cm_hive','all - hiveservice','Validity Schedules',NULL,'[]','3277266754637348864','create','5','3277266754637348864','Spring Authenticated Session'),(273,'2022-05-16 13:25:10','2022-05-16 13:25:10',1,1,1020,12,5,1030,'cm_hive','all - hiveservice','Policy Labels',NULL,'[]','3277266754637348864','create','5','3277266754637348864','Spring Authenticated Session'),(274,'2022-05-16 13:25:10','2022-05-16 13:25:10',1,1,1020,12,5,1030,'cm_hive','all - hiveservice','Deny All Other Accesses',NULL,'false','3277266754637348864','create','5','3277266754637348864','Spring Authenticated Session'),(275,'2022-05-16 13:25:10','2022-05-16 13:25:10',1,1,1020,12,5,1030,'cm_hive','all - hiveservice','Policy Status',NULL,'true','3277266754637348864','create','5','3277266754637348864','Spring Authenticated Session'),(276,'2022-05-16 13:25:10','2022-05-16 13:25:10',1,1,1020,13,5,1030,'cm_hive','all - database, udf','Policy Name',NULL,'all - database, udf','-4183245951274040740','create','5','-4183245951274040740','Spring Authenticated Session'),(277,'2022-05-16 13:25:10','2022-05-16 13:25:10',1,1,1020,13,5,1030,'cm_hive','all - database, udf','Priority',NULL,'0','-4183245951274040740','create','5','-4183245951274040740','Spring Authenticated Session'),(278,'2022-05-16 13:25:10','2022-05-16 13:25:10',1,1,1020,13,5,1030,'cm_hive','all - database, udf','Policy Description',NULL,'Policy for all - database, udf','-4183245951274040740','create','5','-4183245951274040740','Spring Authenticated Session'),(279,'2022-05-16 13:25:10','2022-05-16 13:25:10',1,1,1020,13,5,1030,'cm_hive','all - database, udf','Audit Status',NULL,'true','-4183245951274040740','create','5','-4183245951274040740','Spring Authenticated Session'),(280,'2022-05-16 13:25:10','2022-05-16 13:25:10',1,1,1020,13,5,1030,'cm_hive','all - database, udf','Policy Resources',NULL,'{\"database\":{\"values\":[\"*\"],\"isExcludes\":false,\"isRecursive\":false},\"udf\":{\"values\":[\"*\"],\"isExcludes\":false,\"isRecursive\":false}}','-4183245951274040740','create','5','-4183245951274040740','Spring Authenticated Session'),(281,'2022-05-16 13:25:10','2022-05-16 13:25:10',1,1,1020,13,5,1030,'cm_hive','all - database, udf','Policy Items',NULL,'[{\"accesses\":[{\"type\":\"select\",\"isAllowed\":true},{\"type\":\"update\",\"isAllowed\":true},{\"type\":\"create\",\"isAllowed\":true},{\"type\":\"drop\",\"isAllowed\":true},{\"type\":\"alter\",\"isAllowed\":true},{\"type\":\"index\",\"isAllowed\":true},{\"type\":\"lock\",\"isAllowed\":true},{\"type\":\"all\",\"isAllowed\":true},{\"type\":\"read\",\"isAllowed\":true},{\"type\":\"write\",\"isAllowed\":true},{\"type\":\"repladmin\",\"isAllowed\":true},{\"type\":\"serviceadmin\",\"isAllowed\":true},{\"type\":\"tempudfadmin\",\"isAllowed\":true},{\"type\":\"refresh\",\"isAllowed\":true},{\"type\":\"rwstorage\",\"isAllowed\":true}],\"users\":[\"hive\",\"beacon\",\"dpprofiler\",\"hue\",\"admin\",\"impala\"],\"groups\":[],\"roles\":[],\"conditions\":[],\"delegateAdmin\":true},{\"accesses\":[{\"type\":\"read\",\"isAllowed\":true},{\"type\":\"select\",\"isAllowed\":true}],\"users\":[\"rangerlookup\"],\"groups\":[],\"roles\":[],\"conditions\":[],\"delegateAdmin\":false},{\"accesses\":[{\"type\":\"all\",\"isAllowed\":true}],\"users\":[\"{OWNER}\"],\"groups\":[],\"roles\":[],\"conditions\":[],\"delegateAdmin\":true}]','-4183245951274040740','create','5','-4183245951274040740','Spring Authenticated Session'),(282,'2022-05-16 13:25:10','2022-05-16 13:25:10',1,1,1020,13,5,1030,'cm_hive','all - database, udf','Validity Schedules',NULL,'[]','-4183245951274040740','create','5','-4183245951274040740','Spring Authenticated Session'),(283,'2022-05-16 13:25:10','2022-05-16 13:25:10',1,1,1020,13,5,1030,'cm_hive','all - database, udf','Policy Labels',NULL,'[]','-4183245951274040740','create','5','-4183245951274040740','Spring Authenticated Session'),(284,'2022-05-16 13:25:10','2022-05-16 13:25:10',1,1,1020,13,5,1030,'cm_hive','all - database, udf','Deny All Other Accesses',NULL,'false','-4183245951274040740','create','5','-4183245951274040740','Spring Authenticated Session'),(285,'2022-05-16 13:25:10','2022-05-16 13:25:10',1,1,1020,13,5,1030,'cm_hive','all - database, udf','Policy Status',NULL,'true','-4183245951274040740','create','5','-4183245951274040740','Spring Authenticated Session'),(286,'2022-05-16 13:25:10','2022-05-16 13:25:10',1,1,1020,14,5,1030,'cm_hive','all - url','Policy Name',NULL,'all - url','-3506776188650959298','create','5','-3506776188650959298','Spring Authenticated Session'),(287,'2022-05-16 13:25:10','2022-05-16 13:25:10',1,1,1020,14,5,1030,'cm_hive','all - url','Priority',NULL,'0','-3506776188650959298','create','5','-3506776188650959298','Spring Authenticated Session'),(288,'2022-05-16 13:25:10','2022-05-16 13:25:10',1,1,1020,14,5,1030,'cm_hive','all - url','Policy Description',NULL,'Policy for all - url','-3506776188650959298','create','5','-3506776188650959298','Spring Authenticated Session'),(289,'2022-05-16 13:25:10','2022-05-16 13:25:10',1,1,1020,14,5,1030,'cm_hive','all - url','Audit Status',NULL,'true','-3506776188650959298','create','5','-3506776188650959298','Spring Authenticated Session'),(290,'2022-05-16 13:25:10','2022-05-16 13:25:10',1,1,1020,14,5,1030,'cm_hive','all - url','Policy Resources',NULL,'{\"url\":{\"values\":[\"*\"],\"isExcludes\":false,\"isRecursive\":true}}','-3506776188650959298','create','5','-3506776188650959298','Spring Authenticated Session'),(291,'2022-05-16 13:25:10','2022-05-16 13:25:10',1,1,1020,14,5,1030,'cm_hive','all - url','Policy Items',NULL,'[{\"accesses\":[{\"type\":\"select\",\"isAllowed\":true},{\"type\":\"update\",\"isAllowed\":true},{\"type\":\"create\",\"isAllowed\":true},{\"type\":\"drop\",\"isAllowed\":true},{\"type\":\"alter\",\"isAllowed\":true},{\"type\":\"index\",\"isAllowed\":true},{\"type\":\"lock\",\"isAllowed\":true},{\"type\":\"all\",\"isAllowed\":true},{\"type\":\"read\",\"isAllowed\":true},{\"type\":\"write\",\"isAllowed\":true},{\"type\":\"repladmin\",\"isAllowed\":true},{\"type\":\"serviceadmin\",\"isAllowed\":true},{\"type\":\"tempudfadmin\",\"isAllowed\":true},{\"type\":\"refresh\",\"isAllowed\":true},{\"type\":\"rwstorage\",\"isAllowed\":true}],\"users\":[\"hive\",\"beacon\",\"dpprofiler\",\"hue\",\"admin\",\"impala\"],\"groups\":[],\"roles\":[],\"conditions\":[],\"delegateAdmin\":true},{\"accesses\":[{\"type\":\"read\",\"isAllowed\":true},{\"type\":\"select\",\"isAllowed\":true}],\"users\":[\"rangerlookup\"],\"groups\":[],\"roles\":[],\"conditions\":[],\"delegateAdmin\":false}]','-3506776188650959298','create','5','-3506776188650959298','Spring Authenticated Session'),(292,'2022-05-16 13:25:10','2022-05-16 13:25:10',1,1,1020,14,5,1030,'cm_hive','all - url','Validity Schedules',NULL,'[]','-3506776188650959298','create','5','-3506776188650959298','Spring Authenticated Session'),(293,'2022-05-16 13:25:10','2022-05-16 13:25:10',1,1,1020,14,5,1030,'cm_hive','all - url','Policy Labels',NULL,'[]','-3506776188650959298','create','5','-3506776188650959298','Spring Authenticated Session'),(294,'2022-05-16 13:25:10','2022-05-16 13:25:10',1,1,1020,14,5,1030,'cm_hive','all - url','Deny All Other Accesses',NULL,'false','-3506776188650959298','create','5','-3506776188650959298','Spring Authenticated Session'),(295,'2022-05-16 13:25:10','2022-05-16 13:25:10',1,1,1020,14,5,1030,'cm_hive','all - url','Policy Status',NULL,'true','-3506776188650959298','create','5','-3506776188650959298','Spring Authenticated Session'),(296,'2022-05-16 13:25:10','2022-05-16 13:25:10',1,1,1020,15,5,1030,'cm_hive','default database tables columns','Policy Name',NULL,'default database tables columns','5570327745360449171','create','5','5570327745360449171','Spring Authenticated Session'),(297,'2022-05-16 13:25:10','2022-05-16 13:25:10',1,1,1020,15,5,1030,'cm_hive','default database tables columns','Priority',NULL,'0','5570327745360449171','create','5','5570327745360449171','Spring Authenticated Session'),(298,'2022-05-16 13:25:10','2022-05-16 13:25:10',1,1,1020,15,5,1030,'cm_hive','default database tables columns','Policy Description',NULL,'null','5570327745360449171','create','5','5570327745360449171','Spring Authenticated Session'),(299,'2022-05-16 13:25:10','2022-05-16 13:25:10',1,1,1020,15,5,1030,'cm_hive','default database tables columns','Audit Status',NULL,'true','5570327745360449171','create','5','5570327745360449171','Spring Authenticated Session'),(300,'2022-05-16 13:25:10','2022-05-16 13:25:10',1,1,1020,15,5,1030,'cm_hive','default database tables columns','Policy Resources',NULL,'{\"database\":{\"values\":[\"default\"],\"isExcludes\":false,\"isRecursive\":false},\"column\":{\"values\":[\"*\"],\"isExcludes\":false,\"isRecursive\":false},\"table\":{\"values\":[\"*\"],\"isExcludes\":false,\"isRecursive\":false}}','5570327745360449171','create','5','5570327745360449171','Spring Authenticated Session'),(301,'2022-05-16 13:25:10','2022-05-16 13:25:10',1,1,1020,15,5,1030,'cm_hive','default database tables columns','Policy Items',NULL,'[{\"accesses\":[{\"type\":\"create\",\"isAllowed\":true}],\"users\":[],\"groups\":[\"public\"],\"roles\":[],\"conditions\":[],\"delegateAdmin\":false}]','5570327745360449171','create','5','5570327745360449171','Spring Authenticated Session'),(302,'2022-05-16 13:25:10','2022-05-16 13:25:10',1,1,1020,15,5,1030,'cm_hive','default database tables columns','Validity Schedules',NULL,'[]','5570327745360449171','create','5','5570327745360449171','Spring Authenticated Session'),(303,'2022-05-16 13:25:10','2022-05-16 13:25:10',1,1,1020,15,5,1030,'cm_hive','default database tables columns','Policy Labels',NULL,'[]','5570327745360449171','create','5','5570327745360449171','Spring Authenticated Session'),(304,'2022-05-16 13:25:10','2022-05-16 13:25:10',1,1,1020,15,5,1030,'cm_hive','default database tables columns','Deny All Other Accesses',NULL,'false','5570327745360449171','create','5','5570327745360449171','Spring Authenticated Session'),(305,'2022-05-16 13:25:10','2022-05-16 13:25:10',1,1,1020,15,5,1030,'cm_hive','default database tables columns','Policy Status',NULL,'true','5570327745360449171','create','5','5570327745360449171','Spring Authenticated Session'),(306,'2022-05-16 13:25:10','2022-05-16 13:25:10',1,1,1020,16,5,1030,'cm_hive','Information_schema database tables columns','Policy Name',NULL,'Information_schema database tables columns','-3474674836930543603','create','5','-3474674836930543603','Spring Authenticated Session'),(307,'2022-05-16 13:25:10','2022-05-16 13:25:10',1,1,1020,16,5,1030,'cm_hive','Information_schema database tables columns','Priority',NULL,'0','-3474674836930543603','create','5','-3474674836930543603','Spring Authenticated Session'),(308,'2022-05-16 13:25:10','2022-05-16 13:25:10',1,1,1020,16,5,1030,'cm_hive','Information_schema database tables columns','Policy Description',NULL,'null','-3474674836930543603','create','5','-3474674836930543603','Spring Authenticated Session'),(309,'2022-05-16 13:25:10','2022-05-16 13:25:10',1,1,1020,16,5,1030,'cm_hive','Information_schema database tables columns','Audit Status',NULL,'true','-3474674836930543603','create','5','-3474674836930543603','Spring Authenticated Session'),(310,'2022-05-16 13:25:10','2022-05-16 13:25:10',1,1,1020,16,5,1030,'cm_hive','Information_schema database tables columns','Policy Resources',NULL,'{\"database\":{\"values\":[\"information_schema\"],\"isExcludes\":false,\"isRecursive\":false},\"column\":{\"values\":[\"*\"],\"isExcludes\":false,\"isRecursive\":false},\"table\":{\"values\":[\"*\"],\"isExcludes\":false,\"isRecursive\":false}}','-3474674836930543603','create','5','-3474674836930543603','Spring Authenticated Session'),(311,'2022-05-16 13:25:10','2022-05-16 13:25:10',1,1,1020,16,5,1030,'cm_hive','Information_schema database tables columns','Policy Items',NULL,'[{\"accesses\":[{\"type\":\"select\",\"isAllowed\":true}],\"users\":[],\"groups\":[\"public\"],\"roles\":[],\"conditions\":[],\"delegateAdmin\":false}]','-3474674836930543603','create','5','-3474674836930543603','Spring Authenticated Session'),(312,'2022-05-16 13:25:10','2022-05-16 13:25:10',1,1,1020,16,5,1030,'cm_hive','Information_schema database tables columns','Validity Schedules',NULL,'[]','-3474674836930543603','create','5','-3474674836930543603','Spring Authenticated Session'),(313,'2022-05-16 13:25:10','2022-05-16 13:25:10',1,1,1020,16,5,1030,'cm_hive','Information_schema database tables columns','Policy Labels',NULL,'[]','-3474674836930543603','create','5','-3474674836930543603','Spring Authenticated Session'),(314,'2022-05-16 13:25:10','2022-05-16 13:25:10',1,1,1020,16,5,1030,'cm_hive','Information_schema database tables columns','Deny All Other Accesses',NULL,'false','-3474674836930543603','create','5','-3474674836930543603','Spring Authenticated Session'),(315,'2022-05-16 13:25:10','2022-05-16 13:25:10',1,1,1020,16,5,1030,'cm_hive','Information_schema database tables columns','Policy Status',NULL,'true','-3474674836930543603','create','5','-3474674836930543603','Spring Authenticated Session'),(316,'2022-05-16 13:25:12','2022-05-16 13:25:12',1,1,1030,6,5,1033,'knox','cm_knox','Service Name',NULL,'cm_knox','-1237969137178358378','create','6','-1237969137178358378','Spring Authenticated Session'),(317,'2022-05-16 13:25:12','2022-05-16 13:25:12',1,1,1030,6,5,1033,'knox','cm_knox','Service Display Name',NULL,'cm_knox','-1237969137178358378','create','6','-1237969137178358378','Spring Authenticated Session'),(318,'2022-05-16 13:25:12','2022-05-16 13:25:12',1,1,1030,6,5,1033,'knox','cm_knox','Service Description',NULL,'Knox repo','-1237969137178358378','create','6','-1237969137178358378','Spring Authenticated Session'),(319,'2022-05-16 13:25:12','2022-05-16 13:25:12',1,1,1030,6,5,1033,'knox','cm_knox','Tag Service Name',NULL,'cm_tag','-1237969137178358378','create','6','-1237969137178358378','Spring Authenticated Session'),(320,'2022-05-16 13:25:12','2022-05-16 13:25:12',1,1,1030,6,5,1033,'knox','cm_knox','Connection Configurations',NULL,'{\"tag.download.auth.users\":\"knox\",\"default-policy.1.name\":\"CDP Proxy UI and API\",\"password\":\"*****\",\"policy.download.auth.users\":\"knox\",\"setup.additional.default.policies\":\"true\",\"default-policy.1.resource.service\":\"*\",\"default-policy.1.resource.topology\":\"cdp-proxy,cdp-proxy-api\",\"ranger.plugin.audit.filters\":\"[ {\'accessResult\': \'DENIED\', \'isAudited\': true}, {\'users\':[\'knox\'] ,\'isAudited\':false} ]\",\"knox.url\":\"https://localhost:8443/gateway/admin/api/v1/topologies\",\"username\":\"admin\",\"default-policy.1.policyItem.1.groups\":\"public\",\"default-policy.1.policyItem.1.accessTypes\":\"allow\"}','-1237969137178358378','create','6','-1237969137178358378','Spring Authenticated Session'),(321,'2022-05-16 13:25:12','2022-05-16 13:25:12',1,1,1030,6,5,1033,'knox','cm_knox','Service Status',NULL,'true','-1237969137178358378','create','6','-1237969137178358378','Spring Authenticated Session'),(322,'2022-05-16 13:25:12','2022-05-16 13:25:12',1,1,1020,17,6,1030,'cm_knox','all - topology, service','Policy Name',NULL,'all - topology, service','-7800872948585183081','create','6','-7800872948585183081','Spring Authenticated Session'),(323,'2022-05-16 13:25:12','2022-05-16 13:25:12',1,1,1020,17,6,1030,'cm_knox','all - topology, service','Priority',NULL,'0','-7800872948585183081','create','6','-7800872948585183081','Spring Authenticated Session'),(324,'2022-05-16 13:25:12','2022-05-16 13:25:12',1,1,1020,17,6,1030,'cm_knox','all - topology, service','Policy Description',NULL,'Policy for all - topology, service','-7800872948585183081','create','6','-7800872948585183081','Spring Authenticated Session'),(325,'2022-05-16 13:25:12','2022-05-16 13:25:12',1,1,1020,17,6,1030,'cm_knox','all - topology, service','Audit Status',NULL,'true','-7800872948585183081','create','6','-7800872948585183081','Spring Authenticated Session'),(326,'2022-05-16 13:25:12','2022-05-16 13:25:12',1,1,1020,17,6,1030,'cm_knox','all - topology, service','Policy Resources',NULL,'{\"topology\":{\"values\":[\"*\"],\"isExcludes\":false,\"isRecursive\":false},\"service\":{\"values\":[\"*\"],\"isExcludes\":false,\"isRecursive\":false}}','-7800872948585183081','create','6','-7800872948585183081','Spring Authenticated Session'),(327,'2022-05-16 13:25:12','2022-05-16 13:25:12',1,1,1020,17,6,1030,'cm_knox','all - topology, service','Policy Items',NULL,'[{\"accesses\":[{\"type\":\"allow\",\"isAllowed\":true}],\"users\":[\"admin\"],\"groups\":[],\"roles\":[],\"conditions\":[],\"delegateAdmin\":true},{\"accesses\":[{\"type\":\"allow\",\"isAllowed\":true}],\"users\":[\"rangerlookup\"],\"groups\":[],\"roles\":[],\"conditions\":[],\"delegateAdmin\":false}]','-7800872948585183081','create','6','-7800872948585183081','Spring Authenticated Session'),(328,'2022-05-16 13:25:12','2022-05-16 13:25:12',1,1,1020,17,6,1030,'cm_knox','all - topology, service','Validity Schedules',NULL,'[]','-7800872948585183081','create','6','-7800872948585183081','Spring Authenticated Session'),(329,'2022-05-16 13:25:12','2022-05-16 13:25:12',1,1,1020,17,6,1030,'cm_knox','all - topology, service','Policy Labels',NULL,'[]','-7800872948585183081','create','6','-7800872948585183081','Spring Authenticated Session'),(330,'2022-05-16 13:25:12','2022-05-16 13:25:12',1,1,1020,17,6,1030,'cm_knox','all - topology, service','Deny All Other Accesses',NULL,'false','-7800872948585183081','create','6','-7800872948585183081','Spring Authenticated Session'),(331,'2022-05-16 13:25:12','2022-05-16 13:25:12',1,1,1020,17,6,1030,'cm_knox','all - topology, service','Policy Status',NULL,'true','-7800872948585183081','create','6','-7800872948585183081','Spring Authenticated Session'),(332,'2022-05-16 13:25:12','2022-05-16 13:25:12',1,1,1020,18,6,1030,'cm_knox','CDP Proxy UI and API','Policy Name',NULL,'CDP Proxy UI and API','1657141744834462981','create','6','1657141744834462981','Spring Authenticated Session'),(333,'2022-05-16 13:25:12','2022-05-16 13:25:12',1,1,1020,18,6,1030,'cm_knox','CDP Proxy UI and API','Priority',NULL,'0','1657141744834462981','create','6','1657141744834462981','Spring Authenticated Session'),(334,'2022-05-16 13:25:12','2022-05-16 13:25:12',1,1,1020,18,6,1030,'cm_knox','CDP Proxy UI and API','Policy Description',NULL,'Policy for CDP Proxy UI and API','1657141744834462981','create','6','1657141744834462981','Spring Authenticated Session'),(335,'2022-05-16 13:25:12','2022-05-16 13:25:12',1,1,1020,18,6,1030,'cm_knox','CDP Proxy UI and API','Audit Status',NULL,'true','1657141744834462981','create','6','1657141744834462981','Spring Authenticated Session'),(336,'2022-05-16 13:25:12','2022-05-16 13:25:12',1,1,1020,18,6,1030,'cm_knox','CDP Proxy UI and API','Policy Resources',NULL,'{\"service\":{\"values\":[\"*\"],\"isExcludes\":false,\"isRecursive\":false},\"topology\":{\"values\":[\"cdp-proxy\",\"cdp-proxy-api\"],\"isExcludes\":false,\"isRecursive\":false}}','1657141744834462981','create','6','1657141744834462981','Spring Authenticated Session'),(337,'2022-05-16 13:25:12','2022-05-16 13:25:12',1,1,1020,18,6,1030,'cm_knox','CDP Proxy UI and API','Policy Items',NULL,'[{\"accesses\":[{\"type\":\"allow\",\"isAllowed\":true}],\"users\":[],\"groups\":[\"public\"],\"roles\":[],\"conditions\":[],\"delegateAdmin\":false}]','1657141744834462981','create','6','1657141744834462981','Spring Authenticated Session'),(338,'2022-05-16 13:25:12','2022-05-16 13:25:12',1,1,1020,18,6,1030,'cm_knox','CDP Proxy UI and API','Validity Schedules',NULL,'[]','1657141744834462981','create','6','1657141744834462981','Spring Authenticated Session'),(339,'2022-05-16 13:25:12','2022-05-16 13:25:12',1,1,1020,18,6,1030,'cm_knox','CDP Proxy UI and API','Policy Labels',NULL,'[]','1657141744834462981','create','6','1657141744834462981','Spring Authenticated Session'),(340,'2022-05-16 13:25:12','2022-05-16 13:25:12',1,1,1020,18,6,1030,'cm_knox','CDP Proxy UI and API','Deny All Other Accesses',NULL,'false','1657141744834462981','create','6','1657141744834462981','Spring Authenticated Session'),(341,'2022-05-16 13:25:12','2022-05-16 13:25:12',1,1,1020,18,6,1030,'cm_knox','CDP Proxy UI and API','Policy Status',NULL,'true','1657141744834462981','create','6','1657141744834462981','Spring Authenticated Session'),(342,'2022-05-16 13:25:16','2022-05-16 13:25:16',1,1,1003,67,NULL,0,NULL,'om','Login ID',NULL,'om','-6840639501785216821','create','7','-6840639501785216821','Spring Authenticated Session'),(343,'2022-05-16 13:25:16','2022-05-16 13:25:16',1,1,1003,67,NULL,0,NULL,'om','User Role',NULL,'[ROLE_USER]','-6840639501785216821','create','7','-6840639501785216821','Spring Authenticated Session'),(344,'2022-05-16 13:25:16','2022-05-16 13:25:16',1,1,1030,7,201,1033,'ozone','cm_ozone','Service Name',NULL,'cm_ozone','6178502939042530361','create','7','6178502939042530361','Spring Authenticated Session'),(345,'2022-05-16 13:25:16','2022-05-16 13:25:16',1,1,1030,7,201,1033,'ozone','cm_ozone','Service Display Name',NULL,'cm_ozone','6178502939042530361','create','7','6178502939042530361','Spring Authenticated Session'),(346,'2022-05-16 13:25:16','2022-05-16 13:25:16',1,1,1030,7,201,1033,'ozone','cm_ozone','Service Description',NULL,'Ozone repo','6178502939042530361','create','7','6178502939042530361','Spring Authenticated Session'),(347,'2022-05-16 13:25:16','2022-05-16 13:25:16',1,1,1030,7,201,1033,'ozone','cm_ozone','Tag Service Name',NULL,'cm_tag','6178502939042530361','create','7','6178502939042530361','Spring Authenticated Session'),(348,'2022-05-16 13:25:16','2022-05-16 13:25:16',1,1,1030,7,201,1033,'ozone','cm_ozone','Connection Configurations',NULL,'{\"setup.additional.default.policies\":\"true\",\"hadoop.security.authentication\":\"kerberos\",\"ozone.om.http-address\":\"http://localhost:9874\",\"default-policy.1.resource.key\":\"*\",\"ranger.plugin.audit.filters\":\"[ {\'accessResult\': \'DENIED\', \'isAudited\': true} ]\",\"default-policy.1.resource.volume\":\"s3v\",\"default-policy.1.resource.bucket\":\"*\",\"default-policy.1.policyItem.1.accessTypes\":\"all,create,write,read,list,delete\",\"tag.download.auth.users\":\"om\",\"default-policy.1.name\":\"S3_VOLUME_POLICY\",\"password\":\"*****\",\"policy.download.auth.users\":\"om\",\"hadoop.security.authorization\":\"true\",\"default-policy.1.policyItem.1.users\":\"hive\",\"username\":\"om\"}','6178502939042530361','create','7','6178502939042530361','Spring Authenticated Session'),(349,'2022-05-16 13:25:16','2022-05-16 13:25:16',1,1,1030,7,201,1033,'ozone','cm_ozone','Service Status',NULL,'true','6178502939042530361','create','7','6178502939042530361','Spring Authenticated Session'),(350,'2022-05-16 13:25:16','2022-05-16 13:25:16',1,1,1020,19,7,1030,'cm_ozone','all - volume, bucket, key','Policy Name',NULL,'all - volume, bucket, key','3490242515061065096','create','7','3490242515061065096','Spring Authenticated Session'),(351,'2022-05-16 13:25:16','2022-05-16 13:25:16',1,1,1020,19,7,1030,'cm_ozone','all - volume, bucket, key','Priority',NULL,'0','3490242515061065096','create','7','3490242515061065096','Spring Authenticated Session'),(352,'2022-05-16 13:25:16','2022-05-16 13:25:16',1,1,1020,19,7,1030,'cm_ozone','all - volume, bucket, key','Policy Description',NULL,'Policy for all - volume, bucket, key','3490242515061065096','create','7','3490242515061065096','Spring Authenticated Session'),(353,'2022-05-16 13:25:16','2022-05-16 13:25:16',1,1,1020,19,7,1030,'cm_ozone','all - volume, bucket, key','Audit Status',NULL,'true','3490242515061065096','create','7','3490242515061065096','Spring Authenticated Session'),(354,'2022-05-16 13:25:16','2022-05-16 13:25:16',1,1,1020,19,7,1030,'cm_ozone','all - volume, bucket, key','Policy Resources',NULL,'{\"volume\":{\"values\":[\"*\"],\"isExcludes\":false,\"isRecursive\":false},\"bucket\":{\"values\":[\"*\"],\"isExcludes\":false,\"isRecursive\":false},\"key\":{\"values\":[\"*\"],\"isExcludes\":false,\"isRecursive\":true}}','3490242515061065096','create','7','3490242515061065096','Spring Authenticated Session'),(355,'2022-05-16 13:25:16','2022-05-16 13:25:16',1,1,1020,19,7,1030,'cm_ozone','all - volume, bucket, key','Policy Items',NULL,'[{\"accesses\":[{\"type\":\"all\",\"isAllowed\":true},{\"type\":\"read\",\"isAllowed\":true},{\"type\":\"write\",\"isAllowed\":true},{\"type\":\"create\",\"isAllowed\":true},{\"type\":\"list\",\"isAllowed\":true},{\"type\":\"delete\",\"isAllowed\":true},{\"type\":\"read_acl\",\"isAllowed\":true},{\"type\":\"write_acl\",\"isAllowed\":true}],\"users\":[\"om\"],\"groups\":[],\"roles\":[],\"conditions\":[],\"delegateAdmin\":true},{\"accesses\":[{\"type\":\"all\",\"isAllowed\":true}],\"users\":[\"{OWNER}\"],\"groups\":[],\"roles\":[],\"conditions\":[],\"delegateAdmin\":true},{\"accesses\":[{\"type\":\"read\",\"isAllowed\":true},{\"type\":\"write\",\"isAllowed\":true},{\"type\":\"create\",\"isAllowed\":true},{\"type\":\"list\",\"isAllowed\":true},{\"type\":\"delete\",\"isAllowed\":true},{\"type\":\"read_acl\",\"isAllowed\":true},{\"type\":\"write_acl\",\"isAllowed\":true},{\"type\":\"all\",\"isAllowed\":true}],\"users\":[\"rangerlookup\"],\"groups\":[],\"roles\":[],\"conditions\":[],\"delegateAdmin\":false}]','3490242515061065096','create','7','3490242515061065096','Spring Authenticated Session'),(356,'2022-05-16 13:25:16','2022-05-16 13:25:16',1,1,1020,19,7,1030,'cm_ozone','all - volume, bucket, key','Validity Schedules',NULL,'[]','3490242515061065096','create','7','3490242515061065096','Spring Authenticated Session'),(357,'2022-05-16 13:25:16','2022-05-16 13:25:16',1,1,1020,19,7,1030,'cm_ozone','all - volume, bucket, key','Policy Labels',NULL,'[]','3490242515061065096','create','7','3490242515061065096','Spring Authenticated Session'),(358,'2022-05-16 13:25:16','2022-05-16 13:25:16',1,1,1020,19,7,1030,'cm_ozone','all - volume, bucket, key','Deny All Other Accesses',NULL,'false','3490242515061065096','create','7','3490242515061065096','Spring Authenticated Session'),(359,'2022-05-16 13:25:16','2022-05-16 13:25:16',1,1,1020,19,7,1030,'cm_ozone','all - volume, bucket, key','Policy Status',NULL,'true','3490242515061065096','create','7','3490242515061065096','Spring Authenticated Session'),(360,'2022-05-16 13:25:16','2022-05-16 13:25:16',1,1,1020,20,7,1030,'cm_ozone','all - volume','Policy Name',NULL,'all - volume','7154651939955556763','create','7','7154651939955556763','Spring Authenticated Session'),(361,'2022-05-16 13:25:16','2022-05-16 13:25:16',1,1,1020,20,7,1030,'cm_ozone','all - volume','Priority',NULL,'0','7154651939955556763','create','7','7154651939955556763','Spring Authenticated Session'),(362,'2022-05-16 13:25:16','2022-05-16 13:25:16',1,1,1020,20,7,1030,'cm_ozone','all - volume','Policy Description',NULL,'Policy for all - volume','7154651939955556763','create','7','7154651939955556763','Spring Authenticated Session'),(363,'2022-05-16 13:25:16','2022-05-16 13:25:16',1,1,1020,20,7,1030,'cm_ozone','all - volume','Audit Status',NULL,'true','7154651939955556763','create','7','7154651939955556763','Spring Authenticated Session'),(364,'2022-05-16 13:25:16','2022-05-16 13:25:16',1,1,1020,20,7,1030,'cm_ozone','all - volume','Policy Resources',NULL,'{\"volume\":{\"values\":[\"*\"],\"isExcludes\":false,\"isRecursive\":false}}','7154651939955556763','create','7','7154651939955556763','Spring Authenticated Session'),(365,'2022-05-16 13:25:16','2022-05-16 13:25:16',1,1,1020,20,7,1030,'cm_ozone','all - volume','Policy Items',NULL,'[{\"accesses\":[{\"type\":\"all\",\"isAllowed\":true},{\"type\":\"read\",\"isAllowed\":true},{\"type\":\"write\",\"isAllowed\":true},{\"type\":\"create\",\"isAllowed\":true},{\"type\":\"list\",\"isAllowed\":true},{\"type\":\"delete\",\"isAllowed\":true},{\"type\":\"read_acl\",\"isAllowed\":true},{\"type\":\"write_acl\",\"isAllowed\":true}],\"users\":[\"om\"],\"groups\":[],\"roles\":[],\"conditions\":[],\"delegateAdmin\":true},{\"accesses\":[{\"type\":\"all\",\"isAllowed\":true}],\"users\":[\"{OWNER}\"],\"groups\":[],\"roles\":[],\"conditions\":[],\"delegateAdmin\":true},{\"accesses\":[{\"type\":\"read\",\"isAllowed\":true},{\"type\":\"write\",\"isAllowed\":true},{\"type\":\"create\",\"isAllowed\":true},{\"type\":\"list\",\"isAllowed\":true},{\"type\":\"delete\",\"isAllowed\":true},{\"type\":\"read_acl\",\"isAllowed\":true},{\"type\":\"write_acl\",\"isAllowed\":true},{\"type\":\"all\",\"isAllowed\":true}],\"users\":[\"rangerlookup\"],\"groups\":[],\"roles\":[],\"conditions\":[],\"delegateAdmin\":false}]','7154651939955556763','create','7','7154651939955556763','Spring Authenticated Session'),(366,'2022-05-16 13:25:16','2022-05-16 13:25:16',1,1,1020,20,7,1030,'cm_ozone','all - volume','Validity Schedules',NULL,'[]','7154651939955556763','create','7','7154651939955556763','Spring Authenticated Session'),(367,'2022-05-16 13:25:16','2022-05-16 13:25:16',1,1,1020,20,7,1030,'cm_ozone','all - volume','Policy Labels',NULL,'[]','7154651939955556763','create','7','7154651939955556763','Spring Authenticated Session'),(368,'2022-05-16 13:25:16','2022-05-16 13:25:16',1,1,1020,20,7,1030,'cm_ozone','all - volume','Deny All Other Accesses',NULL,'false','7154651939955556763','create','7','7154651939955556763','Spring Authenticated Session'),(369,'2022-05-16 13:25:16','2022-05-16 13:25:16',1,1,1020,20,7,1030,'cm_ozone','all - volume','Policy Status',NULL,'true','7154651939955556763','create','7','7154651939955556763','Spring Authenticated Session'),(370,'2022-05-16 13:25:16','2022-05-16 13:25:16',1,1,1020,21,7,1030,'cm_ozone','all - volume, bucket','Policy Name',NULL,'all - volume, bucket','-6602765113155368405','create','7','-6602765113155368405','Spring Authenticated Session'),(371,'2022-05-16 13:25:16','2022-05-16 13:25:16',1,1,1020,21,7,1030,'cm_ozone','all - volume, bucket','Priority',NULL,'0','-6602765113155368405','create','7','-6602765113155368405','Spring Authenticated Session'),(372,'2022-05-16 13:25:16','2022-05-16 13:25:16',1,1,1020,21,7,1030,'cm_ozone','all - volume, bucket','Policy Description',NULL,'Policy for all - volume, bucket','-6602765113155368405','create','7','-6602765113155368405','Spring Authenticated Session'),(373,'2022-05-16 13:25:16','2022-05-16 13:25:16',1,1,1020,21,7,1030,'cm_ozone','all - volume, bucket','Audit Status',NULL,'true','-6602765113155368405','create','7','-6602765113155368405','Spring Authenticated Session'),(374,'2022-05-16 13:25:16','2022-05-16 13:25:16',1,1,1020,21,7,1030,'cm_ozone','all - volume, bucket','Policy Resources',NULL,'{\"volume\":{\"values\":[\"*\"],\"isExcludes\":false,\"isRecursive\":false},\"bucket\":{\"values\":[\"*\"],\"isExcludes\":false,\"isRecursive\":false}}','-6602765113155368405','create','7','-6602765113155368405','Spring Authenticated Session'),(375,'2022-05-16 13:25:16','2022-05-16 13:25:16',1,1,1020,21,7,1030,'cm_ozone','all - volume, bucket','Policy Items',NULL,'[{\"accesses\":[{\"type\":\"all\",\"isAllowed\":true},{\"type\":\"read\",\"isAllowed\":true},{\"type\":\"write\",\"isAllowed\":true},{\"type\":\"create\",\"isAllowed\":true},{\"type\":\"list\",\"isAllowed\":true},{\"type\":\"delete\",\"isAllowed\":true},{\"type\":\"read_acl\",\"isAllowed\":true},{\"type\":\"write_acl\",\"isAllowed\":true}],\"users\":[\"om\"],\"groups\":[],\"roles\":[],\"conditions\":[],\"delegateAdmin\":true},{\"accesses\":[{\"type\":\"all\",\"isAllowed\":true}],\"users\":[\"{OWNER}\"],\"groups\":[],\"roles\":[],\"conditions\":[],\"delegateAdmin\":true},{\"accesses\":[{\"type\":\"read\",\"isAllowed\":true},{\"type\":\"write\",\"isAllowed\":true},{\"type\":\"create\",\"isAllowed\":true},{\"type\":\"list\",\"isAllowed\":true},{\"type\":\"delete\",\"isAllowed\":true},{\"type\":\"read_acl\",\"isAllowed\":true},{\"type\":\"write_acl\",\"isAllowed\":true},{\"type\":\"all\",\"isAllowed\":true}],\"users\":[\"rangerlookup\"],\"groups\":[],\"roles\":[],\"conditions\":[],\"delegateAdmin\":false}]','-6602765113155368405','create','7','-6602765113155368405','Spring Authenticated Session'),(376,'2022-05-16 13:25:16','2022-05-16 13:25:16',1,1,1020,21,7,1030,'cm_ozone','all - volume, bucket','Validity Schedules',NULL,'[]','-6602765113155368405','create','7','-6602765113155368405','Spring Authenticated Session'),(377,'2022-05-16 13:25:16','2022-05-16 13:25:16',1,1,1020,21,7,1030,'cm_ozone','all - volume, bucket','Policy Labels',NULL,'[]','-6602765113155368405','create','7','-6602765113155368405','Spring Authenticated Session'),(378,'2022-05-16 13:25:16','2022-05-16 13:25:16',1,1,1020,21,7,1030,'cm_ozone','all - volume, bucket','Deny All Other Accesses',NULL,'false','-6602765113155368405','create','7','-6602765113155368405','Spring Authenticated Session'),(379,'2022-05-16 13:25:16','2022-05-16 13:25:16',1,1,1020,21,7,1030,'cm_ozone','all - volume, bucket','Policy Status',NULL,'true','-6602765113155368405','create','7','-6602765113155368405','Spring Authenticated Session'),(380,'2022-05-16 13:25:16','2022-05-16 13:25:16',1,1,1020,22,7,1030,'cm_ozone','S3_VOLUME_POLICY','Policy Name',NULL,'S3_VOLUME_POLICY','-303152908266877376','create','7','-303152908266877376','Spring Authenticated Session'),(381,'2022-05-16 13:25:16','2022-05-16 13:25:16',1,1,1020,22,7,1030,'cm_ozone','S3_VOLUME_POLICY','Priority',NULL,'0','-303152908266877376','create','7','-303152908266877376','Spring Authenticated Session'),(382,'2022-05-16 13:25:16','2022-05-16 13:25:16',1,1,1020,22,7,1030,'cm_ozone','S3_VOLUME_POLICY','Policy Description',NULL,'Policy for S3_VOLUME_POLICY','-303152908266877376','create','7','-303152908266877376','Spring Authenticated Session'),(383,'2022-05-16 13:25:16','2022-05-16 13:25:16',1,1,1020,22,7,1030,'cm_ozone','S3_VOLUME_POLICY','Audit Status',NULL,'true','-303152908266877376','create','7','-303152908266877376','Spring Authenticated Session'),(384,'2022-05-16 13:25:16','2022-05-16 13:25:16',1,1,1020,22,7,1030,'cm_ozone','S3_VOLUME_POLICY','Policy Resources',NULL,'{\"volume\":{\"values\":[\"s3v\"],\"isExcludes\":false,\"isRecursive\":false},\"bucket\":{\"values\":[\"*\"],\"isExcludes\":false,\"isRecursive\":false},\"key\":{\"values\":[\"*\"],\"isExcludes\":false,\"isRecursive\":false}}','-303152908266877376','create','7','-303152908266877376','Spring Authenticated Session'),(385,'2022-05-16 13:25:16','2022-05-16 13:25:16',1,1,1020,22,7,1030,'cm_ozone','S3_VOLUME_POLICY','Policy Items',NULL,'[{\"accesses\":[{\"type\":\"all\",\"isAllowed\":true},{\"type\":\"create\",\"isAllowed\":true},{\"type\":\"write\",\"isAllowed\":true},{\"type\":\"read\",\"isAllowed\":true},{\"type\":\"list\",\"isAllowed\":true},{\"type\":\"delete\",\"isAllowed\":true}],\"users\":[\"hive\"],\"groups\":[],\"roles\":[],\"conditions\":[],\"delegateAdmin\":false}]','-303152908266877376','create','7','-303152908266877376','Spring Authenticated Session'),(386,'2022-05-16 13:25:16','2022-05-16 13:25:16',1,1,1020,22,7,1030,'cm_ozone','S3_VOLUME_POLICY','Validity Schedules',NULL,'[]','-303152908266877376','create','7','-303152908266877376','Spring Authenticated Session'),(387,'2022-05-16 13:25:16','2022-05-16 13:25:16',1,1,1020,22,7,1030,'cm_ozone','S3_VOLUME_POLICY','Policy Labels',NULL,'[]','-303152908266877376','create','7','-303152908266877376','Spring Authenticated Session'),(388,'2022-05-16 13:25:16','2022-05-16 13:25:16',1,1,1020,22,7,1030,'cm_ozone','S3_VOLUME_POLICY','Deny All Other Accesses',NULL,'false','-303152908266877376','create','7','-303152908266877376','Spring Authenticated Session'),(389,'2022-05-16 13:25:16','2022-05-16 13:25:16',1,1,1020,22,7,1030,'cm_ozone','S3_VOLUME_POLICY','Policy Status',NULL,'true','-303152908266877376','create','7','-303152908266877376','Spring Authenticated Session'),(390,'2022-05-16 13:25:18','2022-05-16 13:25:18',1,1,1030,8,9,1033,'kafka','cm_kafka','Service Name',NULL,'cm_kafka','-1078811283002864158','create','8','-1078811283002864158','Spring Authenticated Session'),(391,'2022-05-16 13:25:18','2022-05-16 13:25:18',1,1,1030,8,9,1033,'kafka','cm_kafka','Service Display Name',NULL,'cm_kafka','-1078811283002864158','create','8','-1078811283002864158','Spring Authenticated Session'),(392,'2022-05-16 13:25:18','2022-05-16 13:25:18',1,1,1030,8,9,1033,'kafka','cm_kafka','Service Description',NULL,'Kafka repo','-1078811283002864158','create','8','-1078811283002864158','Spring Authenticated Session'),(393,'2022-05-16 13:25:18','2022-05-16 13:25:18',1,1,1030,8,9,1033,'kafka','cm_kafka','Tag Service Name',NULL,'cm_tag','-1078811283002864158','create','8','-1078811283002864158','Spring Authenticated Session'),(394,'2022-05-16 13:25:18','2022-05-16 13:25:18',1,1,1030,8,9,1033,'kafka','cm_kafka','Connection Configurations',NULL,'{\"default-policy.5.policyItem.1.accessTypes\":\"consume,describe\",\"default-policy.3.name\":\"ATLAS_SPARK_HOOK\",\"default-policy.4.resource.consumergroup\":\"atlas\",\"default-policy.4.policyItem.1.accessTypes\":\"consume,describe\",\"ranger.plugin.audit.filters\":\"[{\'accessResult\': \'DENIED\', \'isAudited\': true},{\'resources\':{\'topic\':{\'values\':[\'ATLAS_ENTITIES\',\'ATLAS_HOOK\',\'ATLAS_SPARK_HOOK\']}},\'users\':[\'atlas\'],\'actions\':[\'describe\',\'publish\',\'consume\'],\'isAudited\':false},{\'resources\':{\'topic\':{\'values\':[\'ATLAS_HOOK\']}},\'users\':[\'hive\',\'hbase\',\'impala\',\'nifi\'],\'actions\':[\'publish\',\'describe\'],\'isAudited\':false},{\'resources\':{\'topic\':{\'values\':[\'ATLAS_ENTITIES\']}},\'users\':[\'rangertagsync\'],\'actions\':[\'consume\',\'describe\'],\'isAudited\':false},{\'resources\':{\'consumergroup\':{\'values\':[\'*\']}},\'users\':[\'atlas\',\'rangertagsync\'],\'actions\':[\'consume\'],\'isAudited\':false},{\'users\':[\'kafka\'],\'isAudited\':false}]\",\"default-policy.5.policyItem.1.users\":\"rangertagsync\",\"password\":\"*****\",\"policy.download.auth.users\":\"kafka,streamsmsgmgr,streamsrepmgr,cruisecontrol\",\"default-policy.4.policyItem.1.users\":\"atlas\",\"default-policy.1.policyItem.1.users\":\"hbase,hive,impala,mlgov,nifi\",\"default-policy.2.policyItem.1.users\":\"atlas\",\"default-policy.3.policyItem.1.groups\":\"public\",\"default-policy.1.resource.topic\":\"ATLAS_HOOK\",\"setup.additional.default.policies\":\"true\",\"default-policy.5.name\":\"ranger_entities_consumer consumergroup\",\"default-policy.1.policyItem.2.users\":\"atlas\",\"default-policy.2.name\":\"ATLAS_ENTITIES\",\"default-policy.1.policyItem.2.accessTypes\":\"create,configure,consume,publish\",\"default-policy.2.resource.topic\":\"ATLAS_ENTITIES\",\"default-policy.5.resource.consumergroup\":\"ranger_entities_consumer\",\"default-policy.2.policyItem.2.accessTypes\":\"consume\",\"default-policy.1.policyItem.1.accessTypes\":\"publish\",\"default-policy.3.policyItem.2.users\":\"atlas\",\"tag.download.auth.users\":\"kafka,streamsmsgmgr,streamsrepmgr,cruisecontrol\",\"default-policy.1.name\":\"ATLAS_HOOK\",\"default-policy.3.policyItem.2.accessTypes\":\"create,configure,consume\",\"default-policy.4.name\":\"atlas consumergroup\",\"default-policy.2.policyItem.2.users\":\"rangertagsync\",\"zookeeper.connect\":\"master-1.example.com:2181,master-2.example.com:2181,master-3.example.com:2181\",\"default-policy.2.policyItem.1.accessTypes\":\"create,configure,publish\",\"default.policy.users\":\"streamsmsgmgr,streamsrepmgr,cruisecontrol\",\"default-policy.3.resource.topic\":\"ATLAS_SPARK_HOOK\",\"default-policy.3.policyItem.1.accessTypes\":\"publish\",\"username\":\"kafka\"}','-1078811283002864158','create','8','-1078811283002864158','Spring Authenticated Session'),(395,'2022-05-16 13:25:18','2022-05-16 13:25:18',1,1,1030,8,9,1033,'kafka','cm_kafka','Service Status',NULL,'true','-1078811283002864158','create','8','-1078811283002864158','Spring Authenticated Session'),(396,'2022-05-16 13:25:18','2022-05-16 13:25:18',1,1,1003,68,NULL,0,NULL,'mlgov','Login ID',NULL,'mlgov','-5635742130783498772','create','8','-5635742130783498772','Spring Authenticated Session'),(397,'2022-05-16 13:25:18','2022-05-16 13:25:18',1,1,1003,68,NULL,0,NULL,'mlgov','User Role',NULL,'[ROLE_USER]','-5635742130783498772','create','8','-5635742130783498772','Spring Authenticated Session'),(398,'2022-05-16 13:25:18','2022-05-16 13:25:18',1,1,1020,23,8,1030,'cm_kafka','all - consumergroup','Policy Name',NULL,'all - consumergroup','-3510646913150399544','create','8','-3510646913150399544','Spring Authenticated Session'),(399,'2022-05-16 13:25:18','2022-05-16 13:25:18',1,1,1020,23,8,1030,'cm_kafka','all - consumergroup','Priority',NULL,'0','-3510646913150399544','create','8','-3510646913150399544','Spring Authenticated Session'),(400,'2022-05-16 13:25:18','2022-05-16 13:25:18',1,1,1020,23,8,1030,'cm_kafka','all - consumergroup','Policy Description',NULL,'Policy for all - consumergroup','-3510646913150399544','create','8','-3510646913150399544','Spring Authenticated Session'),(401,'2022-05-16 13:25:18','2022-05-16 13:25:18',1,1,1020,23,8,1030,'cm_kafka','all - consumergroup','Audit Status',NULL,'true','-3510646913150399544','create','8','-3510646913150399544','Spring Authenticated Session'),(402,'2022-05-16 13:25:18','2022-05-16 13:25:18',1,1,1020,23,8,1030,'cm_kafka','all - consumergroup','Policy Resources',NULL,'{\"consumergroup\":{\"values\":[\"*\"],\"isExcludes\":false,\"isRecursive\":false}}','-3510646913150399544','create','8','-3510646913150399544','Spring Authenticated Session'),(403,'2022-05-16 13:25:18','2022-05-16 13:25:18',1,1,1020,23,8,1030,'cm_kafka','all - consumergroup','Policy Items',NULL,'[{\"accesses\":[{\"type\":\"consume\",\"isAllowed\":true},{\"type\":\"describe\",\"isAllowed\":true},{\"type\":\"delete\",\"isAllowed\":true}],\"users\":[\"cruisecontrol\",\"streamsmsgmgr\",\"kafka\",\"streamsrepmgr\"],\"groups\":[],\"roles\":[],\"conditions\":[],\"delegateAdmin\":true},{\"accesses\":[{\"type\":\"describe\",\"isAllowed\":true}],\"users\":[\"rangerlookup\"],\"groups\":[],\"roles\":[],\"conditions\":[],\"delegateAdmin\":false}]','-3510646913150399544','create','8','-3510646913150399544','Spring Authenticated Session'),(404,'2022-05-16 13:25:18','2022-05-16 13:25:18',1,1,1020,23,8,1030,'cm_kafka','all - consumergroup','Validity Schedules',NULL,'[]','-3510646913150399544','create','8','-3510646913150399544','Spring Authenticated Session'),(405,'2022-05-16 13:25:18','2022-05-16 13:25:18',1,1,1020,23,8,1030,'cm_kafka','all - consumergroup','Policy Labels',NULL,'[]','-3510646913150399544','create','8','-3510646913150399544','Spring Authenticated Session'),(406,'2022-05-16 13:25:18','2022-05-16 13:25:18',1,1,1020,23,8,1030,'cm_kafka','all - consumergroup','Deny All Other Accesses',NULL,'false','-3510646913150399544','create','8','-3510646913150399544','Spring Authenticated Session'),(407,'2022-05-16 13:25:18','2022-05-16 13:25:18',1,1,1020,23,8,1030,'cm_kafka','all - consumergroup','Policy Status',NULL,'true','-3510646913150399544','create','8','-3510646913150399544','Spring Authenticated Session'),(408,'2022-05-16 13:25:19','2022-05-16 13:25:19',1,1,1020,24,8,1030,'cm_kafka','all - topic','Policy Name',NULL,'all - topic','-1229869070770616503','create','8','-1229869070770616503','Spring Authenticated Session'),(409,'2022-05-16 13:25:19','2022-05-16 13:25:19',1,1,1020,24,8,1030,'cm_kafka','all - topic','Priority',NULL,'0','-1229869070770616503','create','8','-1229869070770616503','Spring Authenticated Session'),(410,'2022-05-16 13:25:19','2022-05-16 13:25:19',1,1,1020,24,8,1030,'cm_kafka','all - topic','Policy Description',NULL,'Policy for all - topic','-1229869070770616503','create','8','-1229869070770616503','Spring Authenticated Session'),(411,'2022-05-16 13:25:19','2022-05-16 13:25:19',1,1,1020,24,8,1030,'cm_kafka','all - topic','Audit Status',NULL,'true','-1229869070770616503','create','8','-1229869070770616503','Spring Authenticated Session'),(412,'2022-05-16 13:25:19','2022-05-16 13:25:19',1,1,1020,24,8,1030,'cm_kafka','all - topic','Policy Resources',NULL,'{\"topic\":{\"values\":[\"*\"],\"isExcludes\":false,\"isRecursive\":false}}','-1229869070770616503','create','8','-1229869070770616503','Spring Authenticated Session'),(413,'2022-05-16 13:25:19','2022-05-16 13:25:19',1,1,1020,24,8,1030,'cm_kafka','all - topic','Policy Items',NULL,'[{\"accesses\":[{\"type\":\"publish\",\"isAllowed\":true},{\"type\":\"consume\",\"isAllowed\":true},{\"type\":\"configure\",\"isAllowed\":true},{\"type\":\"describe\",\"isAllowed\":true},{\"type\":\"create\",\"isAllowed\":true},{\"type\":\"delete\",\"isAllowed\":true},{\"type\":\"describe_configs\",\"isAllowed\":true},{\"type\":\"alter_configs\",\"isAllowed\":true},{\"type\":\"alter\",\"isAllowed\":true}],\"users\":[\"cruisecontrol\",\"streamsmsgmgr\",\"kafka\",\"streamsrepmgr\"],\"groups\":[],\"roles\":[],\"conditions\":[],\"delegateAdmin\":true},{\"accesses\":[{\"type\":\"describe\",\"isAllowed\":true}],\"users\":[\"rangerlookup\"],\"groups\":[],\"roles\":[],\"conditions\":[],\"delegateAdmin\":false}]','-1229869070770616503','create','8','-1229869070770616503','Spring Authenticated Session'),(414,'2022-05-16 13:25:19','2022-05-16 13:25:19',1,1,1020,24,8,1030,'cm_kafka','all - topic','Validity Schedules',NULL,'[]','-1229869070770616503','create','8','-1229869070770616503','Spring Authenticated Session'),(415,'2022-05-16 13:25:19','2022-05-16 13:25:19',1,1,1020,24,8,1030,'cm_kafka','all - topic','Policy Labels',NULL,'[]','-1229869070770616503','create','8','-1229869070770616503','Spring Authenticated Session'),(416,'2022-05-16 13:25:19','2022-05-16 13:25:19',1,1,1020,24,8,1030,'cm_kafka','all - topic','Deny All Other Accesses',NULL,'false','-1229869070770616503','create','8','-1229869070770616503','Spring Authenticated Session'),(417,'2022-05-16 13:25:19','2022-05-16 13:25:19',1,1,1020,24,8,1030,'cm_kafka','all - topic','Policy Status',NULL,'true','-1229869070770616503','create','8','-1229869070770616503','Spring Authenticated Session'),(418,'2022-05-16 13:25:19','2022-05-16 13:25:19',1,1,1020,25,8,1030,'cm_kafka','all - transactionalid','Policy Name',NULL,'all - transactionalid','-4513887564112575559','create','8','-4513887564112575559','Spring Authenticated Session'),(419,'2022-05-16 13:25:19','2022-05-16 13:25:19',1,1,1020,25,8,1030,'cm_kafka','all - transactionalid','Priority',NULL,'0','-4513887564112575559','create','8','-4513887564112575559','Spring Authenticated Session'),(420,'2022-05-16 13:25:19','2022-05-16 13:25:19',1,1,1020,25,8,1030,'cm_kafka','all - transactionalid','Policy Description',NULL,'Policy for all - transactionalid','-4513887564112575559','create','8','-4513887564112575559','Spring Authenticated Session'),(421,'2022-05-16 13:25:19','2022-05-16 13:25:19',1,1,1020,25,8,1030,'cm_kafka','all - transactionalid','Audit Status',NULL,'true','-4513887564112575559','create','8','-4513887564112575559','Spring Authenticated Session'),(422,'2022-05-16 13:25:19','2022-05-16 13:25:19',1,1,1020,25,8,1030,'cm_kafka','all - transactionalid','Policy Resources',NULL,'{\"transactionalid\":{\"values\":[\"*\"],\"isExcludes\":false,\"isRecursive\":false}}','-4513887564112575559','create','8','-4513887564112575559','Spring Authenticated Session'),(423,'2022-05-16 13:25:19','2022-05-16 13:25:19',1,1,1020,25,8,1030,'cm_kafka','all - transactionalid','Policy Items',NULL,'[{\"accesses\":[{\"type\":\"publish\",\"isAllowed\":true},{\"type\":\"describe\",\"isAllowed\":true}],\"users\":[\"cruisecontrol\",\"streamsmsgmgr\",\"kafka\",\"streamsrepmgr\"],\"groups\":[],\"roles\":[],\"conditions\":[],\"delegateAdmin\":true},{\"accesses\":[{\"type\":\"describe\",\"isAllowed\":true}],\"users\":[\"rangerlookup\"],\"groups\":[],\"roles\":[],\"conditions\":[],\"delegateAdmin\":false}]','-4513887564112575559','create','8','-4513887564112575559','Spring Authenticated Session'),(424,'2022-05-16 13:25:19','2022-05-16 13:25:19',1,1,1020,25,8,1030,'cm_kafka','all - transactionalid','Validity Schedules',NULL,'[]','-4513887564112575559','create','8','-4513887564112575559','Spring Authenticated Session'),(425,'2022-05-16 13:25:19','2022-05-16 13:25:19',1,1,1020,25,8,1030,'cm_kafka','all - transactionalid','Policy Labels',NULL,'[]','-4513887564112575559','create','8','-4513887564112575559','Spring Authenticated Session'),(426,'2022-05-16 13:25:19','2022-05-16 13:25:19',1,1,1020,25,8,1030,'cm_kafka','all - transactionalid','Deny All Other Accesses',NULL,'false','-4513887564112575559','create','8','-4513887564112575559','Spring Authenticated Session'),(427,'2022-05-16 13:25:19','2022-05-16 13:25:19',1,1,1020,25,8,1030,'cm_kafka','all - transactionalid','Policy Status',NULL,'true','-4513887564112575559','create','8','-4513887564112575559','Spring Authenticated Session'),(428,'2022-05-16 13:25:19','2022-05-16 13:25:19',1,1,1020,26,8,1030,'cm_kafka','all - cluster','Policy Name',NULL,'all - cluster','4659299694953840968','create','8','4659299694953840968','Spring Authenticated Session'),(429,'2022-05-16 13:25:19','2022-05-16 13:25:19',1,1,1020,26,8,1030,'cm_kafka','all - cluster','Priority',NULL,'0','4659299694953840968','create','8','4659299694953840968','Spring Authenticated Session'),(430,'2022-05-16 13:25:19','2022-05-16 13:25:19',1,1,1020,26,8,1030,'cm_kafka','all - cluster','Policy Description',NULL,'Policy for all - cluster','4659299694953840968','create','8','4659299694953840968','Spring Authenticated Session'),(431,'2022-05-16 13:25:19','2022-05-16 13:25:19',1,1,1020,26,8,1030,'cm_kafka','all - cluster','Audit Status',NULL,'true','4659299694953840968','create','8','4659299694953840968','Spring Authenticated Session'),(432,'2022-05-16 13:25:19','2022-05-16 13:25:19',1,1,1020,26,8,1030,'cm_kafka','all - cluster','Policy Resources',NULL,'{\"cluster\":{\"values\":[\"*\"],\"isExcludes\":false,\"isRecursive\":false}}','4659299694953840968','create','8','4659299694953840968','Spring Authenticated Session'),(433,'2022-05-16 13:25:19','2022-05-16 13:25:19',1,1,1020,26,8,1030,'cm_kafka','all - cluster','Policy Items',NULL,'[{\"accesses\":[{\"type\":\"configure\",\"isAllowed\":true},{\"type\":\"describe\",\"isAllowed\":true},{\"type\":\"kafka_admin\",\"isAllowed\":true},{\"type\":\"create\",\"isAllowed\":true},{\"type\":\"idempotent_write\",\"isAllowed\":true},{\"type\":\"describe_configs\",\"isAllowed\":true},{\"type\":\"alter_configs\",\"isAllowed\":true},{\"type\":\"cluster_action\",\"isAllowed\":true},{\"type\":\"alter\",\"isAllowed\":true}],\"users\":[\"cruisecontrol\",\"streamsmsgmgr\",\"kafka\",\"streamsrepmgr\"],\"groups\":[],\"roles\":[],\"conditions\":[],\"delegateAdmin\":true},{\"accesses\":[{\"type\":\"describe\",\"isAllowed\":true}],\"users\":[\"rangerlookup\"],\"groups\":[],\"roles\":[],\"conditions\":[],\"delegateAdmin\":false}]','4659299694953840968','create','8','4659299694953840968','Spring Authenticated Session'),(434,'2022-05-16 13:25:19','2022-05-16 13:25:19',1,1,1020,26,8,1030,'cm_kafka','all - cluster','Validity Schedules',NULL,'[]','4659299694953840968','create','8','4659299694953840968','Spring Authenticated Session'),(435,'2022-05-16 13:25:19','2022-05-16 13:25:19',1,1,1020,26,8,1030,'cm_kafka','all - cluster','Policy Labels',NULL,'[]','4659299694953840968','create','8','4659299694953840968','Spring Authenticated Session'),(436,'2022-05-16 13:25:19','2022-05-16 13:25:19',1,1,1020,26,8,1030,'cm_kafka','all - cluster','Deny All Other Accesses',NULL,'false','4659299694953840968','create','8','4659299694953840968','Spring Authenticated Session'),(437,'2022-05-16 13:25:19','2022-05-16 13:25:19',1,1,1020,26,8,1030,'cm_kafka','all - cluster','Policy Status',NULL,'true','4659299694953840968','create','8','4659299694953840968','Spring Authenticated Session'),(438,'2022-05-16 13:25:19','2022-05-16 13:25:19',1,1,1020,27,8,1030,'cm_kafka','all - delegationtoken','Policy Name',NULL,'all - delegationtoken','-8008406176547124872','create','8','-8008406176547124872','Spring Authenticated Session'),(439,'2022-05-16 13:25:19','2022-05-16 13:25:19',1,1,1020,27,8,1030,'cm_kafka','all - delegationtoken','Priority',NULL,'0','-8008406176547124872','create','8','-8008406176547124872','Spring Authenticated Session'),(440,'2022-05-16 13:25:19','2022-05-16 13:25:19',1,1,1020,27,8,1030,'cm_kafka','all - delegationtoken','Policy Description',NULL,'Policy for all - delegationtoken','-8008406176547124872','create','8','-8008406176547124872','Spring Authenticated Session'),(441,'2022-05-16 13:25:19','2022-05-16 13:25:19',1,1,1020,27,8,1030,'cm_kafka','all - delegationtoken','Audit Status',NULL,'true','-8008406176547124872','create','8','-8008406176547124872','Spring Authenticated Session'),(442,'2022-05-16 13:25:19','2022-05-16 13:25:19',1,1,1020,27,8,1030,'cm_kafka','all - delegationtoken','Policy Resources',NULL,'{\"delegationtoken\":{\"values\":[\"*\"],\"isExcludes\":false,\"isRecursive\":false}}','-8008406176547124872','create','8','-8008406176547124872','Spring Authenticated Session'),(443,'2022-05-16 13:25:19','2022-05-16 13:25:19',1,1,1020,27,8,1030,'cm_kafka','all - delegationtoken','Policy Items',NULL,'[{\"accesses\":[{\"type\":\"describe\",\"isAllowed\":true}],\"users\":[\"cruisecontrol\",\"streamsmsgmgr\",\"kafka\",\"streamsrepmgr\"],\"groups\":[],\"roles\":[],\"conditions\":[],\"delegateAdmin\":true},{\"accesses\":[{\"type\":\"describe\",\"isAllowed\":true}],\"users\":[\"rangerlookup\"],\"groups\":[],\"roles\":[],\"conditions\":[],\"delegateAdmin\":false}]','-8008406176547124872','create','8','-8008406176547124872','Spring Authenticated Session'),(444,'2022-05-16 13:25:19','2022-05-16 13:25:19',1,1,1020,27,8,1030,'cm_kafka','all - delegationtoken','Validity Schedules',NULL,'[]','-8008406176547124872','create','8','-8008406176547124872','Spring Authenticated Session'),(445,'2022-05-16 13:25:19','2022-05-16 13:25:19',1,1,1020,27,8,1030,'cm_kafka','all - delegationtoken','Policy Labels',NULL,'[]','-8008406176547124872','create','8','-8008406176547124872','Spring Authenticated Session'),(446,'2022-05-16 13:25:19','2022-05-16 13:25:19',1,1,1020,27,8,1030,'cm_kafka','all - delegationtoken','Deny All Other Accesses',NULL,'false','-8008406176547124872','create','8','-8008406176547124872','Spring Authenticated Session'),(447,'2022-05-16 13:25:19','2022-05-16 13:25:19',1,1,1020,27,8,1030,'cm_kafka','all - delegationtoken','Policy Status',NULL,'true','-8008406176547124872','create','8','-8008406176547124872','Spring Authenticated Session'),(448,'2022-05-16 13:25:19','2022-05-16 13:25:19',1,1,1020,28,8,1030,'cm_kafka','ATLAS_HOOK','Policy Name',NULL,'ATLAS_HOOK','6936852703420760423','create','8','6936852703420760423','Spring Authenticated Session'),(449,'2022-05-16 13:25:19','2022-05-16 13:25:19',1,1,1020,28,8,1030,'cm_kafka','ATLAS_HOOK','Priority',NULL,'0','6936852703420760423','create','8','6936852703420760423','Spring Authenticated Session'),(450,'2022-05-16 13:25:19','2022-05-16 13:25:19',1,1,1020,28,8,1030,'cm_kafka','ATLAS_HOOK','Policy Description',NULL,'Policy for ATLAS_HOOK','6936852703420760423','create','8','6936852703420760423','Spring Authenticated Session'),(451,'2022-05-16 13:25:19','2022-05-16 13:25:19',1,1,1020,28,8,1030,'cm_kafka','ATLAS_HOOK','Audit Status',NULL,'true','6936852703420760423','create','8','6936852703420760423','Spring Authenticated Session'),(452,'2022-05-16 13:25:19','2022-05-16 13:25:19',1,1,1020,28,8,1030,'cm_kafka','ATLAS_HOOK','Policy Resources',NULL,'{\"topic\":{\"values\":[\"ATLAS_HOOK\"],\"isExcludes\":false,\"isRecursive\":false}}','6936852703420760423','create','8','6936852703420760423','Spring Authenticated Session'),(453,'2022-05-16 13:25:19','2022-05-16 13:25:19',1,1,1020,28,8,1030,'cm_kafka','ATLAS_HOOK','Policy Items',NULL,'[{\"accesses\":[{\"type\":\"publish\",\"isAllowed\":true}],\"users\":[\"hbase\",\"hive\",\"impala\",\"mlgov\",\"nifi\"],\"groups\":[],\"roles\":[],\"conditions\":[],\"delegateAdmin\":false},{\"accesses\":[{\"type\":\"create\",\"isAllowed\":true},{\"type\":\"configure\",\"isAllowed\":true},{\"type\":\"consume\",\"isAllowed\":true},{\"type\":\"publish\",\"isAllowed\":true}],\"users\":[\"atlas\"],\"groups\":[],\"roles\":[],\"conditions\":[],\"delegateAdmin\":false}]','6936852703420760423','create','8','6936852703420760423','Spring Authenticated Session'),(454,'2022-05-16 13:25:19','2022-05-16 13:25:19',1,1,1020,28,8,1030,'cm_kafka','ATLAS_HOOK','Validity Schedules',NULL,'[]','6936852703420760423','create','8','6936852703420760423','Spring Authenticated Session'),(455,'2022-05-16 13:25:19','2022-05-16 13:25:19',1,1,1020,28,8,1030,'cm_kafka','ATLAS_HOOK','Policy Labels',NULL,'[]','6936852703420760423','create','8','6936852703420760423','Spring Authenticated Session'),(456,'2022-05-16 13:25:19','2022-05-16 13:25:19',1,1,1020,28,8,1030,'cm_kafka','ATLAS_HOOK','Deny All Other Accesses',NULL,'false','6936852703420760423','create','8','6936852703420760423','Spring Authenticated Session'),(457,'2022-05-16 13:25:19','2022-05-16 13:25:19',1,1,1020,28,8,1030,'cm_kafka','ATLAS_HOOK','Policy Status',NULL,'true','6936852703420760423','create','8','6936852703420760423','Spring Authenticated Session'),(458,'2022-05-16 13:25:19','2022-05-16 13:25:19',1,1,1020,29,8,1030,'cm_kafka','ATLAS_ENTITIES','Policy Name',NULL,'ATLAS_ENTITIES','-7520109702251459211','create','8','-7520109702251459211','Spring Authenticated Session'),(459,'2022-05-16 13:25:19','2022-05-16 13:25:19',1,1,1020,29,8,1030,'cm_kafka','ATLAS_ENTITIES','Priority',NULL,'0','-7520109702251459211','create','8','-7520109702251459211','Spring Authenticated Session'),(460,'2022-05-16 13:25:19','2022-05-16 13:25:19',1,1,1020,29,8,1030,'cm_kafka','ATLAS_ENTITIES','Policy Description',NULL,'Policy for ATLAS_ENTITIES','-7520109702251459211','create','8','-7520109702251459211','Spring Authenticated Session'),(461,'2022-05-16 13:25:19','2022-05-16 13:25:19',1,1,1020,29,8,1030,'cm_kafka','ATLAS_ENTITIES','Audit Status',NULL,'true','-7520109702251459211','create','8','-7520109702251459211','Spring Authenticated Session'),(462,'2022-05-16 13:25:19','2022-05-16 13:25:19',1,1,1020,29,8,1030,'cm_kafka','ATLAS_ENTITIES','Policy Resources',NULL,'{\"topic\":{\"values\":[\"ATLAS_ENTITIES\"],\"isExcludes\":false,\"isRecursive\":false}}','-7520109702251459211','create','8','-7520109702251459211','Spring Authenticated Session'),(463,'2022-05-16 13:25:19','2022-05-16 13:25:19',1,1,1020,29,8,1030,'cm_kafka','ATLAS_ENTITIES','Policy Items',NULL,'[{\"accesses\":[{\"type\":\"create\",\"isAllowed\":true},{\"type\":\"configure\",\"isAllowed\":true},{\"type\":\"publish\",\"isAllowed\":true}],\"users\":[\"atlas\"],\"groups\":[],\"roles\":[],\"conditions\":[],\"delegateAdmin\":false},{\"accesses\":[{\"type\":\"consume\",\"isAllowed\":true}],\"users\":[\"rangertagsync\"],\"groups\":[],\"roles\":[],\"conditions\":[],\"delegateAdmin\":false}]','-7520109702251459211','create','8','-7520109702251459211','Spring Authenticated Session'),(464,'2022-05-16 13:25:19','2022-05-16 13:25:19',1,1,1020,29,8,1030,'cm_kafka','ATLAS_ENTITIES','Validity Schedules',NULL,'[]','-7520109702251459211','create','8','-7520109702251459211','Spring Authenticated Session'),(465,'2022-05-16 13:25:19','2022-05-16 13:25:19',1,1,1020,29,8,1030,'cm_kafka','ATLAS_ENTITIES','Policy Labels',NULL,'[]','-7520109702251459211','create','8','-7520109702251459211','Spring Authenticated Session'),(466,'2022-05-16 13:25:19','2022-05-16 13:25:19',1,1,1020,29,8,1030,'cm_kafka','ATLAS_ENTITIES','Deny All Other Accesses',NULL,'false','-7520109702251459211','create','8','-7520109702251459211','Spring Authenticated Session'),(467,'2022-05-16 13:25:19','2022-05-16 13:25:19',1,1,1020,29,8,1030,'cm_kafka','ATLAS_ENTITIES','Policy Status',NULL,'true','-7520109702251459211','create','8','-7520109702251459211','Spring Authenticated Session'),(468,'2022-05-16 13:25:19','2022-05-16 13:25:19',1,1,1020,30,8,1030,'cm_kafka','ATLAS_SPARK_HOOK','Policy Name',NULL,'ATLAS_SPARK_HOOK','-2977753234222723826','create','8','-2977753234222723826','Spring Authenticated Session'),(469,'2022-05-16 13:25:19','2022-05-16 13:25:19',1,1,1020,30,8,1030,'cm_kafka','ATLAS_SPARK_HOOK','Priority',NULL,'0','-2977753234222723826','create','8','-2977753234222723826','Spring Authenticated Session'),(470,'2022-05-16 13:25:19','2022-05-16 13:25:19',1,1,1020,30,8,1030,'cm_kafka','ATLAS_SPARK_HOOK','Policy Description',NULL,'Policy for ATLAS_SPARK_HOOK','-2977753234222723826','create','8','-2977753234222723826','Spring Authenticated Session'),(471,'2022-05-16 13:25:19','2022-05-16 13:25:19',1,1,1020,30,8,1030,'cm_kafka','ATLAS_SPARK_HOOK','Audit Status',NULL,'true','-2977753234222723826','create','8','-2977753234222723826','Spring Authenticated Session'),(472,'2022-05-16 13:25:19','2022-05-16 13:25:19',1,1,1020,30,8,1030,'cm_kafka','ATLAS_SPARK_HOOK','Policy Resources',NULL,'{\"topic\":{\"values\":[\"ATLAS_SPARK_HOOK\"],\"isExcludes\":false,\"isRecursive\":false}}','-2977753234222723826','create','8','-2977753234222723826','Spring Authenticated Session'),(473,'2022-05-16 13:25:19','2022-05-16 13:25:19',1,1,1020,30,8,1030,'cm_kafka','ATLAS_SPARK_HOOK','Policy Items',NULL,'[{\"accesses\":[{\"type\":\"publish\",\"isAllowed\":true}],\"users\":[],\"groups\":[\"public\"],\"roles\":[],\"conditions\":[],\"delegateAdmin\":false},{\"accesses\":[{\"type\":\"create\",\"isAllowed\":true},{\"type\":\"configure\",\"isAllowed\":true},{\"type\":\"consume\",\"isAllowed\":true}],\"users\":[\"atlas\"],\"groups\":[],\"roles\":[],\"conditions\":[],\"delegateAdmin\":false}]','-2977753234222723826','create','8','-2977753234222723826','Spring Authenticated Session'),(474,'2022-05-16 13:25:19','2022-05-16 13:25:19',1,1,1020,30,8,1030,'cm_kafka','ATLAS_SPARK_HOOK','Validity Schedules',NULL,'[]','-2977753234222723826','create','8','-2977753234222723826','Spring Authenticated Session'),(475,'2022-05-16 13:25:19','2022-05-16 13:25:19',1,1,1020,30,8,1030,'cm_kafka','ATLAS_SPARK_HOOK','Policy Labels',NULL,'[]','-2977753234222723826','create','8','-2977753234222723826','Spring Authenticated Session'),(476,'2022-05-16 13:25:19','2022-05-16 13:25:19',1,1,1020,30,8,1030,'cm_kafka','ATLAS_SPARK_HOOK','Deny All Other Accesses',NULL,'false','-2977753234222723826','create','8','-2977753234222723826','Spring Authenticated Session'),(477,'2022-05-16 13:25:19','2022-05-16 13:25:19',1,1,1020,30,8,1030,'cm_kafka','ATLAS_SPARK_HOOK','Policy Status',NULL,'true','-2977753234222723826','create','8','-2977753234222723826','Spring Authenticated Session'),(478,'2022-05-16 13:25:19','2022-05-16 13:25:19',1,1,1020,31,8,1030,'cm_kafka','atlas consumergroup','Policy Name',NULL,'atlas consumergroup','4297245112487464378','create','8','4297245112487464378','Spring Authenticated Session'),(479,'2022-05-16 13:25:19','2022-05-16 13:25:19',1,1,1020,31,8,1030,'cm_kafka','atlas consumergroup','Priority',NULL,'0','4297245112487464378','create','8','4297245112487464378','Spring Authenticated Session'),(480,'2022-05-16 13:25:19','2022-05-16 13:25:19',1,1,1020,31,8,1030,'cm_kafka','atlas consumergroup','Policy Description',NULL,'Policy for atlas consumergroup','4297245112487464378','create','8','4297245112487464378','Spring Authenticated Session'),(481,'2022-05-16 13:25:19','2022-05-16 13:25:19',1,1,1020,31,8,1030,'cm_kafka','atlas consumergroup','Audit Status',NULL,'true','4297245112487464378','create','8','4297245112487464378','Spring Authenticated Session'),(482,'2022-05-16 13:25:19','2022-05-16 13:25:19',1,1,1020,31,8,1030,'cm_kafka','atlas consumergroup','Policy Resources',NULL,'{\"consumergroup\":{\"values\":[\"atlas\"],\"isExcludes\":false,\"isRecursive\":false}}','4297245112487464378','create','8','4297245112487464378','Spring Authenticated Session'),(483,'2022-05-16 13:25:19','2022-05-16 13:25:19',1,1,1020,31,8,1030,'cm_kafka','atlas consumergroup','Policy Items',NULL,'[{\"accesses\":[{\"type\":\"consume\",\"isAllowed\":true},{\"type\":\"describe\",\"isAllowed\":true}],\"users\":[\"atlas\"],\"groups\":[],\"roles\":[],\"conditions\":[],\"delegateAdmin\":false}]','4297245112487464378','create','8','4297245112487464378','Spring Authenticated Session'),(484,'2022-05-16 13:25:19','2022-05-16 13:25:19',1,1,1020,31,8,1030,'cm_kafka','atlas consumergroup','Validity Schedules',NULL,'[]','4297245112487464378','create','8','4297245112487464378','Spring Authenticated Session'),(485,'2022-05-16 13:25:19','2022-05-16 13:25:19',1,1,1020,31,8,1030,'cm_kafka','atlas consumergroup','Policy Labels',NULL,'[]','4297245112487464378','create','8','4297245112487464378','Spring Authenticated Session'),(486,'2022-05-16 13:25:19','2022-05-16 13:25:19',1,1,1020,31,8,1030,'cm_kafka','atlas consumergroup','Deny All Other Accesses',NULL,'false','4297245112487464378','create','8','4297245112487464378','Spring Authenticated Session'),(487,'2022-05-16 13:25:19','2022-05-16 13:25:19',1,1,1020,31,8,1030,'cm_kafka','atlas consumergroup','Policy Status',NULL,'true','4297245112487464378','create','8','4297245112487464378','Spring Authenticated Session'),(488,'2022-05-16 13:25:19','2022-05-16 13:25:19',1,1,1020,32,8,1030,'cm_kafka','ranger_entities_consumer consumergroup','Policy Name',NULL,'ranger_entities_consumer consumergroup','-7701381829072567580','create','8','-7701381829072567580','Spring Authenticated Session'),(489,'2022-05-16 13:25:19','2022-05-16 13:25:19',1,1,1020,32,8,1030,'cm_kafka','ranger_entities_consumer consumergroup','Priority',NULL,'0','-7701381829072567580','create','8','-7701381829072567580','Spring Authenticated Session'),(490,'2022-05-16 13:25:19','2022-05-16 13:25:19',1,1,1020,32,8,1030,'cm_kafka','ranger_entities_consumer consumergroup','Policy Description',NULL,'Policy for ranger_entities_consumer consumergroup','-7701381829072567580','create','8','-7701381829072567580','Spring Authenticated Session'),(491,'2022-05-16 13:25:19','2022-05-16 13:25:19',1,1,1020,32,8,1030,'cm_kafka','ranger_entities_consumer consumergroup','Audit Status',NULL,'true','-7701381829072567580','create','8','-7701381829072567580','Spring Authenticated Session'),(492,'2022-05-16 13:25:19','2022-05-16 13:25:19',1,1,1020,32,8,1030,'cm_kafka','ranger_entities_consumer consumergroup','Policy Resources',NULL,'{\"consumergroup\":{\"values\":[\"ranger_entities_consumer\"],\"isExcludes\":false,\"isRecursive\":false}}','-7701381829072567580','create','8','-7701381829072567580','Spring Authenticated Session'),(493,'2022-05-16 13:25:19','2022-05-16 13:25:19',1,1,1020,32,8,1030,'cm_kafka','ranger_entities_consumer consumergroup','Policy Items',NULL,'[{\"accesses\":[{\"type\":\"consume\",\"isAllowed\":true},{\"type\":\"describe\",\"isAllowed\":true}],\"users\":[\"rangertagsync\"],\"groups\":[],\"roles\":[],\"conditions\":[],\"delegateAdmin\":false}]','-7701381829072567580','create','8','-7701381829072567580','Spring Authenticated Session'),(494,'2022-05-16 13:25:19','2022-05-16 13:25:19',1,1,1020,32,8,1030,'cm_kafka','ranger_entities_consumer consumergroup','Validity Schedules',NULL,'[]','-7701381829072567580','create','8','-7701381829072567580','Spring Authenticated Session'),(495,'2022-05-16 13:25:19','2022-05-16 13:25:19',1,1,1020,32,8,1030,'cm_kafka','ranger_entities_consumer consumergroup','Policy Labels',NULL,'[]','-7701381829072567580','create','8','-7701381829072567580','Spring Authenticated Session'),(496,'2022-05-16 13:25:19','2022-05-16 13:25:19',1,1,1020,32,8,1030,'cm_kafka','ranger_entities_consumer consumergroup','Deny All Other Accesses',NULL,'false','-7701381829072567580','create','8','-7701381829072567580','Spring Authenticated Session'),(497,'2022-05-16 13:25:19','2022-05-16 13:25:19',1,1,1020,32,8,1030,'cm_kafka','ranger_entities_consumer consumergroup','Policy Status',NULL,'true','-7701381829072567580','create','8','-7701381829072567580','Spring Authenticated Session'),(498,'2022-05-16 13:25:22','2022-05-16 13:25:22',1,1,1030,9,15,1033,'atlas','cm_atlas','Service Name',NULL,'cm_atlas','3565031276320868159','create','9','3565031276320868159','Spring Authenticated Session'),(499,'2022-05-16 13:25:22','2022-05-16 13:25:22',1,1,1030,9,15,1033,'atlas','cm_atlas','Service Display Name',NULL,'cm_atlas','3565031276320868159','create','9','3565031276320868159','Spring Authenticated Session'),(500,'2022-05-16 13:25:22','2022-05-16 13:25:22',1,1,1030,9,15,1033,'atlas','cm_atlas','Service Description',NULL,'Atlas repo','3565031276320868159','create','9','3565031276320868159','Spring Authenticated Session'),(501,'2022-05-16 13:25:22','2022-05-16 13:25:22',1,1,1030,9,15,1033,'atlas','cm_atlas','Tag Service Name',NULL,'cm_tag','3565031276320868159','create','9','3565031276320868159','Spring Authenticated Session'),(502,'2022-05-16 13:25:22','2022-05-16 13:25:22',1,1,1030,9,15,1033,'atlas','cm_atlas','Connection Configurations',NULL,'{\"atlas.rest.address\":\"http://localhost:31000\",\"tag.download.auth.users\":\"atlas\",\"password\":\"*****\",\"policy.download.auth.users\":\"atlas\",\"default.policy.users\":\"beacon,dpprofiler,nifi\",\"ranger.plugin.audit.filters\":\"[ {\'accessResult\': \'DENIED\', \'isAudited\': true}, {\'users\':[\'atlas\'] ,\'isAudited\':false} ]\",\"username\":\"admin\"}','3565031276320868159','create','9','3565031276320868159','Spring Authenticated Session'),(503,'2022-05-16 13:25:22','2022-05-16 13:25:22',1,1,1030,9,15,1033,'atlas','cm_atlas','Service Status',NULL,'true','3565031276320868159','create','9','3565031276320868159','Spring Authenticated Session'),(504,'2022-05-16 13:25:22','2022-05-16 13:25:22',1,1,1020,33,9,1030,'cm_atlas','all - entity-type, entity-classification, entity, entity-business-metadata','Policy Name',NULL,'all - entity-type, entity-classification, entity, entity-business-metadata','5256054359933141915','create','9','5256054359933141915','Spring Authenticated Session'),(505,'2022-05-16 13:25:22','2022-05-16 13:25:22',1,1,1020,33,9,1030,'cm_atlas','all - entity-type, entity-classification, entity, entity-business-metadata','Priority',NULL,'0','5256054359933141915','create','9','5256054359933141915','Spring Authenticated Session'),(506,'2022-05-16 13:25:22','2022-05-16 13:25:22',1,1,1020,33,9,1030,'cm_atlas','all - entity-type, entity-classification, entity, entity-business-metadata','Policy Description',NULL,'Policy for all - entity-type, entity-classification, entity, entity-business-metadata','5256054359933141915','create','9','5256054359933141915','Spring Authenticated Session'),(507,'2022-05-16 13:25:22','2022-05-16 13:25:22',1,1,1020,33,9,1030,'cm_atlas','all - entity-type, entity-classification, entity, entity-business-metadata','Audit Status',NULL,'true','5256054359933141915','create','9','5256054359933141915','Spring Authenticated Session'),(508,'2022-05-16 13:25:22','2022-05-16 13:25:22',1,1,1020,33,9,1030,'cm_atlas','all - entity-type, entity-classification, entity, entity-business-metadata','Policy Resources',NULL,'{\"entity-type\":{\"values\":[\"*\"],\"isExcludes\":false,\"isRecursive\":false},\"entity-business-metadata\":{\"values\":[\"*\"],\"isExcludes\":false,\"isRecursive\":false},\"entity-classification\":{\"values\":[\"*\"],\"isExcludes\":false,\"isRecursive\":false},\"entity\":{\"values\":[\"*\"],\"isExcludes\":false,\"isRecursive\":false}}','5256054359933141915','create','9','5256054359933141915','Spring Authenticated Session'),(509,'2022-05-16 13:25:22','2022-05-16 13:25:22',1,1,1020,33,9,1030,'cm_atlas','all - entity-type, entity-classification, entity, entity-business-metadata','Policy Items',NULL,'[{\"accesses\":[{\"type\":\"entity-update-business-metadata\",\"isAllowed\":true}],\"users\":[\"beacon\",\"dpprofiler\",\"admin\",\"nifi\",\"admin\"],\"groups\":[],\"roles\":[],\"conditions\":[],\"delegateAdmin\":true},{\"accesses\":[{\"type\":\"entity-read\",\"isAllowed\":true}],\"users\":[\"rangertagsync\"],\"groups\":[\"public\"],\"roles\":[],\"conditions\":[],\"delegateAdmin\":false},{\"accesses\":[{\"type\":\"entity-read\",\"isAllowed\":true}],\"users\":[\"rangerlookup\"],\"groups\":[],\"roles\":[],\"conditions\":[],\"delegateAdmin\":false}]','5256054359933141915','create','9','5256054359933141915','Spring Authenticated Session'),(510,'2022-05-16 13:25:22','2022-05-16 13:25:22',1,1,1020,33,9,1030,'cm_atlas','all - entity-type, entity-classification, entity, entity-business-metadata','Validity Schedules',NULL,'[]','5256054359933141915','create','9','5256054359933141915','Spring Authenticated Session'),(511,'2022-05-16 13:25:22','2022-05-16 13:25:22',1,1,1020,33,9,1030,'cm_atlas','all - entity-type, entity-classification, entity, entity-business-metadata','Policy Labels',NULL,'[]','5256054359933141915','create','9','5256054359933141915','Spring Authenticated Session'),(512,'2022-05-16 13:25:22','2022-05-16 13:25:22',1,1,1020,33,9,1030,'cm_atlas','all - entity-type, entity-classification, entity, entity-business-metadata','Deny All Other Accesses',NULL,'false','5256054359933141915','create','9','5256054359933141915','Spring Authenticated Session'),(513,'2022-05-16 13:25:22','2022-05-16 13:25:22',1,1,1020,33,9,1030,'cm_atlas','all - entity-type, entity-classification, entity, entity-business-metadata','Policy Status',NULL,'true','5256054359933141915','create','9','5256054359933141915','Spring Authenticated Session'),(514,'2022-05-16 13:25:22','2022-05-16 13:25:22',1,1,1020,34,9,1030,'cm_atlas','all - entity-type, entity-classification, entity','Policy Name',NULL,'all - entity-type, entity-classification, entity','-7882710206916113888','create','9','-7882710206916113888','Spring Authenticated Session'),(515,'2022-05-16 13:25:22','2022-05-16 13:25:22',1,1,1020,34,9,1030,'cm_atlas','all - entity-type, entity-classification, entity','Priority',NULL,'0','-7882710206916113888','create','9','-7882710206916113888','Spring Authenticated Session'),(516,'2022-05-16 13:25:22','2022-05-16 13:25:22',1,1,1020,34,9,1030,'cm_atlas','all - entity-type, entity-classification, entity','Policy Description',NULL,'Policy for all - entity-type, entity-classification, entity','-7882710206916113888','create','9','-7882710206916113888','Spring Authenticated Session'),(517,'2022-05-16 13:25:22','2022-05-16 13:25:22',1,1,1020,34,9,1030,'cm_atlas','all - entity-type, entity-classification, entity','Audit Status',NULL,'true','-7882710206916113888','create','9','-7882710206916113888','Spring Authenticated Session'),(518,'2022-05-16 13:25:22','2022-05-16 13:25:22',1,1,1020,34,9,1030,'cm_atlas','all - entity-type, entity-classification, entity','Policy Resources',NULL,'{\"entity-type\":{\"values\":[\"*\"],\"isExcludes\":false,\"isRecursive\":false},\"entity-classification\":{\"values\":[\"*\"],\"isExcludes\":false,\"isRecursive\":false},\"entity\":{\"values\":[\"*\"],\"isExcludes\":false,\"isRecursive\":false}}','-7882710206916113888','create','9','-7882710206916113888','Spring Authenticated Session'),(519,'2022-05-16 13:25:22','2022-05-16 13:25:22',1,1,1020,34,9,1030,'cm_atlas','all - entity-type, entity-classification, entity','Policy Items',NULL,'[{\"accesses\":[{\"type\":\"entity-read\",\"isAllowed\":true},{\"type\":\"entity-create\",\"isAllowed\":true},{\"type\":\"entity-update\",\"isAllowed\":true},{\"type\":\"entity-delete\",\"isAllowed\":true},{\"type\":\"entity-add-classification\",\"isAllowed\":true},{\"type\":\"entity-update-classification\",\"isAllowed\":true},{\"type\":\"entity-remove-classification\",\"isAllowed\":true}],\"users\":[\"beacon\",\"dpprofiler\",\"admin\",\"nifi\",\"admin\"],\"groups\":[],\"roles\":[],\"conditions\":[],\"delegateAdmin\":true},{\"accesses\":[{\"type\":\"entity-read\",\"isAllowed\":true}],\"users\":[\"rangertagsync\"],\"groups\":[\"public\"],\"roles\":[],\"conditions\":[],\"delegateAdmin\":false},{\"accesses\":[{\"type\":\"entity-read\",\"isAllowed\":true}],\"users\":[\"rangerlookup\"],\"groups\":[],\"roles\":[],\"conditions\":[],\"delegateAdmin\":false}]','-7882710206916113888','create','9','-7882710206916113888','Spring Authenticated Session'),(520,'2022-05-16 13:25:22','2022-05-16 13:25:22',1,1,1020,34,9,1030,'cm_atlas','all - entity-type, entity-classification, entity','Validity Schedules',NULL,'[]','-7882710206916113888','create','9','-7882710206916113888','Spring Authenticated Session'),(521,'2022-05-16 13:25:22','2022-05-16 13:25:22',1,1,1020,34,9,1030,'cm_atlas','all - entity-type, entity-classification, entity','Policy Labels',NULL,'[]','-7882710206916113888','create','9','-7882710206916113888','Spring Authenticated Session'),(522,'2022-05-16 13:25:22','2022-05-16 13:25:22',1,1,1020,34,9,1030,'cm_atlas','all - entity-type, entity-classification, entity','Deny All Other Accesses',NULL,'false','-7882710206916113888','create','9','-7882710206916113888','Spring Authenticated Session'),(523,'2022-05-16 13:25:22','2022-05-16 13:25:22',1,1,1020,34,9,1030,'cm_atlas','all - entity-type, entity-classification, entity','Policy Status',NULL,'true','-7882710206916113888','create','9','-7882710206916113888','Spring Authenticated Session'),(524,'2022-05-16 13:25:22','2022-05-16 13:25:22',1,1,1020,35,9,1030,'cm_atlas','all - atlas-service','Policy Name',NULL,'all - atlas-service','-5283123263051709727','create','9','-5283123263051709727','Spring Authenticated Session'),(525,'2022-05-16 13:25:22','2022-05-16 13:25:22',1,1,1020,35,9,1030,'cm_atlas','all - atlas-service','Priority',NULL,'0','-5283123263051709727','create','9','-5283123263051709727','Spring Authenticated Session'),(526,'2022-05-16 13:25:22','2022-05-16 13:25:22',1,1,1020,35,9,1030,'cm_atlas','all - atlas-service','Policy Description',NULL,'Policy for all - atlas-service','-5283123263051709727','create','9','-5283123263051709727','Spring Authenticated Session'),(527,'2022-05-16 13:25:22','2022-05-16 13:25:22',1,1,1020,35,9,1030,'cm_atlas','all - atlas-service','Audit Status',NULL,'true','-5283123263051709727','create','9','-5283123263051709727','Spring Authenticated Session'),(528,'2022-05-16 13:25:22','2022-05-16 13:25:22',1,1,1020,35,9,1030,'cm_atlas','all - atlas-service','Policy Resources',NULL,'{\"atlas-service\":{\"values\":[\"*\"],\"isExcludes\":false,\"isRecursive\":false}}','-5283123263051709727','create','9','-5283123263051709727','Spring Authenticated Session'),(529,'2022-05-16 13:25:22','2022-05-16 13:25:22',1,1,1020,35,9,1030,'cm_atlas','all - atlas-service','Policy Items',NULL,'[{\"accesses\":[{\"type\":\"admin-export\",\"isAllowed\":true},{\"type\":\"admin-import\",\"isAllowed\":true},{\"type\":\"admin-purge\",\"isAllowed\":true},{\"type\":\"admin-audits\",\"isAllowed\":true}],\"users\":[\"beacon\",\"dpprofiler\",\"admin\",\"nifi\",\"admin\"],\"groups\":[],\"roles\":[],\"conditions\":[],\"delegateAdmin\":true}]','-5283123263051709727','create','9','-5283123263051709727','Spring Authenticated Session'),(530,'2022-05-16 13:25:22','2022-05-16 13:25:22',1,1,1020,35,9,1030,'cm_atlas','all - atlas-service','Validity Schedules',NULL,'[]','-5283123263051709727','create','9','-5283123263051709727','Spring Authenticated Session'),(531,'2022-05-16 13:25:22','2022-05-16 13:25:22',1,1,1020,35,9,1030,'cm_atlas','all - atlas-service','Policy Labels',NULL,'[]','-5283123263051709727','create','9','-5283123263051709727','Spring Authenticated Session'),(532,'2022-05-16 13:25:22','2022-05-16 13:25:22',1,1,1020,35,9,1030,'cm_atlas','all - atlas-service','Deny All Other Accesses',NULL,'false','-5283123263051709727','create','9','-5283123263051709727','Spring Authenticated Session'),(533,'2022-05-16 13:25:22','2022-05-16 13:25:22',1,1,1020,35,9,1030,'cm_atlas','all - atlas-service','Policy Status',NULL,'true','-5283123263051709727','create','9','-5283123263051709727','Spring Authenticated Session'),(534,'2022-05-16 13:25:22','2022-05-16 13:25:22',1,1,1020,36,9,1030,'cm_atlas','all - entity-type, entity-classification, entity, entity-label','Policy Name',NULL,'all - entity-type, entity-classification, entity, entity-label','-4233690480258889593','create','9','-4233690480258889593','Spring Authenticated Session'),(535,'2022-05-16 13:25:22','2022-05-16 13:25:22',1,1,1020,36,9,1030,'cm_atlas','all - entity-type, entity-classification, entity, entity-label','Priority',NULL,'0','-4233690480258889593','create','9','-4233690480258889593','Spring Authenticated Session'),(536,'2022-05-16 13:25:22','2022-05-16 13:25:22',1,1,1020,36,9,1030,'cm_atlas','all - entity-type, entity-classification, entity, entity-label','Policy Description',NULL,'Policy for all - entity-type, entity-classification, entity, entity-label','-4233690480258889593','create','9','-4233690480258889593','Spring Authenticated Session'),(537,'2022-05-16 13:25:22','2022-05-16 13:25:22',1,1,1020,36,9,1030,'cm_atlas','all - entity-type, entity-classification, entity, entity-label','Audit Status',NULL,'true','-4233690480258889593','create','9','-4233690480258889593','Spring Authenticated Session'),(538,'2022-05-16 13:25:22','2022-05-16 13:25:22',1,1,1020,36,9,1030,'cm_atlas','all - entity-type, entity-classification, entity, entity-label','Policy Resources',NULL,'{\"entity-type\":{\"values\":[\"*\"],\"isExcludes\":false,\"isRecursive\":false},\"entity-classification\":{\"values\":[\"*\"],\"isExcludes\":false,\"isRecursive\":false},\"entity-label\":{\"values\":[\"*\"],\"isExcludes\":false,\"isRecursive\":false},\"entity\":{\"values\":[\"*\"],\"isExcludes\":false,\"isRecursive\":false}}','-4233690480258889593','create','9','-4233690480258889593','Spring Authenticated Session'),(539,'2022-05-16 13:25:22','2022-05-16 13:25:22',1,1,1020,36,9,1030,'cm_atlas','all - entity-type, entity-classification, entity, entity-label','Policy Items',NULL,'[{\"accesses\":[{\"type\":\"entity-add-label\",\"isAllowed\":true},{\"type\":\"entity-remove-label\",\"isAllowed\":true}],\"users\":[\"beacon\",\"dpprofiler\",\"admin\",\"nifi\",\"admin\"],\"groups\":[],\"roles\":[],\"conditions\":[],\"delegateAdmin\":true},{\"accesses\":[{\"type\":\"entity-read\",\"isAllowed\":true}],\"users\":[\"rangertagsync\"],\"groups\":[\"public\"],\"roles\":[],\"conditions\":[],\"delegateAdmin\":false},{\"accesses\":[{\"type\":\"entity-read\",\"isAllowed\":true}],\"users\":[\"rangerlookup\"],\"groups\":[],\"roles\":[],\"conditions\":[],\"delegateAdmin\":false}]','-4233690480258889593','create','9','-4233690480258889593','Spring Authenticated Session'),(540,'2022-05-16 13:25:22','2022-05-16 13:25:22',1,1,1020,36,9,1030,'cm_atlas','all - entity-type, entity-classification, entity, entity-label','Validity Schedules',NULL,'[]','-4233690480258889593','create','9','-4233690480258889593','Spring Authenticated Session'),(541,'2022-05-16 13:25:22','2022-05-16 13:25:22',1,1,1020,36,9,1030,'cm_atlas','all - entity-type, entity-classification, entity, entity-label','Policy Labels',NULL,'[]','-4233690480258889593','create','9','-4233690480258889593','Spring Authenticated Session'),(542,'2022-05-16 13:25:22','2022-05-16 13:25:22',1,1,1020,36,9,1030,'cm_atlas','all - entity-type, entity-classification, entity, entity-label','Deny All Other Accesses',NULL,'false','-4233690480258889593','create','9','-4233690480258889593','Spring Authenticated Session'),(543,'2022-05-16 13:25:22','2022-05-16 13:25:22',1,1,1020,36,9,1030,'cm_atlas','all - entity-type, entity-classification, entity, entity-label','Policy Status',NULL,'true','-4233690480258889593','create','9','-4233690480258889593','Spring Authenticated Session'),(544,'2022-05-16 13:25:22','2022-05-16 13:25:22',1,1,1020,37,9,1030,'cm_atlas','all - relationship-type, end-one-entity-type, end-one-entity-classification, end-one-entity, end-two-entity-type, end-two-entity-classification, end-two-entity','Policy Name',NULL,'all - relationship-type, end-one-entity-type, end-one-entity-classification, end-one-entity, end-two-entity-type, end-two-entity-classification, end-two-entity','6045241207493905839','create','9','6045241207493905839','Spring Authenticated Session'),(545,'2022-05-16 13:25:22','2022-05-16 13:25:22',1,1,1020,37,9,1030,'cm_atlas','all - relationship-type, end-one-entity-type, end-one-entity-classification, end-one-entity, end-two-entity-type, end-two-entity-classification, end-two-entity','Priority',NULL,'0','6045241207493905839','create','9','6045241207493905839','Spring Authenticated Session'),(546,'2022-05-16 13:25:22','2022-05-16 13:25:22',1,1,1020,37,9,1030,'cm_atlas','all - relationship-type, end-one-entity-type, end-one-entity-classification, end-one-entity, end-two-entity-type, end-two-entity-classification, end-two-entity','Policy Description',NULL,'Policy for all - relationship-type, end-one-entity-type, end-one-entity-classification, end-one-entity, end-two-entity-type, end-two-entity-classification, end-two-entity','6045241207493905839','create','9','6045241207493905839','Spring Authenticated Session'),(547,'2022-05-16 13:25:22','2022-05-16 13:25:22',1,1,1020,37,9,1030,'cm_atlas','all - relationship-type, end-one-entity-type, end-one-entity-classification, end-one-entity, end-two-entity-type, end-two-entity-classification, end-two-entity','Audit Status',NULL,'true','6045241207493905839','create','9','6045241207493905839','Spring Authenticated Session'),(548,'2022-05-16 13:25:22','2022-05-16 13:25:22',1,1,1020,37,9,1030,'cm_atlas','all - relationship-type, end-one-entity-type, end-one-entity-classification, end-one-entity, end-two-entity-type, end-two-entity-classification, end-two-entity','Policy Resources',NULL,'{\"end-one-entity-classification\":{\"values\":[\"*\"],\"isExcludes\":false,\"isRecursive\":false},\"end-two-entity\":{\"values\":[\"*\"],\"isExcludes\":false,\"isRecursive\":false},\"end-two-entity-type\":{\"values\":[\"*\"],\"isExcludes\":false,\"isRecursive\":false},\"relationship-type\":{\"values\":[\"*\"],\"isExcludes\":false,\"isRecursive\":false},\"end-two-entity-classification\":{\"values\":[\"*\"],\"isExcludes\":false,\"isRecursive\":false},\"end-one-entity-type\":{\"values\":[\"*\"],\"isExcludes\":false,\"isRecursive\":false},\"end-one-entity\":{\"values\":[\"*\"],\"isExcludes\":false,\"isRecursive\":false}}','6045241207493905839','create','9','6045241207493905839','Spring Authenticated Session'),(549,'2022-05-16 13:25:22','2022-05-16 13:25:22',1,1,1020,37,9,1030,'cm_atlas','all - relationship-type, end-one-entity-type, end-one-entity-classification, end-one-entity, end-two-entity-type, end-two-entity-classification, end-two-entity','Policy Items',NULL,'[{\"accesses\":[{\"type\":\"add-relationship\",\"isAllowed\":true},{\"type\":\"update-relationship\",\"isAllowed\":true},{\"type\":\"remove-relationship\",\"isAllowed\":true}],\"users\":[\"beacon\",\"dpprofiler\",\"admin\",\"nifi\",\"admin\"],\"groups\":[\"public\"],\"roles\":[],\"conditions\":[],\"delegateAdmin\":true}]','6045241207493905839','create','9','6045241207493905839','Spring Authenticated Session'),(550,'2022-05-16 13:25:22','2022-05-16 13:25:22',1,1,1020,37,9,1030,'cm_atlas','all - relationship-type, end-one-entity-type, end-one-entity-classification, end-one-entity, end-two-entity-type, end-two-entity-classification, end-two-entity','Validity Schedules',NULL,'[]','6045241207493905839','create','9','6045241207493905839','Spring Authenticated Session'),(551,'2022-05-16 13:25:22','2022-05-16 13:25:22',1,1,1020,37,9,1030,'cm_atlas','all - relationship-type, end-one-entity-type, end-one-entity-classification, end-one-entity, end-two-entity-type, end-two-entity-classification, end-two-entity','Policy Labels',NULL,'[]','6045241207493905839','create','9','6045241207493905839','Spring Authenticated Session'),(552,'2022-05-16 13:25:22','2022-05-16 13:25:22',1,1,1020,37,9,1030,'cm_atlas','all - relationship-type, end-one-entity-type, end-one-entity-classification, end-one-entity, end-two-entity-type, end-two-entity-classification, end-two-entity','Deny All Other Accesses',NULL,'false','6045241207493905839','create','9','6045241207493905839','Spring Authenticated Session'),(553,'2022-05-16 13:25:22','2022-05-16 13:25:22',1,1,1020,37,9,1030,'cm_atlas','all - relationship-type, end-one-entity-type, end-one-entity-classification, end-one-entity, end-two-entity-type, end-two-entity-classification, end-two-entity','Policy Status',NULL,'true','6045241207493905839','create','9','6045241207493905839','Spring Authenticated Session'),(554,'2022-05-16 13:25:22','2022-05-16 13:25:22',1,1,1020,38,9,1030,'cm_atlas','all - type-category, type','Policy Name',NULL,'all - type-category, type','-2636446955776096844','create','9','-2636446955776096844','Spring Authenticated Session'),(555,'2022-05-16 13:25:22','2022-05-16 13:25:22',1,1,1020,38,9,1030,'cm_atlas','all - type-category, type','Priority',NULL,'0','-2636446955776096844','create','9','-2636446955776096844','Spring Authenticated Session'),(556,'2022-05-16 13:25:22','2022-05-16 13:25:22',1,1,1020,38,9,1030,'cm_atlas','all - type-category, type','Policy Description',NULL,'Policy for all - type-category, type','-2636446955776096844','create','9','-2636446955776096844','Spring Authenticated Session'),(557,'2022-05-16 13:25:22','2022-05-16 13:25:22',1,1,1020,38,9,1030,'cm_atlas','all - type-category, type','Audit Status',NULL,'true','-2636446955776096844','create','9','-2636446955776096844','Spring Authenticated Session'),(558,'2022-05-16 13:25:22','2022-05-16 13:25:22',1,1,1020,38,9,1030,'cm_atlas','all - type-category, type','Policy Resources',NULL,'{\"type-category\":{\"values\":[\"*\"],\"isExcludes\":false,\"isRecursive\":false},\"type\":{\"values\":[\"*\"],\"isExcludes\":false,\"isRecursive\":false}}','-2636446955776096844','create','9','-2636446955776096844','Spring Authenticated Session'),(559,'2022-05-16 13:25:22','2022-05-16 13:25:22',1,1,1020,38,9,1030,'cm_atlas','all - type-category, type','Policy Items',NULL,'[{\"accesses\":[{\"type\":\"type-create\",\"isAllowed\":true},{\"type\":\"type-update\",\"isAllowed\":true},{\"type\":\"type-delete\",\"isAllowed\":true},{\"type\":\"type-read\",\"isAllowed\":true}],\"users\":[\"beacon\",\"dpprofiler\",\"admin\",\"nifi\",\"admin\"],\"groups\":[],\"roles\":[],\"conditions\":[],\"delegateAdmin\":true},{\"accesses\":[{\"type\":\"type-read\",\"isAllowed\":true}],\"users\":[],\"groups\":[\"public\"],\"roles\":[],\"conditions\":[],\"delegateAdmin\":false}]','-2636446955776096844','create','9','-2636446955776096844','Spring Authenticated Session'),(560,'2022-05-16 13:25:22','2022-05-16 13:25:22',1,1,1020,38,9,1030,'cm_atlas','all - type-category, type','Validity Schedules',NULL,'[]','-2636446955776096844','create','9','-2636446955776096844','Spring Authenticated Session'),(561,'2022-05-16 13:25:22','2022-05-16 13:25:22',1,1,1020,38,9,1030,'cm_atlas','all - type-category, type','Policy Labels',NULL,'[]','-2636446955776096844','create','9','-2636446955776096844','Spring Authenticated Session'),(562,'2022-05-16 13:25:22','2022-05-16 13:25:22',1,1,1020,38,9,1030,'cm_atlas','all - type-category, type','Deny All Other Accesses',NULL,'false','-2636446955776096844','create','9','-2636446955776096844','Spring Authenticated Session'),(563,'2022-05-16 13:25:22','2022-05-16 13:25:22',1,1,1020,38,9,1030,'cm_atlas','all - type-category, type','Policy Status',NULL,'true','-2636446955776096844','create','9','-2636446955776096844','Spring Authenticated Session'),(564,'2022-05-16 13:25:22','2022-05-16 13:25:22',1,1,1020,39,9,1030,'cm_atlas','Allow users to manage favorite searches','Policy Name',NULL,'Allow users to manage favorite searches','-6578661527225482645','create','9','-6578661527225482645','Spring Authenticated Session'),(565,'2022-05-16 13:25:22','2022-05-16 13:25:22',1,1,1020,39,9,1030,'cm_atlas','Allow users to manage favorite searches','Priority',NULL,'0','-6578661527225482645','create','9','-6578661527225482645','Spring Authenticated Session'),(566,'2022-05-16 13:25:22','2022-05-16 13:25:22',1,1,1020,39,9,1030,'cm_atlas','Allow users to manage favorite searches','Policy Description',NULL,'null','-6578661527225482645','create','9','-6578661527225482645','Spring Authenticated Session'),(567,'2022-05-16 13:25:22','2022-05-16 13:25:22',1,1,1020,39,9,1030,'cm_atlas','Allow users to manage favorite searches','Audit Status',NULL,'true','-6578661527225482645','create','9','-6578661527225482645','Spring Authenticated Session'),(568,'2022-05-16 13:25:22','2022-05-16 13:25:22',1,1,1020,39,9,1030,'cm_atlas','Allow users to manage favorite searches','Policy Resources',NULL,'{\"entity-type\":{\"values\":[\"__AtlasUserProfile\",\"__AtlasUserSavedSearch\"],\"isExcludes\":false,\"isRecursive\":false},\"entity-classification\":{\"values\":[\"*\"],\"isExcludes\":false,\"isRecursive\":false},\"entity\":{\"values\":[\"{USER}\",\"{USER}:*\"],\"isExcludes\":false,\"isRecursive\":false}}','-6578661527225482645','create','9','-6578661527225482645','Spring Authenticated Session'),(569,'2022-05-16 13:25:22','2022-05-16 13:25:22',1,1,1020,39,9,1030,'cm_atlas','Allow users to manage favorite searches','Policy Items',NULL,'[{\"accesses\":[{\"type\":\"entity-read\",\"isAllowed\":true},{\"type\":\"entity-create\",\"isAllowed\":true},{\"type\":\"entity-update\",\"isAllowed\":true},{\"type\":\"entity-delete\",\"isAllowed\":true}],\"users\":[\"{USER}\"],\"groups\":[],\"roles\":[],\"conditions\":[],\"delegateAdmin\":false}]','-6578661527225482645','create','9','-6578661527225482645','Spring Authenticated Session'),(570,'2022-05-16 13:25:22','2022-05-16 13:25:22',1,1,1020,39,9,1030,'cm_atlas','Allow users to manage favorite searches','Validity Schedules',NULL,'[]','-6578661527225482645','create','9','-6578661527225482645','Spring Authenticated Session'),(571,'2022-05-16 13:25:22','2022-05-16 13:25:22',1,1,1020,39,9,1030,'cm_atlas','Allow users to manage favorite searches','Policy Labels',NULL,'[]','-6578661527225482645','create','9','-6578661527225482645','Spring Authenticated Session'),(572,'2022-05-16 13:25:22','2022-05-16 13:25:22',1,1,1020,39,9,1030,'cm_atlas','Allow users to manage favorite searches','Deny All Other Accesses',NULL,'false','-6578661527225482645','create','9','-6578661527225482645','Spring Authenticated Session'),(573,'2022-05-16 13:25:22','2022-05-16 13:25:22',1,1,1020,39,9,1030,'cm_atlas','Allow users to manage favorite searches','Policy Status',NULL,'true','-6578661527225482645','create','9','-6578661527225482645','Spring Authenticated Session'),(574,'2022-05-16 13:25:25','2022-05-16 13:25:25',1,1,1030,10,8,1033,'solr','cm_solr','Service Name',NULL,'cm_solr','1552787068613116454','create','10','1552787068613116454','Spring Authenticated Session'),(575,'2022-05-16 13:25:25','2022-05-16 13:25:25',1,1,1030,10,8,1033,'solr','cm_solr','Service Display Name',NULL,'cm_solr','1552787068613116454','create','10','1552787068613116454','Spring Authenticated Session'),(576,'2022-05-16 13:25:25','2022-05-16 13:25:25',1,1,1030,10,8,1033,'solr','cm_solr','Service Description',NULL,'Solr repo','1552787068613116454','create','10','1552787068613116454','Spring Authenticated Session'),(577,'2022-05-16 13:25:25','2022-05-16 13:25:25',1,1,1030,10,8,1033,'solr','cm_solr','Tag Service Name',NULL,'cm_tag','1552787068613116454','create','10','1552787068613116454','Spring Authenticated Session'),(578,'2022-05-16 13:25:25','2022-05-16 13:25:25',1,1,1030,10,8,1033,'solr','cm_solr','Connection Configurations',NULL,'{\"solr.url\":\"http://localhost:8983/solr\",\"setup.additional.default.policies\":\"true\",\"solr.zookeeper.quorum\":\"master-1.example.com:2181,master-3.example.com:2181,master-2.example.com:2181/solr-infra\",\"ranger.plugin.audit.filters\":\"[ {\'accessResult\': \'DENIED\', \'isAudited\': true}, {\'users\':[\'hive\',\'hdfs\',\'kafka\',\'hbase\',\'solr\',\'rangerraz\',\'knox\',\'atlas\'] ,\'isAudited\':false} ]\",\"default-policy.1.policyItem.1.accessTypes\":\"query,update,others\",\"tag.download.auth.users\":\"solr\",\"default-policy.1.name\":\"RANGER_AUDITS_COLLECTION\",\"password\":\"*****\",\"policy.download.auth.users\":\"solr\",\"default-policy.1.resource.collection\":\"ranger_audits\",\"default.policy.users\":\"ranger,atlas\",\"default-policy.1.policyItem.1.users\":\"hdfs,hbase,hive,yarn,knox,storm,kafka,nifi,nifiregistry,impala,keyadmin,rangerraz,streamsmsgmgr,schemaregistry\",\"username\":\"solr\"}','1552787068613116454','create','10','1552787068613116454','Spring Authenticated Session'),(579,'2022-05-16 13:25:25','2022-05-16 13:25:25',1,1,1030,10,8,1033,'solr','cm_solr','Service Status',NULL,'true','1552787068613116454','create','10','1552787068613116454','Spring Authenticated Session'),(580,'2022-05-16 13:25:25','2022-05-16 13:25:25',1,1,1003,69,NULL,0,NULL,'storm','Login ID',NULL,'storm','-2847245723963537000','create','10','-2847245723963537000','Spring Authenticated Session'),(581,'2022-05-16 13:25:25','2022-05-16 13:25:25',1,1,1003,69,NULL,0,NULL,'storm','User Role',NULL,'[ROLE_USER]','-2847245723963537000','create','10','-2847245723963537000','Spring Authenticated Session'),(582,'2022-05-16 13:25:25','2022-05-16 13:25:25',1,1,1020,40,10,1030,'cm_solr','all - collection','Policy Name',NULL,'all - collection','369171503292892079','create','10','369171503292892079','Spring Authenticated Session'),(583,'2022-05-16 13:25:25','2022-05-16 13:25:25',1,1,1020,40,10,1030,'cm_solr','all - collection','Priority',NULL,'0','369171503292892079','create','10','369171503292892079','Spring Authenticated Session'),(584,'2022-05-16 13:25:25','2022-05-16 13:25:25',1,1,1020,40,10,1030,'cm_solr','all - collection','Policy Description',NULL,'Policy for all - collection','369171503292892079','create','10','369171503292892079','Spring Authenticated Session'),(585,'2022-05-16 13:25:25','2022-05-16 13:25:25',1,1,1020,40,10,1030,'cm_solr','all - collection','Audit Status',NULL,'true','369171503292892079','create','10','369171503292892079','Spring Authenticated Session'),(586,'2022-05-16 13:25:25','2022-05-16 13:25:25',1,1,1020,40,10,1030,'cm_solr','all - collection','Policy Resources',NULL,'{\"collection\":{\"values\":[\"*\"],\"isExcludes\":false,\"isRecursive\":false}}','369171503292892079','create','10','369171503292892079','Spring Authenticated Session'),(587,'2022-05-16 13:25:25','2022-05-16 13:25:25',1,1,1020,40,10,1030,'cm_solr','all - collection','Policy Items',NULL,'[{\"accesses\":[{\"type\":\"query\",\"isAllowed\":true},{\"type\":\"update\",\"isAllowed\":true},{\"type\":\"others\",\"isAllowed\":true},{\"type\":\"solr_admin\",\"isAllowed\":true}],\"users\":[\"atlas\",\"solr\",\"ranger\"],\"groups\":[],\"roles\":[],\"conditions\":[],\"delegateAdmin\":true},{\"accesses\":[{\"type\":\"query\",\"isAllowed\":true}],\"users\":[\"rangerlookup\"],\"groups\":[],\"roles\":[],\"conditions\":[],\"delegateAdmin\":false}]','369171503292892079','create','10','369171503292892079','Spring Authenticated Session'),(588,'2022-05-16 13:25:25','2022-05-16 13:25:25',1,1,1020,40,10,1030,'cm_solr','all - collection','Validity Schedules',NULL,'[]','369171503292892079','create','10','369171503292892079','Spring Authenticated Session'),(589,'2022-05-16 13:25:25','2022-05-16 13:25:25',1,1,1020,40,10,1030,'cm_solr','all - collection','Policy Labels',NULL,'[]','369171503292892079','create','10','369171503292892079','Spring Authenticated Session'),(590,'2022-05-16 13:25:25','2022-05-16 13:25:25',1,1,1020,40,10,1030,'cm_solr','all - collection','Deny All Other Accesses',NULL,'false','369171503292892079','create','10','369171503292892079','Spring Authenticated Session'),(591,'2022-05-16 13:25:25','2022-05-16 13:25:25',1,1,1020,40,10,1030,'cm_solr','all - collection','Policy Status',NULL,'true','369171503292892079','create','10','369171503292892079','Spring Authenticated Session'),(592,'2022-05-16 13:25:25','2022-05-16 13:25:25',1,1,1020,41,10,1030,'cm_solr','RANGER_AUDITS_COLLECTION','Policy Name',NULL,'RANGER_AUDITS_COLLECTION','8392464572621997151','create','10','8392464572621997151','Spring Authenticated Session'),(593,'2022-05-16 13:25:25','2022-05-16 13:25:25',1,1,1020,41,10,1030,'cm_solr','RANGER_AUDITS_COLLECTION','Priority',NULL,'0','8392464572621997151','create','10','8392464572621997151','Spring Authenticated Session'),(594,'2022-05-16 13:25:25','2022-05-16 13:25:25',1,1,1020,41,10,1030,'cm_solr','RANGER_AUDITS_COLLECTION','Policy Description',NULL,'Policy for RANGER_AUDITS_COLLECTION','8392464572621997151','create','10','8392464572621997151','Spring Authenticated Session'),(595,'2022-05-16 13:25:25','2022-05-16 13:25:25',1,1,1020,41,10,1030,'cm_solr','RANGER_AUDITS_COLLECTION','Audit Status',NULL,'true','8392464572621997151','create','10','8392464572621997151','Spring Authenticated Session'),(596,'2022-05-16 13:25:25','2022-05-16 13:25:25',1,1,1020,41,10,1030,'cm_solr','RANGER_AUDITS_COLLECTION','Policy Resources',NULL,'{\"collection\":{\"values\":[\"ranger_audits\"],\"isExcludes\":false,\"isRecursive\":false}}','8392464572621997151','create','10','8392464572621997151','Spring Authenticated Session'),(597,'2022-05-16 13:25:25','2022-05-16 13:25:25',1,1,1020,41,10,1030,'cm_solr','RANGER_AUDITS_COLLECTION','Policy Items',NULL,'[{\"accesses\":[{\"type\":\"query\",\"isAllowed\":true},{\"type\":\"update\",\"isAllowed\":true},{\"type\":\"others\",\"isAllowed\":true}],\"users\":[\"hdfs\",\"hbase\",\"hive\",\"yarn\",\"knox\",\"storm\",\"kafka\",\"nifi\",\"nifiregistry\",\"impala\",\"keyadmin\",\"rangerraz\",\"streamsmsgmgr\",\"schemaregistry\"],\"groups\":[],\"roles\":[],\"conditions\":[],\"delegateAdmin\":false}]','8392464572621997151','create','10','8392464572621997151','Spring Authenticated Session'),(598,'2022-05-16 13:25:25','2022-05-16 13:25:25',1,1,1020,41,10,1030,'cm_solr','RANGER_AUDITS_COLLECTION','Validity Schedules',NULL,'[]','8392464572621997151','create','10','8392464572621997151','Spring Authenticated Session'),(599,'2022-05-16 13:25:25','2022-05-16 13:25:25',1,1,1020,41,10,1030,'cm_solr','RANGER_AUDITS_COLLECTION','Policy Labels',NULL,'[]','8392464572621997151','create','10','8392464572621997151','Spring Authenticated Session'),(600,'2022-05-16 13:25:25','2022-05-16 13:25:25',1,1,1020,41,10,1030,'cm_solr','RANGER_AUDITS_COLLECTION','Deny All Other Accesses',NULL,'false','8392464572621997151','create','10','8392464572621997151','Spring Authenticated Session'),(601,'2022-05-16 13:25:25','2022-05-16 13:25:25',1,1,1020,41,10,1030,'cm_solr','RANGER_AUDITS_COLLECTION','Policy Status',NULL,'true','8392464572621997151','create','10','8392464572621997151','Spring Authenticated Session'),(602,'2022-05-16 13:25:28','2022-05-16 13:25:28',1,1,1030,11,7,1033,'kms','cm_kms','Service Name',NULL,'cm_kms','8123868501225390725','create','11','8123868501225390725','Spring Authenticated Session'),(603,'2022-05-16 13:25:28','2022-05-16 13:25:28',1,1,1030,11,7,1033,'kms','cm_kms','Service Display Name',NULL,'cm_kms','8123868501225390725','create','11','8123868501225390725','Spring Authenticated Session'),(604,'2022-05-16 13:25:28','2022-05-16 13:25:28',1,1,1030,11,7,1033,'kms','cm_kms','Service Description',NULL,'KMS repo','8123868501225390725','create','11','8123868501225390725','Spring Authenticated Session'),(605,'2022-05-16 13:25:28','2022-05-16 13:25:28',1,1,1030,11,7,1033,'kms','cm_kms','Tag Service Name',NULL,'null','8123868501225390725','create','11','8123868501225390725','Spring Authenticated Session'),(606,'2022-05-16 13:25:28','2022-05-16 13:25:28',1,1,1030,11,7,1033,'kms','cm_kms','Connection Configurations',NULL,'{\"password\":\"*****\",\"policy.download.auth.users\":\"keyadmin,rangerkms\",\"provider\":\"kms://http@localhost:9292/kms\",\"ranger.plugin.audit.filters\":\"[ {\'accessResult\': \'DENIED\', \'isAudited\': true}, {\'users\':[\'keyadmin\'] ,\'isAudited\':false} ]\",\"username\":\"keyadmin\"}','8123868501225390725','create','11','8123868501225390725','Spring Authenticated Session'),(607,'2022-05-16 13:25:28','2022-05-16 13:25:28',1,1,1030,11,7,1033,'kms','cm_kms','Service Status',NULL,'true','8123868501225390725','create','11','8123868501225390725','Spring Authenticated Session'),(608,'2022-05-16 13:25:28','2022-05-16 13:25:28',1,1,1020,42,11,1030,'cm_kms','all - keyname','Policy Name',NULL,'all - keyname','-8581321804375309261','create','11','-8581321804375309261','Spring Authenticated Session'),(609,'2022-05-16 13:25:28','2022-05-16 13:25:28',1,1,1020,42,11,1030,'cm_kms','all - keyname','Priority',NULL,'0','-8581321804375309261','create','11','-8581321804375309261','Spring Authenticated Session'),(610,'2022-05-16 13:25:28','2022-05-16 13:25:28',1,1,1020,42,11,1030,'cm_kms','all - keyname','Policy Description',NULL,'Policy for all - keyname','-8581321804375309261','create','11','-8581321804375309261','Spring Authenticated Session'),(611,'2022-05-16 13:25:28','2022-05-16 13:25:28',1,1,1020,42,11,1030,'cm_kms','all - keyname','Audit Status',NULL,'true','-8581321804375309261','create','11','-8581321804375309261','Spring Authenticated Session'),(612,'2022-05-16 13:25:28','2022-05-16 13:25:28',1,1,1020,42,11,1030,'cm_kms','all - keyname','Policy Resources',NULL,'{\"keyname\":{\"values\":[\"*\"],\"isExcludes\":false,\"isRecursive\":false}}','-8581321804375309261','create','11','-8581321804375309261','Spring Authenticated Session'),(613,'2022-05-16 13:25:28','2022-05-16 13:25:28',1,1,1020,42,11,1030,'cm_kms','all - keyname','Policy Items',NULL,'[{\"accesses\":[{\"type\":\"create\",\"isAllowed\":true},{\"type\":\"delete\",\"isAllowed\":true},{\"type\":\"rollover\",\"isAllowed\":true},{\"type\":\"setkeymaterial\",\"isAllowed\":true},{\"type\":\"get\",\"isAllowed\":true},{\"type\":\"getkeys\",\"isAllowed\":true},{\"type\":\"getmetadata\",\"isAllowed\":true},{\"type\":\"generateeek\",\"isAllowed\":true},{\"type\":\"decrypteek\",\"isAllowed\":true}],\"users\":[\"keyadmin\",\"ranger\"],\"groups\":[],\"roles\":[],\"conditions\":[],\"delegateAdmin\":true},{\"accesses\":[{\"type\":\"get\",\"isAllowed\":true}],\"users\":[\"rangerlookup\",\"ranger\"],\"groups\":[],\"roles\":[],\"conditions\":[],\"delegateAdmin\":false},{\"accesses\":[{\"type\":\"getmetadata\",\"isAllowed\":true},{\"type\":\"generateeek\",\"isAllowed\":true}],\"users\":[\"hdfs\"],\"groups\":[],\"roles\":[],\"conditions\":[],\"delegateAdmin\":true},{\"accesses\":[{\"type\":\"getmetadata\",\"isAllowed\":true},{\"type\":\"decrypteek\",\"isAllowed\":true}],\"users\":[\"hive\"],\"groups\":[],\"roles\":[],\"conditions\":[],\"delegateAdmin\":true},{\"accesses\":[{\"type\":\"decrypteek\",\"isAllowed\":true}],\"users\":[\"hbase\"],\"groups\":[],\"roles\":[],\"conditions\":[],\"delegateAdmin\":true}]','-8581321804375309261','create','11','-8581321804375309261','Spring Authenticated Session'),(614,'2022-05-16 13:25:28','2022-05-16 13:25:28',1,1,1020,42,11,1030,'cm_kms','all - keyname','Validity Schedules',NULL,'[]','-8581321804375309261','create','11','-8581321804375309261','Spring Authenticated Session'),(615,'2022-05-16 13:25:28','2022-05-16 13:25:28',1,1,1020,42,11,1030,'cm_kms','all - keyname','Policy Labels',NULL,'[]','-8581321804375309261','create','11','-8581321804375309261','Spring Authenticated Session'),(616,'2022-05-16 13:25:28','2022-05-16 13:25:28',1,1,1020,42,11,1030,'cm_kms','all - keyname','Deny All Other Accesses',NULL,'false','-8581321804375309261','create','11','-8581321804375309261','Spring Authenticated Session'),(617,'2022-05-16 13:25:28','2022-05-16 13:25:28',1,1,1020,42,11,1030,'cm_kms','all - keyname','Policy Status',NULL,'true','-8581321804375309261','create','11','-8581321804375309261','Spring Authenticated Session'),(618,'2022-05-16 14:04:05','2022-05-16 14:04:05',1,1,1003,70,NULL,0,NULL,'cdpadmin','Login ID',NULL,'cdpadmin','262477470270245148','create','16','262477470270245148','Spring Authenticated Session'),(619,'2022-05-16 14:04:05','2022-05-16 14:04:05',1,1,1003,70,NULL,0,NULL,'cdpadmin','First Name',NULL,'CDP','262477470270245148','create','16','262477470270245148','Spring Authenticated Session'),(620,'2022-05-16 14:04:05','2022-05-16 14:04:05',1,1,1003,70,NULL,0,NULL,'cdpadmin','Last Name',NULL,'Admin','262477470270245148','create','16','262477470270245148','Spring Authenticated Session'),(621,'2022-05-16 14:04:05','2022-05-16 14:04:05',1,1,1003,70,NULL,0,NULL,'cdpadmin','Password',NULL,'*****','262477470270245148','create','16','262477470270245148','Spring Authenticated Session'),(622,'2022-05-16 14:04:05','2022-05-16 14:04:05',1,1,1003,70,NULL,0,NULL,'cdpadmin','User Role',NULL,'[ROLE_SYS_ADMIN]','262477470270245148','create','16','262477470270245148','Spring Authenticated Session'),(623,'2022-05-16 14:04:05','2022-05-16 14:04:05',1,1,1004,101,32,1002,'admins','cdpadmin','Group Name',NULL,'admins','262477470270245148','create','16','262477470270245148','Spring Authenticated Session'),(624,'2022-05-16 14:05:48','2022-05-16 14:05:48',68,68,2,55,NULL,0,NULL,'sam_sec','First Name','null','','8395594338926608542','update','17','8395594338926608542','Spring Authenticated Session'),(625,'2022-05-16 14:05:48','2022-05-16 14:05:48',68,68,2,55,NULL,0,NULL,'sam_sec','Last Name','null','','8395594338926608542','update','17','8395594338926608542','Spring Authenticated Session'),(626,'2022-05-16 14:05:48','2022-05-16 14:05:48',68,68,1003,57,NULL,0,NULL,'sam_sec','First Name','null','','-649708575835864882','update','17','-649708575835864882','Spring Authenticated Session'),(627,'2022-05-16 14:05:48','2022-05-16 14:05:48',68,68,1003,57,NULL,0,NULL,'sam_sec','Last Name','null','','-649708575835864882','update','17','-649708575835864882','Spring Authenticated Session'),(628,'2022-05-16 14:05:48','2022-05-16 14:05:48',68,68,1003,57,NULL,0,NULL,'sam_sec','User Role','[ROLE_USER]','[ROLE_SYS_ADMIN]','-649708575835864882','update','17','-649708575835864882','Spring Authenticated Session'),(629,'2022-05-16 14:05:48','2022-05-16 14:05:48',68,68,1004,20,32,1002,'admins','sam_sec','Group Name','admins','admins','-649708575835864882','update','17','-649708575835864882','Spring Authenticated Session'),(630,'2022-05-16 14:05:48','2022-05-16 14:05:48',68,68,1004,30,35,1002,'us_employees','sam_sec','Group Name','us_employees','us_employees','-649708575835864882','update','17','-649708575835864882','Spring Authenticated Session'),(631,'2022-05-16 14:05:48','2022-05-16 14:05:48',68,68,1004,38,44,1002,'sec','sam_sec','Group Name','sec','sec','-649708575835864882','update','17','-649708575835864882','Spring Authenticated Session'),(632,'2022-05-16 14:05:48','2022-05-16 14:05:48',68,68,1004,96,124,1002,'sam_sec','sam_sec','Group Name','sam_sec','sam_sec','-649708575835864882','update','17','-649708575835864882','Spring Authenticated Session'),(633,'2022-05-16 14:06:28','2022-05-16 14:06:28',68,68,2,24,NULL,0,NULL,'allan_admin','First Name','null','','7982772510934322449','update','17','7982772510934322449','Spring Authenticated Session'),(634,'2022-05-16 14:06:28','2022-05-16 14:06:28',68,68,2,24,NULL,0,NULL,'allan_admin','Last Name','null','','7982772510934322449','update','17','7982772510934322449','Spring Authenticated Session'),(635,'2022-05-16 14:06:28','2022-05-16 14:06:28',68,68,1003,26,NULL,0,NULL,'allan_admin','First Name','null','','-529925528421121805','update','17','-529925528421121805','Spring Authenticated Session'),(636,'2022-05-16 14:06:28','2022-05-16 14:06:28',68,68,1003,26,NULL,0,NULL,'allan_admin','Last Name','null','','-529925528421121805','update','17','-529925528421121805','Spring Authenticated Session'),(637,'2022-05-16 14:06:28','2022-05-16 14:06:28',68,68,1003,26,NULL,0,NULL,'allan_admin','User Role','[ROLE_USER]','[ROLE_SYS_ADMIN]','-529925528421121805','update','17','-529925528421121805','Spring Authenticated Session'),(638,'2022-05-16 14:06:28','2022-05-16 14:06:28',68,68,1004,17,30,1002,'allan_admin','allan_admin','Group Name','allan_admin','allan_admin','-529925528421121805','update','17','-529925528421121805','Spring Authenticated Session'),(639,'2022-05-16 14:06:28','2022-05-16 14:06:28',68,68,1004,19,32,1002,'admins','allan_admin','Group Name','admins','admins','-529925528421121805','update','17','-529925528421121805','Spring Authenticated Session'),(640,'2022-05-16 14:06:28','2022-05-16 14:06:28',68,68,1004,52,72,1002,'gov','allan_admin','Group Name','gov','gov','-529925528421121805','update','17','-529925528421121805','Spring Authenticated Session'),(641,'2022-05-16 14:06:28','2022-05-16 14:06:28',68,68,1004,63,95,1002,'ww_employees','allan_admin','Group Name','ww_employees','ww_employees','-529925528421121805','update','17','-529925528421121805','Spring Authenticated Session'),(642,'2022-05-16 14:06:28','2022-05-16 14:06:28',68,68,1004,93,120,1002,'supergroup','allan_admin','Group Name','supergroup','supergroup','-529925528421121805','update','17','-529925528421121805','Spring Authenticated Session'),(643,'2022-05-16 14:10:19','2022-05-16 14:10:19',55,55,1020,43,1,1030,'cm_hdfs','access: ranger audit','Policy Name',NULL,'access: ranger audit','-1712655477161111629','create','18','-1712655477161111629','Spring Authenticated Session'),(644,'2022-05-16 14:10:19','2022-05-16 14:10:19',55,55,1020,43,1,1030,'cm_hdfs','access: ranger audit','Priority',NULL,'0','-1712655477161111629','create','18','-1712655477161111629','Spring Authenticated Session'),(645,'2022-05-16 14:10:19','2022-05-16 14:10:19',55,55,1020,43,1,1030,'cm_hdfs','access: ranger audit','Audit Status',NULL,'true','-1712655477161111629','create','18','-1712655477161111629','Spring Authenticated Session'),(646,'2022-05-16 14:10:19','2022-05-16 14:10:19',55,55,1020,43,1,1030,'cm_hdfs','access: ranger audit','Policy Resources',NULL,'{\"path\":{\"values\":[\"/ranger/audit\"],\"isExcludes\":false,\"isRecursive\":true}}','-1712655477161111629','create','18','-1712655477161111629','Spring Authenticated Session'),(647,'2022-05-16 14:10:19','2022-05-16 14:10:19',55,55,1020,43,1,1030,'cm_hdfs','access: ranger audit','Policy Items',NULL,'[{\"accesses\":[{\"type\":\"read\",\"isAllowed\":true},{\"type\":\"write\",\"isAllowed\":true},{\"type\":\"execute\",\"isAllowed\":true}],\"users\":[\"atlas\",\"hbase\",\"hdfs\",\"impala\",\"kafka\",\"knox\",\"solr\",\"yarn\",\"hive\"],\"groups\":[],\"roles\":[],\"conditions\":[],\"delegateAdmin\":false}]','-1712655477161111629','create','18','-1712655477161111629','Spring Authenticated Session'),(648,'2022-05-16 14:10:19','2022-05-16 14:10:19',55,55,1020,43,1,1030,'cm_hdfs','access: ranger audit','Validity Schedules',NULL,'[]','-1712655477161111629','create','18','-1712655477161111629','Spring Authenticated Session'),(649,'2022-05-16 14:10:19','2022-05-16 14:10:19',55,55,1020,43,1,1030,'cm_hdfs','access: ranger audit','Policy Labels',NULL,'[]','-1712655477161111629','create','18','-1712655477161111629','Spring Authenticated Session'),(650,'2022-05-16 14:10:19','2022-05-16 14:10:19',55,55,1020,43,1,1030,'cm_hdfs','access: ranger audit','Deny All Other Accesses',NULL,'false','-1712655477161111629','create','18','-1712655477161111629','Spring Authenticated Session'),(651,'2022-05-16 14:10:19','2022-05-16 14:10:19',55,55,1020,43,1,1030,'cm_hdfs','access: ranger audit','Policy Status',NULL,'true','-1712655477161111629','create','18','-1712655477161111629','Spring Authenticated Session'),(652,'2022-05-16 14:13:31','2022-05-16 14:13:31',24,24,1057,1,NULL,0,NULL,'atlas_adm','Role Name',NULL,'atlas_adm','-850287624048851574','create','21','-850287624048851574','Spring Authenticated Session'),(653,'2022-05-16 14:13:31','2022-05-16 14:13:31',24,24,1057,1,NULL,0,NULL,'atlas_adm','Role Description',NULL,'','-850287624048851574','create','21','-850287624048851574','Spring Authenticated Session'),(654,'2022-05-16 14:13:31','2022-05-16 14:13:31',24,24,1057,1,NULL,0,NULL,'atlas_adm','Options',NULL,NULL,'-850287624048851574','create','21','-850287624048851574','Spring Authenticated Session'),(655,'2022-05-16 14:13:31','2022-05-16 14:13:31',24,24,1057,1,NULL,0,NULL,'atlas_adm','Users',NULL,'[{\"name\":\"allan_admin\",\"isAdmin\":false},{\"name\":\"sam_sec\",\"isAdmin\":false}]','-850287624048851574','create','21','-850287624048851574','Spring Authenticated Session'),(656,'2022-05-16 14:13:31','2022-05-16 14:13:31',24,24,1057,1,NULL,0,NULL,'atlas_adm','Groups',NULL,'[{\"name\":\"gov\",\"isAdmin\":false}]','-850287624048851574','create','21','-850287624048851574','Spring Authenticated Session'),(657,'2022-05-16 14:14:59','2022-05-16 14:14:59',24,24,1057,1,NULL,0,NULL,'atlas_adm','Users','[{\"name\":\"allan_admin\",\"isAdmin\":false},{\"name\":\"sam_sec\",\"isAdmin\":false}]','','-1886657847283070220','update','21','-1886657847283070220','Spring Authenticated Session'),(658,'2022-05-16 14:14:59','2022-05-16 14:14:59',24,24,1057,1,NULL,0,NULL,'atlas_adm','Groups','[{\"name\":\"gov\",\"isAdmin\":false}]','[{\"name\":\"gov\",\"isAdmin\":false},{\"name\":\"admins\",\"isAdmin\":false},{\"name\":\"deng\",\"isAdmin\":false}]','-1886657847283070220','update','21','-1886657847283070220','Spring Authenticated Session'),(659,'2022-05-16 14:15:19','2022-05-16 14:15:19',24,24,1057,2,NULL,0,NULL,'hbase_adm','Role Name',NULL,'hbase_adm','-1643826567702232739','create','21','-1643826567702232739','Spring Authenticated Session'),(660,'2022-05-16 14:15:19','2022-05-16 14:15:19',24,24,1057,2,NULL,0,NULL,'hbase_adm','Role Description',NULL,'','-1643826567702232739','create','21','-1643826567702232739','Spring Authenticated Session'),(661,'2022-05-16 14:15:19','2022-05-16 14:15:19',24,24,1057,2,NULL,0,NULL,'hbase_adm','Options',NULL,NULL,'-1643826567702232739','create','21','-1643826567702232739','Spring Authenticated Session'),(662,'2022-05-16 14:15:19','2022-05-16 14:15:19',24,24,1057,2,NULL,0,NULL,'hbase_adm','Groups',NULL,'[{\"name\":\"deng\",\"isAdmin\":false}]','-1643826567702232739','create','21','-1643826567702232739','Spring Authenticated Session'),(663,'2022-05-16 14:15:41','2022-05-16 14:15:41',24,24,1057,3,NULL,0,NULL,'hdfs_adm','Role Name',NULL,'hdfs_adm','3170752929130040300','create','21','3170752929130040300','Spring Authenticated Session'),(664,'2022-05-16 14:15:41','2022-05-16 14:15:41',24,24,1057,3,NULL,0,NULL,'hdfs_adm','Role Description',NULL,'','3170752929130040300','create','21','3170752929130040300','Spring Authenticated Session'),(665,'2022-05-16 14:15:41','2022-05-16 14:15:41',24,24,1057,3,NULL,0,NULL,'hdfs_adm','Options',NULL,NULL,'3170752929130040300','create','21','3170752929130040300','Spring Authenticated Session'),(666,'2022-05-16 14:15:41','2022-05-16 14:15:41',24,24,1057,3,NULL,0,NULL,'hdfs_adm','Groups',NULL,'[{\"name\":\"admins\",\"isAdmin\":false}]','3170752929130040300','create','21','3170752929130040300','Spring Authenticated Session'),(667,'2022-05-16 14:16:04','2022-05-16 14:16:04',24,24,1057,4,NULL,0,NULL,'kafka_adm','Role Name',NULL,'kafka_adm','-5442377053476011969','create','21','-5442377053476011969','Spring Authenticated Session'),(668,'2022-05-16 14:16:04','2022-05-16 14:16:04',24,24,1057,4,NULL,0,NULL,'kafka_adm','Role Description',NULL,'','-5442377053476011969','create','21','-5442377053476011969','Spring Authenticated Session'),(669,'2022-05-16 14:16:04','2022-05-16 14:16:04',24,24,1057,4,NULL,0,NULL,'kafka_adm','Options',NULL,NULL,'-5442377053476011969','create','21','-5442377053476011969','Spring Authenticated Session'),(670,'2022-05-16 14:16:04','2022-05-16 14:16:04',24,24,1057,4,NULL,0,NULL,'kafka_adm','Groups',NULL,'[{\"name\":\"deng\",\"isAdmin\":false}]','-5442377053476011969','create','21','-5442377053476011969','Spring Authenticated Session'),(671,'2022-05-16 14:16:42','2022-05-16 14:16:42',24,24,1057,5,NULL,0,NULL,'knox_adm','Role Name',NULL,'knox_adm','5586912557260095528','create','21','5586912557260095528','Spring Authenticated Session'),(672,'2022-05-16 14:16:42','2022-05-16 14:16:42',24,24,1057,5,NULL,0,NULL,'knox_adm','Role Description',NULL,'','5586912557260095528','create','21','5586912557260095528','Spring Authenticated Session'),(673,'2022-05-16 14:16:42','2022-05-16 14:16:42',24,24,1057,5,NULL,0,NULL,'knox_adm','Options',NULL,NULL,'5586912557260095528','create','21','5586912557260095528','Spring Authenticated Session'),(674,'2022-05-16 14:16:42','2022-05-16 14:16:42',24,24,1057,5,NULL,0,NULL,'knox_adm','Groups',NULL,'[{\"name\":\"admins\",\"isAdmin\":false}]','5586912557260095528','create','21','5586912557260095528','Spring Authenticated Session'),(675,'2022-05-16 14:17:13','2022-05-16 14:17:13',24,24,1057,6,NULL,0,NULL,'solr_adm','Role Name',NULL,'solr_adm','-8208798093288192298','create','21','-8208798093288192298','Spring Authenticated Session'),(676,'2022-05-16 14:17:13','2022-05-16 14:17:13',24,24,1057,6,NULL,0,NULL,'solr_adm','Role Description',NULL,'','-8208798093288192298','create','21','-8208798093288192298','Spring Authenticated Session'),(677,'2022-05-16 14:17:13','2022-05-16 14:17:13',24,24,1057,6,NULL,0,NULL,'solr_adm','Options',NULL,NULL,'-8208798093288192298','create','21','-8208798093288192298','Spring Authenticated Session'),(678,'2022-05-16 14:17:13','2022-05-16 14:17:13',24,24,1057,6,NULL,0,NULL,'solr_adm','Users',NULL,'[{\"name\":\"hue\",\"isAdmin\":false}]','-8208798093288192298','create','21','-8208798093288192298','Spring Authenticated Session'),(679,'2022-05-16 14:17:13','2022-05-16 14:17:13',24,24,1057,6,NULL,0,NULL,'solr_adm','Groups',NULL,'[{\"name\":\"deng\",\"isAdmin\":false}]','-8208798093288192298','create','21','-8208798093288192298','Spring Authenticated Session'),(680,'2022-05-16 14:17:36','2022-05-16 14:17:36',24,24,1057,7,NULL,0,NULL,'sql_adm','Role Name',NULL,'sql_adm','7518844102456201057','create','21','7518844102456201057','Spring Authenticated Session'),(681,'2022-05-16 14:17:36','2022-05-16 14:17:36',24,24,1057,7,NULL,0,NULL,'sql_adm','Role Description',NULL,'','7518844102456201057','create','21','7518844102456201057','Spring Authenticated Session'),(682,'2022-05-16 14:17:36','2022-05-16 14:17:36',24,24,1057,7,NULL,0,NULL,'sql_adm','Options',NULL,NULL,'7518844102456201057','create','21','7518844102456201057','Spring Authenticated Session'),(683,'2022-05-16 14:17:36','2022-05-16 14:17:36',24,24,1057,7,NULL,0,NULL,'sql_adm','Groups',NULL,'[{\"name\":\"deng\",\"isAdmin\":false}]','7518844102456201057','create','21','7518844102456201057','Spring Authenticated Session'),(684,'2022-05-16 14:17:51','2022-05-16 14:17:51',24,24,1057,8,NULL,0,NULL,'yarn_adm','Role Name',NULL,'yarn_adm','-9041125236190982631','create','21','-9041125236190982631','Spring Authenticated Session'),(685,'2022-05-16 14:17:51','2022-05-16 14:17:51',24,24,1057,8,NULL,0,NULL,'yarn_adm','Role Description',NULL,'','-9041125236190982631','create','21','-9041125236190982631','Spring Authenticated Session'),(686,'2022-05-16 14:17:51','2022-05-16 14:17:52',24,24,1057,8,NULL,0,NULL,'yarn_adm','Options',NULL,NULL,'-9041125236190982631','create','21','-9041125236190982631','Spring Authenticated Session'),(687,'2022-05-16 14:17:51','2022-05-16 14:17:52',24,24,1057,8,NULL,0,NULL,'yarn_adm','Groups',NULL,'[{\"name\":\"admins\",\"isAdmin\":false}]','-9041125236190982631','create','21','-9041125236190982631','Spring Authenticated Session'),(688,'2022-05-17 12:34:36','2022-05-17 12:34:36',NULL,NULL,1030,11,7,1033,'kms','cm_kms','Connection Configurations','{}','{\"tag.download.auth.users\":\"kms\"}','3556395240815739907','update',NULL,'3556395240815739907','Spring Authenticated Session'),(689,'2022-05-18 10:10:28','2022-05-18 10:10:28',24,24,1020,33,9,1030,'cm_atlas','all - entity-type, entity-classification, entity, entity-business-metadata','Policy Conditions','','','1974585421815955789','update','32','1974585421815955789','Spring Authenticated Session'),(690,'2022-05-18 10:10:28','2022-05-18 10:10:28',24,24,1020,33,9,1030,'cm_atlas','all - entity-type, entity-classification, entity, entity-business-metadata','Policy Items','[{\"accesses\":[{\"type\":\"entity-update-business-metadata\",\"isAllowed\":true}],\"users\":[\"beacon\",\"dpprofiler\",\"admin\",\"nifi\",\"admin\"],\"groups\":[],\"roles\":[],\"conditions\":[],\"delegateAdmin\":true},{\"accesses\":[{\"type\":\"entity-read\",\"isAllowed\":true}],\"users\":[\"rangertagsync\"],\"groups\":[\"public\"],\"roles\":[],\"conditions\":[],\"delegateAdmin\":false},{\"accesses\":[{\"type\":\"entity-read\",\"isAllowed\":true}],\"users\":[\"rangerlookup\"],\"groups\":[],\"roles\":[],\"conditions\":[],\"delegateAdmin\":false}]','[{\"accesses\":[{\"type\":\"entity-update-business-metadata\",\"isAllowed\":true}],\"users\":[\"beacon\",\"dpprofiler\",\"admin\",\"nifi\",\"admin\"],\"groups\":[],\"roles\":[\"atlas_adm\"],\"conditions\":[],\"delegateAdmin\":true},{\"accesses\":[{\"type\":\"entity-read\",\"isAllowed\":true}],\"users\":[\"rangertagsync\"],\"groups\":[],\"roles\":[],\"conditions\":[],\"delegateAdmin\":false},{\"accesses\":[{\"type\":\"entity-read\",\"isAllowed\":true}],\"users\":[\"rangerlookup\"],\"groups\":[],\"roles\":[],\"conditions\":[],\"delegateAdmin\":false}]','1974585421815955789','update','32','1974585421815955789','Spring Authenticated Session'),(691,'2022-05-18 10:10:28','2022-05-18 10:10:28',24,24,1020,33,9,1030,'cm_atlas','all - entity-type, entity-classification, entity, entity-business-metadata','Validity Schedules','[]','[]','1974585421815955789','update','32','1974585421815955789','Spring Authenticated Session'),(692,'2022-05-18 10:10:59','2022-05-18 10:10:59',24,24,1020,34,9,1030,'cm_atlas','all - entity-type, entity-classification, entity','Policy Conditions','','','-3379534445580958419','update','32','-3379534445580958419','Spring Authenticated Session'),(693,'2022-05-18 10:10:59','2022-05-18 10:10:59',24,24,1020,34,9,1030,'cm_atlas','all - entity-type, entity-classification, entity','Policy Items','[{\"accesses\":[{\"type\":\"entity-read\",\"isAllowed\":true},{\"type\":\"entity-create\",\"isAllowed\":true},{\"type\":\"entity-update\",\"isAllowed\":true},{\"type\":\"entity-delete\",\"isAllowed\":true},{\"type\":\"entity-add-classification\",\"isAllowed\":true},{\"type\":\"entity-update-classification\",\"isAllowed\":true},{\"type\":\"entity-remove-classification\",\"isAllowed\":true}],\"users\":[\"beacon\",\"dpprofiler\",\"admin\",\"nifi\",\"admin\"],\"groups\":[],\"roles\":[],\"conditions\":[],\"delegateAdmin\":true},{\"accesses\":[{\"type\":\"entity-read\",\"isAllowed\":true}],\"users\":[\"rangertagsync\"],\"groups\":[\"public\"],\"roles\":[],\"conditions\":[],\"delegateAdmin\":false},{\"accesses\":[{\"type\":\"entity-read\",\"isAllowed\":true}],\"users\":[\"rangerlookup\"],\"groups\":[],\"roles\":[],\"conditions\":[],\"delegateAdmin\":false}]','[{\"accesses\":[{\"type\":\"entity-read\",\"isAllowed\":true},{\"type\":\"entity-create\",\"isAllowed\":true},{\"type\":\"entity-update\",\"isAllowed\":true},{\"type\":\"entity-delete\",\"isAllowed\":true},{\"type\":\"entity-add-classification\",\"isAllowed\":true},{\"type\":\"entity-update-classification\",\"isAllowed\":true},{\"type\":\"entity-remove-classification\",\"isAllowed\":true}],\"users\":[\"beacon\",\"dpprofiler\",\"admin\",\"nifi\",\"admin\"],\"groups\":[],\"roles\":[\"atlas_adm\"],\"conditions\":[],\"delegateAdmin\":true},{\"accesses\":[{\"type\":\"entity-read\",\"isAllowed\":true}],\"users\":[\"rangertagsync\"],\"groups\":[],\"roles\":[],\"conditions\":[],\"delegateAdmin\":false},{\"accesses\":[{\"type\":\"entity-read\",\"isAllowed\":true}],\"users\":[\"rangerlookup\"],\"groups\":[],\"roles\":[],\"conditions\":[],\"delegateAdmin\":false}]','-3379534445580958419','update','32','-3379534445580958419','Spring Authenticated Session'),(694,'2022-05-18 10:10:59','2022-05-18 10:10:59',24,24,1020,34,9,1030,'cm_atlas','all - entity-type, entity-classification, entity','Validity Schedules','[]','[]','-3379534445580958419','update','32','-3379534445580958419','Spring Authenticated Session'),(695,'2022-05-18 10:11:24','2022-05-18 10:11:24',24,24,1020,35,9,1030,'cm_atlas','all - atlas-service','Policy Conditions','','','-2177074765987887811','update','32','-2177074765987887811','Spring Authenticated Session'),(696,'2022-05-18 10:11:24','2022-05-18 10:11:24',24,24,1020,35,9,1030,'cm_atlas','all - atlas-service','Policy Items','[{\"accesses\":[{\"type\":\"admin-export\",\"isAllowed\":true},{\"type\":\"admin-import\",\"isAllowed\":true},{\"type\":\"admin-purge\",\"isAllowed\":true},{\"type\":\"admin-audits\",\"isAllowed\":true}],\"users\":[\"beacon\",\"dpprofiler\",\"admin\",\"nifi\",\"admin\"],\"groups\":[],\"roles\":[],\"conditions\":[],\"delegateAdmin\":true}]','[{\"accesses\":[{\"type\":\"admin-export\",\"isAllowed\":true},{\"type\":\"admin-import\",\"isAllowed\":true},{\"type\":\"admin-purge\",\"isAllowed\":true},{\"type\":\"admin-audits\",\"isAllowed\":true}],\"users\":[\"beacon\",\"dpprofiler\",\"admin\",\"nifi\",\"admin\"],\"groups\":[],\"roles\":[\"atlas_adm\"],\"conditions\":[],\"delegateAdmin\":true}]','-2177074765987887811','update','32','-2177074765987887811','Spring Authenticated Session'),(697,'2022-05-18 10:11:24','2022-05-18 10:11:24',24,24,1020,35,9,1030,'cm_atlas','all - atlas-service','Validity Schedules','[]','[]','-2177074765987887811','update','32','-2177074765987887811','Spring Authenticated Session'),(698,'2022-05-18 10:11:43','2022-05-18 10:11:43',24,24,1020,36,9,1030,'cm_atlas','all - entity-type, entity-classification, entity, entity-label','Policy Conditions','','','3353566635958618055','update','32','3353566635958618055','Spring Authenticated Session'),(699,'2022-05-18 10:11:43','2022-05-18 10:11:43',24,24,1020,36,9,1030,'cm_atlas','all - entity-type, entity-classification, entity, entity-label','Policy Items','[{\"accesses\":[{\"type\":\"entity-add-label\",\"isAllowed\":true},{\"type\":\"entity-remove-label\",\"isAllowed\":true}],\"users\":[\"beacon\",\"dpprofiler\",\"admin\",\"nifi\",\"admin\"],\"groups\":[],\"roles\":[],\"conditions\":[],\"delegateAdmin\":true},{\"accesses\":[{\"type\":\"entity-read\",\"isAllowed\":true}],\"users\":[\"rangertagsync\"],\"groups\":[\"public\"],\"roles\":[],\"conditions\":[],\"delegateAdmin\":false},{\"accesses\":[{\"type\":\"entity-read\",\"isAllowed\":true}],\"users\":[\"rangerlookup\"],\"groups\":[],\"roles\":[],\"conditions\":[],\"delegateAdmin\":false}]','[{\"accesses\":[{\"type\":\"entity-add-label\",\"isAllowed\":true},{\"type\":\"entity-remove-label\",\"isAllowed\":true}],\"users\":[\"beacon\",\"dpprofiler\",\"admin\",\"nifi\",\"admin\"],\"groups\":[],\"roles\":[\"atlas_adm\"],\"conditions\":[],\"delegateAdmin\":true},{\"accesses\":[{\"type\":\"entity-read\",\"isAllowed\":true}],\"users\":[\"rangertagsync\"],\"groups\":[],\"roles\":[],\"conditions\":[],\"delegateAdmin\":false},{\"accesses\":[{\"type\":\"entity-read\",\"isAllowed\":true}],\"users\":[\"rangerlookup\"],\"groups\":[],\"roles\":[],\"conditions\":[],\"delegateAdmin\":false}]','3353566635958618055','update','32','3353566635958618055','Spring Authenticated Session'),(700,'2022-05-18 10:11:43','2022-05-18 10:11:43',24,24,1020,36,9,1030,'cm_atlas','all - entity-type, entity-classification, entity, entity-label','Validity Schedules','[]','[]','3353566635958618055','update','32','3353566635958618055','Spring Authenticated Session'),(701,'2022-05-18 10:12:10','2022-05-18 10:12:10',24,24,1020,37,9,1030,'cm_atlas','all - relationship-type, end-one-entity-type, end-one-entity-classification, end-one-entity, end-two-entity-type, end-two-entity-classification, end-two-entity','Policy Conditions','','','3598596275058917429','update','32','3598596275058917429','Spring Authenticated Session'),(702,'2022-05-18 10:12:10','2022-05-18 10:12:10',24,24,1020,37,9,1030,'cm_atlas','all - relationship-type, end-one-entity-type, end-one-entity-classification, end-one-entity, end-two-entity-type, end-two-entity-classification, end-two-entity','Policy Items','[{\"accesses\":[{\"type\":\"add-relationship\",\"isAllowed\":true},{\"type\":\"update-relationship\",\"isAllowed\":true},{\"type\":\"remove-relationship\",\"isAllowed\":true}],\"users\":[\"beacon\",\"dpprofiler\",\"admin\",\"nifi\",\"admin\"],\"groups\":[\"public\"],\"roles\":[],\"conditions\":[],\"delegateAdmin\":true}]','[{\"accesses\":[{\"type\":\"add-relationship\",\"isAllowed\":true},{\"type\":\"update-relationship\",\"isAllowed\":true},{\"type\":\"remove-relationship\",\"isAllowed\":true}],\"users\":[\"beacon\",\"dpprofiler\",\"admin\",\"nifi\",\"admin\"],\"groups\":[],\"roles\":[\"atlas_adm\"],\"conditions\":[],\"delegateAdmin\":true}]','3598596275058917429','update','32','3598596275058917429','Spring Authenticated Session'),(703,'2022-05-18 10:12:10','2022-05-18 10:12:10',24,24,1020,37,9,1030,'cm_atlas','all - relationship-type, end-one-entity-type, end-one-entity-classification, end-one-entity, end-two-entity-type, end-two-entity-classification, end-two-entity','Validity Schedules','[]','[]','3598596275058917429','update','32','3598596275058917429','Spring Authenticated Session'),(704,'2022-05-18 10:14:04','2022-05-18 10:14:04',24,24,1020,38,9,1030,'cm_atlas','all - type-category, type','Policy Conditions','','','6333535909300093118','update','32','6333535909300093118','Spring Authenticated Session'),(705,'2022-05-18 10:14:04','2022-05-18 10:14:04',24,24,1020,38,9,1030,'cm_atlas','all - type-category, type','Policy Items','[{\"accesses\":[{\"type\":\"type-create\",\"isAllowed\":true},{\"type\":\"type-update\",\"isAllowed\":true},{\"type\":\"type-delete\",\"isAllowed\":true},{\"type\":\"type-read\",\"isAllowed\":true}],\"users\":[\"beacon\",\"dpprofiler\",\"admin\",\"nifi\",\"admin\"],\"groups\":[],\"roles\":[],\"conditions\":[],\"delegateAdmin\":true},{\"accesses\":[{\"type\":\"type-read\",\"isAllowed\":true}],\"users\":[],\"groups\":[\"public\"],\"roles\":[],\"conditions\":[],\"delegateAdmin\":false}]','[{\"accesses\":[{\"type\":\"type-create\",\"isAllowed\":true},{\"type\":\"type-update\",\"isAllowed\":true},{\"type\":\"type-delete\",\"isAllowed\":true},{\"type\":\"type-read\",\"isAllowed\":true}],\"users\":[\"beacon\",\"dpprofiler\",\"admin\",\"nifi\",\"admin\"],\"groups\":[],\"roles\":[\"atlas_adm\"],\"conditions\":[],\"delegateAdmin\":true}]','6333535909300093118','update','32','6333535909300093118','Spring Authenticated Session'),(706,'2022-05-18 10:14:04','2022-05-18 10:14:04',24,24,1020,38,9,1030,'cm_atlas','all - type-category, type','Validity Schedules','[]','[]','6333535909300093118','update','32','6333535909300093118','Spring Authenticated Session'),(707,'2022-05-18 10:16:09','2022-05-18 10:16:09',24,24,1020,7,5,1030,'cm_hive','all - global','Policy Conditions','','','3767726006242001380','update','32','3767726006242001380','Spring Authenticated Session'),(708,'2022-05-18 10:16:09','2022-05-18 10:16:09',24,24,1020,7,5,1030,'cm_hive','all - global','Policy Items','[{\"accesses\":[{\"type\":\"select\",\"isAllowed\":true},{\"type\":\"update\",\"isAllowed\":true},{\"type\":\"create\",\"isAllowed\":true},{\"type\":\"drop\",\"isAllowed\":true},{\"type\":\"alter\",\"isAllowed\":true},{\"type\":\"index\",\"isAllowed\":true},{\"type\":\"lock\",\"isAllowed\":true},{\"type\":\"all\",\"isAllowed\":true},{\"type\":\"read\",\"isAllowed\":true},{\"type\":\"write\",\"isAllowed\":true},{\"type\":\"repladmin\",\"isAllowed\":true},{\"type\":\"serviceadmin\",\"isAllowed\":true},{\"type\":\"tempudfadmin\",\"isAllowed\":true},{\"type\":\"refresh\",\"isAllowed\":true},{\"type\":\"rwstorage\",\"isAllowed\":true}],\"users\":[\"hive\",\"beacon\",\"dpprofiler\",\"hue\",\"admin\",\"impala\"],\"groups\":[],\"roles\":[],\"conditions\":[],\"delegateAdmin\":true},{\"accesses\":[{\"type\":\"read\",\"isAllowed\":true},{\"type\":\"select\",\"isAllowed\":true}],\"users\":[\"rangerlookup\"],\"groups\":[],\"roles\":[],\"conditions\":[],\"delegateAdmin\":false}]','[{\"accesses\":[{\"type\":\"select\",\"isAllowed\":true},{\"type\":\"update\",\"isAllowed\":true},{\"type\":\"create\",\"isAllowed\":true},{\"type\":\"drop\",\"isAllowed\":true},{\"type\":\"alter\",\"isAllowed\":true},{\"type\":\"index\",\"isAllowed\":true},{\"type\":\"lock\",\"isAllowed\":true},{\"type\":\"all\",\"isAllowed\":true},{\"type\":\"read\",\"isAllowed\":true},{\"type\":\"write\",\"isAllowed\":true},{\"type\":\"repladmin\",\"isAllowed\":true},{\"type\":\"serviceadmin\",\"isAllowed\":true},{\"type\":\"tempudfadmin\",\"isAllowed\":true},{\"type\":\"refresh\",\"isAllowed\":true},{\"type\":\"rwstorage\",\"isAllowed\":true}],\"users\":[\"hive\",\"beacon\",\"dpprofiler\",\"hue\",\"admin\",\"impala\"],\"groups\":[],\"roles\":[\"sql_adm\"],\"conditions\":[],\"delegateAdmin\":true},{\"accesses\":[{\"type\":\"select\",\"isAllowed\":true},{\"type\":\"read\",\"isAllowed\":true}],\"users\":[\"rangerlookup\"],\"groups\":[],\"roles\":[],\"conditions\":[],\"delegateAdmin\":false},{\"accesses\":[{\"type\":\"select\",\"isAllowed\":true},{\"type\":\"update\",\"isAllowed\":true},{\"type\":\"create\",\"isAllowed\":true},{\"type\":\"drop\",\"isAllowed\":true},{\"type\":\"alter\",\"isAllowed\":true},{\"type\":\"index\",\"isAllowed\":true},{\"type\":\"lock\",\"isAllowed\":true},{\"type\":\"all\",\"isAllowed\":true},{\"type\":\"read\",\"isAllowed\":true},{\"type\":\"write\",\"isAllowed\":true},{\"type\":\"repladmin\",\"isAllowed\":true},{\"type\":\"serviceadmin\",\"isAllowed\":true},{\"type\":\"tempudfadmin\",\"isAllowed\":true},{\"type\":\"refresh\",\"isAllowed\":true},{\"type\":\"rwstorage\",\"isAllowed\":true}],\"users\":[\"{OWNER}\"],\"groups\":[],\"roles\":[],\"conditions\":[],\"delegateAdmin\":false}]','3767726006242001380','update','32','3767726006242001380','Spring Authenticated Session'),(709,'2022-05-18 10:16:09','2022-05-18 10:16:09',24,24,1020,7,5,1030,'cm_hive','all - global','Validity Schedules','[]','[]','3767726006242001380','update','32','3767726006242001380','Spring Authenticated Session'),(710,'2022-05-18 10:16:40','2022-05-18 10:16:40',24,24,1020,8,5,1030,'cm_hive','all - database, table, column','Policy Conditions','','','4999860908587238176','update','32','4999860908587238176','Spring Authenticated Session'),(711,'2022-05-18 10:16:40','2022-05-18 10:16:40',24,24,1020,8,5,1030,'cm_hive','all - database, table, column','Policy Items','[{\"accesses\":[{\"type\":\"select\",\"isAllowed\":true},{\"type\":\"update\",\"isAllowed\":true},{\"type\":\"create\",\"isAllowed\":true},{\"type\":\"drop\",\"isAllowed\":true},{\"type\":\"alter\",\"isAllowed\":true},{\"type\":\"index\",\"isAllowed\":true},{\"type\":\"lock\",\"isAllowed\":true},{\"type\":\"all\",\"isAllowed\":true},{\"type\":\"read\",\"isAllowed\":true},{\"type\":\"write\",\"isAllowed\":true},{\"type\":\"repladmin\",\"isAllowed\":true},{\"type\":\"serviceadmin\",\"isAllowed\":true},{\"type\":\"tempudfadmin\",\"isAllowed\":true},{\"type\":\"refresh\",\"isAllowed\":true},{\"type\":\"rwstorage\",\"isAllowed\":true}],\"users\":[\"hive\",\"beacon\",\"dpprofiler\",\"hue\",\"admin\",\"impala\"],\"groups\":[],\"roles\":[],\"conditions\":[],\"delegateAdmin\":true},{\"accesses\":[{\"type\":\"read\",\"isAllowed\":true},{\"type\":\"select\",\"isAllowed\":true}],\"users\":[\"rangerlookup\"],\"groups\":[],\"roles\":[],\"conditions\":[],\"delegateAdmin\":false},{\"accesses\":[{\"type\":\"all\",\"isAllowed\":true}],\"users\":[\"{OWNER}\"],\"groups\":[],\"roles\":[],\"conditions\":[],\"delegateAdmin\":true}]','[{\"accesses\":[{\"type\":\"select\",\"isAllowed\":true},{\"type\":\"update\",\"isAllowed\":true},{\"type\":\"create\",\"isAllowed\":true},{\"type\":\"drop\",\"isAllowed\":true},{\"type\":\"alter\",\"isAllowed\":true},{\"type\":\"index\",\"isAllowed\":true},{\"type\":\"lock\",\"isAllowed\":true},{\"type\":\"all\",\"isAllowed\":true},{\"type\":\"read\",\"isAllowed\":true},{\"type\":\"write\",\"isAllowed\":true},{\"type\":\"repladmin\",\"isAllowed\":true},{\"type\":\"serviceadmin\",\"isAllowed\":true},{\"type\":\"tempudfadmin\",\"isAllowed\":true},{\"type\":\"refresh\",\"isAllowed\":true},{\"type\":\"rwstorage\",\"isAllowed\":true}],\"users\":[\"hive\",\"beacon\",\"dpprofiler\",\"hue\",\"admin\",\"impala\"],\"groups\":[],\"roles\":[\"sql_adm\"],\"conditions\":[],\"delegateAdmin\":true},{\"accesses\":[{\"type\":\"select\",\"isAllowed\":true},{\"type\":\"read\",\"isAllowed\":true}],\"users\":[\"rangerlookup\"],\"groups\":[],\"roles\":[],\"conditions\":[],\"delegateAdmin\":false},{\"accesses\":[{\"type\":\"all\",\"isAllowed\":true}],\"users\":[\"{OWNER}\"],\"groups\":[],\"roles\":[],\"conditions\":[],\"delegateAdmin\":true}]','4999860908587238176','update','32','4999860908587238176','Spring Authenticated Session'),(712,'2022-05-18 10:16:40','2022-05-18 10:16:40',24,24,1020,8,5,1030,'cm_hive','all - database, table, column','Validity Schedules','[]','[]','4999860908587238176','update','32','4999860908587238176','Spring Authenticated Session'),(713,'2022-05-18 10:17:24','2022-05-18 10:17:24',24,24,1020,9,5,1030,'cm_hive','all - database, table','Policy Conditions','','','910749262511360588','update','32','910749262511360588','Spring Authenticated Session'),(714,'2022-05-18 10:17:24','2022-05-18 10:17:24',24,24,1020,9,5,1030,'cm_hive','all - database, table','Policy Items','[{\"accesses\":[{\"type\":\"select\",\"isAllowed\":true},{\"type\":\"update\",\"isAllowed\":true},{\"type\":\"create\",\"isAllowed\":true},{\"type\":\"drop\",\"isAllowed\":true},{\"type\":\"alter\",\"isAllowed\":true},{\"type\":\"index\",\"isAllowed\":true},{\"type\":\"lock\",\"isAllowed\":true},{\"type\":\"all\",\"isAllowed\":true},{\"type\":\"read\",\"isAllowed\":true},{\"type\":\"write\",\"isAllowed\":true},{\"type\":\"repladmin\",\"isAllowed\":true},{\"type\":\"serviceadmin\",\"isAllowed\":true},{\"type\":\"tempudfadmin\",\"isAllowed\":true},{\"type\":\"refresh\",\"isAllowed\":true},{\"type\":\"rwstorage\",\"isAllowed\":true}],\"users\":[\"hive\",\"beacon\",\"dpprofiler\",\"hue\",\"admin\",\"impala\"],\"groups\":[],\"roles\":[],\"conditions\":[],\"delegateAdmin\":true},{\"accesses\":[{\"type\":\"read\",\"isAllowed\":true},{\"type\":\"select\",\"isAllowed\":true}],\"users\":[\"rangerlookup\"],\"groups\":[],\"roles\":[],\"conditions\":[],\"delegateAdmin\":false},{\"accesses\":[{\"type\":\"all\",\"isAllowed\":true}],\"users\":[\"{OWNER}\"],\"groups\":[],\"roles\":[],\"conditions\":[],\"delegateAdmin\":true},{\"accesses\":[{\"type\":\"select\",\"isAllowed\":true}],\"users\":[\"rangerrms\"],\"groups\":[],\"roles\":[],\"conditions\":[],\"delegateAdmin\":false}]','[{\"accesses\":[{\"type\":\"select\",\"isAllowed\":true},{\"type\":\"update\",\"isAllowed\":true},{\"type\":\"create\",\"isAllowed\":true},{\"type\":\"drop\",\"isAllowed\":true},{\"type\":\"alter\",\"isAllowed\":true},{\"type\":\"index\",\"isAllowed\":true},{\"type\":\"lock\",\"isAllowed\":true},{\"type\":\"all\",\"isAllowed\":true},{\"type\":\"read\",\"isAllowed\":true},{\"type\":\"write\",\"isAllowed\":true},{\"type\":\"repladmin\",\"isAllowed\":true},{\"type\":\"serviceadmin\",\"isAllowed\":true},{\"type\":\"tempudfadmin\",\"isAllowed\":true},{\"type\":\"refresh\",\"isAllowed\":true},{\"type\":\"rwstorage\",\"isAllowed\":true}],\"users\":[\"hive\",\"beacon\",\"dpprofiler\",\"hue\",\"admin\",\"impala\"],\"groups\":[],\"roles\":[\"sql_adm\"],\"conditions\":[],\"delegateAdmin\":true},{\"accesses\":[{\"type\":\"select\",\"isAllowed\":true},{\"type\":\"read\",\"isAllowed\":true}],\"users\":[\"rangerlookup\"],\"groups\":[],\"roles\":[],\"conditions\":[],\"delegateAdmin\":false},{\"accesses\":[{\"type\":\"all\",\"isAllowed\":true}],\"users\":[\"{OWNER}\"],\"groups\":[],\"roles\":[],\"conditions\":[],\"delegateAdmin\":true},{\"accesses\":[{\"type\":\"select\",\"isAllowed\":true}],\"users\":[\"rangerrms\"],\"groups\":[],\"roles\":[],\"conditions\":[],\"delegateAdmin\":false}]','910749262511360588','update','32','910749262511360588','Spring Authenticated Session'),(715,'2022-05-18 10:17:24','2022-05-18 10:17:24',24,24,1020,9,5,1030,'cm_hive','all - database, table','Validity Schedules','[]','[]','910749262511360588','update','32','910749262511360588','Spring Authenticated Session'),(716,'2022-05-18 10:17:42','2022-05-18 10:17:42',24,24,1020,7,5,1030,'cm_hive','all - global','Policy Conditions','','','-277520159399260805','update','32','-277520159399260805','Spring Authenticated Session'),(717,'2022-05-18 10:17:42','2022-05-18 10:17:42',24,24,1020,7,5,1030,'cm_hive','all - global','Policy Items','[{\"accesses\":[{\"type\":\"select\",\"isAllowed\":true},{\"type\":\"update\",\"isAllowed\":true},{\"type\":\"create\",\"isAllowed\":true},{\"type\":\"drop\",\"isAllowed\":true},{\"type\":\"alter\",\"isAllowed\":true},{\"type\":\"index\",\"isAllowed\":true},{\"type\":\"lock\",\"isAllowed\":true},{\"type\":\"all\",\"isAllowed\":true},{\"type\":\"read\",\"isAllowed\":true},{\"type\":\"write\",\"isAllowed\":true},{\"type\":\"repladmin\",\"isAllowed\":true},{\"type\":\"serviceadmin\",\"isAllowed\":true},{\"type\":\"tempudfadmin\",\"isAllowed\":true},{\"type\":\"refresh\",\"isAllowed\":true},{\"type\":\"rwstorage\",\"isAllowed\":true}],\"users\":[\"hive\",\"beacon\",\"dpprofiler\",\"hue\",\"admin\",\"impala\"],\"groups\":[],\"roles\":[\"sql_adm\"],\"conditions\":[],\"delegateAdmin\":true},{\"accesses\":[{\"type\":\"select\",\"isAllowed\":true},{\"type\":\"read\",\"isAllowed\":true}],\"users\":[\"rangerlookup\"],\"groups\":[],\"roles\":[],\"conditions\":[],\"delegateAdmin\":false},{\"accesses\":[{\"type\":\"select\",\"isAllowed\":true},{\"type\":\"update\",\"isAllowed\":true},{\"type\":\"create\",\"isAllowed\":true},{\"type\":\"drop\",\"isAllowed\":true},{\"type\":\"alter\",\"isAllowed\":true},{\"type\":\"index\",\"isAllowed\":true},{\"type\":\"lock\",\"isAllowed\":true},{\"type\":\"all\",\"isAllowed\":true},{\"type\":\"read\",\"isAllowed\":true},{\"type\":\"write\",\"isAllowed\":true},{\"type\":\"repladmin\",\"isAllowed\":true},{\"type\":\"serviceadmin\",\"isAllowed\":true},{\"type\":\"tempudfadmin\",\"isAllowed\":true},{\"type\":\"refresh\",\"isAllowed\":true},{\"type\":\"rwstorage\",\"isAllowed\":true}],\"users\":[\"{OWNER}\"],\"groups\":[],\"roles\":[],\"conditions\":[],\"delegateAdmin\":false}]','[{\"accesses\":[{\"type\":\"select\",\"isAllowed\":true},{\"type\":\"update\",\"isAllowed\":true},{\"type\":\"create\",\"isAllowed\":true},{\"type\":\"drop\",\"isAllowed\":true},{\"type\":\"alter\",\"isAllowed\":true},{\"type\":\"index\",\"isAllowed\":true},{\"type\":\"lock\",\"isAllowed\":true},{\"type\":\"all\",\"isAllowed\":true},{\"type\":\"read\",\"isAllowed\":true},{\"type\":\"write\",\"isAllowed\":true},{\"type\":\"repladmin\",\"isAllowed\":true},{\"type\":\"serviceadmin\",\"isAllowed\":true},{\"type\":\"tempudfadmin\",\"isAllowed\":true},{\"type\":\"refresh\",\"isAllowed\":true},{\"type\":\"rwstorage\",\"isAllowed\":true}],\"users\":[\"hive\",\"beacon\",\"dpprofiler\",\"hue\",\"admin\",\"impala\"],\"groups\":[],\"roles\":[\"sql_adm\"],\"conditions\":[],\"delegateAdmin\":true},{\"accesses\":[{\"type\":\"select\",\"isAllowed\":true},{\"type\":\"read\",\"isAllowed\":true}],\"users\":[\"rangerlookup\"],\"groups\":[],\"roles\":[],\"conditions\":[],\"delegateAdmin\":false},{\"accesses\":[{\"type\":\"select\",\"isAllowed\":true},{\"type\":\"update\",\"isAllowed\":true},{\"type\":\"create\",\"isAllowed\":true},{\"type\":\"drop\",\"isAllowed\":true},{\"type\":\"alter\",\"isAllowed\":true},{\"type\":\"index\",\"isAllowed\":true},{\"type\":\"lock\",\"isAllowed\":true},{\"type\":\"all\",\"isAllowed\":true},{\"type\":\"read\",\"isAllowed\":true},{\"type\":\"write\",\"isAllowed\":true},{\"type\":\"repladmin\",\"isAllowed\":true},{\"type\":\"serviceadmin\",\"isAllowed\":true},{\"type\":\"tempudfadmin\",\"isAllowed\":true},{\"type\":\"refresh\",\"isAllowed\":true},{\"type\":\"rwstorage\",\"isAllowed\":true}],\"users\":[\"{OWNER}\"],\"groups\":[],\"roles\":[],\"conditions\":[],\"delegateAdmin\":true}]','-277520159399260805','update','32','-277520159399260805','Spring Authenticated Session'),(718,'2022-05-18 10:17:42','2022-05-18 10:17:42',24,24,1020,7,5,1030,'cm_hive','all - global','Validity Schedules','[]','[]','-277520159399260805','update','32','-277520159399260805','Spring Authenticated Session'),(719,'2022-05-18 10:18:00','2022-05-18 10:18:00',24,24,1020,10,5,1030,'cm_hive','all - storage-type, storage-url','Policy Conditions','','','-5200176061542611176','update','32','-5200176061542611176','Spring Authenticated Session'),(720,'2022-05-18 10:18:00','2022-05-18 10:18:00',24,24,1020,10,5,1030,'cm_hive','all - storage-type, storage-url','Policy Items','[{\"accesses\":[{\"type\":\"rwstorage\",\"isAllowed\":true}],\"users\":[\"hive\",\"beacon\",\"dpprofiler\",\"hue\",\"admin\",\"impala\"],\"groups\":[],\"roles\":[],\"conditions\":[],\"delegateAdmin\":true},{\"accesses\":[{\"type\":\"read\",\"isAllowed\":true},{\"type\":\"select\",\"isAllowed\":true}],\"users\":[\"rangerlookup\"],\"groups\":[],\"roles\":[],\"conditions\":[],\"delegateAdmin\":false}]','[{\"accesses\":[{\"type\":\"rwstorage\",\"isAllowed\":true}],\"users\":[\"hive\",\"beacon\",\"dpprofiler\",\"hue\",\"admin\",\"impala\"],\"groups\":[],\"roles\":[\"sql_adm\"],\"conditions\":[],\"delegateAdmin\":true},{\"accesses\":[{\"type\":\"select\",\"isAllowed\":true},{\"type\":\"read\",\"isAllowed\":true}],\"users\":[\"rangerlookup\"],\"groups\":[],\"roles\":[],\"conditions\":[],\"delegateAdmin\":false}]','-5200176061542611176','update','32','-5200176061542611176','Spring Authenticated Session'),(721,'2022-05-18 10:18:00','2022-05-18 10:18:00',24,24,1020,10,5,1030,'cm_hive','all - storage-type, storage-url','Validity Schedules','[]','[]','-5200176061542611176','update','32','-5200176061542611176','Spring Authenticated Session'),(722,'2022-05-18 10:18:25','2022-05-18 10:18:25',24,24,1020,11,5,1030,'cm_hive','all - database','Policy Conditions','','','8936783275414604241','update','32','8936783275414604241','Spring Authenticated Session'),(723,'2022-05-18 10:18:25','2022-05-18 10:18:25',24,24,1020,11,5,1030,'cm_hive','all - database','Policy Items','[{\"accesses\":[{\"type\":\"select\",\"isAllowed\":true},{\"type\":\"update\",\"isAllowed\":true},{\"type\":\"create\",\"isAllowed\":true},{\"type\":\"drop\",\"isAllowed\":true},{\"type\":\"alter\",\"isAllowed\":true},{\"type\":\"index\",\"isAllowed\":true},{\"type\":\"lock\",\"isAllowed\":true},{\"type\":\"all\",\"isAllowed\":true},{\"type\":\"read\",\"isAllowed\":true},{\"type\":\"write\",\"isAllowed\":true},{\"type\":\"repladmin\",\"isAllowed\":true},{\"type\":\"serviceadmin\",\"isAllowed\":true},{\"type\":\"tempudfadmin\",\"isAllowed\":true},{\"type\":\"refresh\",\"isAllowed\":true},{\"type\":\"rwstorage\",\"isAllowed\":true}],\"users\":[\"hive\",\"beacon\",\"dpprofiler\",\"hue\",\"admin\",\"impala\"],\"groups\":[],\"roles\":[],\"conditions\":[],\"delegateAdmin\":true},{\"accesses\":[{\"type\":\"read\",\"isAllowed\":true},{\"type\":\"select\",\"isAllowed\":true}],\"users\":[\"rangerlookup\"],\"groups\":[],\"roles\":[],\"conditions\":[],\"delegateAdmin\":false},{\"accesses\":[{\"type\":\"create\",\"isAllowed\":true}],\"users\":[],\"groups\":[\"public\"],\"roles\":[],\"conditions\":[],\"delegateAdmin\":false},{\"accesses\":[{\"type\":\"all\",\"isAllowed\":true}],\"users\":[\"{OWNER}\"],\"groups\":[],\"roles\":[],\"conditions\":[],\"delegateAdmin\":true}]','[{\"accesses\":[{\"type\":\"select\",\"isAllowed\":true},{\"type\":\"update\",\"isAllowed\":true},{\"type\":\"create\",\"isAllowed\":true},{\"type\":\"drop\",\"isAllowed\":true},{\"type\":\"alter\",\"isAllowed\":true},{\"type\":\"index\",\"isAllowed\":true},{\"type\":\"lock\",\"isAllowed\":true},{\"type\":\"all\",\"isAllowed\":true},{\"type\":\"read\",\"isAllowed\":true},{\"type\":\"write\",\"isAllowed\":true},{\"type\":\"repladmin\",\"isAllowed\":true},{\"type\":\"serviceadmin\",\"isAllowed\":true},{\"type\":\"tempudfadmin\",\"isAllowed\":true},{\"type\":\"refresh\",\"isAllowed\":true},{\"type\":\"rwstorage\",\"isAllowed\":true}],\"users\":[\"hive\",\"beacon\",\"dpprofiler\",\"hue\",\"admin\",\"impala\"],\"groups\":[],\"roles\":[\"sql_adm\"],\"conditions\":[],\"delegateAdmin\":true},{\"accesses\":[{\"type\":\"select\",\"isAllowed\":true},{\"type\":\"read\",\"isAllowed\":true}],\"users\":[\"rangerlookup\"],\"groups\":[],\"roles\":[],\"conditions\":[],\"delegateAdmin\":false},{\"accesses\":[{\"type\":\"create\",\"isAllowed\":true}],\"users\":[],\"groups\":[\"public\"],\"roles\":[],\"conditions\":[],\"delegateAdmin\":false},{\"accesses\":[{\"type\":\"all\",\"isAllowed\":true}],\"users\":[\"{OWNER}\"],\"groups\":[],\"roles\":[],\"conditions\":[],\"delegateAdmin\":true}]','8936783275414604241','update','32','8936783275414604241','Spring Authenticated Session'),(724,'2022-05-18 10:18:25','2022-05-18 10:18:25',24,24,1020,11,5,1030,'cm_hive','all - database','Validity Schedules','[]','[]','8936783275414604241','update','32','8936783275414604241','Spring Authenticated Session'),(725,'2022-05-18 10:19:07','2022-05-18 10:19:07',24,24,1020,12,5,1030,'cm_hive','all - hiveservice','Policy Conditions','','','-148922742250911984','update','32','-148922742250911984','Spring Authenticated Session'),(726,'2022-05-18 10:19:07','2022-05-18 10:19:07',24,24,1020,12,5,1030,'cm_hive','all - hiveservice','Policy Items','[{\"accesses\":[{\"type\":\"select\",\"isAllowed\":true},{\"type\":\"update\",\"isAllowed\":true},{\"type\":\"create\",\"isAllowed\":true},{\"type\":\"drop\",\"isAllowed\":true},{\"type\":\"alter\",\"isAllowed\":true},{\"type\":\"index\",\"isAllowed\":true},{\"type\":\"lock\",\"isAllowed\":true},{\"type\":\"all\",\"isAllowed\":true},{\"type\":\"read\",\"isAllowed\":true},{\"type\":\"write\",\"isAllowed\":true},{\"type\":\"repladmin\",\"isAllowed\":true},{\"type\":\"serviceadmin\",\"isAllowed\":true},{\"type\":\"tempudfadmin\",\"isAllowed\":true},{\"type\":\"refresh\",\"isAllowed\":true},{\"type\":\"rwstorage\",\"isAllowed\":true}],\"users\":[\"hive\",\"beacon\",\"dpprofiler\",\"hue\",\"admin\",\"impala\"],\"groups\":[],\"roles\":[],\"conditions\":[],\"delegateAdmin\":true},{\"accesses\":[{\"type\":\"read\",\"isAllowed\":true},{\"type\":\"select\",\"isAllowed\":true}],\"users\":[\"rangerlookup\"],\"groups\":[],\"roles\":[],\"conditions\":[],\"delegateAdmin\":false}]','[{\"accesses\":[{\"type\":\"select\",\"isAllowed\":true},{\"type\":\"update\",\"isAllowed\":true},{\"type\":\"create\",\"isAllowed\":true},{\"type\":\"drop\",\"isAllowed\":true},{\"type\":\"alter\",\"isAllowed\":true},{\"type\":\"index\",\"isAllowed\":true},{\"type\":\"lock\",\"isAllowed\":true},{\"type\":\"all\",\"isAllowed\":true},{\"type\":\"read\",\"isAllowed\":true},{\"type\":\"write\",\"isAllowed\":true},{\"type\":\"repladmin\",\"isAllowed\":true},{\"type\":\"serviceadmin\",\"isAllowed\":true},{\"type\":\"tempudfadmin\",\"isAllowed\":true},{\"type\":\"refresh\",\"isAllowed\":true},{\"type\":\"rwstorage\",\"isAllowed\":true}],\"users\":[\"hive\",\"beacon\",\"dpprofiler\",\"hue\",\"admin\",\"impala\"],\"groups\":[],\"roles\":[\"sql_adm\"],\"conditions\":[],\"delegateAdmin\":true},{\"accesses\":[{\"type\":\"select\",\"isAllowed\":true},{\"type\":\"read\",\"isAllowed\":true}],\"users\":[\"rangerlookup\"],\"groups\":[],\"roles\":[],\"conditions\":[],\"delegateAdmin\":false}]','-148922742250911984','update','32','-148922742250911984','Spring Authenticated Session'),(727,'2022-05-18 10:19:07','2022-05-18 10:19:07',24,24,1020,12,5,1030,'cm_hive','all - hiveservice','Validity Schedules','[]','[]','-148922742250911984','update','32','-148922742250911984','Spring Authenticated Session'),(728,'2022-05-18 10:19:23','2022-05-18 10:19:23',24,24,1020,13,5,1030,'cm_hive','all - database, udf','Policy Conditions','','','-5702904015763060906','update','32','-5702904015763060906','Spring Authenticated Session'),(729,'2022-05-18 10:19:23','2022-05-18 10:19:23',24,24,1020,13,5,1030,'cm_hive','all - database, udf','Policy Items','[{\"accesses\":[{\"type\":\"select\",\"isAllowed\":true},{\"type\":\"update\",\"isAllowed\":true},{\"type\":\"create\",\"isAllowed\":true},{\"type\":\"drop\",\"isAllowed\":true},{\"type\":\"alter\",\"isAllowed\":true},{\"type\":\"index\",\"isAllowed\":true},{\"type\":\"lock\",\"isAllowed\":true},{\"type\":\"all\",\"isAllowed\":true},{\"type\":\"read\",\"isAllowed\":true},{\"type\":\"write\",\"isAllowed\":true},{\"type\":\"repladmin\",\"isAllowed\":true},{\"type\":\"serviceadmin\",\"isAllowed\":true},{\"type\":\"tempudfadmin\",\"isAllowed\":true},{\"type\":\"refresh\",\"isAllowed\":true},{\"type\":\"rwstorage\",\"isAllowed\":true}],\"users\":[\"hive\",\"beacon\",\"dpprofiler\",\"hue\",\"admin\",\"impala\"],\"groups\":[],\"roles\":[],\"conditions\":[],\"delegateAdmin\":true},{\"accesses\":[{\"type\":\"read\",\"isAllowed\":true},{\"type\":\"select\",\"isAllowed\":true}],\"users\":[\"rangerlookup\"],\"groups\":[],\"roles\":[],\"conditions\":[],\"delegateAdmin\":false},{\"accesses\":[{\"type\":\"all\",\"isAllowed\":true}],\"users\":[\"{OWNER}\"],\"groups\":[],\"roles\":[],\"conditions\":[],\"delegateAdmin\":true}]','[{\"accesses\":[{\"type\":\"select\",\"isAllowed\":true},{\"type\":\"update\",\"isAllowed\":true},{\"type\":\"create\",\"isAllowed\":true},{\"type\":\"drop\",\"isAllowed\":true},{\"type\":\"alter\",\"isAllowed\":true},{\"type\":\"index\",\"isAllowed\":true},{\"type\":\"lock\",\"isAllowed\":true},{\"type\":\"all\",\"isAllowed\":true},{\"type\":\"read\",\"isAllowed\":true},{\"type\":\"write\",\"isAllowed\":true},{\"type\":\"repladmin\",\"isAllowed\":true},{\"type\":\"serviceadmin\",\"isAllowed\":true},{\"type\":\"tempudfadmin\",\"isAllowed\":true},{\"type\":\"refresh\",\"isAllowed\":true},{\"type\":\"rwstorage\",\"isAllowed\":true}],\"users\":[\"hive\",\"beacon\",\"dpprofiler\",\"hue\",\"admin\",\"impala\"],\"groups\":[],\"roles\":[\"sql_adm\"],\"conditions\":[],\"delegateAdmin\":true},{\"accesses\":[{\"type\":\"select\",\"isAllowed\":true},{\"type\":\"read\",\"isAllowed\":true}],\"users\":[\"rangerlookup\"],\"groups\":[],\"roles\":[],\"conditions\":[],\"delegateAdmin\":false},{\"accesses\":[{\"type\":\"all\",\"isAllowed\":true}],\"users\":[\"{OWNER}\"],\"groups\":[],\"roles\":[],\"conditions\":[],\"delegateAdmin\":true}]','-5702904015763060906','update','32','-5702904015763060906','Spring Authenticated Session'),(730,'2022-05-18 10:19:23','2022-05-18 10:19:23',24,24,1020,13,5,1030,'cm_hive','all - database, udf','Validity Schedules','[]','[]','-5702904015763060906','update','32','-5702904015763060906','Spring Authenticated Session'),(731,'2022-05-18 10:19:41','2022-05-18 10:19:41',24,24,1020,14,5,1030,'cm_hive','all - url','Policy Conditions','','','-5125453881264746883','update','32','-5125453881264746883','Spring Authenticated Session'),(732,'2022-05-18 10:19:41','2022-05-18 10:19:41',24,24,1020,14,5,1030,'cm_hive','all - url','Policy Items','[{\"accesses\":[{\"type\":\"select\",\"isAllowed\":true},{\"type\":\"update\",\"isAllowed\":true},{\"type\":\"create\",\"isAllowed\":true},{\"type\":\"drop\",\"isAllowed\":true},{\"type\":\"alter\",\"isAllowed\":true},{\"type\":\"index\",\"isAllowed\":true},{\"type\":\"lock\",\"isAllowed\":true},{\"type\":\"all\",\"isAllowed\":true},{\"type\":\"read\",\"isAllowed\":true},{\"type\":\"write\",\"isAllowed\":true},{\"type\":\"repladmin\",\"isAllowed\":true},{\"type\":\"serviceadmin\",\"isAllowed\":true},{\"type\":\"tempudfadmin\",\"isAllowed\":true},{\"type\":\"refresh\",\"isAllowed\":true},{\"type\":\"rwstorage\",\"isAllowed\":true}],\"users\":[\"hive\",\"beacon\",\"dpprofiler\",\"hue\",\"admin\",\"impala\"],\"groups\":[],\"roles\":[],\"conditions\":[],\"delegateAdmin\":true},{\"accesses\":[{\"type\":\"read\",\"isAllowed\":true},{\"type\":\"select\",\"isAllowed\":true}],\"users\":[\"rangerlookup\"],\"groups\":[],\"roles\":[],\"conditions\":[],\"delegateAdmin\":false}]','[{\"accesses\":[{\"type\":\"select\",\"isAllowed\":true},{\"type\":\"update\",\"isAllowed\":true},{\"type\":\"create\",\"isAllowed\":true},{\"type\":\"drop\",\"isAllowed\":true},{\"type\":\"alter\",\"isAllowed\":true},{\"type\":\"index\",\"isAllowed\":true},{\"type\":\"lock\",\"isAllowed\":true},{\"type\":\"all\",\"isAllowed\":true},{\"type\":\"read\",\"isAllowed\":true},{\"type\":\"write\",\"isAllowed\":true},{\"type\":\"repladmin\",\"isAllowed\":true},{\"type\":\"serviceadmin\",\"isAllowed\":true},{\"type\":\"tempudfadmin\",\"isAllowed\":true},{\"type\":\"refresh\",\"isAllowed\":true},{\"type\":\"rwstorage\",\"isAllowed\":true}],\"users\":[\"hive\",\"beacon\",\"dpprofiler\",\"hue\",\"admin\",\"impala\"],\"groups\":[],\"roles\":[\"sql_adm\"],\"conditions\":[],\"delegateAdmin\":true},{\"accesses\":[{\"type\":\"select\",\"isAllowed\":true},{\"type\":\"read\",\"isAllowed\":true}],\"users\":[\"rangerlookup\"],\"groups\":[],\"roles\":[],\"conditions\":[],\"delegateAdmin\":false}]','-5125453881264746883','update','32','-5125453881264746883','Spring Authenticated Session'),(733,'2022-05-18 10:19:41','2022-05-18 10:19:41',24,24,1020,14,5,1030,'cm_hive','all - url','Validity Schedules','[]','[]','-5125453881264746883','update','32','-5125453881264746883','Spring Authenticated Session'),(734,'2022-05-18 10:20:39','2022-05-18 10:20:39',24,24,1020,4,3,1030,'cm_hbase','all - table, column-family, column','Policy Conditions','','','3316121015499901373','update','32','3316121015499901373','Spring Authenticated Session'),(735,'2022-05-18 10:20:39','2022-05-18 10:20:39',24,24,1020,4,3,1030,'cm_hbase','all - table, column-family, column','Policy Items','[{\"accesses\":[{\"type\":\"read\",\"isAllowed\":true},{\"type\":\"write\",\"isAllowed\":true},{\"type\":\"create\",\"isAllowed\":true},{\"type\":\"admin\",\"isAllowed\":true},{\"type\":\"execute\",\"isAllowed\":true}],\"users\":[\"hbase\"],\"groups\":[],\"roles\":[],\"conditions\":[],\"delegateAdmin\":true},{\"accesses\":[{\"type\":\"read\",\"isAllowed\":true},{\"type\":\"create\",\"isAllowed\":true}],\"users\":[\"rangerlookup\"],\"groups\":[],\"roles\":[],\"conditions\":[],\"delegateAdmin\":false}]','[{\"accesses\":[{\"type\":\"read\",\"isAllowed\":true},{\"type\":\"write\",\"isAllowed\":true},{\"type\":\"create\",\"isAllowed\":true},{\"type\":\"admin\",\"isAllowed\":true},{\"type\":\"execute\",\"isAllowed\":true}],\"users\":[\"hbase\"],\"groups\":[],\"roles\":[\"hbase_adm\"],\"conditions\":[],\"delegateAdmin\":true},{\"accesses\":[{\"type\":\"read\",\"isAllowed\":true},{\"type\":\"create\",\"isAllowed\":true}],\"users\":[\"rangerlookup\"],\"groups\":[],\"roles\":[],\"conditions\":[],\"delegateAdmin\":false}]','3316121015499901373','update','32','3316121015499901373','Spring Authenticated Session'),(736,'2022-05-18 10:20:39','2022-05-18 10:20:39',24,24,1020,4,3,1030,'cm_hbase','all - table, column-family, column','Validity Schedules','[]','[]','3316121015499901373','update','32','3316121015499901373','Spring Authenticated Session'),(737,'2022-05-18 10:22:18','2022-05-18 10:22:18',24,24,1020,1,1,1030,'cm_hdfs','all - path','Policy Conditions','','','-2900750137198295559','update','32','-2900750137198295559','Spring Authenticated Session'),(738,'2022-05-18 10:22:18','2022-05-18 10:22:18',24,24,1020,1,1,1030,'cm_hdfs','all - path','Policy Items','[{\"accesses\":[{\"type\":\"read\",\"isAllowed\":true},{\"type\":\"write\",\"isAllowed\":true},{\"type\":\"execute\",\"isAllowed\":true}],\"users\":[\"hdfs\"],\"groups\":[],\"roles\":[],\"conditions\":[],\"delegateAdmin\":true},{\"accesses\":[{\"type\":\"read\",\"isAllowed\":true}],\"users\":[\"rangerlookup\"],\"groups\":[],\"roles\":[],\"conditions\":[],\"delegateAdmin\":false}]','[{\"accesses\":[{\"type\":\"read\",\"isAllowed\":true},{\"type\":\"write\",\"isAllowed\":true},{\"type\":\"execute\",\"isAllowed\":true}],\"users\":[\"hdfs\"],\"groups\":[],\"roles\":[\"hdfs_adm\"],\"conditions\":[],\"delegateAdmin\":true},{\"accesses\":[{\"type\":\"read\",\"isAllowed\":true}],\"users\":[\"rangerlookup\"],\"groups\":[],\"roles\":[],\"conditions\":[],\"delegateAdmin\":false}]','-2900750137198295559','update','32','-2900750137198295559','Spring Authenticated Session'),(739,'2022-05-18 10:22:18','2022-05-18 10:22:18',24,24,1020,1,1,1030,'cm_hdfs','all - path','Validity Schedules','[]','[]','-2900750137198295559','update','32','-2900750137198295559','Spring Authenticated Session'),(740,'2022-05-18 10:23:54','2022-05-18 10:23:54',24,24,1020,44,1,1030,'cm_hdfs','access: user directory','Policy Name',NULL,'access: user directory','-4019606687053363673','create','32','-4019606687053363673','Spring Authenticated Session'),(741,'2022-05-18 10:23:54','2022-05-18 10:23:54',24,24,1020,44,1,1030,'cm_hdfs','access: user directory','Priority',NULL,'0','-4019606687053363673','create','32','-4019606687053363673','Spring Authenticated Session'),(742,'2022-05-18 10:23:54','2022-05-18 10:23:54',24,24,1020,44,1,1030,'cm_hdfs','access: user directory','Audit Status',NULL,'true','-4019606687053363673','create','32','-4019606687053363673','Spring Authenticated Session'),(743,'2022-05-18 10:23:54','2022-05-18 10:23:54',24,24,1020,44,1,1030,'cm_hdfs','access: user directory','Policy Resources',NULL,'{\"path\":{\"values\":[\"/user/{USER}\"],\"isExcludes\":false,\"isRecursive\":true}}','-4019606687053363673','create','32','-4019606687053363673','Spring Authenticated Session'),(744,'2022-05-18 10:23:54','2022-05-18 10:23:54',24,24,1020,44,1,1030,'cm_hdfs','access: user directory','Policy Items',NULL,'[{\"accesses\":[{\"type\":\"read\",\"isAllowed\":true},{\"type\":\"write\",\"isAllowed\":true},{\"type\":\"execute\",\"isAllowed\":true}],\"users\":[\"{USER}\"],\"groups\":[],\"roles\":[],\"conditions\":[],\"delegateAdmin\":false}]','-4019606687053363673','create','32','-4019606687053363673','Spring Authenticated Session'),(745,'2022-05-18 10:23:54','2022-05-18 10:23:54',24,24,1020,44,1,1030,'cm_hdfs','access: user directory','Validity Schedules',NULL,'[]','-4019606687053363673','create','32','-4019606687053363673','Spring Authenticated Session'),(746,'2022-05-18 10:23:54','2022-05-18 10:23:54',24,24,1020,44,1,1030,'cm_hdfs','access: user directory','Policy Labels',NULL,'[]','-4019606687053363673','create','32','-4019606687053363673','Spring Authenticated Session'),(747,'2022-05-18 10:23:54','2022-05-18 10:23:54',24,24,1020,44,1,1030,'cm_hdfs','access: user directory','Deny All Other Accesses',NULL,'false','-4019606687053363673','create','32','-4019606687053363673','Spring Authenticated Session'),(748,'2022-05-18 10:23:54','2022-05-18 10:23:54',24,24,1020,44,1,1030,'cm_hdfs','access: user directory','Policy Status',NULL,'true','-4019606687053363673','create','32','-4019606687053363673','Spring Authenticated Session'),(749,'2022-05-18 10:25:07','2022-05-18 10:25:07',24,24,1020,23,8,1030,'cm_kafka','all - consumergroup','Policy Conditions','','','3573120995012198733','update','32','3573120995012198733','Spring Authenticated Session'),(750,'2022-05-18 10:25:07','2022-05-18 10:25:07',24,24,1020,23,8,1030,'cm_kafka','all - consumergroup','Policy Items','[{\"accesses\":[{\"type\":\"consume\",\"isAllowed\":true},{\"type\":\"describe\",\"isAllowed\":true},{\"type\":\"delete\",\"isAllowed\":true}],\"users\":[\"cruisecontrol\",\"streamsmsgmgr\",\"kafka\",\"streamsrepmgr\"],\"groups\":[],\"roles\":[],\"conditions\":[],\"delegateAdmin\":true},{\"accesses\":[{\"type\":\"describe\",\"isAllowed\":true}],\"users\":[\"rangerlookup\"],\"groups\":[],\"roles\":[],\"conditions\":[],\"delegateAdmin\":false}]','[{\"accesses\":[{\"type\":\"consume\",\"isAllowed\":true},{\"type\":\"describe\",\"isAllowed\":true},{\"type\":\"delete\",\"isAllowed\":true}],\"users\":[\"cruisecontrol\",\"streamsmsgmgr\",\"kafka\",\"streamsrepmgr\"],\"groups\":[],\"roles\":[\"kafka_adm\"],\"conditions\":[],\"delegateAdmin\":true},{\"accesses\":[{\"type\":\"describe\",\"isAllowed\":true}],\"users\":[\"rangerlookup\"],\"groups\":[],\"roles\":[],\"conditions\":[],\"delegateAdmin\":false}]','3573120995012198733','update','32','3573120995012198733','Spring Authenticated Session'),(751,'2022-05-18 10:25:07','2022-05-18 10:25:07',24,24,1020,23,8,1030,'cm_kafka','all - consumergroup','Validity Schedules','[]','[]','3573120995012198733','update','32','3573120995012198733','Spring Authenticated Session'),(752,'2022-05-18 10:25:24','2022-05-18 10:25:24',24,24,1020,24,8,1030,'cm_kafka','all - topic','Policy Conditions','','','765084445593650561','update','32','765084445593650561','Spring Authenticated Session'),(753,'2022-05-18 10:25:24','2022-05-18 10:25:24',24,24,1020,24,8,1030,'cm_kafka','all - topic','Policy Items','[{\"accesses\":[{\"type\":\"publish\",\"isAllowed\":true},{\"type\":\"consume\",\"isAllowed\":true},{\"type\":\"configure\",\"isAllowed\":true},{\"type\":\"describe\",\"isAllowed\":true},{\"type\":\"create\",\"isAllowed\":true},{\"type\":\"delete\",\"isAllowed\":true},{\"type\":\"describe_configs\",\"isAllowed\":true},{\"type\":\"alter_configs\",\"isAllowed\":true},{\"type\":\"alter\",\"isAllowed\":true}],\"users\":[\"cruisecontrol\",\"streamsmsgmgr\",\"kafka\",\"streamsrepmgr\"],\"groups\":[],\"roles\":[],\"conditions\":[],\"delegateAdmin\":true},{\"accesses\":[{\"type\":\"describe\",\"isAllowed\":true}],\"users\":[\"rangerlookup\"],\"groups\":[],\"roles\":[],\"conditions\":[],\"delegateAdmin\":false}]','[{\"accesses\":[{\"type\":\"publish\",\"isAllowed\":true},{\"type\":\"consume\",\"isAllowed\":true},{\"type\":\"configure\",\"isAllowed\":true},{\"type\":\"describe\",\"isAllowed\":true},{\"type\":\"create\",\"isAllowed\":true},{\"type\":\"delete\",\"isAllowed\":true},{\"type\":\"describe_configs\",\"isAllowed\":true},{\"type\":\"alter_configs\",\"isAllowed\":true},{\"type\":\"alter\",\"isAllowed\":true}],\"users\":[\"cruisecontrol\",\"streamsmsgmgr\",\"kafka\",\"streamsrepmgr\"],\"groups\":[],\"roles\":[\"kafka_adm\"],\"conditions\":[],\"delegateAdmin\":true},{\"accesses\":[{\"type\":\"describe\",\"isAllowed\":true}],\"users\":[\"rangerlookup\"],\"groups\":[],\"roles\":[],\"conditions\":[],\"delegateAdmin\":false}]','765084445593650561','update','32','765084445593650561','Spring Authenticated Session'),(754,'2022-05-18 10:25:24','2022-05-18 10:25:24',24,24,1020,24,8,1030,'cm_kafka','all - topic','Validity Schedules','[]','[]','765084445593650561','update','32','765084445593650561','Spring Authenticated Session'),(755,'2022-05-18 10:25:40','2022-05-18 10:25:40',24,24,1020,25,8,1030,'cm_kafka','all - transactionalid','Policy Conditions','','','-6586703882622317670','update','32','-6586703882622317670','Spring Authenticated Session'),(756,'2022-05-18 10:25:40','2022-05-18 10:25:40',24,24,1020,25,8,1030,'cm_kafka','all - transactionalid','Policy Items','[{\"accesses\":[{\"type\":\"publish\",\"isAllowed\":true},{\"type\":\"describe\",\"isAllowed\":true}],\"users\":[\"cruisecontrol\",\"streamsmsgmgr\",\"kafka\",\"streamsrepmgr\"],\"groups\":[],\"roles\":[],\"conditions\":[],\"delegateAdmin\":true},{\"accesses\":[{\"type\":\"describe\",\"isAllowed\":true}],\"users\":[\"rangerlookup\"],\"groups\":[],\"roles\":[],\"conditions\":[],\"delegateAdmin\":false}]','[{\"accesses\":[{\"type\":\"publish\",\"isAllowed\":true},{\"type\":\"describe\",\"isAllowed\":true}],\"users\":[\"cruisecontrol\",\"streamsmsgmgr\",\"kafka\",\"streamsrepmgr\"],\"groups\":[],\"roles\":[\"kafka_adm\"],\"conditions\":[],\"delegateAdmin\":true},{\"accesses\":[{\"type\":\"describe\",\"isAllowed\":true}],\"users\":[\"rangerlookup\"],\"groups\":[],\"roles\":[],\"conditions\":[],\"delegateAdmin\":false}]','-6586703882622317670','update','32','-6586703882622317670','Spring Authenticated Session'),(757,'2022-05-18 10:25:40','2022-05-18 10:25:40',24,24,1020,25,8,1030,'cm_kafka','all - transactionalid','Validity Schedules','[]','[]','-6586703882622317670','update','32','-6586703882622317670','Spring Authenticated Session'),(758,'2022-05-18 10:26:06','2022-05-18 10:26:06',24,24,1020,26,8,1030,'cm_kafka','all - cluster','Policy Conditions','','','9094496221604563790','update','32','9094496221604563790','Spring Authenticated Session'),(759,'2022-05-18 10:26:06','2022-05-18 10:26:06',24,24,1020,26,8,1030,'cm_kafka','all - cluster','Policy Items','[{\"accesses\":[{\"type\":\"configure\",\"isAllowed\":true},{\"type\":\"describe\",\"isAllowed\":true},{\"type\":\"kafka_admin\",\"isAllowed\":true},{\"type\":\"create\",\"isAllowed\":true},{\"type\":\"idempotent_write\",\"isAllowed\":true},{\"type\":\"describe_configs\",\"isAllowed\":true},{\"type\":\"alter_configs\",\"isAllowed\":true},{\"type\":\"cluster_action\",\"isAllowed\":true},{\"type\":\"alter\",\"isAllowed\":true}],\"users\":[\"cruisecontrol\",\"streamsmsgmgr\",\"kafka\",\"streamsrepmgr\"],\"groups\":[],\"roles\":[],\"conditions\":[],\"delegateAdmin\":true},{\"accesses\":[{\"type\":\"describe\",\"isAllowed\":true}],\"users\":[\"rangerlookup\"],\"groups\":[],\"roles\":[],\"conditions\":[],\"delegateAdmin\":false}]','[{\"accesses\":[{\"type\":\"configure\",\"isAllowed\":true},{\"type\":\"describe\",\"isAllowed\":true},{\"type\":\"kafka_admin\",\"isAllowed\":true},{\"type\":\"create\",\"isAllowed\":true},{\"type\":\"idempotent_write\",\"isAllowed\":true},{\"type\":\"describe_configs\",\"isAllowed\":true},{\"type\":\"alter_configs\",\"isAllowed\":true},{\"type\":\"cluster_action\",\"isAllowed\":true},{\"type\":\"alter\",\"isAllowed\":true}],\"users\":[\"cruisecontrol\",\"streamsmsgmgr\",\"kafka\",\"streamsrepmgr\"],\"groups\":[],\"roles\":[\"kafka_adm\"],\"conditions\":[],\"delegateAdmin\":true},{\"accesses\":[{\"type\":\"describe\",\"isAllowed\":true}],\"users\":[\"rangerlookup\"],\"groups\":[],\"roles\":[],\"conditions\":[],\"delegateAdmin\":false}]','9094496221604563790','update','32','9094496221604563790','Spring Authenticated Session'),(760,'2022-05-18 10:26:06','2022-05-18 10:26:06',24,24,1020,26,8,1030,'cm_kafka','all - cluster','Validity Schedules','[]','[]','9094496221604563790','update','32','9094496221604563790','Spring Authenticated Session'),(761,'2022-05-18 10:26:33','2022-05-18 10:26:33',24,24,1020,27,8,1030,'cm_kafka','all - delegationtoken','Policy Conditions','','','5060661213856747292','update','32','5060661213856747292','Spring Authenticated Session'),(762,'2022-05-18 10:26:33','2022-05-18 10:26:33',24,24,1020,27,8,1030,'cm_kafka','all - delegationtoken','Policy Items','[{\"accesses\":[{\"type\":\"describe\",\"isAllowed\":true}],\"users\":[\"cruisecontrol\",\"streamsmsgmgr\",\"kafka\",\"streamsrepmgr\"],\"groups\":[],\"roles\":[],\"conditions\":[],\"delegateAdmin\":true},{\"accesses\":[{\"type\":\"describe\",\"isAllowed\":true}],\"users\":[\"rangerlookup\"],\"groups\":[],\"roles\":[],\"conditions\":[],\"delegateAdmin\":false}]','[{\"accesses\":[{\"type\":\"describe\",\"isAllowed\":true}],\"users\":[\"cruisecontrol\",\"streamsmsgmgr\",\"kafka\",\"streamsrepmgr\"],\"groups\":[],\"roles\":[\"kafka_adm\"],\"conditions\":[],\"delegateAdmin\":true},{\"accesses\":[{\"type\":\"describe\",\"isAllowed\":true}],\"users\":[\"rangerlookup\"],\"groups\":[],\"roles\":[],\"conditions\":[],\"delegateAdmin\":false}]','5060661213856747292','update','32','5060661213856747292','Spring Authenticated Session'),(763,'2022-05-18 10:26:33','2022-05-18 10:26:33',24,24,1020,27,8,1030,'cm_kafka','all - delegationtoken','Validity Schedules','[]','[]','5060661213856747292','update','32','5060661213856747292','Spring Authenticated Session'),(764,'2022-05-18 10:27:15','2022-05-18 10:27:15',24,24,1020,17,6,1030,'cm_knox','all - topology, service','Policy Conditions','','','-3248658655627883826','update','32','-3248658655627883826','Spring Authenticated Session'),(765,'2022-05-18 10:27:15','2022-05-18 10:27:15',24,24,1020,17,6,1030,'cm_knox','all - topology, service','Policy Items','[{\"accesses\":[{\"type\":\"allow\",\"isAllowed\":true}],\"users\":[\"admin\"],\"groups\":[],\"roles\":[],\"conditions\":[],\"delegateAdmin\":true},{\"accesses\":[{\"type\":\"allow\",\"isAllowed\":true}],\"users\":[\"rangerlookup\"],\"groups\":[],\"roles\":[],\"conditions\":[],\"delegateAdmin\":false}]','[{\"accesses\":[{\"type\":\"allow\",\"isAllowed\":true}],\"users\":[\"admin\"],\"groups\":[],\"roles\":[\"knox_adm\"],\"conditions\":[],\"delegateAdmin\":true},{\"accesses\":[{\"type\":\"allow\",\"isAllowed\":true}],\"users\":[\"rangerlookup\"],\"groups\":[],\"roles\":[],\"conditions\":[],\"delegateAdmin\":false}]','-3248658655627883826','update','32','-3248658655627883826','Spring Authenticated Session'),(766,'2022-05-18 10:27:15','2022-05-18 10:27:15',24,24,1020,17,6,1030,'cm_knox','all - topology, service','Validity Schedules','[]','[]','-3248658655627883826','update','32','-3248658655627883826','Spring Authenticated Session'),(767,'2022-05-18 10:27:45','2022-05-18 10:27:45',24,24,1020,40,10,1030,'cm_solr','all - collection','Policy Conditions','','','4195193485790103919','update','32','4195193485790103919','Spring Authenticated Session'),(768,'2022-05-18 10:27:45','2022-05-18 10:27:45',24,24,1020,40,10,1030,'cm_solr','all - collection','Policy Items','[{\"accesses\":[{\"type\":\"query\",\"isAllowed\":true},{\"type\":\"update\",\"isAllowed\":true},{\"type\":\"others\",\"isAllowed\":true},{\"type\":\"solr_admin\",\"isAllowed\":true}],\"users\":[\"atlas\",\"solr\",\"ranger\"],\"groups\":[],\"roles\":[],\"conditions\":[],\"delegateAdmin\":true},{\"accesses\":[{\"type\":\"query\",\"isAllowed\":true}],\"users\":[\"rangerlookup\"],\"groups\":[],\"roles\":[],\"conditions\":[],\"delegateAdmin\":false}]','[{\"accesses\":[{\"type\":\"query\",\"isAllowed\":true},{\"type\":\"update\",\"isAllowed\":true},{\"type\":\"others\",\"isAllowed\":true},{\"type\":\"solr_admin\",\"isAllowed\":true}],\"users\":[\"atlas\",\"solr\",\"ranger\"],\"groups\":[],\"roles\":[\"solr_adm\"],\"conditions\":[],\"delegateAdmin\":true},{\"accesses\":[{\"type\":\"query\",\"isAllowed\":true}],\"users\":[\"rangerlookup\"],\"groups\":[],\"roles\":[],\"conditions\":[],\"delegateAdmin\":false}]','4195193485790103919','update','32','4195193485790103919','Spring Authenticated Session'),(769,'2022-05-18 10:27:45','2022-05-18 10:27:45',24,24,1020,40,10,1030,'cm_solr','all - collection','Validity Schedules','[]','[]','4195193485790103919','update','32','4195193485790103919','Spring Authenticated Session'),(770,'2022-05-18 10:28:18','2022-05-18 10:28:18',24,24,1020,6,4,1030,'cm_yarn','all - queue','Policy Conditions','','','8309213679829077356','update','32','8309213679829077356','Spring Authenticated Session'),(771,'2022-05-18 10:28:18','2022-05-18 10:28:18',24,24,1020,6,4,1030,'cm_yarn','all - queue','Policy Items','[{\"accesses\":[{\"type\":\"submit-app\",\"isAllowed\":true},{\"type\":\"admin-queue\",\"isAllowed\":true}],\"users\":[\"yarn\"],\"groups\":[],\"roles\":[],\"conditions\":[],\"delegateAdmin\":true},{\"accesses\":[{\"type\":\"submit-app\",\"isAllowed\":true}],\"users\":[\"rangerlookup\"],\"groups\":[],\"roles\":[],\"conditions\":[],\"delegateAdmin\":false}]','[{\"accesses\":[{\"type\":\"submit-app\",\"isAllowed\":true},{\"type\":\"admin-queue\",\"isAllowed\":true}],\"users\":[\"yarn\"],\"groups\":[],\"roles\":[\"yarn_adm\"],\"conditions\":[],\"delegateAdmin\":true},{\"accesses\":[{\"type\":\"submit-app\",\"isAllowed\":true}],\"users\":[\"rangerlookup\"],\"groups\":[],\"roles\":[],\"conditions\":[],\"delegateAdmin\":false}]','8309213679829077356','update','32','8309213679829077356','Spring Authenticated Session'),(772,'2022-05-18 10:28:18','2022-05-18 10:28:18',24,24,1020,6,4,1030,'cm_yarn','all - queue','Validity Schedules','[]','[]','8309213679829077356','update','32','8309213679829077356','Spring Authenticated Session'),(773,'2022-05-18 10:29:18','2022-05-18 10:29:18',24,24,1020,45,4,1030,'cm_yarn','access: default queue','Policy Name',NULL,'access: default queue','-839794927356786953','create','32','-839794927356786953','Spring Authenticated Session'),(774,'2022-05-18 10:29:18','2022-05-18 10:29:18',24,24,1020,45,4,1030,'cm_yarn','access: default queue','Priority',NULL,'0','-839794927356786953','create','32','-839794927356786953','Spring Authenticated Session'),(775,'2022-05-18 10:29:18','2022-05-18 10:29:18',24,24,1020,45,4,1030,'cm_yarn','access: default queue','Audit Status',NULL,'true','-839794927356786953','create','32','-839794927356786953','Spring Authenticated Session'),(776,'2022-05-18 10:29:18','2022-05-18 10:29:18',24,24,1020,45,4,1030,'cm_yarn','access: default queue','Policy Resources',NULL,'{\"queue\":{\"values\":[\"root.default\"],\"isExcludes\":false,\"isRecursive\":true}}','-839794927356786953','create','32','-839794927356786953','Spring Authenticated Session'),(777,'2022-05-18 10:29:18','2022-05-18 10:29:18',24,24,1020,45,4,1030,'cm_yarn','access: default queue','Policy Items',NULL,'[{\"accesses\":[{\"type\":\"submit-app\",\"isAllowed\":true}],\"users\":[],\"groups\":[\"public\"],\"roles\":[],\"conditions\":[],\"delegateAdmin\":false}]','-839794927356786953','create','32','-839794927356786953','Spring Authenticated Session'),(778,'2022-05-18 10:29:18','2022-05-18 10:29:18',24,24,1020,45,4,1030,'cm_yarn','access: default queue','Validity Schedules',NULL,'[]','-839794927356786953','create','32','-839794927356786953','Spring Authenticated Session'),(779,'2022-05-18 10:29:18','2022-05-18 10:29:18',24,24,1020,45,4,1030,'cm_yarn','access: default queue','Policy Labels',NULL,'[]','-839794927356786953','create','32','-839794927356786953','Spring Authenticated Session'),(780,'2022-05-18 10:29:18','2022-05-18 10:29:18',24,24,1020,45,4,1030,'cm_yarn','access: default queue','Deny All Other Accesses',NULL,'false','-839794927356786953','create','32','-839794927356786953','Spring Authenticated Session'),(781,'2022-05-18 10:29:18','2022-05-18 10:29:18',24,24,1020,45,4,1030,'cm_yarn','access: default queue','Policy Status',NULL,'true','-839794927356786953','create','32','-839794927356786953','Spring Authenticated Session');
/*!40000 ALTER TABLE `x_trx_log` ENABLE KEYS */;
UNLOCK TABLES;

--
-- Table structure for table `x_ugsync_audit_info`
--

DROP TABLE IF EXISTS `x_ugsync_audit_info`;
/*!40101 SET @saved_cs_client     = @@character_set_client */;
/*!40101 SET character_set_client = utf8 */;
CREATE TABLE `x_ugsync_audit_info` (
  `id` bigint(20) NOT NULL AUTO_INCREMENT,
  `create_time` datetime DEFAULT NULL,
  `update_time` datetime DEFAULT NULL,
  `added_by_id` bigint(20) DEFAULT NULL,
  `upd_by_id` bigint(20) DEFAULT NULL,
  `event_time` datetime DEFAULT NULL,
  `user_name` varchar(255) NOT NULL,
  `sync_source` varchar(128) NOT NULL,
  `no_of_new_users` bigint(20) NOT NULL,
  `no_of_new_groups` bigint(20) NOT NULL,
  `no_of_modified_users` bigint(20) NOT NULL,
  `no_of_modified_groups` bigint(20) NOT NULL,
  `sync_source_info` mediumtext NOT NULL,
  `session_id` varchar(255) DEFAULT NULL,
  PRIMARY KEY (`id`),
  KEY `x_ugsync_audit_info_etime` (`event_time`),
  KEY `x_ugsync_audit_info_sync_src` (`sync_source`),
  KEY `x_ugsync_audit_info_uname` (`user_name`)
) ENGINE=InnoDB AUTO_INCREMENT=523 DEFAULT CHARSET=utf8 ROW_FORMAT=DYNAMIC;
/*!40101 SET character_set_client = @saved_cs_client */;

--
-- Dumping data for table `x_ugsync_audit_info`
--

LOCK TABLES `x_ugsync_audit_info` WRITE;
/*!40000 ALTER TABLE `x_ugsync_audit_info` DISABLE KEYS */;
INSERT INTO `x_ugsync_audit_info` VALUES (1,'2022-05-16 13:24:59','2022-05-16 13:24:59',2,2,'2022-05-16 13:24:59','rangerusersync','Unix',58,128,0,74,'{\"unixBackend\":\"nss\",\"fileName\":\"/etc/passwd\",\"syncTime\":\"2022-05-16 06:24:56\",\"lastModified\":\"1969-12-31 16:00:00\",\"minUserId\":\"999\",\"minGroupId\":\"0\",\"totalUsersSynced\":\"64\",\"totalGroupsSynced\":\"129\",\"totalUsersDeleted\":\"0\",\"totalGroupsDeleted\":\"0\"}','1'),(2,'2022-05-16 13:25:59','2022-05-16 13:25:59',2,2,'2022-05-16 13:25:59','rangerusersync','Unix',0,0,0,0,'{\"unixBackend\":\"nss\",\"fileName\":\"/etc/passwd\",\"syncTime\":\"2022-05-16 06:25:59\",\"lastModified\":\"1969-12-31 16:00:00\",\"minUserId\":\"999\",\"minGroupId\":\"0\",\"totalUsersSynced\":\"64\",\"totalGroupsSynced\":\"129\",\"totalUsersDeleted\":\"0\",\"totalGroupsDeleted\":\"0\"}','1'),(3,'2022-05-16 13:26:59','2022-05-16 13:26:59',2,2,'2022-05-16 13:26:59','rangerusersync','Unix',0,0,0,0,'{\"unixBackend\":\"nss\",\"fileName\":\"/etc/passwd\",\"syncTime\":\"2022-05-16 06:26:59\",\"lastModified\":\"1969-12-31 16:00:00\",\"minUserId\":\"999\",\"minGroupId\":\"0\",\"totalUsersSynced\":\"64\",\"totalGroupsSynced\":\"129\",\"totalUsersDeleted\":\"0\",\"totalGroupsDeleted\":\"0\"}','1'),(4,'2022-05-16 13:27:59','2022-05-16 13:27:59',2,2,'2022-05-16 13:27:59','rangerusersync','Unix',0,0,0,0,'{\"unixBackend\":\"nss\",\"fileName\":\"/etc/passwd\",\"syncTime\":\"2022-05-16 06:27:59\",\"lastModified\":\"1969-12-31 16:00:00\",\"minUserId\":\"999\",\"minGroupId\":\"0\",\"totalUsersSynced\":\"64\",\"totalGroupsSynced\":\"129\",\"totalUsersDeleted\":\"0\",\"totalGroupsDeleted\":\"0\"}','1'),(5,'2022-05-16 13:28:59','2022-05-16 13:28:59',2,2,'2022-05-16 13:28:59','rangerusersync','Unix',0,0,0,0,'{\"unixBackend\":\"nss\",\"fileName\":\"/etc/passwd\",\"syncTime\":\"2022-05-16 06:28:59\",\"lastModified\":\"1969-12-31 16:00:00\",\"minUserId\":\"999\",\"minGroupId\":\"0\",\"totalUsersSynced\":\"64\",\"totalGroupsSynced\":\"129\",\"totalUsersDeleted\":\"0\",\"totalGroupsDeleted\":\"0\"}','1'),(6,'2022-05-16 13:29:59','2022-05-16 13:29:59',2,2,'2022-05-16 13:29:59','rangerusersync','Unix',0,0,0,0,'{\"unixBackend\":\"nss\",\"fileName\":\"/etc/passwd\",\"syncTime\":\"2022-05-16 06:29:59\",\"lastModified\":\"1969-12-31 16:00:00\",\"minUserId\":\"999\",\"minGroupId\":\"0\",\"totalUsersSynced\":\"64\",\"totalGroupsSynced\":\"129\",\"totalUsersDeleted\":\"0\",\"totalGroupsDeleted\":\"0\"}','1'),(7,'2022-05-16 13:30:59','2022-05-16 13:30:59',2,2,'2022-05-16 13:30:59','rangerusersync','Unix',0,0,0,0,'{\"unixBackend\":\"nss\",\"fileName\":\"/etc/passwd\",\"syncTime\":\"2022-05-16 06:30:59\",\"lastModified\":\"1969-12-31 16:00:00\",\"minUserId\":\"999\",\"minGroupId\":\"0\",\"totalUsersSynced\":\"64\",\"totalGroupsSynced\":\"129\",\"totalUsersDeleted\":\"0\",\"totalGroupsDeleted\":\"0\"}','1'),(8,'2022-05-16 13:31:59','2022-05-16 13:31:59',2,2,'2022-05-16 13:31:59','rangerusersync','Unix',0,0,0,0,'{\"unixBackend\":\"nss\",\"fileName\":\"/etc/passwd\",\"syncTime\":\"2022-05-16 06:31:59\",\"lastModified\":\"1969-12-31 16:00:00\",\"minUserId\":\"999\",\"minGroupId\":\"0\",\"totalUsersSynced\":\"64\",\"totalGroupsSynced\":\"129\",\"totalUsersDeleted\":\"0\",\"totalGroupsDeleted\":\"0\"}','1'),(9,'2022-05-16 13:32:59','2022-05-16 13:32:59',2,2,'2022-05-16 13:32:59','rangerusersync','Unix',0,0,0,0,'{\"unixBackend\":\"nss\",\"fileName\":\"/etc/passwd\",\"syncTime\":\"2022-05-16 06:32:59\",\"lastModified\":\"1969-12-31 16:00:00\",\"minUserId\":\"999\",\"minGroupId\":\"0\",\"totalUsersSynced\":\"64\",\"totalGroupsSynced\":\"129\",\"totalUsersDeleted\":\"0\",\"totalGroupsDeleted\":\"0\"}','1'),(10,'2022-05-16 13:33:59','2022-05-16 13:33:59',2,2,'2022-05-16 13:33:59','rangerusersync','Unix',0,0,0,0,'{\"unixBackend\":\"nss\",\"fileName\":\"/etc/passwd\",\"syncTime\":\"2022-05-16 06:33:59\",\"lastModified\":\"1969-12-31 16:00:00\",\"minUserId\":\"999\",\"minGroupId\":\"0\",\"totalUsersSynced\":\"64\",\"totalGroupsSynced\":\"129\",\"totalUsersDeleted\":\"0\",\"totalGroupsDeleted\":\"0\"}','1'),(11,'2022-05-16 13:34:59','2022-05-16 13:34:59',2,2,'2022-05-16 13:34:59','rangerusersync','Unix',0,0,0,0,'{\"unixBackend\":\"nss\",\"fileName\":\"/etc/passwd\",\"syncTime\":\"2022-05-16 06:34:59\",\"lastModified\":\"1969-12-31 16:00:00\",\"minUserId\":\"999\",\"minGroupId\":\"0\",\"totalUsersSynced\":\"64\",\"totalGroupsSynced\":\"129\",\"totalUsersDeleted\":\"0\",\"totalGroupsDeleted\":\"0\"}','1'),(12,'2022-05-16 13:35:59','2022-05-16 13:35:59',2,2,'2022-05-16 13:35:59','rangerusersync','Unix',0,0,0,0,'{\"unixBackend\":\"nss\",\"fileName\":\"/etc/passwd\",\"syncTime\":\"2022-05-16 06:35:59\",\"lastModified\":\"1969-12-31 16:00:00\",\"minUserId\":\"999\",\"minGroupId\":\"0\",\"totalUsersSynced\":\"64\",\"totalGroupsSynced\":\"129\",\"totalUsersDeleted\":\"0\",\"totalGroupsDeleted\":\"0\"}','1'),(13,'2022-05-16 13:36:59','2022-05-16 13:36:59',2,2,'2022-05-16 13:36:59','rangerusersync','Unix',0,0,0,0,'{\"unixBackend\":\"nss\",\"fileName\":\"/etc/passwd\",\"syncTime\":\"2022-05-16 06:36:59\",\"lastModified\":\"1969-12-31 16:00:00\",\"minUserId\":\"999\",\"minGroupId\":\"0\",\"totalUsersSynced\":\"64\",\"totalGroupsSynced\":\"129\",\"totalUsersDeleted\":\"0\",\"totalGroupsDeleted\":\"0\"}','1'),(14,'2022-05-16 13:37:59','2022-05-16 13:37:59',2,2,'2022-05-16 13:37:59','rangerusersync','Unix',0,0,0,0,'{\"unixBackend\":\"nss\",\"fileName\":\"/etc/passwd\",\"syncTime\":\"2022-05-16 06:37:59\",\"lastModified\":\"1969-12-31 16:00:00\",\"minUserId\":\"999\",\"minGroupId\":\"0\",\"totalUsersSynced\":\"64\",\"totalGroupsSynced\":\"129\",\"totalUsersDeleted\":\"0\",\"totalGroupsDeleted\":\"0\"}','1'),(15,'2022-05-16 13:38:59','2022-05-16 13:38:59',2,2,'2022-05-16 13:38:59','rangerusersync','Unix',0,0,0,0,'{\"unixBackend\":\"nss\",\"fileName\":\"/etc/passwd\",\"syncTime\":\"2022-05-16 06:38:59\",\"lastModified\":\"1969-12-31 16:00:00\",\"minUserId\":\"999\",\"minGroupId\":\"0\",\"totalUsersSynced\":\"64\",\"totalGroupsSynced\":\"129\",\"totalUsersDeleted\":\"0\",\"totalGroupsDeleted\":\"0\"}','1'),(16,'2022-05-16 13:39:59','2022-05-16 13:39:59',2,2,'2022-05-16 13:39:59','rangerusersync','Unix',0,0,0,0,'{\"unixBackend\":\"nss\",\"fileName\":\"/etc/passwd\",\"syncTime\":\"2022-05-16 06:39:59\",\"lastModified\":\"1969-12-31 16:00:00\",\"minUserId\":\"999\",\"minGroupId\":\"0\",\"totalUsersSynced\":\"64\",\"totalGroupsSynced\":\"129\",\"totalUsersDeleted\":\"0\",\"totalGroupsDeleted\":\"0\"}','1'),(17,'2022-05-16 13:41:00','2022-05-16 13:41:00',2,2,'2022-05-16 13:41:00','rangerusersync','Unix',0,0,0,0,'{\"unixBackend\":\"nss\",\"fileName\":\"/etc/passwd\",\"syncTime\":\"2022-05-16 06:40:59\",\"lastModified\":\"1969-12-31 16:00:00\",\"minUserId\":\"999\",\"minGroupId\":\"0\",\"totalUsersSynced\":\"64\",\"totalGroupsSynced\":\"129\",\"totalUsersDeleted\":\"0\",\"totalGroupsDeleted\":\"0\"}','1'),(18,'2022-05-16 13:42:00','2022-05-16 13:42:00',2,2,'2022-05-16 13:42:00','rangerusersync','Unix',0,0,0,0,'{\"unixBackend\":\"nss\",\"fileName\":\"/etc/passwd\",\"syncTime\":\"2022-05-16 06:42:00\",\"lastModified\":\"1969-12-31 16:00:00\",\"minUserId\":\"999\",\"minGroupId\":\"0\",\"totalUsersSynced\":\"64\",\"totalGroupsSynced\":\"129\",\"totalUsersDeleted\":\"0\",\"totalGroupsDeleted\":\"0\"}','1'),(19,'2022-05-16 13:43:00','2022-05-16 13:43:00',2,2,'2022-05-16 13:43:00','rangerusersync','Unix',0,0,0,0,'{\"unixBackend\":\"nss\",\"fileName\":\"/etc/passwd\",\"syncTime\":\"2022-05-16 06:43:00\",\"lastModified\":\"1969-12-31 16:00:00\",\"minUserId\":\"999\",\"minGroupId\":\"0\",\"totalUsersSynced\":\"64\",\"totalGroupsSynced\":\"129\",\"totalUsersDeleted\":\"0\",\"totalGroupsDeleted\":\"0\"}','1'),(20,'2022-05-16 13:44:00','2022-05-16 13:44:00',2,2,'2022-05-16 13:44:00','rangerusersync','Unix',0,0,0,0,'{\"unixBackend\":\"nss\",\"fileName\":\"/etc/passwd\",\"syncTime\":\"2022-05-16 06:44:00\",\"lastModified\":\"1969-12-31 16:00:00\",\"minUserId\":\"999\",\"minGroupId\":\"0\",\"totalUsersSynced\":\"64\",\"totalGroupsSynced\":\"129\",\"totalUsersDeleted\":\"0\",\"totalGroupsDeleted\":\"0\"}','1'),(21,'2022-05-16 13:45:00','2022-05-16 13:45:00',2,2,'2022-05-16 13:45:00','rangerusersync','Unix',0,0,0,0,'{\"unixBackend\":\"nss\",\"fileName\":\"/etc/passwd\",\"syncTime\":\"2022-05-16 06:45:00\",\"lastModified\":\"1969-12-31 16:00:00\",\"minUserId\":\"999\",\"minGroupId\":\"0\",\"totalUsersSynced\":\"64\",\"totalGroupsSynced\":\"129\",\"totalUsersDeleted\":\"0\",\"totalGroupsDeleted\":\"0\"}','1'),(22,'2022-05-16 13:46:00','2022-05-16 13:46:00',2,2,'2022-05-16 13:46:00','rangerusersync','Unix',0,0,0,0,'{\"unixBackend\":\"nss\",\"fileName\":\"/etc/passwd\",\"syncTime\":\"2022-05-16 06:46:00\",\"lastModified\":\"1969-12-31 16:00:00\",\"minUserId\":\"999\",\"minGroupId\":\"0\",\"totalUsersSynced\":\"64\",\"totalGroupsSynced\":\"129\",\"totalUsersDeleted\":\"0\",\"totalGroupsDeleted\":\"0\"}','1'),(23,'2022-05-16 13:47:00','2022-05-16 13:47:00',2,2,'2022-05-16 13:47:00','rangerusersync','Unix',0,0,0,0,'{\"unixBackend\":\"nss\",\"fileName\":\"/etc/passwd\",\"syncTime\":\"2022-05-16 06:47:00\",\"lastModified\":\"1969-12-31 16:00:00\",\"minUserId\":\"999\",\"minGroupId\":\"0\",\"totalUsersSynced\":\"64\",\"totalGroupsSynced\":\"129\",\"totalUsersDeleted\":\"0\",\"totalGroupsDeleted\":\"0\"}','1'),(24,'2022-05-16 13:48:00','2022-05-16 13:48:00',2,2,'2022-05-16 13:48:00','rangerusersync','Unix',0,0,0,0,'{\"unixBackend\":\"nss\",\"fileName\":\"/etc/passwd\",\"syncTime\":\"2022-05-16 06:48:00\",\"lastModified\":\"1969-12-31 16:00:00\",\"minUserId\":\"999\",\"minGroupId\":\"0\",\"totalUsersSynced\":\"64\",\"totalGroupsSynced\":\"129\",\"totalUsersDeleted\":\"0\",\"totalGroupsDeleted\":\"0\"}','1'),(25,'2022-05-16 13:49:00','2022-05-16 13:49:00',2,2,'2022-05-16 13:49:00','rangerusersync','Unix',0,0,0,0,'{\"unixBackend\":\"nss\",\"fileName\":\"/etc/passwd\",\"syncTime\":\"2022-05-16 06:49:00\",\"lastModified\":\"1969-12-31 16:00:00\",\"minUserId\":\"999\",\"minGroupId\":\"0\",\"totalUsersSynced\":\"64\",\"totalGroupsSynced\":\"129\",\"totalUsersDeleted\":\"0\",\"totalGroupsDeleted\":\"0\"}','1'),(26,'2022-05-16 13:50:00','2022-05-16 13:50:00',2,2,'2022-05-16 13:50:00','rangerusersync','Unix',0,0,0,0,'{\"unixBackend\":\"nss\",\"fileName\":\"/etc/passwd\",\"syncTime\":\"2022-05-16 06:50:00\",\"lastModified\":\"1969-12-31 16:00:00\",\"minUserId\":\"999\",\"minGroupId\":\"0\",\"totalUsersSynced\":\"64\",\"totalGroupsSynced\":\"129\",\"totalUsersDeleted\":\"0\",\"totalGroupsDeleted\":\"0\"}','1'),(27,'2022-05-16 13:51:00','2022-05-16 13:51:00',2,2,'2022-05-16 13:51:00','rangerusersync','Unix',0,0,0,0,'{\"unixBackend\":\"nss\",\"fileName\":\"/etc/passwd\",\"syncTime\":\"2022-05-16 06:51:00\",\"lastModified\":\"1969-12-31 16:00:00\",\"minUserId\":\"999\",\"minGroupId\":\"0\",\"totalUsersSynced\":\"64\",\"totalGroupsSynced\":\"129\",\"totalUsersDeleted\":\"0\",\"totalGroupsDeleted\":\"0\"}','1'),(28,'2022-05-16 13:52:00','2022-05-16 13:52:00',2,2,'2022-05-16 13:52:00','rangerusersync','Unix',0,0,0,0,'{\"unixBackend\":\"nss\",\"fileName\":\"/etc/passwd\",\"syncTime\":\"2022-05-16 06:52:00\",\"lastModified\":\"1969-12-31 16:00:00\",\"minUserId\":\"999\",\"minGroupId\":\"0\",\"totalUsersSynced\":\"64\",\"totalGroupsSynced\":\"129\",\"totalUsersDeleted\":\"0\",\"totalGroupsDeleted\":\"0\"}','1'),(29,'2022-05-16 13:53:00','2022-05-16 13:53:00',2,2,'2022-05-16 13:53:00','rangerusersync','Unix',0,0,0,0,'{\"unixBackend\":\"nss\",\"fileName\":\"/etc/passwd\",\"syncTime\":\"2022-05-16 06:53:00\",\"lastModified\":\"1969-12-31 16:00:00\",\"minUserId\":\"999\",\"minGroupId\":\"0\",\"totalUsersSynced\":\"64\",\"totalGroupsSynced\":\"129\",\"totalUsersDeleted\":\"0\",\"totalGroupsDeleted\":\"0\"}','1'),(30,'2022-05-16 13:54:00','2022-05-16 13:54:00',2,2,'2022-05-16 13:54:00','rangerusersync','Unix',0,0,0,0,'{\"unixBackend\":\"nss\",\"fileName\":\"/etc/passwd\",\"syncTime\":\"2022-05-16 06:54:00\",\"lastModified\":\"1969-12-31 16:00:00\",\"minUserId\":\"999\",\"minGroupId\":\"0\",\"totalUsersSynced\":\"64\",\"totalGroupsSynced\":\"129\",\"totalUsersDeleted\":\"0\",\"totalGroupsDeleted\":\"0\"}','1'),(31,'2022-05-16 13:55:00','2022-05-16 13:55:00',2,2,'2022-05-16 13:55:00','rangerusersync','Unix',0,0,0,0,'{\"unixBackend\":\"nss\",\"fileName\":\"/etc/passwd\",\"syncTime\":\"2022-05-16 06:55:00\",\"lastModified\":\"1969-12-31 16:00:00\",\"minUserId\":\"999\",\"minGroupId\":\"0\",\"totalUsersSynced\":\"64\",\"totalGroupsSynced\":\"129\",\"totalUsersDeleted\":\"0\",\"totalGroupsDeleted\":\"0\"}','1'),(32,'2022-05-16 13:56:00','2022-05-16 13:56:00',2,2,'2022-05-16 13:56:00','rangerusersync','Unix',0,0,0,0,'{\"unixBackend\":\"nss\",\"fileName\":\"/etc/passwd\",\"syncTime\":\"2022-05-16 06:56:00\",\"lastModified\":\"1969-12-31 16:00:00\",\"minUserId\":\"999\",\"minGroupId\":\"0\",\"totalUsersSynced\":\"64\",\"totalGroupsSynced\":\"129\",\"totalUsersDeleted\":\"0\",\"totalGroupsDeleted\":\"0\"}','1'),(33,'2022-05-16 13:57:00','2022-05-16 13:57:00',2,2,'2022-05-16 13:57:00','rangerusersync','Unix',0,0,0,0,'{\"unixBackend\":\"nss\",\"fileName\":\"/etc/passwd\",\"syncTime\":\"2022-05-16 06:57:00\",\"lastModified\":\"1969-12-31 16:00:00\",\"minUserId\":\"999\",\"minGroupId\":\"0\",\"totalUsersSynced\":\"64\",\"totalGroupsSynced\":\"129\",\"totalUsersDeleted\":\"0\",\"totalGroupsDeleted\":\"0\"}','1'),(34,'2022-05-16 13:58:00','2022-05-16 13:58:00',2,2,'2022-05-16 13:58:00','rangerusersync','Unix',0,0,0,0,'{\"unixBackend\":\"nss\",\"fileName\":\"/etc/passwd\",\"syncTime\":\"2022-05-16 06:58:00\",\"lastModified\":\"1969-12-31 16:00:00\",\"minUserId\":\"999\",\"minGroupId\":\"0\",\"totalUsersSynced\":\"64\",\"totalGroupsSynced\":\"129\",\"totalUsersDeleted\":\"0\",\"totalGroupsDeleted\":\"0\"}','1'),(35,'2022-05-16 13:59:01','2022-05-16 13:59:01',2,2,'2022-05-16 13:59:01','rangerusersync','Unix',0,0,0,0,'{\"unixBackend\":\"nss\",\"fileName\":\"/etc/passwd\",\"syncTime\":\"2022-05-16 06:59:00\",\"lastModified\":\"1969-12-31 16:00:00\",\"minUserId\":\"999\",\"minGroupId\":\"0\",\"totalUsersSynced\":\"64\",\"totalGroupsSynced\":\"129\",\"totalUsersDeleted\":\"0\",\"totalGroupsDeleted\":\"0\"}','1'),(36,'2022-05-16 14:00:01','2022-05-16 14:00:01',2,2,'2022-05-16 14:00:01','rangerusersync','Unix',0,0,0,0,'{\"unixBackend\":\"nss\",\"fileName\":\"/etc/passwd\",\"syncTime\":\"2022-05-16 07:00:01\",\"lastModified\":\"1969-12-31 16:00:00\",\"minUserId\":\"999\",\"minGroupId\":\"0\",\"totalUsersSynced\":\"64\",\"totalGroupsSynced\":\"129\",\"totalUsersDeleted\":\"0\",\"totalGroupsDeleted\":\"0\"}','1'),(37,'2022-05-16 14:01:01','2022-05-16 14:01:01',2,2,'2022-05-16 14:01:01','rangerusersync','Unix',0,0,0,0,'{\"unixBackend\":\"nss\",\"fileName\":\"/etc/passwd\",\"syncTime\":\"2022-05-16 07:01:01\",\"lastModified\":\"1969-12-31 16:00:00\",\"minUserId\":\"999\",\"minGroupId\":\"0\",\"totalUsersSynced\":\"64\",\"totalGroupsSynced\":\"129\",\"totalUsersDeleted\":\"0\",\"totalGroupsDeleted\":\"0\"}','1'),(38,'2022-05-16 14:02:01','2022-05-16 14:02:01',2,2,'2022-05-16 14:02:01','rangerusersync','Unix',0,0,0,0,'{\"unixBackend\":\"nss\",\"fileName\":\"/etc/passwd\",\"syncTime\":\"2022-05-16 07:02:01\",\"lastModified\":\"1969-12-31 16:00:00\",\"minUserId\":\"999\",\"minGroupId\":\"0\",\"totalUsersSynced\":\"64\",\"totalGroupsSynced\":\"129\",\"totalUsersDeleted\":\"0\",\"totalGroupsDeleted\":\"0\"}','1'),(39,'2022-05-16 14:03:01','2022-05-16 14:03:01',2,2,'2022-05-16 14:03:01','rangerusersync','Unix',0,0,0,0,'{\"unixBackend\":\"nss\",\"fileName\":\"/etc/passwd\",\"syncTime\":\"2022-05-16 07:03:01\",\"lastModified\":\"1969-12-31 16:00:00\",\"minUserId\":\"999\",\"minGroupId\":\"0\",\"totalUsersSynced\":\"64\",\"totalGroupsSynced\":\"129\",\"totalUsersDeleted\":\"0\",\"totalGroupsDeleted\":\"0\"}','1'),(40,'2022-05-16 14:04:01','2022-05-16 14:04:01',2,2,'2022-05-16 14:04:01','rangerusersync','Unix',0,0,0,0,'{\"unixBackend\":\"nss\",\"fileName\":\"/etc/passwd\",\"syncTime\":\"2022-05-16 07:04:01\",\"lastModified\":\"1969-12-31 16:00:00\",\"minUserId\":\"999\",\"minGroupId\":\"0\",\"totalUsersSynced\":\"64\",\"totalGroupsSynced\":\"129\",\"totalUsersDeleted\":\"0\",\"totalGroupsDeleted\":\"0\"}','1'),(41,'2022-05-16 14:05:01','2022-05-16 14:05:01',2,2,'2022-05-16 14:05:01','rangerusersync','Unix',0,0,0,0,'{\"unixBackend\":\"nss\",\"fileName\":\"/etc/passwd\",\"syncTime\":\"2022-05-16 07:05:01\",\"lastModified\":\"1969-12-31 16:00:00\",\"minUserId\":\"999\",\"minGroupId\":\"0\",\"totalUsersSynced\":\"64\",\"totalGroupsSynced\":\"129\",\"totalUsersDeleted\":\"0\",\"totalGroupsDeleted\":\"0\"}','1'),(42,'2022-05-16 14:06:01','2022-05-16 14:06:01',2,2,'2022-05-16 14:06:01','rangerusersync','Unix',0,0,0,0,'{\"unixBackend\":\"nss\",\"fileName\":\"/etc/passwd\",\"syncTime\":\"2022-05-16 07:06:01\",\"lastModified\":\"1969-12-31 16:00:00\",\"minUserId\":\"999\",\"minGroupId\":\"0\",\"totalUsersSynced\":\"64\",\"totalGroupsSynced\":\"129\",\"totalUsersDeleted\":\"0\",\"totalGroupsDeleted\":\"0\"}','1'),(43,'2022-05-16 14:07:01','2022-05-16 14:07:01',2,2,'2022-05-16 14:07:01','rangerusersync','Unix',0,0,0,0,'{\"unixBackend\":\"nss\",\"fileName\":\"/etc/passwd\",\"syncTime\":\"2022-05-16 07:07:01\",\"lastModified\":\"1969-12-31 16:00:00\",\"minUserId\":\"999\",\"minGroupId\":\"0\",\"totalUsersSynced\":\"64\",\"totalGroupsSynced\":\"129\",\"totalUsersDeleted\":\"0\",\"totalGroupsDeleted\":\"0\"}','1'),(44,'2022-05-16 14:08:01','2022-05-16 14:08:01',2,2,'2022-05-16 14:08:01','rangerusersync','Unix',0,0,0,0,'{\"unixBackend\":\"nss\",\"fileName\":\"/etc/passwd\",\"syncTime\":\"2022-05-16 07:08:01\",\"lastModified\":\"1969-12-31 16:00:00\",\"minUserId\":\"999\",\"minGroupId\":\"0\",\"totalUsersSynced\":\"64\",\"totalGroupsSynced\":\"129\",\"totalUsersDeleted\":\"0\",\"totalGroupsDeleted\":\"0\"}','1'),(45,'2022-05-16 14:09:01','2022-05-16 14:09:01',2,2,'2022-05-16 14:09:01','rangerusersync','Unix',0,0,0,0,'{\"unixBackend\":\"nss\",\"fileName\":\"/etc/passwd\",\"syncTime\":\"2022-05-16 07:09:01\",\"lastModified\":\"1969-12-31 16:00:00\",\"minUserId\":\"999\",\"minGroupId\":\"0\",\"totalUsersSynced\":\"64\",\"totalGroupsSynced\":\"129\",\"totalUsersDeleted\":\"0\",\"totalGroupsDeleted\":\"0\"}','1'),(46,'2022-05-16 14:10:01','2022-05-16 14:10:01',2,2,'2022-05-16 14:10:01','rangerusersync','Unix',0,0,0,0,'{\"unixBackend\":\"nss\",\"fileName\":\"/etc/passwd\",\"syncTime\":\"2022-05-16 07:10:01\",\"lastModified\":\"1969-12-31 16:00:00\",\"minUserId\":\"999\",\"minGroupId\":\"0\",\"totalUsersSynced\":\"64\",\"totalGroupsSynced\":\"129\",\"totalUsersDeleted\":\"0\",\"totalGroupsDeleted\":\"0\"}','1'),(47,'2022-05-16 14:11:01','2022-05-16 14:11:01',2,2,'2022-05-16 14:11:01','rangerusersync','Unix',0,0,0,0,'{\"unixBackend\":\"nss\",\"fileName\":\"/etc/passwd\",\"syncTime\":\"2022-05-16 07:11:01\",\"lastModified\":\"1969-12-31 16:00:00\",\"minUserId\":\"999\",\"minGroupId\":\"0\",\"totalUsersSynced\":\"64\",\"totalGroupsSynced\":\"129\",\"totalUsersDeleted\":\"0\",\"totalGroupsDeleted\":\"0\"}','1'),(48,'2022-05-16 14:12:01','2022-05-16 14:12:01',2,2,'2022-05-16 14:12:01','rangerusersync','Unix',0,0,0,0,'{\"unixBackend\":\"nss\",\"fileName\":\"/etc/passwd\",\"syncTime\":\"2022-05-16 07:12:01\",\"lastModified\":\"1969-12-31 16:00:00\",\"minUserId\":\"999\",\"minGroupId\":\"0\",\"totalUsersSynced\":\"64\",\"totalGroupsSynced\":\"129\",\"totalUsersDeleted\":\"0\",\"totalGroupsDeleted\":\"0\"}','1'),(49,'2022-05-16 14:13:01','2022-05-16 14:13:01',2,2,'2022-05-16 14:13:01','rangerusersync','Unix',0,0,0,0,'{\"unixBackend\":\"nss\",\"fileName\":\"/etc/passwd\",\"syncTime\":\"2022-05-16 07:13:01\",\"lastModified\":\"1969-12-31 16:00:00\",\"minUserId\":\"999\",\"minGroupId\":\"0\",\"totalUsersSynced\":\"64\",\"totalGroupsSynced\":\"129\",\"totalUsersDeleted\":\"0\",\"totalGroupsDeleted\":\"0\"}','1'),(50,'2022-05-16 14:14:01','2022-05-16 14:14:01',2,2,'2022-05-16 14:14:01','rangerusersync','Unix',0,0,0,0,'{\"unixBackend\":\"nss\",\"fileName\":\"/etc/passwd\",\"syncTime\":\"2022-05-16 07:14:01\",\"lastModified\":\"1969-12-31 16:00:00\",\"minUserId\":\"999\",\"minGroupId\":\"0\",\"totalUsersSynced\":\"64\",\"totalGroupsSynced\":\"129\",\"totalUsersDeleted\":\"0\",\"totalGroupsDeleted\":\"0\"}','1'),(51,'2022-05-16 14:15:01','2022-05-16 14:15:01',2,2,'2022-05-16 14:15:01','rangerusersync','Unix',0,0,0,0,'{\"unixBackend\":\"nss\",\"fileName\":\"/etc/passwd\",\"syncTime\":\"2022-05-16 07:15:01\",\"lastModified\":\"1969-12-31 16:00:00\",\"minUserId\":\"999\",\"minGroupId\":\"0\",\"totalUsersSynced\":\"64\",\"totalGroupsSynced\":\"129\",\"totalUsersDeleted\":\"0\",\"totalGroupsDeleted\":\"0\"}','1'),(52,'2022-05-16 14:16:01','2022-05-16 14:16:01',2,2,'2022-05-16 14:16:01','rangerusersync','Unix',0,0,0,0,'{\"unixBackend\":\"nss\",\"fileName\":\"/etc/passwd\",\"syncTime\":\"2022-05-16 07:16:01\",\"lastModified\":\"1969-12-31 16:00:00\",\"minUserId\":\"999\",\"minGroupId\":\"0\",\"totalUsersSynced\":\"64\",\"totalGroupsSynced\":\"129\",\"totalUsersDeleted\":\"0\",\"totalGroupsDeleted\":\"0\"}','1'),(53,'2022-05-16 14:17:02','2022-05-16 14:17:02',2,2,'2022-05-16 14:17:02','rangerusersync','Unix',0,0,0,0,'{\"unixBackend\":\"nss\",\"fileName\":\"/etc/passwd\",\"syncTime\":\"2022-05-16 07:17:01\",\"lastModified\":\"1969-12-31 16:00:00\",\"minUserId\":\"999\",\"minGroupId\":\"0\",\"totalUsersSynced\":\"64\",\"totalGroupsSynced\":\"129\",\"totalUsersDeleted\":\"0\",\"totalGroupsDeleted\":\"0\"}','1'),(54,'2022-05-16 14:18:02','2022-05-16 14:18:02',2,2,'2022-05-16 14:18:02','rangerusersync','Unix',0,0,0,0,'{\"unixBackend\":\"nss\",\"fileName\":\"/etc/passwd\",\"syncTime\":\"2022-05-16 07:18:02\",\"lastModified\":\"1969-12-31 16:00:00\",\"minUserId\":\"999\",\"minGroupId\":\"0\",\"totalUsersSynced\":\"64\",\"totalGroupsSynced\":\"129\",\"totalUsersDeleted\":\"0\",\"totalGroupsDeleted\":\"0\"}','1'),(55,'2022-05-16 14:19:02','2022-05-16 14:19:02',2,2,'2022-05-16 14:19:02','rangerusersync','Unix',0,0,0,0,'{\"unixBackend\":\"nss\",\"fileName\":\"/etc/passwd\",\"syncTime\":\"2022-05-16 07:19:02\",\"lastModified\":\"1969-12-31 16:00:00\",\"minUserId\":\"999\",\"minGroupId\":\"0\",\"totalUsersSynced\":\"64\",\"totalGroupsSynced\":\"129\",\"totalUsersDeleted\":\"0\",\"totalGroupsDeleted\":\"0\"}','1'),(56,'2022-05-16 14:20:02','2022-05-16 14:20:02',2,2,'2022-05-16 14:20:02','rangerusersync','Unix',0,0,0,0,'{\"unixBackend\":\"nss\",\"fileName\":\"/etc/passwd\",\"syncTime\":\"2022-05-16 07:20:02\",\"lastModified\":\"1969-12-31 16:00:00\",\"minUserId\":\"999\",\"minGroupId\":\"0\",\"totalUsersSynced\":\"64\",\"totalGroupsSynced\":\"129\",\"totalUsersDeleted\":\"0\",\"totalGroupsDeleted\":\"0\"}','1'),(57,'2022-05-16 14:21:02','2022-05-16 14:21:02',2,2,'2022-05-16 14:21:02','rangerusersync','Unix',0,0,0,0,'{\"unixBackend\":\"nss\",\"fileName\":\"/etc/passwd\",\"syncTime\":\"2022-05-16 07:21:02\",\"lastModified\":\"1969-12-31 16:00:00\",\"minUserId\":\"999\",\"minGroupId\":\"0\",\"totalUsersSynced\":\"64\",\"totalGroupsSynced\":\"129\",\"totalUsersDeleted\":\"0\",\"totalGroupsDeleted\":\"0\"}','1'),(58,'2022-05-16 14:22:02','2022-05-16 14:22:02',2,2,'2022-05-16 14:22:02','rangerusersync','Unix',0,0,0,0,'{\"unixBackend\":\"nss\",\"fileName\":\"/etc/passwd\",\"syncTime\":\"2022-05-16 07:22:02\",\"lastModified\":\"1969-12-31 16:00:00\",\"minUserId\":\"999\",\"minGroupId\":\"0\",\"totalUsersSynced\":\"64\",\"totalGroupsSynced\":\"129\",\"totalUsersDeleted\":\"0\",\"totalGroupsDeleted\":\"0\"}','1'),(59,'2022-05-16 14:23:02','2022-05-16 14:23:02',2,2,'2022-05-16 14:23:02','rangerusersync','Unix',0,0,0,0,'{\"unixBackend\":\"nss\",\"fileName\":\"/etc/passwd\",\"syncTime\":\"2022-05-16 07:23:02\",\"lastModified\":\"1969-12-31 16:00:00\",\"minUserId\":\"999\",\"minGroupId\":\"0\",\"totalUsersSynced\":\"64\",\"totalGroupsSynced\":\"129\",\"totalUsersDeleted\":\"0\",\"totalGroupsDeleted\":\"0\"}','1'),(60,'2022-05-16 14:24:02','2022-05-16 14:24:02',2,2,'2022-05-16 14:24:02','rangerusersync','Unix',0,0,0,0,'{\"unixBackend\":\"nss\",\"fileName\":\"/etc/passwd\",\"syncTime\":\"2022-05-16 07:24:02\",\"lastModified\":\"1969-12-31 16:00:00\",\"minUserId\":\"999\",\"minGroupId\":\"0\",\"totalUsersSynced\":\"64\",\"totalGroupsSynced\":\"129\",\"totalUsersDeleted\":\"0\",\"totalGroupsDeleted\":\"0\"}','1'),(61,'2022-05-16 14:25:02','2022-05-16 14:25:02',2,2,'2022-05-16 14:25:02','rangerusersync','Unix',0,0,0,0,'{\"unixBackend\":\"nss\",\"fileName\":\"/etc/passwd\",\"syncTime\":\"2022-05-16 07:25:02\",\"lastModified\":\"1969-12-31 16:00:00\",\"minUserId\":\"999\",\"minGroupId\":\"0\",\"totalUsersSynced\":\"64\",\"totalGroupsSynced\":\"129\",\"totalUsersDeleted\":\"0\",\"totalGroupsDeleted\":\"0\"}','1'),(62,'2022-05-16 14:26:02','2022-05-16 14:26:02',2,2,'2022-05-16 14:26:02','rangerusersync','Unix',0,0,0,0,'{\"unixBackend\":\"nss\",\"fileName\":\"/etc/passwd\",\"syncTime\":\"2022-05-16 07:26:02\",\"lastModified\":\"1969-12-31 16:00:00\",\"minUserId\":\"999\",\"minGroupId\":\"0\",\"totalUsersSynced\":\"64\",\"totalGroupsSynced\":\"129\",\"totalUsersDeleted\":\"0\",\"totalGroupsDeleted\":\"0\"}','1'),(63,'2022-05-16 14:27:02','2022-05-16 14:27:02',2,2,'2022-05-16 14:27:02','rangerusersync','Unix',0,0,0,0,'{\"unixBackend\":\"nss\",\"fileName\":\"/etc/passwd\",\"syncTime\":\"2022-05-16 07:27:02\",\"lastModified\":\"1969-12-31 16:00:00\",\"minUserId\":\"999\",\"minGroupId\":\"0\",\"totalUsersSynced\":\"64\",\"totalGroupsSynced\":\"129\",\"totalUsersDeleted\":\"0\",\"totalGroupsDeleted\":\"0\"}','1'),(64,'2022-05-16 14:28:02','2022-05-16 14:28:02',2,2,'2022-05-16 14:28:02','rangerusersync','Unix',0,0,0,0,'{\"unixBackend\":\"nss\",\"fileName\":\"/etc/passwd\",\"syncTime\":\"2022-05-16 07:28:02\",\"lastModified\":\"1969-12-31 16:00:00\",\"minUserId\":\"999\",\"minGroupId\":\"0\",\"totalUsersSynced\":\"64\",\"totalGroupsSynced\":\"129\",\"totalUsersDeleted\":\"0\",\"totalGroupsDeleted\":\"0\"}','1'),(65,'2022-05-16 14:29:02','2022-05-16 14:29:02',2,2,'2022-05-16 14:29:02','rangerusersync','Unix',0,0,0,0,'{\"unixBackend\":\"nss\",\"fileName\":\"/etc/passwd\",\"syncTime\":\"2022-05-16 07:29:02\",\"lastModified\":\"1969-12-31 16:00:00\",\"minUserId\":\"999\",\"minGroupId\":\"0\",\"totalUsersSynced\":\"64\",\"totalGroupsSynced\":\"129\",\"totalUsersDeleted\":\"0\",\"totalGroupsDeleted\":\"0\"}','1'),(66,'2022-05-16 14:30:02','2022-05-16 14:30:02',2,2,'2022-05-16 14:30:02','rangerusersync','Unix',0,0,0,0,'{\"unixBackend\":\"nss\",\"fileName\":\"/etc/passwd\",\"syncTime\":\"2022-05-16 07:30:02\",\"lastModified\":\"1969-12-31 16:00:00\",\"minUserId\":\"999\",\"minGroupId\":\"0\",\"totalUsersSynced\":\"64\",\"totalGroupsSynced\":\"129\",\"totalUsersDeleted\":\"0\",\"totalGroupsDeleted\":\"0\"}','1'),(67,'2022-05-16 14:31:02','2022-05-16 14:31:02',2,2,'2022-05-16 14:31:02','rangerusersync','Unix',0,0,0,0,'{\"unixBackend\":\"nss\",\"fileName\":\"/etc/passwd\",\"syncTime\":\"2022-05-16 07:31:02\",\"lastModified\":\"1969-12-31 16:00:00\",\"minUserId\":\"999\",\"minGroupId\":\"0\",\"totalUsersSynced\":\"64\",\"totalGroupsSynced\":\"129\",\"totalUsersDeleted\":\"0\",\"totalGroupsDeleted\":\"0\"}','1'),(68,'2022-05-16 14:32:02','2022-05-16 14:32:02',2,2,'2022-05-16 14:32:02','rangerusersync','Unix',0,0,0,0,'{\"unixBackend\":\"nss\",\"fileName\":\"/etc/passwd\",\"syncTime\":\"2022-05-16 07:32:02\",\"lastModified\":\"1969-12-31 16:00:00\",\"minUserId\":\"999\",\"minGroupId\":\"0\",\"totalUsersSynced\":\"64\",\"totalGroupsSynced\":\"129\",\"totalUsersDeleted\":\"0\",\"totalGroupsDeleted\":\"0\"}','1'),(69,'2022-05-16 14:33:03','2022-05-16 14:33:03',2,2,'2022-05-16 14:33:03','rangerusersync','Unix',0,0,0,0,'{\"unixBackend\":\"nss\",\"fileName\":\"/etc/passwd\",\"syncTime\":\"2022-05-16 07:33:02\",\"lastModified\":\"1969-12-31 16:00:00\",\"minUserId\":\"999\",\"minGroupId\":\"0\",\"totalUsersSynced\":\"64\",\"totalGroupsSynced\":\"129\",\"totalUsersDeleted\":\"0\",\"totalGroupsDeleted\":\"0\"}','1'),(70,'2022-05-16 14:34:03','2022-05-16 14:34:03',2,2,'2022-05-16 14:34:03','rangerusersync','Unix',0,0,0,0,'{\"unixBackend\":\"nss\",\"fileName\":\"/etc/passwd\",\"syncTime\":\"2022-05-16 07:34:03\",\"lastModified\":\"1969-12-31 16:00:00\",\"minUserId\":\"999\",\"minGroupId\":\"0\",\"totalUsersSynced\":\"64\",\"totalGroupsSynced\":\"129\",\"totalUsersDeleted\":\"0\",\"totalGroupsDeleted\":\"0\"}','1'),(71,'2022-05-16 14:35:03','2022-05-16 14:35:03',2,2,'2022-05-16 14:35:03','rangerusersync','Unix',0,0,0,0,'{\"unixBackend\":\"nss\",\"fileName\":\"/etc/passwd\",\"syncTime\":\"2022-05-16 07:35:03\",\"lastModified\":\"1969-12-31 16:00:00\",\"minUserId\":\"999\",\"minGroupId\":\"0\",\"totalUsersSynced\":\"64\",\"totalGroupsSynced\":\"129\",\"totalUsersDeleted\":\"0\",\"totalGroupsDeleted\":\"0\"}','1'),(72,'2022-05-16 14:36:03','2022-05-16 14:36:03',2,2,'2022-05-16 14:36:03','rangerusersync','Unix',0,0,0,0,'{\"unixBackend\":\"nss\",\"fileName\":\"/etc/passwd\",\"syncTime\":\"2022-05-16 07:36:03\",\"lastModified\":\"1969-12-31 16:00:00\",\"minUserId\":\"999\",\"minGroupId\":\"0\",\"totalUsersSynced\":\"64\",\"totalGroupsSynced\":\"129\",\"totalUsersDeleted\":\"0\",\"totalGroupsDeleted\":\"0\"}','1'),(73,'2022-05-16 14:37:03','2022-05-16 14:37:03',2,2,'2022-05-16 14:37:03','rangerusersync','Unix',0,0,0,0,'{\"unixBackend\":\"nss\",\"fileName\":\"/etc/passwd\",\"syncTime\":\"2022-05-16 07:37:03\",\"lastModified\":\"1969-12-31 16:00:00\",\"minUserId\":\"999\",\"minGroupId\":\"0\",\"totalUsersSynced\":\"64\",\"totalGroupsSynced\":\"129\",\"totalUsersDeleted\":\"0\",\"totalGroupsDeleted\":\"0\"}','1'),(74,'2022-05-16 14:38:03','2022-05-16 14:38:03',2,2,'2022-05-16 14:38:03','rangerusersync','Unix',0,0,0,0,'{\"unixBackend\":\"nss\",\"fileName\":\"/etc/passwd\",\"syncTime\":\"2022-05-16 07:38:03\",\"lastModified\":\"1969-12-31 16:00:00\",\"minUserId\":\"999\",\"minGroupId\":\"0\",\"totalUsersSynced\":\"64\",\"totalGroupsSynced\":\"129\",\"totalUsersDeleted\":\"0\",\"totalGroupsDeleted\":\"0\"}','1'),(75,'2022-05-16 14:39:03','2022-05-16 14:39:03',2,2,'2022-05-16 14:39:03','rangerusersync','Unix',0,0,0,0,'{\"unixBackend\":\"nss\",\"fileName\":\"/etc/passwd\",\"syncTime\":\"2022-05-16 07:39:03\",\"lastModified\":\"1969-12-31 16:00:00\",\"minUserId\":\"999\",\"minGroupId\":\"0\",\"totalUsersSynced\":\"64\",\"totalGroupsSynced\":\"129\",\"totalUsersDeleted\":\"0\",\"totalGroupsDeleted\":\"0\"}','1'),(76,'2022-05-16 14:40:03','2022-05-16 14:40:03',2,2,'2022-05-16 14:40:03','rangerusersync','Unix',0,0,0,0,'{\"unixBackend\":\"nss\",\"fileName\":\"/etc/passwd\",\"syncTime\":\"2022-05-16 07:40:03\",\"lastModified\":\"1969-12-31 16:00:00\",\"minUserId\":\"999\",\"minGroupId\":\"0\",\"totalUsersSynced\":\"64\",\"totalGroupsSynced\":\"129\",\"totalUsersDeleted\":\"0\",\"totalGroupsDeleted\":\"0\"}','1'),(77,'2022-05-16 14:41:03','2022-05-16 14:41:03',2,2,'2022-05-16 14:41:03','rangerusersync','Unix',0,0,0,0,'{\"unixBackend\":\"nss\",\"fileName\":\"/etc/passwd\",\"syncTime\":\"2022-05-16 07:41:03\",\"lastModified\":\"1969-12-31 16:00:00\",\"minUserId\":\"999\",\"minGroupId\":\"0\",\"totalUsersSynced\":\"64\",\"totalGroupsSynced\":\"129\",\"totalUsersDeleted\":\"0\",\"totalGroupsDeleted\":\"0\"}','1'),(78,'2022-05-16 14:42:03','2022-05-16 14:42:03',2,2,'2022-05-16 14:42:03','rangerusersync','Unix',0,0,0,0,'{\"unixBackend\":\"nss\",\"fileName\":\"/etc/passwd\",\"syncTime\":\"2022-05-16 07:42:03\",\"lastModified\":\"1969-12-31 16:00:00\",\"minUserId\":\"999\",\"minGroupId\":\"0\",\"totalUsersSynced\":\"64\",\"totalGroupsSynced\":\"129\",\"totalUsersDeleted\":\"0\",\"totalGroupsDeleted\":\"0\"}','1'),(79,'2022-05-16 14:43:03','2022-05-16 14:43:03',2,2,'2022-05-16 14:43:03','rangerusersync','Unix',0,0,0,0,'{\"unixBackend\":\"nss\",\"fileName\":\"/etc/passwd\",\"syncTime\":\"2022-05-16 07:43:03\",\"lastModified\":\"1969-12-31 16:00:00\",\"minUserId\":\"999\",\"minGroupId\":\"0\",\"totalUsersSynced\":\"64\",\"totalGroupsSynced\":\"129\",\"totalUsersDeleted\":\"0\",\"totalGroupsDeleted\":\"0\"}','1'),(80,'2022-05-16 14:44:03','2022-05-16 14:44:03',2,2,'2022-05-16 14:44:03','rangerusersync','Unix',0,0,0,0,'{\"unixBackend\":\"nss\",\"fileName\":\"/etc/passwd\",\"syncTime\":\"2022-05-16 07:44:03\",\"lastModified\":\"1969-12-31 16:00:00\",\"minUserId\":\"999\",\"minGroupId\":\"0\",\"totalUsersSynced\":\"64\",\"totalGroupsSynced\":\"129\",\"totalUsersDeleted\":\"0\",\"totalGroupsDeleted\":\"0\"}','1'),(81,'2022-05-16 14:45:03','2022-05-16 14:45:03',2,2,'2022-05-16 14:45:03','rangerusersync','Unix',0,0,0,0,'{\"unixBackend\":\"nss\",\"fileName\":\"/etc/passwd\",\"syncTime\":\"2022-05-16 07:45:03\",\"lastModified\":\"1969-12-31 16:00:00\",\"minUserId\":\"999\",\"minGroupId\":\"0\",\"totalUsersSynced\":\"64\",\"totalGroupsSynced\":\"129\",\"totalUsersDeleted\":\"0\",\"totalGroupsDeleted\":\"0\"}','1'),(82,'2022-05-16 14:46:03','2022-05-16 14:46:03',2,2,'2022-05-16 14:46:03','rangerusersync','Unix',0,0,0,0,'{\"unixBackend\":\"nss\",\"fileName\":\"/etc/passwd\",\"syncTime\":\"2022-05-16 07:46:03\",\"lastModified\":\"1969-12-31 16:00:00\",\"minUserId\":\"999\",\"minGroupId\":\"0\",\"totalUsersSynced\":\"64\",\"totalGroupsSynced\":\"129\",\"totalUsersDeleted\":\"0\",\"totalGroupsDeleted\":\"0\"}','1'),(83,'2022-05-16 14:47:03','2022-05-16 14:47:03',2,2,'2022-05-16 14:47:03','rangerusersync','Unix',0,0,0,0,'{\"unixBackend\":\"nss\",\"fileName\":\"/etc/passwd\",\"syncTime\":\"2022-05-16 07:47:03\",\"lastModified\":\"1969-12-31 16:00:00\",\"minUserId\":\"999\",\"minGroupId\":\"0\",\"totalUsersSynced\":\"64\",\"totalGroupsSynced\":\"129\",\"totalUsersDeleted\":\"0\",\"totalGroupsDeleted\":\"0\"}','1'),(84,'2022-05-16 14:48:03','2022-05-16 14:48:03',2,2,'2022-05-16 14:48:03','rangerusersync','Unix',0,0,0,0,'{\"unixBackend\":\"nss\",\"fileName\":\"/etc/passwd\",\"syncTime\":\"2022-05-16 07:48:03\",\"lastModified\":\"1969-12-31 16:00:00\",\"minUserId\":\"999\",\"minGroupId\":\"0\",\"totalUsersSynced\":\"64\",\"totalGroupsSynced\":\"129\",\"totalUsersDeleted\":\"0\",\"totalGroupsDeleted\":\"0\"}','1'),(85,'2022-05-16 14:49:03','2022-05-16 14:49:03',2,2,'2022-05-16 14:49:03','rangerusersync','Unix',0,0,0,0,'{\"unixBackend\":\"nss\",\"fileName\":\"/etc/passwd\",\"syncTime\":\"2022-05-16 07:49:03\",\"lastModified\":\"1969-12-31 16:00:00\",\"minUserId\":\"999\",\"minGroupId\":\"0\",\"totalUsersSynced\":\"64\",\"totalGroupsSynced\":\"129\",\"totalUsersDeleted\":\"0\",\"totalGroupsDeleted\":\"0\"}','1'),(86,'2022-05-16 14:50:03','2022-05-16 14:50:03',2,2,'2022-05-16 14:50:03','rangerusersync','Unix',0,0,0,0,'{\"unixBackend\":\"nss\",\"fileName\":\"/etc/passwd\",\"syncTime\":\"2022-05-16 07:50:03\",\"lastModified\":\"1969-12-31 16:00:00\",\"minUserId\":\"999\",\"minGroupId\":\"0\",\"totalUsersSynced\":\"64\",\"totalGroupsSynced\":\"129\",\"totalUsersDeleted\":\"0\",\"totalGroupsDeleted\":\"0\"}','1'),(87,'2022-05-16 14:51:03','2022-05-16 14:51:03',2,2,'2022-05-16 14:51:03','rangerusersync','Unix',0,0,0,0,'{\"unixBackend\":\"nss\",\"fileName\":\"/etc/passwd\",\"syncTime\":\"2022-05-16 07:51:03\",\"lastModified\":\"1969-12-31 16:00:00\",\"minUserId\":\"999\",\"minGroupId\":\"0\",\"totalUsersSynced\":\"64\",\"totalGroupsSynced\":\"129\",\"totalUsersDeleted\":\"0\",\"totalGroupsDeleted\":\"0\"}','1'),(88,'2022-05-16 14:52:03','2022-05-16 14:52:03',2,2,'2022-05-16 14:52:03','rangerusersync','Unix',0,0,0,0,'{\"unixBackend\":\"nss\",\"fileName\":\"/etc/passwd\",\"syncTime\":\"2022-05-16 07:52:03\",\"lastModified\":\"1969-12-31 16:00:00\",\"minUserId\":\"999\",\"minGroupId\":\"0\",\"totalUsersSynced\":\"64\",\"totalGroupsSynced\":\"129\",\"totalUsersDeleted\":\"0\",\"totalGroupsDeleted\":\"0\"}','1'),(89,'2022-05-16 14:53:03','2022-05-16 14:53:03',2,2,'2022-05-16 14:53:03','rangerusersync','Unix',0,0,0,0,'{\"unixBackend\":\"nss\",\"fileName\":\"/etc/passwd\",\"syncTime\":\"2022-05-16 07:53:03\",\"lastModified\":\"1969-12-31 16:00:00\",\"minUserId\":\"999\",\"minGroupId\":\"0\",\"totalUsersSynced\":\"64\",\"totalGroupsSynced\":\"129\",\"totalUsersDeleted\":\"0\",\"totalGroupsDeleted\":\"0\"}','1'),(90,'2022-05-16 14:54:03','2022-05-16 14:54:03',2,2,'2022-05-16 14:54:03','rangerusersync','Unix',0,0,0,0,'{\"unixBackend\":\"nss\",\"fileName\":\"/etc/passwd\",\"syncTime\":\"2022-05-16 07:54:03\",\"lastModified\":\"1969-12-31 16:00:00\",\"minUserId\":\"999\",\"minGroupId\":\"0\",\"totalUsersSynced\":\"64\",\"totalGroupsSynced\":\"129\",\"totalUsersDeleted\":\"0\",\"totalGroupsDeleted\":\"0\"}','1'),(91,'2022-05-16 14:55:04','2022-05-16 14:55:04',2,2,'2022-05-16 14:55:04','rangerusersync','Unix',0,0,0,0,'{\"unixBackend\":\"nss\",\"fileName\":\"/etc/passwd\",\"syncTime\":\"2022-05-16 07:55:04\",\"lastModified\":\"1969-12-31 16:00:00\",\"minUserId\":\"999\",\"minGroupId\":\"0\",\"totalUsersSynced\":\"64\",\"totalGroupsSynced\":\"129\",\"totalUsersDeleted\":\"0\",\"totalGroupsDeleted\":\"0\"}','1'),(92,'2022-05-16 14:56:04','2022-05-16 14:56:04',2,2,'2022-05-16 14:56:04','rangerusersync','Unix',0,0,0,0,'{\"unixBackend\":\"nss\",\"fileName\":\"/etc/passwd\",\"syncTime\":\"2022-05-16 07:56:04\",\"lastModified\":\"1969-12-31 16:00:00\",\"minUserId\":\"999\",\"minGroupId\":\"0\",\"totalUsersSynced\":\"64\",\"totalGroupsSynced\":\"129\",\"totalUsersDeleted\":\"0\",\"totalGroupsDeleted\":\"0\"}','1'),(93,'2022-05-16 14:57:04','2022-05-16 14:57:04',2,2,'2022-05-16 14:57:04','rangerusersync','Unix',0,0,0,0,'{\"unixBackend\":\"nss\",\"fileName\":\"/etc/passwd\",\"syncTime\":\"2022-05-16 07:57:04\",\"lastModified\":\"1969-12-31 16:00:00\",\"minUserId\":\"999\",\"minGroupId\":\"0\",\"totalUsersSynced\":\"64\",\"totalGroupsSynced\":\"129\",\"totalUsersDeleted\":\"0\",\"totalGroupsDeleted\":\"0\"}','1'),(94,'2022-05-16 14:58:04','2022-05-16 14:58:04',2,2,'2022-05-16 14:58:04','rangerusersync','Unix',0,0,0,0,'{\"unixBackend\":\"nss\",\"fileName\":\"/etc/passwd\",\"syncTime\":\"2022-05-16 07:58:04\",\"lastModified\":\"1969-12-31 16:00:00\",\"minUserId\":\"999\",\"minGroupId\":\"0\",\"totalUsersSynced\":\"64\",\"totalGroupsSynced\":\"129\",\"totalUsersDeleted\":\"0\",\"totalGroupsDeleted\":\"0\"}','1'),(95,'2022-05-16 14:59:04','2022-05-16 14:59:04',2,2,'2022-05-16 14:59:04','rangerusersync','Unix',0,0,0,0,'{\"unixBackend\":\"nss\",\"fileName\":\"/etc/passwd\",\"syncTime\":\"2022-05-16 07:59:04\",\"lastModified\":\"1969-12-31 16:00:00\",\"minUserId\":\"999\",\"minGroupId\":\"0\",\"totalUsersSynced\":\"64\",\"totalGroupsSynced\":\"129\",\"totalUsersDeleted\":\"0\",\"totalGroupsDeleted\":\"0\"}','1'),(96,'2022-05-16 15:00:04','2022-05-16 15:00:04',2,2,'2022-05-16 15:00:04','rangerusersync','Unix',0,0,0,0,'{\"unixBackend\":\"nss\",\"fileName\":\"/etc/passwd\",\"syncTime\":\"2022-05-16 08:00:04\",\"lastModified\":\"1969-12-31 16:00:00\",\"minUserId\":\"999\",\"minGroupId\":\"0\",\"totalUsersSynced\":\"64\",\"totalGroupsSynced\":\"129\",\"totalUsersDeleted\":\"0\",\"totalGroupsDeleted\":\"0\"}','1'),(97,'2022-05-16 15:01:04','2022-05-16 15:01:04',2,2,'2022-05-16 15:01:04','rangerusersync','Unix',0,0,0,0,'{\"unixBackend\":\"nss\",\"fileName\":\"/etc/passwd\",\"syncTime\":\"2022-05-16 08:01:04\",\"lastModified\":\"1969-12-31 16:00:00\",\"minUserId\":\"999\",\"minGroupId\":\"0\",\"totalUsersSynced\":\"64\",\"totalGroupsSynced\":\"129\",\"totalUsersDeleted\":\"0\",\"totalGroupsDeleted\":\"0\"}','1'),(98,'2022-05-16 15:02:04','2022-05-16 15:02:04',2,2,'2022-05-16 15:02:04','rangerusersync','Unix',0,0,0,0,'{\"unixBackend\":\"nss\",\"fileName\":\"/etc/passwd\",\"syncTime\":\"2022-05-16 08:02:04\",\"lastModified\":\"1969-12-31 16:00:00\",\"minUserId\":\"999\",\"minGroupId\":\"0\",\"totalUsersSynced\":\"64\",\"totalGroupsSynced\":\"129\",\"totalUsersDeleted\":\"0\",\"totalGroupsDeleted\":\"0\"}','1'),(99,'2022-05-16 15:03:04','2022-05-16 15:03:04',2,2,'2022-05-16 15:03:04','rangerusersync','Unix',0,0,0,0,'{\"unixBackend\":\"nss\",\"fileName\":\"/etc/passwd\",\"syncTime\":\"2022-05-16 08:03:04\",\"lastModified\":\"1969-12-31 16:00:00\",\"minUserId\":\"999\",\"minGroupId\":\"0\",\"totalUsersSynced\":\"64\",\"totalGroupsSynced\":\"129\",\"totalUsersDeleted\":\"0\",\"totalGroupsDeleted\":\"0\"}','1'),(100,'2022-05-16 15:04:04','2022-05-16 15:04:04',2,2,'2022-05-16 15:04:04','rangerusersync','Unix',0,0,0,0,'{\"unixBackend\":\"nss\",\"fileName\":\"/etc/passwd\",\"syncTime\":\"2022-05-16 08:04:04\",\"lastModified\":\"1969-12-31 16:00:00\",\"minUserId\":\"999\",\"minGroupId\":\"0\",\"totalUsersSynced\":\"64\",\"totalGroupsSynced\":\"129\",\"totalUsersDeleted\":\"0\",\"totalGroupsDeleted\":\"0\"}','1'),(101,'2022-05-16 15:05:04','2022-05-16 15:05:04',2,2,'2022-05-16 15:05:04','rangerusersync','Unix',0,0,0,0,'{\"unixBackend\":\"nss\",\"fileName\":\"/etc/passwd\",\"syncTime\":\"2022-05-16 08:05:04\",\"lastModified\":\"1969-12-31 16:00:00\",\"minUserId\":\"999\",\"minGroupId\":\"0\",\"totalUsersSynced\":\"64\",\"totalGroupsSynced\":\"129\",\"totalUsersDeleted\":\"0\",\"totalGroupsDeleted\":\"0\"}','1'),(102,'2022-05-16 15:06:04','2022-05-16 15:06:04',2,2,'2022-05-16 15:06:04','rangerusersync','Unix',0,0,0,0,'{\"unixBackend\":\"nss\",\"fileName\":\"/etc/passwd\",\"syncTime\":\"2022-05-16 08:06:04\",\"lastModified\":\"1969-12-31 16:00:00\",\"minUserId\":\"999\",\"minGroupId\":\"0\",\"totalUsersSynced\":\"64\",\"totalGroupsSynced\":\"129\",\"totalUsersDeleted\":\"0\",\"totalGroupsDeleted\":\"0\"}','1'),(103,'2022-05-16 15:07:04','2022-05-16 15:07:04',2,2,'2022-05-16 15:07:04','rangerusersync','Unix',0,0,0,0,'{\"unixBackend\":\"nss\",\"fileName\":\"/etc/passwd\",\"syncTime\":\"2022-05-16 08:07:04\",\"lastModified\":\"1969-12-31 16:00:00\",\"minUserId\":\"999\",\"minGroupId\":\"0\",\"totalUsersSynced\":\"64\",\"totalGroupsSynced\":\"129\",\"totalUsersDeleted\":\"0\",\"totalGroupsDeleted\":\"0\"}','1'),(104,'2022-05-16 15:08:04','2022-05-16 15:08:04',2,2,'2022-05-16 15:08:04','rangerusersync','Unix',0,0,0,0,'{\"unixBackend\":\"nss\",\"fileName\":\"/etc/passwd\",\"syncTime\":\"2022-05-16 08:08:04\",\"lastModified\":\"1969-12-31 16:00:00\",\"minUserId\":\"999\",\"minGroupId\":\"0\",\"totalUsersSynced\":\"64\",\"totalGroupsSynced\":\"129\",\"totalUsersDeleted\":\"0\",\"totalGroupsDeleted\":\"0\"}','1'),(105,'2022-05-16 15:09:04','2022-05-16 15:09:04',2,2,'2022-05-16 15:09:04','rangerusersync','Unix',0,0,0,0,'{\"unixBackend\":\"nss\",\"fileName\":\"/etc/passwd\",\"syncTime\":\"2022-05-16 08:09:04\",\"lastModified\":\"1969-12-31 16:00:00\",\"minUserId\":\"999\",\"minGroupId\":\"0\",\"totalUsersSynced\":\"64\",\"totalGroupsSynced\":\"129\",\"totalUsersDeleted\":\"0\",\"totalGroupsDeleted\":\"0\"}','1'),(106,'2022-05-16 15:10:04','2022-05-16 15:10:04',2,2,'2022-05-16 15:10:04','rangerusersync','Unix',0,0,0,0,'{\"unixBackend\":\"nss\",\"fileName\":\"/etc/passwd\",\"syncTime\":\"2022-05-16 08:10:04\",\"lastModified\":\"1969-12-31 16:00:00\",\"minUserId\":\"999\",\"minGroupId\":\"0\",\"totalUsersSynced\":\"64\",\"totalGroupsSynced\":\"129\",\"totalUsersDeleted\":\"0\",\"totalGroupsDeleted\":\"0\"}','1'),(107,'2022-05-16 15:11:04','2022-05-16 15:11:04',2,2,'2022-05-16 15:11:04','rangerusersync','Unix',0,0,0,0,'{\"unixBackend\":\"nss\",\"fileName\":\"/etc/passwd\",\"syncTime\":\"2022-05-16 08:11:04\",\"lastModified\":\"1969-12-31 16:00:00\",\"minUserId\":\"999\",\"minGroupId\":\"0\",\"totalUsersSynced\":\"64\",\"totalGroupsSynced\":\"129\",\"totalUsersDeleted\":\"0\",\"totalGroupsDeleted\":\"0\"}','1'),(108,'2022-05-16 15:12:04','2022-05-16 15:12:04',2,2,'2022-05-16 15:12:04','rangerusersync','Unix',0,0,0,0,'{\"unixBackend\":\"nss\",\"fileName\":\"/etc/passwd\",\"syncTime\":\"2022-05-16 08:12:04\",\"lastModified\":\"1969-12-31 16:00:00\",\"minUserId\":\"999\",\"minGroupId\":\"0\",\"totalUsersSynced\":\"64\",\"totalGroupsSynced\":\"129\",\"totalUsersDeleted\":\"0\",\"totalGroupsDeleted\":\"0\"}','1'),(109,'2022-05-16 15:13:04','2022-05-16 15:13:04',2,2,'2022-05-16 15:13:04','rangerusersync','Unix',0,0,0,0,'{\"unixBackend\":\"nss\",\"fileName\":\"/etc/passwd\",\"syncTime\":\"2022-05-16 08:13:04\",\"lastModified\":\"1969-12-31 16:00:00\",\"minUserId\":\"999\",\"minGroupId\":\"0\",\"totalUsersSynced\":\"64\",\"totalGroupsSynced\":\"129\",\"totalUsersDeleted\":\"0\",\"totalGroupsDeleted\":\"0\"}','1'),(110,'2022-05-16 15:14:04','2022-05-16 15:14:04',2,2,'2022-05-16 15:14:04','rangerusersync','Unix',0,0,0,0,'{\"unixBackend\":\"nss\",\"fileName\":\"/etc/passwd\",\"syncTime\":\"2022-05-16 08:14:04\",\"lastModified\":\"1969-12-31 16:00:00\",\"minUserId\":\"999\",\"minGroupId\":\"0\",\"totalUsersSynced\":\"64\",\"totalGroupsSynced\":\"129\",\"totalUsersDeleted\":\"0\",\"totalGroupsDeleted\":\"0\"}','1'),(111,'2022-05-16 15:15:04','2022-05-16 15:15:04',2,2,'2022-05-16 15:15:04','rangerusersync','Unix',0,0,0,0,'{\"unixBackend\":\"nss\",\"fileName\":\"/etc/passwd\",\"syncTime\":\"2022-05-16 08:15:04\",\"lastModified\":\"1969-12-31 16:00:00\",\"minUserId\":\"999\",\"minGroupId\":\"0\",\"totalUsersSynced\":\"64\",\"totalGroupsSynced\":\"129\",\"totalUsersDeleted\":\"0\",\"totalGroupsDeleted\":\"0\"}','1'),(112,'2022-05-16 15:16:04','2022-05-16 15:16:04',2,2,'2022-05-16 15:16:04','rangerusersync','Unix',0,0,0,0,'{\"unixBackend\":\"nss\",\"fileName\":\"/etc/passwd\",\"syncTime\":\"2022-05-16 08:16:04\",\"lastModified\":\"1969-12-31 16:00:00\",\"minUserId\":\"999\",\"minGroupId\":\"0\",\"totalUsersSynced\":\"64\",\"totalGroupsSynced\":\"129\",\"totalUsersDeleted\":\"0\",\"totalGroupsDeleted\":\"0\"}','1'),(113,'2022-05-16 15:17:04','2022-05-16 15:17:04',2,2,'2022-05-16 15:17:04','rangerusersync','Unix',0,0,0,0,'{\"unixBackend\":\"nss\",\"fileName\":\"/etc/passwd\",\"syncTime\":\"2022-05-16 08:17:04\",\"lastModified\":\"1969-12-31 16:00:00\",\"minUserId\":\"999\",\"minGroupId\":\"0\",\"totalUsersSynced\":\"64\",\"totalGroupsSynced\":\"129\",\"totalUsersDeleted\":\"0\",\"totalGroupsDeleted\":\"0\"}','1'),(114,'2022-05-16 15:18:04','2022-05-16 15:18:04',2,2,'2022-05-16 15:18:04','rangerusersync','Unix',0,0,0,0,'{\"unixBackend\":\"nss\",\"fileName\":\"/etc/passwd\",\"syncTime\":\"2022-05-16 08:18:04\",\"lastModified\":\"1969-12-31 16:00:00\",\"minUserId\":\"999\",\"minGroupId\":\"0\",\"totalUsersSynced\":\"64\",\"totalGroupsSynced\":\"129\",\"totalUsersDeleted\":\"0\",\"totalGroupsDeleted\":\"0\"}','1'),(115,'2022-05-16 15:19:05','2022-05-16 15:19:05',2,2,'2022-05-16 15:19:05','rangerusersync','Unix',0,0,0,0,'{\"unixBackend\":\"nss\",\"fileName\":\"/etc/passwd\",\"syncTime\":\"2022-05-16 08:19:05\",\"lastModified\":\"1969-12-31 16:00:00\",\"minUserId\":\"999\",\"minGroupId\":\"0\",\"totalUsersSynced\":\"64\",\"totalGroupsSynced\":\"129\",\"totalUsersDeleted\":\"0\",\"totalGroupsDeleted\":\"0\"}','1'),(116,'2022-05-16 15:20:05','2022-05-16 15:20:05',2,2,'2022-05-16 15:20:05','rangerusersync','Unix',0,0,0,0,'{\"unixBackend\":\"nss\",\"fileName\":\"/etc/passwd\",\"syncTime\":\"2022-05-16 08:20:05\",\"lastModified\":\"1969-12-31 16:00:00\",\"minUserId\":\"999\",\"minGroupId\":\"0\",\"totalUsersSynced\":\"64\",\"totalGroupsSynced\":\"129\",\"totalUsersDeleted\":\"0\",\"totalGroupsDeleted\":\"0\"}','1'),(117,'2022-05-16 15:21:05','2022-05-16 15:21:05',2,2,'2022-05-16 15:21:05','rangerusersync','Unix',0,0,0,0,'{\"unixBackend\":\"nss\",\"fileName\":\"/etc/passwd\",\"syncTime\":\"2022-05-16 08:21:05\",\"lastModified\":\"1969-12-31 16:00:00\",\"minUserId\":\"999\",\"minGroupId\":\"0\",\"totalUsersSynced\":\"64\",\"totalGroupsSynced\":\"129\",\"totalUsersDeleted\":\"0\",\"totalGroupsDeleted\":\"0\"}','1'),(118,'2022-05-16 15:22:05','2022-05-16 15:22:05',2,2,'2022-05-16 15:22:05','rangerusersync','Unix',0,0,0,0,'{\"unixBackend\":\"nss\",\"fileName\":\"/etc/passwd\",\"syncTime\":\"2022-05-16 08:22:05\",\"lastModified\":\"1969-12-31 16:00:00\",\"minUserId\":\"999\",\"minGroupId\":\"0\",\"totalUsersSynced\":\"64\",\"totalGroupsSynced\":\"129\",\"totalUsersDeleted\":\"0\",\"totalGroupsDeleted\":\"0\"}','1'),(119,'2022-05-16 15:23:05','2022-05-16 15:23:05',2,2,'2022-05-16 15:23:05','rangerusersync','Unix',0,0,0,0,'{\"unixBackend\":\"nss\",\"fileName\":\"/etc/passwd\",\"syncTime\":\"2022-05-16 08:23:05\",\"lastModified\":\"1969-12-31 16:00:00\",\"minUserId\":\"999\",\"minGroupId\":\"0\",\"totalUsersSynced\":\"64\",\"totalGroupsSynced\":\"129\",\"totalUsersDeleted\":\"0\",\"totalGroupsDeleted\":\"0\"}','1'),(120,'2022-05-16 15:24:05','2022-05-16 15:24:05',2,2,'2022-05-16 15:24:05','rangerusersync','Unix',0,0,0,0,'{\"unixBackend\":\"nss\",\"fileName\":\"/etc/passwd\",\"syncTime\":\"2022-05-16 08:24:05\",\"lastModified\":\"1969-12-31 16:00:00\",\"minUserId\":\"999\",\"minGroupId\":\"0\",\"totalUsersSynced\":\"64\",\"totalGroupsSynced\":\"129\",\"totalUsersDeleted\":\"0\",\"totalGroupsDeleted\":\"0\"}','1'),(121,'2022-05-16 15:25:05','2022-05-16 15:25:05',2,2,'2022-05-16 15:25:05','rangerusersync','Unix',0,0,0,0,'{\"unixBackend\":\"nss\",\"fileName\":\"/etc/passwd\",\"syncTime\":\"2022-05-16 08:25:05\",\"lastModified\":\"1969-12-31 16:00:00\",\"minUserId\":\"999\",\"minGroupId\":\"0\",\"totalUsersSynced\":\"64\",\"totalGroupsSynced\":\"129\",\"totalUsersDeleted\":\"0\",\"totalGroupsDeleted\":\"0\"}','1'),(122,'2022-05-16 15:26:05','2022-05-16 15:26:05',2,2,'2022-05-16 15:26:05','rangerusersync','Unix',0,0,0,0,'{\"unixBackend\":\"nss\",\"fileName\":\"/etc/passwd\",\"syncTime\":\"2022-05-16 08:26:05\",\"lastModified\":\"1969-12-31 16:00:00\",\"minUserId\":\"999\",\"minGroupId\":\"0\",\"totalUsersSynced\":\"64\",\"totalGroupsSynced\":\"129\",\"totalUsersDeleted\":\"0\",\"totalGroupsDeleted\":\"0\"}','1'),(123,'2022-05-16 15:27:05','2022-05-16 15:27:05',2,2,'2022-05-16 15:27:05','rangerusersync','Unix',0,0,0,0,'{\"unixBackend\":\"nss\",\"fileName\":\"/etc/passwd\",\"syncTime\":\"2022-05-16 08:27:05\",\"lastModified\":\"1969-12-31 16:00:00\",\"minUserId\":\"999\",\"minGroupId\":\"0\",\"totalUsersSynced\":\"64\",\"totalGroupsSynced\":\"129\",\"totalUsersDeleted\":\"0\",\"totalGroupsDeleted\":\"0\"}','1'),(124,'2022-05-16 15:28:05','2022-05-16 15:28:05',2,2,'2022-05-16 15:28:05','rangerusersync','Unix',0,0,0,0,'{\"unixBackend\":\"nss\",\"fileName\":\"/etc/passwd\",\"syncTime\":\"2022-05-16 08:28:05\",\"lastModified\":\"1969-12-31 16:00:00\",\"minUserId\":\"999\",\"minGroupId\":\"0\",\"totalUsersSynced\":\"64\",\"totalGroupsSynced\":\"129\",\"totalUsersDeleted\":\"0\",\"totalGroupsDeleted\":\"0\"}','1'),(125,'2022-05-16 15:29:05','2022-05-16 15:29:05',2,2,'2022-05-16 15:29:05','rangerusersync','Unix',0,0,0,0,'{\"unixBackend\":\"nss\",\"fileName\":\"/etc/passwd\",\"syncTime\":\"2022-05-16 08:29:05\",\"lastModified\":\"1969-12-31 16:00:00\",\"minUserId\":\"999\",\"minGroupId\":\"0\",\"totalUsersSynced\":\"64\",\"totalGroupsSynced\":\"129\",\"totalUsersDeleted\":\"0\",\"totalGroupsDeleted\":\"0\"}','1'),(126,'2022-05-16 15:30:05','2022-05-16 15:30:05',2,2,'2022-05-16 15:30:05','rangerusersync','Unix',0,0,0,0,'{\"unixBackend\":\"nss\",\"fileName\":\"/etc/passwd\",\"syncTime\":\"2022-05-16 08:30:05\",\"lastModified\":\"1969-12-31 16:00:00\",\"minUserId\":\"999\",\"minGroupId\":\"0\",\"totalUsersSynced\":\"64\",\"totalGroupsSynced\":\"129\",\"totalUsersDeleted\":\"0\",\"totalGroupsDeleted\":\"0\"}','1'),(127,'2022-05-16 15:31:05','2022-05-16 15:31:05',2,2,'2022-05-16 15:31:05','rangerusersync','Unix',0,0,0,0,'{\"unixBackend\":\"nss\",\"fileName\":\"/etc/passwd\",\"syncTime\":\"2022-05-16 08:31:05\",\"lastModified\":\"1969-12-31 16:00:00\",\"minUserId\":\"999\",\"minGroupId\":\"0\",\"totalUsersSynced\":\"64\",\"totalGroupsSynced\":\"129\",\"totalUsersDeleted\":\"0\",\"totalGroupsDeleted\":\"0\"}','1'),(128,'2022-05-16 15:32:05','2022-05-16 15:32:05',2,2,'2022-05-16 15:32:05','rangerusersync','Unix',0,0,0,0,'{\"unixBackend\":\"nss\",\"fileName\":\"/etc/passwd\",\"syncTime\":\"2022-05-16 08:32:05\",\"lastModified\":\"1969-12-31 16:00:00\",\"minUserId\":\"999\",\"minGroupId\":\"0\",\"totalUsersSynced\":\"64\",\"totalGroupsSynced\":\"129\",\"totalUsersDeleted\":\"0\",\"totalGroupsDeleted\":\"0\"}','1'),(129,'2022-05-16 15:33:05','2022-05-16 15:33:05',2,2,'2022-05-16 15:33:05','rangerusersync','Unix',0,0,0,0,'{\"unixBackend\":\"nss\",\"fileName\":\"/etc/passwd\",\"syncTime\":\"2022-05-16 08:33:05\",\"lastModified\":\"1969-12-31 16:00:00\",\"minUserId\":\"999\",\"minGroupId\":\"0\",\"totalUsersSynced\":\"64\",\"totalGroupsSynced\":\"129\",\"totalUsersDeleted\":\"0\",\"totalGroupsDeleted\":\"0\"}','1'),(130,'2022-05-16 15:34:05','2022-05-16 15:34:05',2,2,'2022-05-16 15:34:05','rangerusersync','Unix',0,0,0,0,'{\"unixBackend\":\"nss\",\"fileName\":\"/etc/passwd\",\"syncTime\":\"2022-05-16 08:34:05\",\"lastModified\":\"1969-12-31 16:00:00\",\"minUserId\":\"999\",\"minGroupId\":\"0\",\"totalUsersSynced\":\"64\",\"totalGroupsSynced\":\"129\",\"totalUsersDeleted\":\"0\",\"totalGroupsDeleted\":\"0\"}','1'),(131,'2022-05-16 15:35:05','2022-05-16 15:35:05',2,2,'2022-05-16 15:35:05','rangerusersync','Unix',0,0,0,0,'{\"unixBackend\":\"nss\",\"fileName\":\"/etc/passwd\",\"syncTime\":\"2022-05-16 08:35:05\",\"lastModified\":\"1969-12-31 16:00:00\",\"minUserId\":\"999\",\"minGroupId\":\"0\",\"totalUsersSynced\":\"64\",\"totalGroupsSynced\":\"129\",\"totalUsersDeleted\":\"0\",\"totalGroupsDeleted\":\"0\"}','1'),(132,'2022-05-16 15:36:05','2022-05-16 15:36:05',2,2,'2022-05-16 15:36:05','rangerusersync','Unix',0,0,0,0,'{\"unixBackend\":\"nss\",\"fileName\":\"/etc/passwd\",\"syncTime\":\"2022-05-16 08:36:05\",\"lastModified\":\"1969-12-31 16:00:00\",\"minUserId\":\"999\",\"minGroupId\":\"0\",\"totalUsersSynced\":\"64\",\"totalGroupsSynced\":\"129\",\"totalUsersDeleted\":\"0\",\"totalGroupsDeleted\":\"0\"}','1'),(133,'2022-05-16 15:37:05','2022-05-16 15:37:05',2,2,'2022-05-16 15:37:05','rangerusersync','Unix',0,0,0,0,'{\"unixBackend\":\"nss\",\"fileName\":\"/etc/passwd\",\"syncTime\":\"2022-05-16 08:37:05\",\"lastModified\":\"1969-12-31 16:00:00\",\"minUserId\":\"999\",\"minGroupId\":\"0\",\"totalUsersSynced\":\"64\",\"totalGroupsSynced\":\"129\",\"totalUsersDeleted\":\"0\",\"totalGroupsDeleted\":\"0\"}','1'),(134,'2022-05-16 15:38:05','2022-05-16 15:38:05',2,2,'2022-05-16 15:38:05','rangerusersync','Unix',0,0,0,0,'{\"unixBackend\":\"nss\",\"fileName\":\"/etc/passwd\",\"syncTime\":\"2022-05-16 08:38:05\",\"lastModified\":\"1969-12-31 16:00:00\",\"minUserId\":\"999\",\"minGroupId\":\"0\",\"totalUsersSynced\":\"64\",\"totalGroupsSynced\":\"129\",\"totalUsersDeleted\":\"0\",\"totalGroupsDeleted\":\"0\"}','1'),(135,'2022-05-16 15:39:05','2022-05-16 15:39:05',2,2,'2022-05-16 15:39:05','rangerusersync','Unix',0,0,0,0,'{\"unixBackend\":\"nss\",\"fileName\":\"/etc/passwd\",\"syncTime\":\"2022-05-16 08:39:05\",\"lastModified\":\"1969-12-31 16:00:00\",\"minUserId\":\"999\",\"minGroupId\":\"0\",\"totalUsersSynced\":\"64\",\"totalGroupsSynced\":\"129\",\"totalUsersDeleted\":\"0\",\"totalGroupsDeleted\":\"0\"}','1'),(136,'2022-05-16 15:40:05','2022-05-16 15:40:05',2,2,'2022-05-16 15:40:05','rangerusersync','Unix',0,0,0,0,'{\"unixBackend\":\"nss\",\"fileName\":\"/etc/passwd\",\"syncTime\":\"2022-05-16 08:40:05\",\"lastModified\":\"1969-12-31 16:00:00\",\"minUserId\":\"999\",\"minGroupId\":\"0\",\"totalUsersSynced\":\"64\",\"totalGroupsSynced\":\"129\",\"totalUsersDeleted\":\"0\",\"totalGroupsDeleted\":\"0\"}','1'),(137,'2022-05-16 15:41:05','2022-05-16 15:41:05',2,2,'2022-05-16 15:41:05','rangerusersync','Unix',0,0,0,0,'{\"unixBackend\":\"nss\",\"fileName\":\"/etc/passwd\",\"syncTime\":\"2022-05-16 08:41:05\",\"lastModified\":\"1969-12-31 16:00:00\",\"minUserId\":\"999\",\"minGroupId\":\"0\",\"totalUsersSynced\":\"64\",\"totalGroupsSynced\":\"129\",\"totalUsersDeleted\":\"0\",\"totalGroupsDeleted\":\"0\"}','1'),(138,'2022-05-16 15:42:05','2022-05-16 15:42:05',2,2,'2022-05-16 15:42:05','rangerusersync','Unix',0,0,0,0,'{\"unixBackend\":\"nss\",\"fileName\":\"/etc/passwd\",\"syncTime\":\"2022-05-16 08:42:05\",\"lastModified\":\"1969-12-31 16:00:00\",\"minUserId\":\"999\",\"minGroupId\":\"0\",\"totalUsersSynced\":\"64\",\"totalGroupsSynced\":\"129\",\"totalUsersDeleted\":\"0\",\"totalGroupsDeleted\":\"0\"}','1'),(139,'2022-05-16 15:43:05','2022-05-16 15:43:05',2,2,'2022-05-16 15:43:05','rangerusersync','Unix',0,0,0,0,'{\"unixBackend\":\"nss\",\"fileName\":\"/etc/passwd\",\"syncTime\":\"2022-05-16 08:43:05\",\"lastModified\":\"1969-12-31 16:00:00\",\"minUserId\":\"999\",\"minGroupId\":\"0\",\"totalUsersSynced\":\"64\",\"totalGroupsSynced\":\"129\",\"totalUsersDeleted\":\"0\",\"totalGroupsDeleted\":\"0\"}','1'),(140,'2022-05-16 15:44:06','2022-05-16 15:44:06',2,2,'2022-05-16 15:44:06','rangerusersync','Unix',0,0,0,0,'{\"unixBackend\":\"nss\",\"fileName\":\"/etc/passwd\",\"syncTime\":\"2022-05-16 08:44:05\",\"lastModified\":\"1969-12-31 16:00:00\",\"minUserId\":\"999\",\"minGroupId\":\"0\",\"totalUsersSynced\":\"64\",\"totalGroupsSynced\":\"129\",\"totalUsersDeleted\":\"0\",\"totalGroupsDeleted\":\"0\"}','1'),(141,'2022-05-16 15:45:06','2022-05-16 15:45:06',2,2,'2022-05-16 15:45:06','rangerusersync','Unix',0,0,0,0,'{\"unixBackend\":\"nss\",\"fileName\":\"/etc/passwd\",\"syncTime\":\"2022-05-16 08:45:06\",\"lastModified\":\"1969-12-31 16:00:00\",\"minUserId\":\"999\",\"minGroupId\":\"0\",\"totalUsersSynced\":\"64\",\"totalGroupsSynced\":\"129\",\"totalUsersDeleted\":\"0\",\"totalGroupsDeleted\":\"0\"}','1'),(142,'2022-05-16 15:46:06','2022-05-16 15:46:06',2,2,'2022-05-16 15:46:06','rangerusersync','Unix',0,0,0,0,'{\"unixBackend\":\"nss\",\"fileName\":\"/etc/passwd\",\"syncTime\":\"2022-05-16 08:46:06\",\"lastModified\":\"1969-12-31 16:00:00\",\"minUserId\":\"999\",\"minGroupId\":\"0\",\"totalUsersSynced\":\"64\",\"totalGroupsSynced\":\"129\",\"totalUsersDeleted\":\"0\",\"totalGroupsDeleted\":\"0\"}','1'),(143,'2022-05-16 15:47:06','2022-05-16 15:47:06',2,2,'2022-05-16 15:47:06','rangerusersync','Unix',0,0,0,0,'{\"unixBackend\":\"nss\",\"fileName\":\"/etc/passwd\",\"syncTime\":\"2022-05-16 08:47:06\",\"lastModified\":\"1969-12-31 16:00:00\",\"minUserId\":\"999\",\"minGroupId\":\"0\",\"totalUsersSynced\":\"64\",\"totalGroupsSynced\":\"129\",\"totalUsersDeleted\":\"0\",\"totalGroupsDeleted\":\"0\"}','1'),(144,'2022-05-16 15:48:06','2022-05-16 15:48:06',2,2,'2022-05-16 15:48:06','rangerusersync','Unix',0,0,0,0,'{\"unixBackend\":\"nss\",\"fileName\":\"/etc/passwd\",\"syncTime\":\"2022-05-16 08:48:06\",\"lastModified\":\"1969-12-31 16:00:00\",\"minUserId\":\"999\",\"minGroupId\":\"0\",\"totalUsersSynced\":\"64\",\"totalGroupsSynced\":\"129\",\"totalUsersDeleted\":\"0\",\"totalGroupsDeleted\":\"0\"}','1'),(145,'2022-05-16 15:49:06','2022-05-16 15:49:06',2,2,'2022-05-16 15:49:06','rangerusersync','Unix',0,0,0,0,'{\"unixBackend\":\"nss\",\"fileName\":\"/etc/passwd\",\"syncTime\":\"2022-05-16 08:49:06\",\"lastModified\":\"1969-12-31 16:00:00\",\"minUserId\":\"999\",\"minGroupId\":\"0\",\"totalUsersSynced\":\"64\",\"totalGroupsSynced\":\"129\",\"totalUsersDeleted\":\"0\",\"totalGroupsDeleted\":\"0\"}','1'),(146,'2022-05-16 15:50:06','2022-05-16 15:50:06',2,2,'2022-05-16 15:50:06','rangerusersync','Unix',0,0,0,0,'{\"unixBackend\":\"nss\",\"fileName\":\"/etc/passwd\",\"syncTime\":\"2022-05-16 08:50:06\",\"lastModified\":\"1969-12-31 16:00:00\",\"minUserId\":\"999\",\"minGroupId\":\"0\",\"totalUsersSynced\":\"64\",\"totalGroupsSynced\":\"129\",\"totalUsersDeleted\":\"0\",\"totalGroupsDeleted\":\"0\"}','1'),(147,'2022-05-16 15:51:06','2022-05-16 15:51:06',2,2,'2022-05-16 15:51:06','rangerusersync','Unix',0,0,0,0,'{\"unixBackend\":\"nss\",\"fileName\":\"/etc/passwd\",\"syncTime\":\"2022-05-16 08:51:06\",\"lastModified\":\"1969-12-31 16:00:00\",\"minUserId\":\"999\",\"minGroupId\":\"0\",\"totalUsersSynced\":\"64\",\"totalGroupsSynced\":\"129\",\"totalUsersDeleted\":\"0\",\"totalGroupsDeleted\":\"0\"}','1'),(148,'2022-05-16 15:52:06','2022-05-16 15:52:06',2,2,'2022-05-16 15:52:06','rangerusersync','Unix',0,0,0,0,'{\"unixBackend\":\"nss\",\"fileName\":\"/etc/passwd\",\"syncTime\":\"2022-05-16 08:52:06\",\"lastModified\":\"1969-12-31 16:00:00\",\"minUserId\":\"999\",\"minGroupId\":\"0\",\"totalUsersSynced\":\"64\",\"totalGroupsSynced\":\"129\",\"totalUsersDeleted\":\"0\",\"totalGroupsDeleted\":\"0\"}','1'),(149,'2022-05-16 15:53:06','2022-05-16 15:53:06',2,2,'2022-05-16 15:53:06','rangerusersync','Unix',0,0,0,0,'{\"unixBackend\":\"nss\",\"fileName\":\"/etc/passwd\",\"syncTime\":\"2022-05-16 08:53:06\",\"lastModified\":\"1969-12-31 16:00:00\",\"minUserId\":\"999\",\"minGroupId\":\"0\",\"totalUsersSynced\":\"64\",\"totalGroupsSynced\":\"129\",\"totalUsersDeleted\":\"0\",\"totalGroupsDeleted\":\"0\"}','1'),(150,'2022-05-16 15:54:06','2022-05-16 15:54:06',2,2,'2022-05-16 15:54:06','rangerusersync','Unix',0,0,0,0,'{\"unixBackend\":\"nss\",\"fileName\":\"/etc/passwd\",\"syncTime\":\"2022-05-16 08:54:06\",\"lastModified\":\"1969-12-31 16:00:00\",\"minUserId\":\"999\",\"minGroupId\":\"0\",\"totalUsersSynced\":\"64\",\"totalGroupsSynced\":\"129\",\"totalUsersDeleted\":\"0\",\"totalGroupsDeleted\":\"0\"}','1'),(151,'2022-05-16 15:55:06','2022-05-16 15:55:06',2,2,'2022-05-16 15:55:06','rangerusersync','Unix',0,0,0,0,'{\"unixBackend\":\"nss\",\"fileName\":\"/etc/passwd\",\"syncTime\":\"2022-05-16 08:55:06\",\"lastModified\":\"1969-12-31 16:00:00\",\"minUserId\":\"999\",\"minGroupId\":\"0\",\"totalUsersSynced\":\"64\",\"totalGroupsSynced\":\"129\",\"totalUsersDeleted\":\"0\",\"totalGroupsDeleted\":\"0\"}','1'),(152,'2022-05-16 15:56:06','2022-05-16 15:56:06',2,2,'2022-05-16 15:56:06','rangerusersync','Unix',0,0,0,0,'{\"unixBackend\":\"nss\",\"fileName\":\"/etc/passwd\",\"syncTime\":\"2022-05-16 08:56:06\",\"lastModified\":\"1969-12-31 16:00:00\",\"minUserId\":\"999\",\"minGroupId\":\"0\",\"totalUsersSynced\":\"64\",\"totalGroupsSynced\":\"129\",\"totalUsersDeleted\":\"0\",\"totalGroupsDeleted\":\"0\"}','1'),(153,'2022-05-16 15:57:06','2022-05-16 15:57:06',2,2,'2022-05-16 15:57:06','rangerusersync','Unix',0,0,0,0,'{\"unixBackend\":\"nss\",\"fileName\":\"/etc/passwd\",\"syncTime\":\"2022-05-16 08:57:06\",\"lastModified\":\"1969-12-31 16:00:00\",\"minUserId\":\"999\",\"minGroupId\":\"0\",\"totalUsersSynced\":\"64\",\"totalGroupsSynced\":\"129\",\"totalUsersDeleted\":\"0\",\"totalGroupsDeleted\":\"0\"}','1'),(154,'2022-05-16 15:58:06','2022-05-16 15:58:06',2,2,'2022-05-16 15:58:06','rangerusersync','Unix',0,0,0,0,'{\"unixBackend\":\"nss\",\"fileName\":\"/etc/passwd\",\"syncTime\":\"2022-05-16 08:58:06\",\"lastModified\":\"1969-12-31 16:00:00\",\"minUserId\":\"999\",\"minGroupId\":\"0\",\"totalUsersSynced\":\"64\",\"totalGroupsSynced\":\"129\",\"totalUsersDeleted\":\"0\",\"totalGroupsDeleted\":\"0\"}','1'),(155,'2022-05-16 15:59:06','2022-05-16 15:59:06',2,2,'2022-05-16 15:59:06','rangerusersync','Unix',0,0,0,0,'{\"unixBackend\":\"nss\",\"fileName\":\"/etc/passwd\",\"syncTime\":\"2022-05-16 08:59:06\",\"lastModified\":\"1969-12-31 16:00:00\",\"minUserId\":\"999\",\"minGroupId\":\"0\",\"totalUsersSynced\":\"64\",\"totalGroupsSynced\":\"129\",\"totalUsersDeleted\":\"0\",\"totalGroupsDeleted\":\"0\"}','1'),(156,'2022-05-16 16:00:06','2022-05-16 16:00:06',2,2,'2022-05-16 16:00:06','rangerusersync','Unix',0,0,0,0,'{\"unixBackend\":\"nss\",\"fileName\":\"/etc/passwd\",\"syncTime\":\"2022-05-16 09:00:06\",\"lastModified\":\"1969-12-31 16:00:00\",\"minUserId\":\"999\",\"minGroupId\":\"0\",\"totalUsersSynced\":\"64\",\"totalGroupsSynced\":\"129\",\"totalUsersDeleted\":\"0\",\"totalGroupsDeleted\":\"0\"}','1'),(157,'2022-05-16 16:01:06','2022-05-16 16:01:06',2,2,'2022-05-16 16:01:06','rangerusersync','Unix',0,0,0,0,'{\"unixBackend\":\"nss\",\"fileName\":\"/etc/passwd\",\"syncTime\":\"2022-05-16 09:01:06\",\"lastModified\":\"1969-12-31 16:00:00\",\"minUserId\":\"999\",\"minGroupId\":\"0\",\"totalUsersSynced\":\"64\",\"totalGroupsSynced\":\"129\",\"totalUsersDeleted\":\"0\",\"totalGroupsDeleted\":\"0\"}','1'),(158,'2022-05-16 16:02:06','2022-05-16 16:02:06',2,2,'2022-05-16 16:02:06','rangerusersync','Unix',0,0,0,0,'{\"unixBackend\":\"nss\",\"fileName\":\"/etc/passwd\",\"syncTime\":\"2022-05-16 09:02:06\",\"lastModified\":\"1969-12-31 16:00:00\",\"minUserId\":\"999\",\"minGroupId\":\"0\",\"totalUsersSynced\":\"64\",\"totalGroupsSynced\":\"129\",\"totalUsersDeleted\":\"0\",\"totalGroupsDeleted\":\"0\"}','1'),(159,'2022-05-16 16:03:06','2022-05-16 16:03:06',2,2,'2022-05-16 16:03:06','rangerusersync','Unix',0,0,0,0,'{\"unixBackend\":\"nss\",\"fileName\":\"/etc/passwd\",\"syncTime\":\"2022-05-16 09:03:06\",\"lastModified\":\"1969-12-31 16:00:00\",\"minUserId\":\"999\",\"minGroupId\":\"0\",\"totalUsersSynced\":\"64\",\"totalGroupsSynced\":\"129\",\"totalUsersDeleted\":\"0\",\"totalGroupsDeleted\":\"0\"}','1'),(160,'2022-05-16 16:04:06','2022-05-16 16:04:06',2,2,'2022-05-16 16:04:06','rangerusersync','Unix',0,0,0,0,'{\"unixBackend\":\"nss\",\"fileName\":\"/etc/passwd\",\"syncTime\":\"2022-05-16 09:04:06\",\"lastModified\":\"1969-12-31 16:00:00\",\"minUserId\":\"999\",\"minGroupId\":\"0\",\"totalUsersSynced\":\"64\",\"totalGroupsSynced\":\"129\",\"totalUsersDeleted\":\"0\",\"totalGroupsDeleted\":\"0\"}','1'),(161,'2022-05-16 16:05:06','2022-05-16 16:05:06',2,2,'2022-05-16 16:05:06','rangerusersync','Unix',0,0,0,0,'{\"unixBackend\":\"nss\",\"fileName\":\"/etc/passwd\",\"syncTime\":\"2022-05-16 09:05:06\",\"lastModified\":\"1969-12-31 16:00:00\",\"minUserId\":\"999\",\"minGroupId\":\"0\",\"totalUsersSynced\":\"64\",\"totalGroupsSynced\":\"129\",\"totalUsersDeleted\":\"0\",\"totalGroupsDeleted\":\"0\"}','1'),(162,'2022-05-16 16:06:06','2022-05-16 16:06:06',2,2,'2022-05-16 16:06:06','rangerusersync','Unix',0,0,0,0,'{\"unixBackend\":\"nss\",\"fileName\":\"/etc/passwd\",\"syncTime\":\"2022-05-16 09:06:06\",\"lastModified\":\"1969-12-31 16:00:00\",\"minUserId\":\"999\",\"minGroupId\":\"0\",\"totalUsersSynced\":\"64\",\"totalGroupsSynced\":\"129\",\"totalUsersDeleted\":\"0\",\"totalGroupsDeleted\":\"0\"}','1'),(163,'2022-05-16 16:07:06','2022-05-16 16:07:06',2,2,'2022-05-16 16:07:06','rangerusersync','Unix',0,0,0,0,'{\"unixBackend\":\"nss\",\"fileName\":\"/etc/passwd\",\"syncTime\":\"2022-05-16 09:07:06\",\"lastModified\":\"1969-12-31 16:00:00\",\"minUserId\":\"999\",\"minGroupId\":\"0\",\"totalUsersSynced\":\"64\",\"totalGroupsSynced\":\"129\",\"totalUsersDeleted\":\"0\",\"totalGroupsDeleted\":\"0\"}','1'),(164,'2022-05-16 16:08:06','2022-05-16 16:08:06',2,2,'2022-05-16 16:08:06','rangerusersync','Unix',0,0,0,0,'{\"unixBackend\":\"nss\",\"fileName\":\"/etc/passwd\",\"syncTime\":\"2022-05-16 09:08:06\",\"lastModified\":\"1969-12-31 16:00:00\",\"minUserId\":\"999\",\"minGroupId\":\"0\",\"totalUsersSynced\":\"64\",\"totalGroupsSynced\":\"129\",\"totalUsersDeleted\":\"0\",\"totalGroupsDeleted\":\"0\"}','1'),(165,'2022-05-16 16:09:06','2022-05-16 16:09:06',2,2,'2022-05-16 16:09:06','rangerusersync','Unix',0,0,0,0,'{\"unixBackend\":\"nss\",\"fileName\":\"/etc/passwd\",\"syncTime\":\"2022-05-16 09:09:06\",\"lastModified\":\"1969-12-31 16:00:00\",\"minUserId\":\"999\",\"minGroupId\":\"0\",\"totalUsersSynced\":\"64\",\"totalGroupsSynced\":\"129\",\"totalUsersDeleted\":\"0\",\"totalGroupsDeleted\":\"0\"}','1'),(166,'2022-05-16 16:10:06','2022-05-16 16:10:06',2,2,'2022-05-16 16:10:06','rangerusersync','Unix',0,0,0,0,'{\"unixBackend\":\"nss\",\"fileName\":\"/etc/passwd\",\"syncTime\":\"2022-05-16 09:10:06\",\"lastModified\":\"1969-12-31 16:00:00\",\"minUserId\":\"999\",\"minGroupId\":\"0\",\"totalUsersSynced\":\"64\",\"totalGroupsSynced\":\"129\",\"totalUsersDeleted\":\"0\",\"totalGroupsDeleted\":\"0\"}','1'),(167,'2022-05-16 16:11:07','2022-05-16 16:11:07',2,2,'2022-05-16 16:11:07','rangerusersync','Unix',0,0,0,0,'{\"unixBackend\":\"nss\",\"fileName\":\"/etc/passwd\",\"syncTime\":\"2022-05-16 09:11:06\",\"lastModified\":\"1969-12-31 16:00:00\",\"minUserId\":\"999\",\"minGroupId\":\"0\",\"totalUsersSynced\":\"64\",\"totalGroupsSynced\":\"129\",\"totalUsersDeleted\":\"0\",\"totalGroupsDeleted\":\"0\"}','1'),(168,'2022-05-16 16:12:07','2022-05-16 16:12:07',2,2,'2022-05-16 16:12:07','rangerusersync','Unix',0,0,0,0,'{\"unixBackend\":\"nss\",\"fileName\":\"/etc/passwd\",\"syncTime\":\"2022-05-16 09:12:07\",\"lastModified\":\"1969-12-31 16:00:00\",\"minUserId\":\"999\",\"minGroupId\":\"0\",\"totalUsersSynced\":\"64\",\"totalGroupsSynced\":\"129\",\"totalUsersDeleted\":\"0\",\"totalGroupsDeleted\":\"0\"}','1'),(169,'2022-05-16 16:13:07','2022-05-16 16:13:07',2,2,'2022-05-16 16:13:07','rangerusersync','Unix',0,0,0,0,'{\"unixBackend\":\"nss\",\"fileName\":\"/etc/passwd\",\"syncTime\":\"2022-05-16 09:13:07\",\"lastModified\":\"1969-12-31 16:00:00\",\"minUserId\":\"999\",\"minGroupId\":\"0\",\"totalUsersSynced\":\"64\",\"totalGroupsSynced\":\"129\",\"totalUsersDeleted\":\"0\",\"totalGroupsDeleted\":\"0\"}','1'),(170,'2022-05-16 16:14:07','2022-05-16 16:14:07',2,2,'2022-05-16 16:14:07','rangerusersync','Unix',0,0,0,0,'{\"unixBackend\":\"nss\",\"fileName\":\"/etc/passwd\",\"syncTime\":\"2022-05-16 09:14:07\",\"lastModified\":\"1969-12-31 16:00:00\",\"minUserId\":\"999\",\"minGroupId\":\"0\",\"totalUsersSynced\":\"64\",\"totalGroupsSynced\":\"129\",\"totalUsersDeleted\":\"0\",\"totalGroupsDeleted\":\"0\"}','1'),(171,'2022-05-16 16:15:07','2022-05-16 16:15:07',2,2,'2022-05-16 16:15:07','rangerusersync','Unix',0,0,0,0,'{\"unixBackend\":\"nss\",\"fileName\":\"/etc/passwd\",\"syncTime\":\"2022-05-16 09:15:07\",\"lastModified\":\"1969-12-31 16:00:00\",\"minUserId\":\"999\",\"minGroupId\":\"0\",\"totalUsersSynced\":\"64\",\"totalGroupsSynced\":\"129\",\"totalUsersDeleted\":\"0\",\"totalGroupsDeleted\":\"0\"}','1'),(172,'2022-05-16 16:16:07','2022-05-16 16:16:07',2,2,'2022-05-16 16:16:07','rangerusersync','Unix',0,0,0,0,'{\"unixBackend\":\"nss\",\"fileName\":\"/etc/passwd\",\"syncTime\":\"2022-05-16 09:16:07\",\"lastModified\":\"1969-12-31 16:00:00\",\"minUserId\":\"999\",\"minGroupId\":\"0\",\"totalUsersSynced\":\"64\",\"totalGroupsSynced\":\"129\",\"totalUsersDeleted\":\"0\",\"totalGroupsDeleted\":\"0\"}','1'),(173,'2022-05-16 16:17:07','2022-05-16 16:17:07',2,2,'2022-05-16 16:17:07','rangerusersync','Unix',0,0,0,0,'{\"unixBackend\":\"nss\",\"fileName\":\"/etc/passwd\",\"syncTime\":\"2022-05-16 09:17:07\",\"lastModified\":\"1969-12-31 16:00:00\",\"minUserId\":\"999\",\"minGroupId\":\"0\",\"totalUsersSynced\":\"64\",\"totalGroupsSynced\":\"129\",\"totalUsersDeleted\":\"0\",\"totalGroupsDeleted\":\"0\"}','1'),(174,'2022-05-16 16:18:07','2022-05-16 16:18:07',2,2,'2022-05-16 16:18:07','rangerusersync','Unix',0,0,0,0,'{\"unixBackend\":\"nss\",\"fileName\":\"/etc/passwd\",\"syncTime\":\"2022-05-16 09:18:07\",\"lastModified\":\"1969-12-31 16:00:00\",\"minUserId\":\"999\",\"minGroupId\":\"0\",\"totalUsersSynced\":\"64\",\"totalGroupsSynced\":\"129\",\"totalUsersDeleted\":\"0\",\"totalGroupsDeleted\":\"0\"}','1'),(175,'2022-05-16 16:19:07','2022-05-16 16:19:07',2,2,'2022-05-16 16:19:07','rangerusersync','Unix',0,0,0,0,'{\"unixBackend\":\"nss\",\"fileName\":\"/etc/passwd\",\"syncTime\":\"2022-05-16 09:19:07\",\"lastModified\":\"1969-12-31 16:00:00\",\"minUserId\":\"999\",\"minGroupId\":\"0\",\"totalUsersSynced\":\"64\",\"totalGroupsSynced\":\"129\",\"totalUsersDeleted\":\"0\",\"totalGroupsDeleted\":\"0\"}','1'),(176,'2022-05-16 16:20:07','2022-05-16 16:20:07',2,2,'2022-05-16 16:20:07','rangerusersync','Unix',0,0,0,0,'{\"unixBackend\":\"nss\",\"fileName\":\"/etc/passwd\",\"syncTime\":\"2022-05-16 09:20:07\",\"lastModified\":\"1969-12-31 16:00:00\",\"minUserId\":\"999\",\"minGroupId\":\"0\",\"totalUsersSynced\":\"64\",\"totalGroupsSynced\":\"129\",\"totalUsersDeleted\":\"0\",\"totalGroupsDeleted\":\"0\"}','1'),(177,'2022-05-16 16:21:07','2022-05-16 16:21:07',2,2,'2022-05-16 16:21:07','rangerusersync','Unix',0,0,0,0,'{\"unixBackend\":\"nss\",\"fileName\":\"/etc/passwd\",\"syncTime\":\"2022-05-16 09:21:07\",\"lastModified\":\"1969-12-31 16:00:00\",\"minUserId\":\"999\",\"minGroupId\":\"0\",\"totalUsersSynced\":\"64\",\"totalGroupsSynced\":\"129\",\"totalUsersDeleted\":\"0\",\"totalGroupsDeleted\":\"0\"}','1'),(178,'2022-05-16 16:22:07','2022-05-16 16:22:07',2,2,'2022-05-16 16:22:07','rangerusersync','Unix',0,0,0,0,'{\"unixBackend\":\"nss\",\"fileName\":\"/etc/passwd\",\"syncTime\":\"2022-05-16 09:22:07\",\"lastModified\":\"1969-12-31 16:00:00\",\"minUserId\":\"999\",\"minGroupId\":\"0\",\"totalUsersSynced\":\"64\",\"totalGroupsSynced\":\"129\",\"totalUsersDeleted\":\"0\",\"totalGroupsDeleted\":\"0\"}','1'),(179,'2022-05-16 16:23:07','2022-05-16 16:23:07',2,2,'2022-05-16 16:23:07','rangerusersync','Unix',0,0,0,0,'{\"unixBackend\":\"nss\",\"fileName\":\"/etc/passwd\",\"syncTime\":\"2022-05-16 09:23:07\",\"lastModified\":\"1969-12-31 16:00:00\",\"minUserId\":\"999\",\"minGroupId\":\"0\",\"totalUsersSynced\":\"64\",\"totalGroupsSynced\":\"129\",\"totalUsersDeleted\":\"0\",\"totalGroupsDeleted\":\"0\"}','1'),(180,'2022-05-16 16:24:07','2022-05-16 16:24:07',2,2,'2022-05-16 16:24:07','rangerusersync','Unix',0,0,0,0,'{\"unixBackend\":\"nss\",\"fileName\":\"/etc/passwd\",\"syncTime\":\"2022-05-16 09:24:07\",\"lastModified\":\"1969-12-31 16:00:00\",\"minUserId\":\"999\",\"minGroupId\":\"0\",\"totalUsersSynced\":\"64\",\"totalGroupsSynced\":\"129\",\"totalUsersDeleted\":\"0\",\"totalGroupsDeleted\":\"0\"}','1'),(181,'2022-05-16 16:25:07','2022-05-16 16:25:07',2,2,'2022-05-16 16:25:07','rangerusersync','Unix',0,0,0,0,'{\"unixBackend\":\"nss\",\"fileName\":\"/etc/passwd\",\"syncTime\":\"2022-05-16 09:25:07\",\"lastModified\":\"1969-12-31 16:00:00\",\"minUserId\":\"999\",\"minGroupId\":\"0\",\"totalUsersSynced\":\"64\",\"totalGroupsSynced\":\"129\",\"totalUsersDeleted\":\"0\",\"totalGroupsDeleted\":\"0\"}','1'),(182,'2022-05-16 16:26:07','2022-05-16 16:26:07',2,2,'2022-05-16 16:26:07','rangerusersync','Unix',0,0,0,0,'{\"unixBackend\":\"nss\",\"fileName\":\"/etc/passwd\",\"syncTime\":\"2022-05-16 09:26:07\",\"lastModified\":\"1969-12-31 16:00:00\",\"minUserId\":\"999\",\"minGroupId\":\"0\",\"totalUsersSynced\":\"64\",\"totalGroupsSynced\":\"129\",\"totalUsersDeleted\":\"0\",\"totalGroupsDeleted\":\"0\"}','1'),(183,'2022-05-16 16:27:07','2022-05-16 16:27:07',2,2,'2022-05-16 16:27:07','rangerusersync','Unix',0,0,0,0,'{\"unixBackend\":\"nss\",\"fileName\":\"/etc/passwd\",\"syncTime\":\"2022-05-16 09:27:07\",\"lastModified\":\"1969-12-31 16:00:00\",\"minUserId\":\"999\",\"minGroupId\":\"0\",\"totalUsersSynced\":\"64\",\"totalGroupsSynced\":\"129\",\"totalUsersDeleted\":\"0\",\"totalGroupsDeleted\":\"0\"}','1'),(184,'2022-05-16 16:28:07','2022-05-16 16:28:07',2,2,'2022-05-16 16:28:07','rangerusersync','Unix',0,0,0,0,'{\"unixBackend\":\"nss\",\"fileName\":\"/etc/passwd\",\"syncTime\":\"2022-05-16 09:28:07\",\"lastModified\":\"1969-12-31 16:00:00\",\"minUserId\":\"999\",\"minGroupId\":\"0\",\"totalUsersSynced\":\"64\",\"totalGroupsSynced\":\"129\",\"totalUsersDeleted\":\"0\",\"totalGroupsDeleted\":\"0\"}','1'),(185,'2022-05-16 16:29:07','2022-05-16 16:29:07',2,2,'2022-05-16 16:29:07','rangerusersync','Unix',0,0,0,0,'{\"unixBackend\":\"nss\",\"fileName\":\"/etc/passwd\",\"syncTime\":\"2022-05-16 09:29:07\",\"lastModified\":\"1969-12-31 16:00:00\",\"minUserId\":\"999\",\"minGroupId\":\"0\",\"totalUsersSynced\":\"64\",\"totalGroupsSynced\":\"129\",\"totalUsersDeleted\":\"0\",\"totalGroupsDeleted\":\"0\"}','1'),(186,'2022-05-16 16:30:07','2022-05-16 16:30:07',2,2,'2022-05-16 16:30:07','rangerusersync','Unix',0,0,0,0,'{\"unixBackend\":\"nss\",\"fileName\":\"/etc/passwd\",\"syncTime\":\"2022-05-16 09:30:07\",\"lastModified\":\"1969-12-31 16:00:00\",\"minUserId\":\"999\",\"minGroupId\":\"0\",\"totalUsersSynced\":\"64\",\"totalGroupsSynced\":\"129\",\"totalUsersDeleted\":\"0\",\"totalGroupsDeleted\":\"0\"}','1'),(187,'2022-05-16 16:31:07','2022-05-16 16:31:07',2,2,'2022-05-16 16:31:07','rangerusersync','Unix',0,0,0,0,'{\"unixBackend\":\"nss\",\"fileName\":\"/etc/passwd\",\"syncTime\":\"2022-05-16 09:31:07\",\"lastModified\":\"1969-12-31 16:00:00\",\"minUserId\":\"999\",\"minGroupId\":\"0\",\"totalUsersSynced\":\"64\",\"totalGroupsSynced\":\"129\",\"totalUsersDeleted\":\"0\",\"totalGroupsDeleted\":\"0\"}','1'),(188,'2022-05-16 16:32:07','2022-05-16 16:32:07',2,2,'2022-05-16 16:32:07','rangerusersync','Unix',0,0,0,0,'{\"unixBackend\":\"nss\",\"fileName\":\"/etc/passwd\",\"syncTime\":\"2022-05-16 09:32:07\",\"lastModified\":\"1969-12-31 16:00:00\",\"minUserId\":\"999\",\"minGroupId\":\"0\",\"totalUsersSynced\":\"64\",\"totalGroupsSynced\":\"129\",\"totalUsersDeleted\":\"0\",\"totalGroupsDeleted\":\"0\"}','1'),(189,'2022-05-16 16:33:07','2022-05-16 16:33:07',2,2,'2022-05-16 16:33:07','rangerusersync','Unix',0,0,0,0,'{\"unixBackend\":\"nss\",\"fileName\":\"/etc/passwd\",\"syncTime\":\"2022-05-16 09:33:07\",\"lastModified\":\"1969-12-31 16:00:00\",\"minUserId\":\"999\",\"minGroupId\":\"0\",\"totalUsersSynced\":\"64\",\"totalGroupsSynced\":\"129\",\"totalUsersDeleted\":\"0\",\"totalGroupsDeleted\":\"0\"}','1'),(190,'2022-05-16 16:34:07','2022-05-16 16:34:07',2,2,'2022-05-16 16:34:07','rangerusersync','Unix',0,0,0,0,'{\"unixBackend\":\"nss\",\"fileName\":\"/etc/passwd\",\"syncTime\":\"2022-05-16 09:34:07\",\"lastModified\":\"1969-12-31 16:00:00\",\"minUserId\":\"999\",\"minGroupId\":\"0\",\"totalUsersSynced\":\"64\",\"totalGroupsSynced\":\"129\",\"totalUsersDeleted\":\"0\",\"totalGroupsDeleted\":\"0\"}','1'),(191,'2022-05-16 16:35:07','2022-05-16 16:35:07',2,2,'2022-05-16 16:35:07','rangerusersync','Unix',0,0,0,0,'{\"unixBackend\":\"nss\",\"fileName\":\"/etc/passwd\",\"syncTime\":\"2022-05-16 09:35:07\",\"lastModified\":\"1969-12-31 16:00:00\",\"minUserId\":\"999\",\"minGroupId\":\"0\",\"totalUsersSynced\":\"64\",\"totalGroupsSynced\":\"129\",\"totalUsersDeleted\":\"0\",\"totalGroupsDeleted\":\"0\"}','1'),(192,'2022-05-16 16:36:07','2022-05-16 16:36:07',2,2,'2022-05-16 16:36:07','rangerusersync','Unix',0,0,0,0,'{\"unixBackend\":\"nss\",\"fileName\":\"/etc/passwd\",\"syncTime\":\"2022-05-16 09:36:07\",\"lastModified\":\"1969-12-31 16:00:00\",\"minUserId\":\"999\",\"minGroupId\":\"0\",\"totalUsersSynced\":\"64\",\"totalGroupsSynced\":\"129\",\"totalUsersDeleted\":\"0\",\"totalGroupsDeleted\":\"0\"}','1'),(193,'2022-05-16 16:37:07','2022-05-16 16:37:07',2,2,'2022-05-16 16:37:07','rangerusersync','Unix',0,0,0,0,'{\"unixBackend\":\"nss\",\"fileName\":\"/etc/passwd\",\"syncTime\":\"2022-05-16 09:37:07\",\"lastModified\":\"1969-12-31 16:00:00\",\"minUserId\":\"999\",\"minGroupId\":\"0\",\"totalUsersSynced\":\"64\",\"totalGroupsSynced\":\"129\",\"totalUsersDeleted\":\"0\",\"totalGroupsDeleted\":\"0\"}','1'),(194,'2022-05-16 16:38:07','2022-05-16 16:38:07',2,2,'2022-05-16 16:38:07','rangerusersync','Unix',0,0,0,0,'{\"unixBackend\":\"nss\",\"fileName\":\"/etc/passwd\",\"syncTime\":\"2022-05-16 09:38:07\",\"lastModified\":\"1969-12-31 16:00:00\",\"minUserId\":\"999\",\"minGroupId\":\"0\",\"totalUsersSynced\":\"64\",\"totalGroupsSynced\":\"129\",\"totalUsersDeleted\":\"0\",\"totalGroupsDeleted\":\"0\"}','1'),(195,'2022-05-16 16:39:07','2022-05-16 16:39:07',2,2,'2022-05-16 16:39:07','rangerusersync','Unix',0,0,0,0,'{\"unixBackend\":\"nss\",\"fileName\":\"/etc/passwd\",\"syncTime\":\"2022-05-16 09:39:07\",\"lastModified\":\"1969-12-31 16:00:00\",\"minUserId\":\"999\",\"minGroupId\":\"0\",\"totalUsersSynced\":\"64\",\"totalGroupsSynced\":\"129\",\"totalUsersDeleted\":\"0\",\"totalGroupsDeleted\":\"0\"}','1'),(196,'2022-05-16 16:40:08','2022-05-16 16:40:08',2,2,'2022-05-16 16:40:08','rangerusersync','Unix',0,0,0,0,'{\"unixBackend\":\"nss\",\"fileName\":\"/etc/passwd\",\"syncTime\":\"2022-05-16 09:40:07\",\"lastModified\":\"1969-12-31 16:00:00\",\"minUserId\":\"999\",\"minGroupId\":\"0\",\"totalUsersSynced\":\"64\",\"totalGroupsSynced\":\"129\",\"totalUsersDeleted\":\"0\",\"totalGroupsDeleted\":\"0\"}','1'),(197,'2022-05-16 16:41:08','2022-05-16 16:41:08',2,2,'2022-05-16 16:41:08','rangerusersync','Unix',0,0,0,0,'{\"unixBackend\":\"nss\",\"fileName\":\"/etc/passwd\",\"syncTime\":\"2022-05-16 09:41:08\",\"lastModified\":\"1969-12-31 16:00:00\",\"minUserId\":\"999\",\"minGroupId\":\"0\",\"totalUsersSynced\":\"64\",\"totalGroupsSynced\":\"129\",\"totalUsersDeleted\":\"0\",\"totalGroupsDeleted\":\"0\"}','1'),(198,'2022-05-16 16:42:08','2022-05-16 16:42:08',2,2,'2022-05-16 16:42:08','rangerusersync','Unix',0,0,0,0,'{\"unixBackend\":\"nss\",\"fileName\":\"/etc/passwd\",\"syncTime\":\"2022-05-16 09:42:08\",\"lastModified\":\"1969-12-31 16:00:00\",\"minUserId\":\"999\",\"minGroupId\":\"0\",\"totalUsersSynced\":\"64\",\"totalGroupsSynced\":\"129\",\"totalUsersDeleted\":\"0\",\"totalGroupsDeleted\":\"0\"}','1'),(199,'2022-05-16 16:43:08','2022-05-16 16:43:08',2,2,'2022-05-16 16:43:08','rangerusersync','Unix',0,0,0,0,'{\"unixBackend\":\"nss\",\"fileName\":\"/etc/passwd\",\"syncTime\":\"2022-05-16 09:43:08\",\"lastModified\":\"1969-12-31 16:00:00\",\"minUserId\":\"999\",\"minGroupId\":\"0\",\"totalUsersSynced\":\"64\",\"totalGroupsSynced\":\"129\",\"totalUsersDeleted\":\"0\",\"totalGroupsDeleted\":\"0\"}','1'),(200,'2022-05-16 16:44:08','2022-05-16 16:44:08',2,2,'2022-05-16 16:44:08','rangerusersync','Unix',0,0,0,0,'{\"unixBackend\":\"nss\",\"fileName\":\"/etc/passwd\",\"syncTime\":\"2022-05-16 09:44:08\",\"lastModified\":\"1969-12-31 16:00:00\",\"minUserId\":\"999\",\"minGroupId\":\"0\",\"totalUsersSynced\":\"64\",\"totalGroupsSynced\":\"129\",\"totalUsersDeleted\":\"0\",\"totalGroupsDeleted\":\"0\"}','1'),(201,'2022-05-16 16:45:08','2022-05-16 16:45:08',2,2,'2022-05-16 16:45:08','rangerusersync','Unix',0,0,0,0,'{\"unixBackend\":\"nss\",\"fileName\":\"/etc/passwd\",\"syncTime\":\"2022-05-16 09:45:08\",\"lastModified\":\"1969-12-31 16:00:00\",\"minUserId\":\"999\",\"minGroupId\":\"0\",\"totalUsersSynced\":\"64\",\"totalGroupsSynced\":\"129\",\"totalUsersDeleted\":\"0\",\"totalGroupsDeleted\":\"0\"}','1'),(202,'2022-05-16 16:46:08','2022-05-16 16:46:08',2,2,'2022-05-16 16:46:08','rangerusersync','Unix',0,0,0,0,'{\"unixBackend\":\"nss\",\"fileName\":\"/etc/passwd\",\"syncTime\":\"2022-05-16 09:46:08\",\"lastModified\":\"1969-12-31 16:00:00\",\"minUserId\":\"999\",\"minGroupId\":\"0\",\"totalUsersSynced\":\"64\",\"totalGroupsSynced\":\"129\",\"totalUsersDeleted\":\"0\",\"totalGroupsDeleted\":\"0\"}','1'),(203,'2022-05-16 16:47:08','2022-05-16 16:47:08',2,2,'2022-05-16 16:47:08','rangerusersync','Unix',0,0,0,0,'{\"unixBackend\":\"nss\",\"fileName\":\"/etc/passwd\",\"syncTime\":\"2022-05-16 09:47:08\",\"lastModified\":\"1969-12-31 16:00:00\",\"minUserId\":\"999\",\"minGroupId\":\"0\",\"totalUsersSynced\":\"64\",\"totalGroupsSynced\":\"129\",\"totalUsersDeleted\":\"0\",\"totalGroupsDeleted\":\"0\"}','1'),(204,'2022-05-16 16:48:08','2022-05-16 16:48:08',2,2,'2022-05-16 16:48:08','rangerusersync','Unix',0,0,0,0,'{\"unixBackend\":\"nss\",\"fileName\":\"/etc/passwd\",\"syncTime\":\"2022-05-16 09:48:08\",\"lastModified\":\"1969-12-31 16:00:00\",\"minUserId\":\"999\",\"minGroupId\":\"0\",\"totalUsersSynced\":\"64\",\"totalGroupsSynced\":\"129\",\"totalUsersDeleted\":\"0\",\"totalGroupsDeleted\":\"0\"}','1'),(205,'2022-05-16 16:49:08','2022-05-16 16:49:08',2,2,'2022-05-16 16:49:08','rangerusersync','Unix',0,0,0,0,'{\"unixBackend\":\"nss\",\"fileName\":\"/etc/passwd\",\"syncTime\":\"2022-05-16 09:49:08\",\"lastModified\":\"1969-12-31 16:00:00\",\"minUserId\":\"999\",\"minGroupId\":\"0\",\"totalUsersSynced\":\"64\",\"totalGroupsSynced\":\"129\",\"totalUsersDeleted\":\"0\",\"totalGroupsDeleted\":\"0\"}','1'),(206,'2022-05-16 16:50:08','2022-05-16 16:50:08',2,2,'2022-05-16 16:50:08','rangerusersync','Unix',0,0,0,0,'{\"unixBackend\":\"nss\",\"fileName\":\"/etc/passwd\",\"syncTime\":\"2022-05-16 09:50:08\",\"lastModified\":\"1969-12-31 16:00:00\",\"minUserId\":\"999\",\"minGroupId\":\"0\",\"totalUsersSynced\":\"64\",\"totalGroupsSynced\":\"129\",\"totalUsersDeleted\":\"0\",\"totalGroupsDeleted\":\"0\"}','1'),(207,'2022-05-17 12:34:46','2022-05-17 12:34:46',2,2,'2022-05-17 12:34:46','rangerusersync','Unix',0,0,0,1,'{\"unixBackend\":\"nss\",\"fileName\":\"/etc/passwd\",\"syncTime\":\"2022-05-17 05:34:46\",\"lastModified\":\"1969-12-31 16:00:00\",\"minUserId\":\"999\",\"minGroupId\":\"0\",\"totalUsersSynced\":\"70\",\"totalGroupsSynced\":\"129\",\"totalUsersDeleted\":\"0\",\"totalGroupsDeleted\":\"0\"}','24'),(208,'2022-05-17 12:35:46','2022-05-17 12:35:46',2,2,'2022-05-17 12:35:46','rangerusersync','Unix',0,0,0,0,'{\"unixBackend\":\"nss\",\"fileName\":\"/etc/passwd\",\"syncTime\":\"2022-05-17 05:35:46\",\"lastModified\":\"1969-12-31 16:00:00\",\"minUserId\":\"999\",\"minGroupId\":\"0\",\"totalUsersSynced\":\"70\",\"totalGroupsSynced\":\"129\",\"totalUsersDeleted\":\"0\",\"totalGroupsDeleted\":\"0\"}','24'),(209,'2022-05-17 12:36:46','2022-05-17 12:36:46',2,2,'2022-05-17 12:36:46','rangerusersync','Unix',0,0,0,0,'{\"unixBackend\":\"nss\",\"fileName\":\"/etc/passwd\",\"syncTime\":\"2022-05-17 05:36:46\",\"lastModified\":\"1969-12-31 16:00:00\",\"minUserId\":\"999\",\"minGroupId\":\"0\",\"totalUsersSynced\":\"70\",\"totalGroupsSynced\":\"129\",\"totalUsersDeleted\":\"0\",\"totalGroupsDeleted\":\"0\"}','24'),(210,'2022-05-17 12:37:46','2022-05-17 12:37:46',2,2,'2022-05-17 12:37:46','rangerusersync','Unix',0,0,0,0,'{\"unixBackend\":\"nss\",\"fileName\":\"/etc/passwd\",\"syncTime\":\"2022-05-17 05:37:46\",\"lastModified\":\"1969-12-31 16:00:00\",\"minUserId\":\"999\",\"minGroupId\":\"0\",\"totalUsersSynced\":\"70\",\"totalGroupsSynced\":\"129\",\"totalUsersDeleted\":\"0\",\"totalGroupsDeleted\":\"0\"}','24'),(211,'2022-05-17 12:38:46','2022-05-17 12:38:46',2,2,'2022-05-17 12:38:46','rangerusersync','Unix',0,0,0,0,'{\"unixBackend\":\"nss\",\"fileName\":\"/etc/passwd\",\"syncTime\":\"2022-05-17 05:38:46\",\"lastModified\":\"1969-12-31 16:00:00\",\"minUserId\":\"999\",\"minGroupId\":\"0\",\"totalUsersSynced\":\"70\",\"totalGroupsSynced\":\"129\",\"totalUsersDeleted\":\"0\",\"totalGroupsDeleted\":\"0\"}','24'),(212,'2022-05-17 12:39:46','2022-05-17 12:39:46',2,2,'2022-05-17 12:39:46','rangerusersync','Unix',0,0,0,0,'{\"unixBackend\":\"nss\",\"fileName\":\"/etc/passwd\",\"syncTime\":\"2022-05-17 05:39:46\",\"lastModified\":\"1969-12-31 16:00:00\",\"minUserId\":\"999\",\"minGroupId\":\"0\",\"totalUsersSynced\":\"70\",\"totalGroupsSynced\":\"129\",\"totalUsersDeleted\":\"0\",\"totalGroupsDeleted\":\"0\"}','24'),(213,'2022-05-17 12:40:46','2022-05-17 12:40:46',2,2,'2022-05-17 12:40:46','rangerusersync','Unix',0,0,0,0,'{\"unixBackend\":\"nss\",\"fileName\":\"/etc/passwd\",\"syncTime\":\"2022-05-17 05:40:46\",\"lastModified\":\"1969-12-31 16:00:00\",\"minUserId\":\"999\",\"minGroupId\":\"0\",\"totalUsersSynced\":\"70\",\"totalGroupsSynced\":\"129\",\"totalUsersDeleted\":\"0\",\"totalGroupsDeleted\":\"0\"}','24'),(214,'2022-05-17 12:41:46','2022-05-17 12:41:46',2,2,'2022-05-17 12:41:46','rangerusersync','Unix',0,0,0,0,'{\"unixBackend\":\"nss\",\"fileName\":\"/etc/passwd\",\"syncTime\":\"2022-05-17 05:41:46\",\"lastModified\":\"1969-12-31 16:00:00\",\"minUserId\":\"999\",\"minGroupId\":\"0\",\"totalUsersSynced\":\"70\",\"totalGroupsSynced\":\"129\",\"totalUsersDeleted\":\"0\",\"totalGroupsDeleted\":\"0\"}','24'),(215,'2022-05-17 12:42:46','2022-05-17 12:42:46',2,2,'2022-05-17 12:42:46','rangerusersync','Unix',0,0,0,0,'{\"unixBackend\":\"nss\",\"fileName\":\"/etc/passwd\",\"syncTime\":\"2022-05-17 05:42:46\",\"lastModified\":\"1969-12-31 16:00:00\",\"minUserId\":\"999\",\"minGroupId\":\"0\",\"totalUsersSynced\":\"70\",\"totalGroupsSynced\":\"129\",\"totalUsersDeleted\":\"0\",\"totalGroupsDeleted\":\"0\"}','24'),(216,'2022-05-17 12:43:47','2022-05-17 12:43:47',2,2,'2022-05-17 12:43:47','rangerusersync','Unix',0,0,0,0,'{\"unixBackend\":\"nss\",\"fileName\":\"/etc/passwd\",\"syncTime\":\"2022-05-17 05:43:46\",\"lastModified\":\"1969-12-31 16:00:00\",\"minUserId\":\"999\",\"minGroupId\":\"0\",\"totalUsersSynced\":\"70\",\"totalGroupsSynced\":\"129\",\"totalUsersDeleted\":\"0\",\"totalGroupsDeleted\":\"0\"}','24'),(217,'2022-05-17 12:44:47','2022-05-17 12:44:47',2,2,'2022-05-17 12:44:47','rangerusersync','Unix',0,0,0,0,'{\"unixBackend\":\"nss\",\"fileName\":\"/etc/passwd\",\"syncTime\":\"2022-05-17 05:44:47\",\"lastModified\":\"1969-12-31 16:00:00\",\"minUserId\":\"999\",\"minGroupId\":\"0\",\"totalUsersSynced\":\"70\",\"totalGroupsSynced\":\"129\",\"totalUsersDeleted\":\"0\",\"totalGroupsDeleted\":\"0\"}','24'),(218,'2022-05-17 12:45:47','2022-05-17 12:45:47',2,2,'2022-05-17 12:45:47','rangerusersync','Unix',0,0,0,0,'{\"unixBackend\":\"nss\",\"fileName\":\"/etc/passwd\",\"syncTime\":\"2022-05-17 05:45:47\",\"lastModified\":\"1969-12-31 16:00:00\",\"minUserId\":\"999\",\"minGroupId\":\"0\",\"totalUsersSynced\":\"70\",\"totalGroupsSynced\":\"129\",\"totalUsersDeleted\":\"0\",\"totalGroupsDeleted\":\"0\"}','24'),(219,'2022-05-17 12:46:47','2022-05-17 12:46:47',2,2,'2022-05-17 12:46:47','rangerusersync','Unix',0,0,0,0,'{\"unixBackend\":\"nss\",\"fileName\":\"/etc/passwd\",\"syncTime\":\"2022-05-17 05:46:47\",\"lastModified\":\"1969-12-31 16:00:00\",\"minUserId\":\"999\",\"minGroupId\":\"0\",\"totalUsersSynced\":\"70\",\"totalGroupsSynced\":\"129\",\"totalUsersDeleted\":\"0\",\"totalGroupsDeleted\":\"0\"}','24'),(220,'2022-05-17 12:47:47','2022-05-17 12:47:47',2,2,'2022-05-17 12:47:47','rangerusersync','Unix',0,0,0,0,'{\"unixBackend\":\"nss\",\"fileName\":\"/etc/passwd\",\"syncTime\":\"2022-05-17 05:47:47\",\"lastModified\":\"1969-12-31 16:00:00\",\"minUserId\":\"999\",\"minGroupId\":\"0\",\"totalUsersSynced\":\"70\",\"totalGroupsSynced\":\"129\",\"totalUsersDeleted\":\"0\",\"totalGroupsDeleted\":\"0\"}','24'),(221,'2022-05-17 12:48:47','2022-05-17 12:48:47',2,2,'2022-05-17 12:48:47','rangerusersync','Unix',0,0,0,0,'{\"unixBackend\":\"nss\",\"fileName\":\"/etc/passwd\",\"syncTime\":\"2022-05-17 05:48:47\",\"lastModified\":\"1969-12-31 16:00:00\",\"minUserId\":\"999\",\"minGroupId\":\"0\",\"totalUsersSynced\":\"70\",\"totalGroupsSynced\":\"129\",\"totalUsersDeleted\":\"0\",\"totalGroupsDeleted\":\"0\"}','24'),(222,'2022-05-17 12:49:47','2022-05-17 12:49:47',2,2,'2022-05-17 12:49:47','rangerusersync','Unix',0,0,0,0,'{\"unixBackend\":\"nss\",\"fileName\":\"/etc/passwd\",\"syncTime\":\"2022-05-17 05:49:47\",\"lastModified\":\"1969-12-31 16:00:00\",\"minUserId\":\"999\",\"minGroupId\":\"0\",\"totalUsersSynced\":\"70\",\"totalGroupsSynced\":\"129\",\"totalUsersDeleted\":\"0\",\"totalGroupsDeleted\":\"0\"}','24'),(223,'2022-05-17 12:50:47','2022-05-17 12:50:47',2,2,'2022-05-17 12:50:47','rangerusersync','Unix',0,0,0,0,'{\"unixBackend\":\"nss\",\"fileName\":\"/etc/passwd\",\"syncTime\":\"2022-05-17 05:50:47\",\"lastModified\":\"1969-12-31 16:00:00\",\"minUserId\":\"999\",\"minGroupId\":\"0\",\"totalUsersSynced\":\"70\",\"totalGroupsSynced\":\"129\",\"totalUsersDeleted\":\"0\",\"totalGroupsDeleted\":\"0\"}','24'),(224,'2022-05-17 12:51:47','2022-05-17 12:51:47',2,2,'2022-05-17 12:51:47','rangerusersync','Unix',0,0,0,0,'{\"unixBackend\":\"nss\",\"fileName\":\"/etc/passwd\",\"syncTime\":\"2022-05-17 05:51:47\",\"lastModified\":\"1969-12-31 16:00:00\",\"minUserId\":\"999\",\"minGroupId\":\"0\",\"totalUsersSynced\":\"70\",\"totalGroupsSynced\":\"129\",\"totalUsersDeleted\":\"0\",\"totalGroupsDeleted\":\"0\"}','24'),(225,'2022-05-17 12:52:47','2022-05-17 12:52:47',2,2,'2022-05-17 12:52:47','rangerusersync','Unix',0,0,0,0,'{\"unixBackend\":\"nss\",\"fileName\":\"/etc/passwd\",\"syncTime\":\"2022-05-17 05:52:47\",\"lastModified\":\"1969-12-31 16:00:00\",\"minUserId\":\"999\",\"minGroupId\":\"0\",\"totalUsersSynced\":\"70\",\"totalGroupsSynced\":\"129\",\"totalUsersDeleted\":\"0\",\"totalGroupsDeleted\":\"0\"}','24'),(226,'2022-05-17 12:53:47','2022-05-17 12:53:47',2,2,'2022-05-17 12:53:47','rangerusersync','Unix',0,0,0,0,'{\"unixBackend\":\"nss\",\"fileName\":\"/etc/passwd\",\"syncTime\":\"2022-05-17 05:53:47\",\"lastModified\":\"1969-12-31 16:00:00\",\"minUserId\":\"999\",\"minGroupId\":\"0\",\"totalUsersSynced\":\"70\",\"totalGroupsSynced\":\"129\",\"totalUsersDeleted\":\"0\",\"totalGroupsDeleted\":\"0\"}','24'),(227,'2022-05-17 12:54:47','2022-05-17 12:54:47',2,2,'2022-05-17 12:54:47','rangerusersync','Unix',0,0,0,0,'{\"unixBackend\":\"nss\",\"fileName\":\"/etc/passwd\",\"syncTime\":\"2022-05-17 05:54:47\",\"lastModified\":\"1969-12-31 16:00:00\",\"minUserId\":\"999\",\"minGroupId\":\"0\",\"totalUsersSynced\":\"70\",\"totalGroupsSynced\":\"129\",\"totalUsersDeleted\":\"0\",\"totalGroupsDeleted\":\"0\"}','24'),(228,'2022-05-17 12:55:47','2022-05-17 12:55:47',2,2,'2022-05-17 12:55:47','rangerusersync','Unix',0,0,0,0,'{\"unixBackend\":\"nss\",\"fileName\":\"/etc/passwd\",\"syncTime\":\"2022-05-17 05:55:47\",\"lastModified\":\"1969-12-31 16:00:00\",\"minUserId\":\"999\",\"minGroupId\":\"0\",\"totalUsersSynced\":\"70\",\"totalGroupsSynced\":\"129\",\"totalUsersDeleted\":\"0\",\"totalGroupsDeleted\":\"0\"}','24'),(229,'2022-05-17 12:56:47','2022-05-17 12:56:47',2,2,'2022-05-17 12:56:47','rangerusersync','Unix',0,0,0,0,'{\"unixBackend\":\"nss\",\"fileName\":\"/etc/passwd\",\"syncTime\":\"2022-05-17 05:56:47\",\"lastModified\":\"1969-12-31 16:00:00\",\"minUserId\":\"999\",\"minGroupId\":\"0\",\"totalUsersSynced\":\"70\",\"totalGroupsSynced\":\"129\",\"totalUsersDeleted\":\"0\",\"totalGroupsDeleted\":\"0\"}','24'),(230,'2022-05-17 12:57:47','2022-05-17 12:57:47',2,2,'2022-05-17 12:57:47','rangerusersync','Unix',0,0,0,0,'{\"unixBackend\":\"nss\",\"fileName\":\"/etc/passwd\",\"syncTime\":\"2022-05-17 05:57:47\",\"lastModified\":\"1969-12-31 16:00:00\",\"minUserId\":\"999\",\"minGroupId\":\"0\",\"totalUsersSynced\":\"70\",\"totalGroupsSynced\":\"129\",\"totalUsersDeleted\":\"0\",\"totalGroupsDeleted\":\"0\"}','24'),(231,'2022-05-17 12:58:47','2022-05-17 12:58:47',2,2,'2022-05-17 12:58:47','rangerusersync','Unix',0,0,0,0,'{\"unixBackend\":\"nss\",\"fileName\":\"/etc/passwd\",\"syncTime\":\"2022-05-17 05:58:47\",\"lastModified\":\"1969-12-31 16:00:00\",\"minUserId\":\"999\",\"minGroupId\":\"0\",\"totalUsersSynced\":\"70\",\"totalGroupsSynced\":\"129\",\"totalUsersDeleted\":\"0\",\"totalGroupsDeleted\":\"0\"}','24'),(232,'2022-05-17 12:59:47','2022-05-17 12:59:47',2,2,'2022-05-17 12:59:47','rangerusersync','Unix',0,0,0,0,'{\"unixBackend\":\"nss\",\"fileName\":\"/etc/passwd\",\"syncTime\":\"2022-05-17 05:59:47\",\"lastModified\":\"1969-12-31 16:00:00\",\"minUserId\":\"999\",\"minGroupId\":\"0\",\"totalUsersSynced\":\"70\",\"totalGroupsSynced\":\"129\",\"totalUsersDeleted\":\"0\",\"totalGroupsDeleted\":\"0\"}','24'),(233,'2022-05-17 13:00:47','2022-05-17 13:00:47',2,2,'2022-05-17 13:00:47','rangerusersync','Unix',0,0,0,0,'{\"unixBackend\":\"nss\",\"fileName\":\"/etc/passwd\",\"syncTime\":\"2022-05-17 06:00:47\",\"lastModified\":\"1969-12-31 16:00:00\",\"minUserId\":\"999\",\"minGroupId\":\"0\",\"totalUsersSynced\":\"70\",\"totalGroupsSynced\":\"129\",\"totalUsersDeleted\":\"0\",\"totalGroupsDeleted\":\"0\"}','24'),(234,'2022-05-17 13:01:47','2022-05-17 13:01:47',2,2,'2022-05-17 13:01:47','rangerusersync','Unix',0,0,0,0,'{\"unixBackend\":\"nss\",\"fileName\":\"/etc/passwd\",\"syncTime\":\"2022-05-17 06:01:47\",\"lastModified\":\"1969-12-31 16:00:00\",\"minUserId\":\"999\",\"minGroupId\":\"0\",\"totalUsersSynced\":\"70\",\"totalGroupsSynced\":\"129\",\"totalUsersDeleted\":\"0\",\"totalGroupsDeleted\":\"0\"}','24'),(235,'2022-05-17 13:02:47','2022-05-17 13:02:47',2,2,'2022-05-17 13:02:47','rangerusersync','Unix',0,0,0,0,'{\"unixBackend\":\"nss\",\"fileName\":\"/etc/passwd\",\"syncTime\":\"2022-05-17 06:02:47\",\"lastModified\":\"1969-12-31 16:00:00\",\"minUserId\":\"999\",\"minGroupId\":\"0\",\"totalUsersSynced\":\"70\",\"totalGroupsSynced\":\"129\",\"totalUsersDeleted\":\"0\",\"totalGroupsDeleted\":\"0\"}','24'),(236,'2022-05-17 13:03:48','2022-05-17 13:03:48',2,2,'2022-05-17 13:03:48','rangerusersync','Unix',0,0,0,0,'{\"unixBackend\":\"nss\",\"fileName\":\"/etc/passwd\",\"syncTime\":\"2022-05-17 06:03:47\",\"lastModified\":\"1969-12-31 16:00:00\",\"minUserId\":\"999\",\"minGroupId\":\"0\",\"totalUsersSynced\":\"70\",\"totalGroupsSynced\":\"129\",\"totalUsersDeleted\":\"0\",\"totalGroupsDeleted\":\"0\"}','24'),(237,'2022-05-17 13:04:48','2022-05-17 13:04:48',2,2,'2022-05-17 13:04:48','rangerusersync','Unix',0,0,0,0,'{\"unixBackend\":\"nss\",\"fileName\":\"/etc/passwd\",\"syncTime\":\"2022-05-17 06:04:48\",\"lastModified\":\"1969-12-31 16:00:00\",\"minUserId\":\"999\",\"minGroupId\":\"0\",\"totalUsersSynced\":\"70\",\"totalGroupsSynced\":\"129\",\"totalUsersDeleted\":\"0\",\"totalGroupsDeleted\":\"0\"}','24'),(238,'2022-05-17 13:05:48','2022-05-17 13:05:48',2,2,'2022-05-17 13:05:48','rangerusersync','Unix',0,0,0,0,'{\"unixBackend\":\"nss\",\"fileName\":\"/etc/passwd\",\"syncTime\":\"2022-05-17 06:05:48\",\"lastModified\":\"1969-12-31 16:00:00\",\"minUserId\":\"999\",\"minGroupId\":\"0\",\"totalUsersSynced\":\"70\",\"totalGroupsSynced\":\"129\",\"totalUsersDeleted\":\"0\",\"totalGroupsDeleted\":\"0\"}','24'),(239,'2022-05-17 13:06:48','2022-05-17 13:06:48',2,2,'2022-05-17 13:06:48','rangerusersync','Unix',0,0,0,0,'{\"unixBackend\":\"nss\",\"fileName\":\"/etc/passwd\",\"syncTime\":\"2022-05-17 06:06:48\",\"lastModified\":\"1969-12-31 16:00:00\",\"minUserId\":\"999\",\"minGroupId\":\"0\",\"totalUsersSynced\":\"70\",\"totalGroupsSynced\":\"129\",\"totalUsersDeleted\":\"0\",\"totalGroupsDeleted\":\"0\"}','24'),(240,'2022-05-17 13:07:48','2022-05-17 13:07:48',2,2,'2022-05-17 13:07:48','rangerusersync','Unix',0,0,0,0,'{\"unixBackend\":\"nss\",\"fileName\":\"/etc/passwd\",\"syncTime\":\"2022-05-17 06:07:48\",\"lastModified\":\"1969-12-31 16:00:00\",\"minUserId\":\"999\",\"minGroupId\":\"0\",\"totalUsersSynced\":\"70\",\"totalGroupsSynced\":\"129\",\"totalUsersDeleted\":\"0\",\"totalGroupsDeleted\":\"0\"}','24'),(241,'2022-05-17 13:08:48','2022-05-17 13:08:48',2,2,'2022-05-17 13:08:48','rangerusersync','Unix',0,0,0,0,'{\"unixBackend\":\"nss\",\"fileName\":\"/etc/passwd\",\"syncTime\":\"2022-05-17 06:08:48\",\"lastModified\":\"1969-12-31 16:00:00\",\"minUserId\":\"999\",\"minGroupId\":\"0\",\"totalUsersSynced\":\"70\",\"totalGroupsSynced\":\"129\",\"totalUsersDeleted\":\"0\",\"totalGroupsDeleted\":\"0\"}','24'),(242,'2022-05-17 13:09:48','2022-05-17 13:09:48',2,2,'2022-05-17 13:09:48','rangerusersync','Unix',0,0,0,0,'{\"unixBackend\":\"nss\",\"fileName\":\"/etc/passwd\",\"syncTime\":\"2022-05-17 06:09:48\",\"lastModified\":\"1969-12-31 16:00:00\",\"minUserId\":\"999\",\"minGroupId\":\"0\",\"totalUsersSynced\":\"70\",\"totalGroupsSynced\":\"129\",\"totalUsersDeleted\":\"0\",\"totalGroupsDeleted\":\"0\"}','24'),(243,'2022-05-17 13:10:48','2022-05-17 13:10:48',2,2,'2022-05-17 13:10:48','rangerusersync','Unix',0,0,0,0,'{\"unixBackend\":\"nss\",\"fileName\":\"/etc/passwd\",\"syncTime\":\"2022-05-17 06:10:48\",\"lastModified\":\"1969-12-31 16:00:00\",\"minUserId\":\"999\",\"minGroupId\":\"0\",\"totalUsersSynced\":\"70\",\"totalGroupsSynced\":\"129\",\"totalUsersDeleted\":\"0\",\"totalGroupsDeleted\":\"0\"}','24'),(244,'2022-05-17 13:11:48','2022-05-17 13:11:48',2,2,'2022-05-17 13:11:48','rangerusersync','Unix',0,0,0,0,'{\"unixBackend\":\"nss\",\"fileName\":\"/etc/passwd\",\"syncTime\":\"2022-05-17 06:11:48\",\"lastModified\":\"1969-12-31 16:00:00\",\"minUserId\":\"999\",\"minGroupId\":\"0\",\"totalUsersSynced\":\"70\",\"totalGroupsSynced\":\"129\",\"totalUsersDeleted\":\"0\",\"totalGroupsDeleted\":\"0\"}','24'),(245,'2022-05-17 13:12:48','2022-05-17 13:12:48',2,2,'2022-05-17 13:12:48','rangerusersync','Unix',0,0,0,0,'{\"unixBackend\":\"nss\",\"fileName\":\"/etc/passwd\",\"syncTime\":\"2022-05-17 06:12:48\",\"lastModified\":\"1969-12-31 16:00:00\",\"minUserId\":\"999\",\"minGroupId\":\"0\",\"totalUsersSynced\":\"70\",\"totalGroupsSynced\":\"129\",\"totalUsersDeleted\":\"0\",\"totalGroupsDeleted\":\"0\"}','24'),(246,'2022-05-17 13:13:48','2022-05-17 13:13:48',2,2,'2022-05-17 13:13:48','rangerusersync','Unix',0,0,0,0,'{\"unixBackend\":\"nss\",\"fileName\":\"/etc/passwd\",\"syncTime\":\"2022-05-17 06:13:48\",\"lastModified\":\"1969-12-31 16:00:00\",\"minUserId\":\"999\",\"minGroupId\":\"0\",\"totalUsersSynced\":\"70\",\"totalGroupsSynced\":\"129\",\"totalUsersDeleted\":\"0\",\"totalGroupsDeleted\":\"0\"}','24'),(247,'2022-05-17 13:14:48','2022-05-17 13:14:48',2,2,'2022-05-17 13:14:48','rangerusersync','Unix',0,0,0,0,'{\"unixBackend\":\"nss\",\"fileName\":\"/etc/passwd\",\"syncTime\":\"2022-05-17 06:14:48\",\"lastModified\":\"1969-12-31 16:00:00\",\"minUserId\":\"999\",\"minGroupId\":\"0\",\"totalUsersSynced\":\"70\",\"totalGroupsSynced\":\"129\",\"totalUsersDeleted\":\"0\",\"totalGroupsDeleted\":\"0\"}','24'),(248,'2022-05-17 13:15:48','2022-05-17 13:15:48',2,2,'2022-05-17 13:15:48','rangerusersync','Unix',0,0,0,0,'{\"unixBackend\":\"nss\",\"fileName\":\"/etc/passwd\",\"syncTime\":\"2022-05-17 06:15:48\",\"lastModified\":\"1969-12-31 16:00:00\",\"minUserId\":\"999\",\"minGroupId\":\"0\",\"totalUsersSynced\":\"70\",\"totalGroupsSynced\":\"129\",\"totalUsersDeleted\":\"0\",\"totalGroupsDeleted\":\"0\"}','24'),(249,'2022-05-17 13:16:48','2022-05-17 13:16:48',2,2,'2022-05-17 13:16:48','rangerusersync','Unix',0,0,0,0,'{\"unixBackend\":\"nss\",\"fileName\":\"/etc/passwd\",\"syncTime\":\"2022-05-17 06:16:48\",\"lastModified\":\"1969-12-31 16:00:00\",\"minUserId\":\"999\",\"minGroupId\":\"0\",\"totalUsersSynced\":\"70\",\"totalGroupsSynced\":\"129\",\"totalUsersDeleted\":\"0\",\"totalGroupsDeleted\":\"0\"}','24'),(250,'2022-05-17 13:17:48','2022-05-17 13:17:48',2,2,'2022-05-17 13:17:48','rangerusersync','Unix',0,0,0,0,'{\"unixBackend\":\"nss\",\"fileName\":\"/etc/passwd\",\"syncTime\":\"2022-05-17 06:17:48\",\"lastModified\":\"1969-12-31 16:00:00\",\"minUserId\":\"999\",\"minGroupId\":\"0\",\"totalUsersSynced\":\"70\",\"totalGroupsSynced\":\"129\",\"totalUsersDeleted\":\"0\",\"totalGroupsDeleted\":\"0\"}','24'),(251,'2022-05-17 13:18:48','2022-05-17 13:18:48',2,2,'2022-05-17 13:18:48','rangerusersync','Unix',0,0,0,0,'{\"unixBackend\":\"nss\",\"fileName\":\"/etc/passwd\",\"syncTime\":\"2022-05-17 06:18:48\",\"lastModified\":\"1969-12-31 16:00:00\",\"minUserId\":\"999\",\"minGroupId\":\"0\",\"totalUsersSynced\":\"70\",\"totalGroupsSynced\":\"129\",\"totalUsersDeleted\":\"0\",\"totalGroupsDeleted\":\"0\"}','24'),(252,'2022-05-17 13:19:48','2022-05-17 13:19:48',2,2,'2022-05-17 13:19:48','rangerusersync','Unix',0,0,0,0,'{\"unixBackend\":\"nss\",\"fileName\":\"/etc/passwd\",\"syncTime\":\"2022-05-17 06:19:48\",\"lastModified\":\"1969-12-31 16:00:00\",\"minUserId\":\"999\",\"minGroupId\":\"0\",\"totalUsersSynced\":\"70\",\"totalGroupsSynced\":\"129\",\"totalUsersDeleted\":\"0\",\"totalGroupsDeleted\":\"0\"}','24'),(253,'2022-05-17 13:20:49','2022-05-17 13:20:49',2,2,'2022-05-17 13:20:49','rangerusersync','Unix',0,0,0,0,'{\"unixBackend\":\"nss\",\"fileName\":\"/etc/passwd\",\"syncTime\":\"2022-05-17 06:20:48\",\"lastModified\":\"1969-12-31 16:00:00\",\"minUserId\":\"999\",\"minGroupId\":\"0\",\"totalUsersSynced\":\"70\",\"totalGroupsSynced\":\"129\",\"totalUsersDeleted\":\"0\",\"totalGroupsDeleted\":\"0\"}','24'),(254,'2022-05-17 13:21:49','2022-05-17 13:21:49',2,2,'2022-05-17 13:21:49','rangerusersync','Unix',0,0,0,0,'{\"unixBackend\":\"nss\",\"fileName\":\"/etc/passwd\",\"syncTime\":\"2022-05-17 06:21:49\",\"lastModified\":\"1969-12-31 16:00:00\",\"minUserId\":\"999\",\"minGroupId\":\"0\",\"totalUsersSynced\":\"70\",\"totalGroupsSynced\":\"129\",\"totalUsersDeleted\":\"0\",\"totalGroupsDeleted\":\"0\"}','24'),(255,'2022-05-17 13:22:49','2022-05-17 13:22:49',2,2,'2022-05-17 13:22:49','rangerusersync','Unix',0,0,0,0,'{\"unixBackend\":\"nss\",\"fileName\":\"/etc/passwd\",\"syncTime\":\"2022-05-17 06:22:49\",\"lastModified\":\"1969-12-31 16:00:00\",\"minUserId\":\"999\",\"minGroupId\":\"0\",\"totalUsersSynced\":\"70\",\"totalGroupsSynced\":\"129\",\"totalUsersDeleted\":\"0\",\"totalGroupsDeleted\":\"0\"}','24'),(256,'2022-05-17 13:23:49','2022-05-17 13:23:49',2,2,'2022-05-17 13:23:49','rangerusersync','Unix',0,0,0,0,'{\"unixBackend\":\"nss\",\"fileName\":\"/etc/passwd\",\"syncTime\":\"2022-05-17 06:23:49\",\"lastModified\":\"1969-12-31 16:00:00\",\"minUserId\":\"999\",\"minGroupId\":\"0\",\"totalUsersSynced\":\"70\",\"totalGroupsSynced\":\"129\",\"totalUsersDeleted\":\"0\",\"totalGroupsDeleted\":\"0\"}','24'),(257,'2022-05-17 13:24:49','2022-05-17 13:24:49',2,2,'2022-05-17 13:24:49','rangerusersync','Unix',0,0,0,0,'{\"unixBackend\":\"nss\",\"fileName\":\"/etc/passwd\",\"syncTime\":\"2022-05-17 06:24:49\",\"lastModified\":\"1969-12-31 16:00:00\",\"minUserId\":\"999\",\"minGroupId\":\"0\",\"totalUsersSynced\":\"70\",\"totalGroupsSynced\":\"129\",\"totalUsersDeleted\":\"0\",\"totalGroupsDeleted\":\"0\"}','24'),(258,'2022-05-17 13:25:49','2022-05-17 13:25:49',2,2,'2022-05-17 13:25:49','rangerusersync','Unix',0,0,0,0,'{\"unixBackend\":\"nss\",\"fileName\":\"/etc/passwd\",\"syncTime\":\"2022-05-17 06:25:49\",\"lastModified\":\"1969-12-31 16:00:00\",\"minUserId\":\"999\",\"minGroupId\":\"0\",\"totalUsersSynced\":\"70\",\"totalGroupsSynced\":\"129\",\"totalUsersDeleted\":\"0\",\"totalGroupsDeleted\":\"0\"}','24'),(259,'2022-05-17 13:26:49','2022-05-17 13:26:49',2,2,'2022-05-17 13:26:49','rangerusersync','Unix',0,0,0,0,'{\"unixBackend\":\"nss\",\"fileName\":\"/etc/passwd\",\"syncTime\":\"2022-05-17 06:26:49\",\"lastModified\":\"1969-12-31 16:00:00\",\"minUserId\":\"999\",\"minGroupId\":\"0\",\"totalUsersSynced\":\"70\",\"totalGroupsSynced\":\"129\",\"totalUsersDeleted\":\"0\",\"totalGroupsDeleted\":\"0\"}','24'),(260,'2022-05-17 13:27:49','2022-05-17 13:27:49',2,2,'2022-05-17 13:27:49','rangerusersync','Unix',0,0,0,0,'{\"unixBackend\":\"nss\",\"fileName\":\"/etc/passwd\",\"syncTime\":\"2022-05-17 06:27:49\",\"lastModified\":\"1969-12-31 16:00:00\",\"minUserId\":\"999\",\"minGroupId\":\"0\",\"totalUsersSynced\":\"70\",\"totalGroupsSynced\":\"129\",\"totalUsersDeleted\":\"0\",\"totalGroupsDeleted\":\"0\"}','24'),(261,'2022-05-17 13:28:49','2022-05-17 13:28:49',2,2,'2022-05-17 13:28:49','rangerusersync','Unix',0,0,0,0,'{\"unixBackend\":\"nss\",\"fileName\":\"/etc/passwd\",\"syncTime\":\"2022-05-17 06:28:49\",\"lastModified\":\"1969-12-31 16:00:00\",\"minUserId\":\"999\",\"minGroupId\":\"0\",\"totalUsersSynced\":\"70\",\"totalGroupsSynced\":\"129\",\"totalUsersDeleted\":\"0\",\"totalGroupsDeleted\":\"0\"}','24'),(262,'2022-05-17 13:29:49','2022-05-17 13:29:49',2,2,'2022-05-17 13:29:49','rangerusersync','Unix',0,0,0,0,'{\"unixBackend\":\"nss\",\"fileName\":\"/etc/passwd\",\"syncTime\":\"2022-05-17 06:29:49\",\"lastModified\":\"1969-12-31 16:00:00\",\"minUserId\":\"999\",\"minGroupId\":\"0\",\"totalUsersSynced\":\"70\",\"totalGroupsSynced\":\"129\",\"totalUsersDeleted\":\"0\",\"totalGroupsDeleted\":\"0\"}','24'),(263,'2022-05-17 13:30:49','2022-05-17 13:30:49',2,2,'2022-05-17 13:30:49','rangerusersync','Unix',0,0,0,0,'{\"unixBackend\":\"nss\",\"fileName\":\"/etc/passwd\",\"syncTime\":\"2022-05-17 06:30:49\",\"lastModified\":\"1969-12-31 16:00:00\",\"minUserId\":\"999\",\"minGroupId\":\"0\",\"totalUsersSynced\":\"70\",\"totalGroupsSynced\":\"129\",\"totalUsersDeleted\":\"0\",\"totalGroupsDeleted\":\"0\"}','24'),(264,'2022-05-17 13:31:49','2022-05-17 13:31:49',2,2,'2022-05-17 13:31:49','rangerusersync','Unix',0,0,0,0,'{\"unixBackend\":\"nss\",\"fileName\":\"/etc/passwd\",\"syncTime\":\"2022-05-17 06:31:49\",\"lastModified\":\"1969-12-31 16:00:00\",\"minUserId\":\"999\",\"minGroupId\":\"0\",\"totalUsersSynced\":\"70\",\"totalGroupsSynced\":\"129\",\"totalUsersDeleted\":\"0\",\"totalGroupsDeleted\":\"0\"}','24'),(265,'2022-05-17 13:32:49','2022-05-17 13:32:49',2,2,'2022-05-17 13:32:49','rangerusersync','Unix',0,0,0,0,'{\"unixBackend\":\"nss\",\"fileName\":\"/etc/passwd\",\"syncTime\":\"2022-05-17 06:32:49\",\"lastModified\":\"1969-12-31 16:00:00\",\"minUserId\":\"999\",\"minGroupId\":\"0\",\"totalUsersSynced\":\"70\",\"totalGroupsSynced\":\"129\",\"totalUsersDeleted\":\"0\",\"totalGroupsDeleted\":\"0\"}','24'),(266,'2022-05-17 13:33:49','2022-05-17 13:33:49',2,2,'2022-05-17 13:33:49','rangerusersync','Unix',0,0,0,0,'{\"unixBackend\":\"nss\",\"fileName\":\"/etc/passwd\",\"syncTime\":\"2022-05-17 06:33:49\",\"lastModified\":\"1969-12-31 16:00:00\",\"minUserId\":\"999\",\"minGroupId\":\"0\",\"totalUsersSynced\":\"70\",\"totalGroupsSynced\":\"129\",\"totalUsersDeleted\":\"0\",\"totalGroupsDeleted\":\"0\"}','24'),(267,'2022-05-17 13:34:49','2022-05-17 13:34:49',2,2,'2022-05-17 13:34:49','rangerusersync','Unix',0,0,0,0,'{\"unixBackend\":\"nss\",\"fileName\":\"/etc/passwd\",\"syncTime\":\"2022-05-17 06:34:49\",\"lastModified\":\"1969-12-31 16:00:00\",\"minUserId\":\"999\",\"minGroupId\":\"0\",\"totalUsersSynced\":\"70\",\"totalGroupsSynced\":\"129\",\"totalUsersDeleted\":\"0\",\"totalGroupsDeleted\":\"0\"}','24'),(268,'2022-05-17 13:35:49','2022-05-17 13:35:49',2,2,'2022-05-17 13:35:49','rangerusersync','Unix',0,0,0,0,'{\"unixBackend\":\"nss\",\"fileName\":\"/etc/passwd\",\"syncTime\":\"2022-05-17 06:35:49\",\"lastModified\":\"1969-12-31 16:00:00\",\"minUserId\":\"999\",\"minGroupId\":\"0\",\"totalUsersSynced\":\"70\",\"totalGroupsSynced\":\"129\",\"totalUsersDeleted\":\"0\",\"totalGroupsDeleted\":\"0\"}','24'),(269,'2022-05-17 13:36:49','2022-05-17 13:36:49',2,2,'2022-05-17 13:36:49','rangerusersync','Unix',0,0,0,0,'{\"unixBackend\":\"nss\",\"fileName\":\"/etc/passwd\",\"syncTime\":\"2022-05-17 06:36:49\",\"lastModified\":\"1969-12-31 16:00:00\",\"minUserId\":\"999\",\"minGroupId\":\"0\",\"totalUsersSynced\":\"70\",\"totalGroupsSynced\":\"129\",\"totalUsersDeleted\":\"0\",\"totalGroupsDeleted\":\"0\"}','24'),(270,'2022-05-17 13:37:49','2022-05-17 13:37:49',2,2,'2022-05-17 13:37:49','rangerusersync','Unix',0,0,0,0,'{\"unixBackend\":\"nss\",\"fileName\":\"/etc/passwd\",\"syncTime\":\"2022-05-17 06:37:49\",\"lastModified\":\"1969-12-31 16:00:00\",\"minUserId\":\"999\",\"minGroupId\":\"0\",\"totalUsersSynced\":\"70\",\"totalGroupsSynced\":\"129\",\"totalUsersDeleted\":\"0\",\"totalGroupsDeleted\":\"0\"}','24'),(271,'2022-05-17 13:38:49','2022-05-17 13:38:49',2,2,'2022-05-17 13:38:49','rangerusersync','Unix',0,0,0,0,'{\"unixBackend\":\"nss\",\"fileName\":\"/etc/passwd\",\"syncTime\":\"2022-05-17 06:38:49\",\"lastModified\":\"1969-12-31 16:00:00\",\"minUserId\":\"999\",\"minGroupId\":\"0\",\"totalUsersSynced\":\"70\",\"totalGroupsSynced\":\"129\",\"totalUsersDeleted\":\"0\",\"totalGroupsDeleted\":\"0\"}','24'),(272,'2022-05-17 13:39:50','2022-05-17 13:39:50',2,2,'2022-05-17 13:39:50','rangerusersync','Unix',0,0,0,0,'{\"unixBackend\":\"nss\",\"fileName\":\"/etc/passwd\",\"syncTime\":\"2022-05-17 06:39:49\",\"lastModified\":\"1969-12-31 16:00:00\",\"minUserId\":\"999\",\"minGroupId\":\"0\",\"totalUsersSynced\":\"70\",\"totalGroupsSynced\":\"129\",\"totalUsersDeleted\":\"0\",\"totalGroupsDeleted\":\"0\"}','24'),(273,'2022-05-17 13:40:50','2022-05-17 13:40:50',2,2,'2022-05-17 13:40:50','rangerusersync','Unix',0,0,0,0,'{\"unixBackend\":\"nss\",\"fileName\":\"/etc/passwd\",\"syncTime\":\"2022-05-17 06:40:50\",\"lastModified\":\"1969-12-31 16:00:00\",\"minUserId\":\"999\",\"minGroupId\":\"0\",\"totalUsersSynced\":\"70\",\"totalGroupsSynced\":\"129\",\"totalUsersDeleted\":\"0\",\"totalGroupsDeleted\":\"0\"}','24'),(274,'2022-05-17 13:41:50','2022-05-17 13:41:50',2,2,'2022-05-17 13:41:50','rangerusersync','Unix',0,0,0,0,'{\"unixBackend\":\"nss\",\"fileName\":\"/etc/passwd\",\"syncTime\":\"2022-05-17 06:41:50\",\"lastModified\":\"1969-12-31 16:00:00\",\"minUserId\":\"999\",\"minGroupId\":\"0\",\"totalUsersSynced\":\"70\",\"totalGroupsSynced\":\"129\",\"totalUsersDeleted\":\"0\",\"totalGroupsDeleted\":\"0\"}','24'),(275,'2022-05-17 13:42:50','2022-05-17 13:42:50',2,2,'2022-05-17 13:42:50','rangerusersync','Unix',0,0,0,0,'{\"unixBackend\":\"nss\",\"fileName\":\"/etc/passwd\",\"syncTime\":\"2022-05-17 06:42:50\",\"lastModified\":\"1969-12-31 16:00:00\",\"minUserId\":\"999\",\"minGroupId\":\"0\",\"totalUsersSynced\":\"70\",\"totalGroupsSynced\":\"129\",\"totalUsersDeleted\":\"0\",\"totalGroupsDeleted\":\"0\"}','24'),(276,'2022-05-17 13:43:50','2022-05-17 13:43:50',2,2,'2022-05-17 13:43:50','rangerusersync','Unix',0,0,0,0,'{\"unixBackend\":\"nss\",\"fileName\":\"/etc/passwd\",\"syncTime\":\"2022-05-17 06:43:50\",\"lastModified\":\"1969-12-31 16:00:00\",\"minUserId\":\"999\",\"minGroupId\":\"0\",\"totalUsersSynced\":\"70\",\"totalGroupsSynced\":\"129\",\"totalUsersDeleted\":\"0\",\"totalGroupsDeleted\":\"0\"}','24'),(277,'2022-05-17 13:44:50','2022-05-17 13:44:50',2,2,'2022-05-17 13:44:50','rangerusersync','Unix',0,0,0,0,'{\"unixBackend\":\"nss\",\"fileName\":\"/etc/passwd\",\"syncTime\":\"2022-05-17 06:44:50\",\"lastModified\":\"1969-12-31 16:00:00\",\"minUserId\":\"999\",\"minGroupId\":\"0\",\"totalUsersSynced\":\"70\",\"totalGroupsSynced\":\"129\",\"totalUsersDeleted\":\"0\",\"totalGroupsDeleted\":\"0\"}','24'),(278,'2022-05-17 13:45:50','2022-05-17 13:45:50',2,2,'2022-05-17 13:45:50','rangerusersync','Unix',0,0,0,0,'{\"unixBackend\":\"nss\",\"fileName\":\"/etc/passwd\",\"syncTime\":\"2022-05-17 06:45:50\",\"lastModified\":\"1969-12-31 16:00:00\",\"minUserId\":\"999\",\"minGroupId\":\"0\",\"totalUsersSynced\":\"70\",\"totalGroupsSynced\":\"129\",\"totalUsersDeleted\":\"0\",\"totalGroupsDeleted\":\"0\"}','24'),(279,'2022-05-17 13:46:50','2022-05-17 13:46:50',2,2,'2022-05-17 13:46:50','rangerusersync','Unix',0,0,0,0,'{\"unixBackend\":\"nss\",\"fileName\":\"/etc/passwd\",\"syncTime\":\"2022-05-17 06:46:50\",\"lastModified\":\"1969-12-31 16:00:00\",\"minUserId\":\"999\",\"minGroupId\":\"0\",\"totalUsersSynced\":\"70\",\"totalGroupsSynced\":\"129\",\"totalUsersDeleted\":\"0\",\"totalGroupsDeleted\":\"0\"}','24'),(280,'2022-05-17 13:47:50','2022-05-17 13:47:50',2,2,'2022-05-17 13:47:50','rangerusersync','Unix',0,0,0,0,'{\"unixBackend\":\"nss\",\"fileName\":\"/etc/passwd\",\"syncTime\":\"2022-05-17 06:47:50\",\"lastModified\":\"1969-12-31 16:00:00\",\"minUserId\":\"999\",\"minGroupId\":\"0\",\"totalUsersSynced\":\"70\",\"totalGroupsSynced\":\"129\",\"totalUsersDeleted\":\"0\",\"totalGroupsDeleted\":\"0\"}','24'),(281,'2022-05-17 13:48:50','2022-05-17 13:48:50',2,2,'2022-05-17 13:48:50','rangerusersync','Unix',0,0,0,0,'{\"unixBackend\":\"nss\",\"fileName\":\"/etc/passwd\",\"syncTime\":\"2022-05-17 06:48:50\",\"lastModified\":\"1969-12-31 16:00:00\",\"minUserId\":\"999\",\"minGroupId\":\"0\",\"totalUsersSynced\":\"70\",\"totalGroupsSynced\":\"129\",\"totalUsersDeleted\":\"0\",\"totalGroupsDeleted\":\"0\"}','24'),(282,'2022-05-17 13:49:50','2022-05-17 13:49:50',2,2,'2022-05-17 13:49:50','rangerusersync','Unix',0,0,0,0,'{\"unixBackend\":\"nss\",\"fileName\":\"/etc/passwd\",\"syncTime\":\"2022-05-17 06:49:50\",\"lastModified\":\"1969-12-31 16:00:00\",\"minUserId\":\"999\",\"minGroupId\":\"0\",\"totalUsersSynced\":\"70\",\"totalGroupsSynced\":\"129\",\"totalUsersDeleted\":\"0\",\"totalGroupsDeleted\":\"0\"}','24'),(283,'2022-05-17 13:50:50','2022-05-17 13:50:50',2,2,'2022-05-17 13:50:50','rangerusersync','Unix',0,0,0,0,'{\"unixBackend\":\"nss\",\"fileName\":\"/etc/passwd\",\"syncTime\":\"2022-05-17 06:50:50\",\"lastModified\":\"1969-12-31 16:00:00\",\"minUserId\":\"999\",\"minGroupId\":\"0\",\"totalUsersSynced\":\"70\",\"totalGroupsSynced\":\"129\",\"totalUsersDeleted\":\"0\",\"totalGroupsDeleted\":\"0\"}','24'),(284,'2022-05-17 13:51:50','2022-05-17 13:51:50',2,2,'2022-05-17 13:51:50','rangerusersync','Unix',0,0,0,0,'{\"unixBackend\":\"nss\",\"fileName\":\"/etc/passwd\",\"syncTime\":\"2022-05-17 06:51:50\",\"lastModified\":\"1969-12-31 16:00:00\",\"minUserId\":\"999\",\"minGroupId\":\"0\",\"totalUsersSynced\":\"70\",\"totalGroupsSynced\":\"129\",\"totalUsersDeleted\":\"0\",\"totalGroupsDeleted\":\"0\"}','24'),(285,'2022-05-17 13:52:50','2022-05-17 13:52:50',2,2,'2022-05-17 13:52:50','rangerusersync','Unix',0,0,0,0,'{\"unixBackend\":\"nss\",\"fileName\":\"/etc/passwd\",\"syncTime\":\"2022-05-17 06:52:50\",\"lastModified\":\"1969-12-31 16:00:00\",\"minUserId\":\"999\",\"minGroupId\":\"0\",\"totalUsersSynced\":\"70\",\"totalGroupsSynced\":\"129\",\"totalUsersDeleted\":\"0\",\"totalGroupsDeleted\":\"0\"}','24'),(286,'2022-05-17 13:53:50','2022-05-17 13:53:50',2,2,'2022-05-17 13:53:50','rangerusersync','Unix',0,0,0,0,'{\"unixBackend\":\"nss\",\"fileName\":\"/etc/passwd\",\"syncTime\":\"2022-05-17 06:53:50\",\"lastModified\":\"1969-12-31 16:00:00\",\"minUserId\":\"999\",\"minGroupId\":\"0\",\"totalUsersSynced\":\"70\",\"totalGroupsSynced\":\"129\",\"totalUsersDeleted\":\"0\",\"totalGroupsDeleted\":\"0\"}','24'),(287,'2022-05-17 13:54:50','2022-05-17 13:54:50',2,2,'2022-05-17 13:54:50','rangerusersync','Unix',0,0,0,0,'{\"unixBackend\":\"nss\",\"fileName\":\"/etc/passwd\",\"syncTime\":\"2022-05-17 06:54:50\",\"lastModified\":\"1969-12-31 16:00:00\",\"minUserId\":\"999\",\"minGroupId\":\"0\",\"totalUsersSynced\":\"70\",\"totalGroupsSynced\":\"129\",\"totalUsersDeleted\":\"0\",\"totalGroupsDeleted\":\"0\"}','24'),(288,'2022-05-17 13:55:50','2022-05-17 13:55:50',2,2,'2022-05-17 13:55:50','rangerusersync','Unix',0,0,0,0,'{\"unixBackend\":\"nss\",\"fileName\":\"/etc/passwd\",\"syncTime\":\"2022-05-17 06:55:50\",\"lastModified\":\"1969-12-31 16:00:00\",\"minUserId\":\"999\",\"minGroupId\":\"0\",\"totalUsersSynced\":\"70\",\"totalGroupsSynced\":\"129\",\"totalUsersDeleted\":\"0\",\"totalGroupsDeleted\":\"0\"}','24'),(289,'2022-05-17 13:56:50','2022-05-17 13:56:50',2,2,'2022-05-17 13:56:50','rangerusersync','Unix',0,0,0,0,'{\"unixBackend\":\"nss\",\"fileName\":\"/etc/passwd\",\"syncTime\":\"2022-05-17 06:56:50\",\"lastModified\":\"1969-12-31 16:00:00\",\"minUserId\":\"999\",\"minGroupId\":\"0\",\"totalUsersSynced\":\"70\",\"totalGroupsSynced\":\"129\",\"totalUsersDeleted\":\"0\",\"totalGroupsDeleted\":\"0\"}','24'),(290,'2022-05-17 13:57:50','2022-05-17 13:57:50',2,2,'2022-05-17 13:57:50','rangerusersync','Unix',0,0,0,0,'{\"unixBackend\":\"nss\",\"fileName\":\"/etc/passwd\",\"syncTime\":\"2022-05-17 06:57:50\",\"lastModified\":\"1969-12-31 16:00:00\",\"minUserId\":\"999\",\"minGroupId\":\"0\",\"totalUsersSynced\":\"70\",\"totalGroupsSynced\":\"129\",\"totalUsersDeleted\":\"0\",\"totalGroupsDeleted\":\"0\"}','24'),(291,'2022-05-17 13:58:50','2022-05-17 13:58:50',2,2,'2022-05-17 13:58:50','rangerusersync','Unix',0,0,0,0,'{\"unixBackend\":\"nss\",\"fileName\":\"/etc/passwd\",\"syncTime\":\"2022-05-17 06:58:50\",\"lastModified\":\"1969-12-31 16:00:00\",\"minUserId\":\"999\",\"minGroupId\":\"0\",\"totalUsersSynced\":\"70\",\"totalGroupsSynced\":\"129\",\"totalUsersDeleted\":\"0\",\"totalGroupsDeleted\":\"0\"}','24'),(292,'2022-05-17 13:59:50','2022-05-17 13:59:50',2,2,'2022-05-17 13:59:50','rangerusersync','Unix',0,0,0,0,'{\"unixBackend\":\"nss\",\"fileName\":\"/etc/passwd\",\"syncTime\":\"2022-05-17 06:59:50\",\"lastModified\":\"1969-12-31 16:00:00\",\"minUserId\":\"999\",\"minGroupId\":\"0\",\"totalUsersSynced\":\"70\",\"totalGroupsSynced\":\"129\",\"totalUsersDeleted\":\"0\",\"totalGroupsDeleted\":\"0\"}','24'),(293,'2022-05-17 14:00:51','2022-05-17 14:00:51',2,2,'2022-05-17 14:00:51','rangerusersync','Unix',0,0,0,0,'{\"unixBackend\":\"nss\",\"fileName\":\"/etc/passwd\",\"syncTime\":\"2022-05-17 07:00:50\",\"lastModified\":\"1969-12-31 16:00:00\",\"minUserId\":\"999\",\"minGroupId\":\"0\",\"totalUsersSynced\":\"70\",\"totalGroupsSynced\":\"129\",\"totalUsersDeleted\":\"0\",\"totalGroupsDeleted\":\"0\"}','24'),(294,'2022-05-17 14:01:51','2022-05-17 14:01:51',2,2,'2022-05-17 14:01:51','rangerusersync','Unix',0,0,0,0,'{\"unixBackend\":\"nss\",\"fileName\":\"/etc/passwd\",\"syncTime\":\"2022-05-17 07:01:51\",\"lastModified\":\"1969-12-31 16:00:00\",\"minUserId\":\"999\",\"minGroupId\":\"0\",\"totalUsersSynced\":\"70\",\"totalGroupsSynced\":\"129\",\"totalUsersDeleted\":\"0\",\"totalGroupsDeleted\":\"0\"}','24'),(295,'2022-05-17 14:02:51','2022-05-17 14:02:51',2,2,'2022-05-17 14:02:51','rangerusersync','Unix',0,0,0,0,'{\"unixBackend\":\"nss\",\"fileName\":\"/etc/passwd\",\"syncTime\":\"2022-05-17 07:02:51\",\"lastModified\":\"1969-12-31 16:00:00\",\"minUserId\":\"999\",\"minGroupId\":\"0\",\"totalUsersSynced\":\"70\",\"totalGroupsSynced\":\"129\",\"totalUsersDeleted\":\"0\",\"totalGroupsDeleted\":\"0\"}','24'),(296,'2022-05-17 14:03:51','2022-05-17 14:03:51',2,2,'2022-05-17 14:03:51','rangerusersync','Unix',0,0,0,0,'{\"unixBackend\":\"nss\",\"fileName\":\"/etc/passwd\",\"syncTime\":\"2022-05-17 07:03:51\",\"lastModified\":\"1969-12-31 16:00:00\",\"minUserId\":\"999\",\"minGroupId\":\"0\",\"totalUsersSynced\":\"70\",\"totalGroupsSynced\":\"129\",\"totalUsersDeleted\":\"0\",\"totalGroupsDeleted\":\"0\"}','24'),(297,'2022-05-17 14:04:51','2022-05-17 14:04:51',2,2,'2022-05-17 14:04:51','rangerusersync','Unix',0,0,0,0,'{\"unixBackend\":\"nss\",\"fileName\":\"/etc/passwd\",\"syncTime\":\"2022-05-17 07:04:51\",\"lastModified\":\"1969-12-31 16:00:00\",\"minUserId\":\"999\",\"minGroupId\":\"0\",\"totalUsersSynced\":\"70\",\"totalGroupsSynced\":\"129\",\"totalUsersDeleted\":\"0\",\"totalGroupsDeleted\":\"0\"}','24'),(298,'2022-05-17 14:05:51','2022-05-17 14:05:51',2,2,'2022-05-17 14:05:51','rangerusersync','Unix',0,0,0,0,'{\"unixBackend\":\"nss\",\"fileName\":\"/etc/passwd\",\"syncTime\":\"2022-05-17 07:05:51\",\"lastModified\":\"1969-12-31 16:00:00\",\"minUserId\":\"999\",\"minGroupId\":\"0\",\"totalUsersSynced\":\"70\",\"totalGroupsSynced\":\"129\",\"totalUsersDeleted\":\"0\",\"totalGroupsDeleted\":\"0\"}','24'),(299,'2022-05-17 14:06:51','2022-05-17 14:06:51',2,2,'2022-05-17 14:06:51','rangerusersync','Unix',0,0,0,0,'{\"unixBackend\":\"nss\",\"fileName\":\"/etc/passwd\",\"syncTime\":\"2022-05-17 07:06:51\",\"lastModified\":\"1969-12-31 16:00:00\",\"minUserId\":\"999\",\"minGroupId\":\"0\",\"totalUsersSynced\":\"70\",\"totalGroupsSynced\":\"129\",\"totalUsersDeleted\":\"0\",\"totalGroupsDeleted\":\"0\"}','24'),(300,'2022-05-17 14:07:51','2022-05-17 14:07:51',2,2,'2022-05-17 14:07:51','rangerusersync','Unix',0,0,0,0,'{\"unixBackend\":\"nss\",\"fileName\":\"/etc/passwd\",\"syncTime\":\"2022-05-17 07:07:51\",\"lastModified\":\"1969-12-31 16:00:00\",\"minUserId\":\"999\",\"minGroupId\":\"0\",\"totalUsersSynced\":\"70\",\"totalGroupsSynced\":\"129\",\"totalUsersDeleted\":\"0\",\"totalGroupsDeleted\":\"0\"}','24'),(301,'2022-05-17 14:08:51','2022-05-17 14:08:51',2,2,'2022-05-17 14:08:51','rangerusersync','Unix',0,0,0,0,'{\"unixBackend\":\"nss\",\"fileName\":\"/etc/passwd\",\"syncTime\":\"2022-05-17 07:08:51\",\"lastModified\":\"1969-12-31 16:00:00\",\"minUserId\":\"999\",\"minGroupId\":\"0\",\"totalUsersSynced\":\"70\",\"totalGroupsSynced\":\"129\",\"totalUsersDeleted\":\"0\",\"totalGroupsDeleted\":\"0\"}','24'),(302,'2022-05-17 14:09:51','2022-05-17 14:09:51',2,2,'2022-05-17 14:09:51','rangerusersync','Unix',0,0,0,0,'{\"unixBackend\":\"nss\",\"fileName\":\"/etc/passwd\",\"syncTime\":\"2022-05-17 07:09:51\",\"lastModified\":\"1969-12-31 16:00:00\",\"minUserId\":\"999\",\"minGroupId\":\"0\",\"totalUsersSynced\":\"70\",\"totalGroupsSynced\":\"129\",\"totalUsersDeleted\":\"0\",\"totalGroupsDeleted\":\"0\"}','24'),(303,'2022-05-17 14:10:51','2022-05-17 14:10:51',2,2,'2022-05-17 14:10:51','rangerusersync','Unix',0,0,0,0,'{\"unixBackend\":\"nss\",\"fileName\":\"/etc/passwd\",\"syncTime\":\"2022-05-17 07:10:51\",\"lastModified\":\"1969-12-31 16:00:00\",\"minUserId\":\"999\",\"minGroupId\":\"0\",\"totalUsersSynced\":\"70\",\"totalGroupsSynced\":\"129\",\"totalUsersDeleted\":\"0\",\"totalGroupsDeleted\":\"0\"}','24'),(304,'2022-05-17 14:11:51','2022-05-17 14:11:51',2,2,'2022-05-17 14:11:51','rangerusersync','Unix',0,0,0,0,'{\"unixBackend\":\"nss\",\"fileName\":\"/etc/passwd\",\"syncTime\":\"2022-05-17 07:11:51\",\"lastModified\":\"1969-12-31 16:00:00\",\"minUserId\":\"999\",\"minGroupId\":\"0\",\"totalUsersSynced\":\"70\",\"totalGroupsSynced\":\"129\",\"totalUsersDeleted\":\"0\",\"totalGroupsDeleted\":\"0\"}','24'),(305,'2022-05-17 14:12:51','2022-05-17 14:12:51',2,2,'2022-05-17 14:12:51','rangerusersync','Unix',0,0,0,0,'{\"unixBackend\":\"nss\",\"fileName\":\"/etc/passwd\",\"syncTime\":\"2022-05-17 07:12:51\",\"lastModified\":\"1969-12-31 16:00:00\",\"minUserId\":\"999\",\"minGroupId\":\"0\",\"totalUsersSynced\":\"70\",\"totalGroupsSynced\":\"129\",\"totalUsersDeleted\":\"0\",\"totalGroupsDeleted\":\"0\"}','24'),(306,'2022-05-17 14:13:51','2022-05-17 14:13:51',2,2,'2022-05-17 14:13:51','rangerusersync','Unix',0,0,0,0,'{\"unixBackend\":\"nss\",\"fileName\":\"/etc/passwd\",\"syncTime\":\"2022-05-17 07:13:51\",\"lastModified\":\"1969-12-31 16:00:00\",\"minUserId\":\"999\",\"minGroupId\":\"0\",\"totalUsersSynced\":\"70\",\"totalGroupsSynced\":\"129\",\"totalUsersDeleted\":\"0\",\"totalGroupsDeleted\":\"0\"}','24'),(307,'2022-05-17 14:14:51','2022-05-17 14:14:51',2,2,'2022-05-17 14:14:51','rangerusersync','Unix',0,0,0,0,'{\"unixBackend\":\"nss\",\"fileName\":\"/etc/passwd\",\"syncTime\":\"2022-05-17 07:14:51\",\"lastModified\":\"1969-12-31 16:00:00\",\"minUserId\":\"999\",\"minGroupId\":\"0\",\"totalUsersSynced\":\"70\",\"totalGroupsSynced\":\"129\",\"totalUsersDeleted\":\"0\",\"totalGroupsDeleted\":\"0\"}','24'),(308,'2022-05-17 14:15:51','2022-05-17 14:15:51',2,2,'2022-05-17 14:15:51','rangerusersync','Unix',0,0,0,0,'{\"unixBackend\":\"nss\",\"fileName\":\"/etc/passwd\",\"syncTime\":\"2022-05-17 07:15:51\",\"lastModified\":\"1969-12-31 16:00:00\",\"minUserId\":\"999\",\"minGroupId\":\"0\",\"totalUsersSynced\":\"70\",\"totalGroupsSynced\":\"129\",\"totalUsersDeleted\":\"0\",\"totalGroupsDeleted\":\"0\"}','24'),(309,'2022-05-17 14:16:51','2022-05-17 14:16:51',2,2,'2022-05-17 14:16:51','rangerusersync','Unix',0,0,0,0,'{\"unixBackend\":\"nss\",\"fileName\":\"/etc/passwd\",\"syncTime\":\"2022-05-17 07:16:51\",\"lastModified\":\"1969-12-31 16:00:00\",\"minUserId\":\"999\",\"minGroupId\":\"0\",\"totalUsersSynced\":\"70\",\"totalGroupsSynced\":\"129\",\"totalUsersDeleted\":\"0\",\"totalGroupsDeleted\":\"0\"}','24'),(310,'2022-05-17 14:17:51','2022-05-17 14:17:51',2,2,'2022-05-17 14:17:51','rangerusersync','Unix',0,0,0,0,'{\"unixBackend\":\"nss\",\"fileName\":\"/etc/passwd\",\"syncTime\":\"2022-05-17 07:17:51\",\"lastModified\":\"1969-12-31 16:00:00\",\"minUserId\":\"999\",\"minGroupId\":\"0\",\"totalUsersSynced\":\"70\",\"totalGroupsSynced\":\"129\",\"totalUsersDeleted\":\"0\",\"totalGroupsDeleted\":\"0\"}','24'),(311,'2022-05-17 14:18:51','2022-05-17 14:18:51',2,2,'2022-05-17 14:18:51','rangerusersync','Unix',0,0,0,0,'{\"unixBackend\":\"nss\",\"fileName\":\"/etc/passwd\",\"syncTime\":\"2022-05-17 07:18:51\",\"lastModified\":\"1969-12-31 16:00:00\",\"minUserId\":\"999\",\"minGroupId\":\"0\",\"totalUsersSynced\":\"70\",\"totalGroupsSynced\":\"129\",\"totalUsersDeleted\":\"0\",\"totalGroupsDeleted\":\"0\"}','24'),(312,'2022-05-17 14:19:51','2022-05-17 14:19:51',2,2,'2022-05-17 14:19:51','rangerusersync','Unix',0,0,0,0,'{\"unixBackend\":\"nss\",\"fileName\":\"/etc/passwd\",\"syncTime\":\"2022-05-17 07:19:51\",\"lastModified\":\"1969-12-31 16:00:00\",\"minUserId\":\"999\",\"minGroupId\":\"0\",\"totalUsersSynced\":\"70\",\"totalGroupsSynced\":\"129\",\"totalUsersDeleted\":\"0\",\"totalGroupsDeleted\":\"0\"}','24'),(313,'2022-05-17 14:20:52','2022-05-17 14:20:52',2,2,'2022-05-17 14:20:52','rangerusersync','Unix',0,0,0,0,'{\"unixBackend\":\"nss\",\"fileName\":\"/etc/passwd\",\"syncTime\":\"2022-05-17 07:20:51\",\"lastModified\":\"1969-12-31 16:00:00\",\"minUserId\":\"999\",\"minGroupId\":\"0\",\"totalUsersSynced\":\"70\",\"totalGroupsSynced\":\"129\",\"totalUsersDeleted\":\"0\",\"totalGroupsDeleted\":\"0\"}','24'),(314,'2022-05-17 14:21:52','2022-05-17 14:21:52',2,2,'2022-05-17 14:21:52','rangerusersync','Unix',0,0,0,0,'{\"unixBackend\":\"nss\",\"fileName\":\"/etc/passwd\",\"syncTime\":\"2022-05-17 07:21:52\",\"lastModified\":\"1969-12-31 16:00:00\",\"minUserId\":\"999\",\"minGroupId\":\"0\",\"totalUsersSynced\":\"70\",\"totalGroupsSynced\":\"129\",\"totalUsersDeleted\":\"0\",\"totalGroupsDeleted\":\"0\"}','24'),(315,'2022-05-17 14:22:52','2022-05-17 14:22:52',2,2,'2022-05-17 14:22:52','rangerusersync','Unix',0,0,0,0,'{\"unixBackend\":\"nss\",\"fileName\":\"/etc/passwd\",\"syncTime\":\"2022-05-17 07:22:52\",\"lastModified\":\"1969-12-31 16:00:00\",\"minUserId\":\"999\",\"minGroupId\":\"0\",\"totalUsersSynced\":\"70\",\"totalGroupsSynced\":\"129\",\"totalUsersDeleted\":\"0\",\"totalGroupsDeleted\":\"0\"}','24'),(316,'2022-05-17 14:23:52','2022-05-17 14:23:52',2,2,'2022-05-17 14:23:52','rangerusersync','Unix',0,0,0,0,'{\"unixBackend\":\"nss\",\"fileName\":\"/etc/passwd\",\"syncTime\":\"2022-05-17 07:23:52\",\"lastModified\":\"1969-12-31 16:00:00\",\"minUserId\":\"999\",\"minGroupId\":\"0\",\"totalUsersSynced\":\"70\",\"totalGroupsSynced\":\"129\",\"totalUsersDeleted\":\"0\",\"totalGroupsDeleted\":\"0\"}','24'),(317,'2022-05-17 14:24:52','2022-05-17 14:24:52',2,2,'2022-05-17 14:24:52','rangerusersync','Unix',0,0,0,0,'{\"unixBackend\":\"nss\",\"fileName\":\"/etc/passwd\",\"syncTime\":\"2022-05-17 07:24:52\",\"lastModified\":\"1969-12-31 16:00:00\",\"minUserId\":\"999\",\"minGroupId\":\"0\",\"totalUsersSynced\":\"70\",\"totalGroupsSynced\":\"129\",\"totalUsersDeleted\":\"0\",\"totalGroupsDeleted\":\"0\"}','24'),(318,'2022-05-17 14:25:52','2022-05-17 14:25:52',2,2,'2022-05-17 14:25:52','rangerusersync','Unix',0,0,0,0,'{\"unixBackend\":\"nss\",\"fileName\":\"/etc/passwd\",\"syncTime\":\"2022-05-17 07:25:52\",\"lastModified\":\"1969-12-31 16:00:00\",\"minUserId\":\"999\",\"minGroupId\":\"0\",\"totalUsersSynced\":\"70\",\"totalGroupsSynced\":\"129\",\"totalUsersDeleted\":\"0\",\"totalGroupsDeleted\":\"0\"}','24'),(319,'2022-05-17 14:26:52','2022-05-17 14:26:52',2,2,'2022-05-17 14:26:52','rangerusersync','Unix',0,0,0,0,'{\"unixBackend\":\"nss\",\"fileName\":\"/etc/passwd\",\"syncTime\":\"2022-05-17 07:26:52\",\"lastModified\":\"1969-12-31 16:00:00\",\"minUserId\":\"999\",\"minGroupId\":\"0\",\"totalUsersSynced\":\"70\",\"totalGroupsSynced\":\"129\",\"totalUsersDeleted\":\"0\",\"totalGroupsDeleted\":\"0\"}','24'),(320,'2022-05-17 14:27:52','2022-05-17 14:27:52',2,2,'2022-05-17 14:27:52','rangerusersync','Unix',0,0,0,0,'{\"unixBackend\":\"nss\",\"fileName\":\"/etc/passwd\",\"syncTime\":\"2022-05-17 07:27:52\",\"lastModified\":\"1969-12-31 16:00:00\",\"minUserId\":\"999\",\"minGroupId\":\"0\",\"totalUsersSynced\":\"70\",\"totalGroupsSynced\":\"129\",\"totalUsersDeleted\":\"0\",\"totalGroupsDeleted\":\"0\"}','24'),(321,'2022-05-17 14:28:52','2022-05-17 14:28:52',2,2,'2022-05-17 14:28:52','rangerusersync','Unix',0,0,0,0,'{\"unixBackend\":\"nss\",\"fileName\":\"/etc/passwd\",\"syncTime\":\"2022-05-17 07:28:52\",\"lastModified\":\"1969-12-31 16:00:00\",\"minUserId\":\"999\",\"minGroupId\":\"0\",\"totalUsersSynced\":\"70\",\"totalGroupsSynced\":\"129\",\"totalUsersDeleted\":\"0\",\"totalGroupsDeleted\":\"0\"}','24'),(322,'2022-05-17 14:29:52','2022-05-17 14:29:52',2,2,'2022-05-17 14:29:52','rangerusersync','Unix',0,0,0,0,'{\"unixBackend\":\"nss\",\"fileName\":\"/etc/passwd\",\"syncTime\":\"2022-05-17 07:29:52\",\"lastModified\":\"1969-12-31 16:00:00\",\"minUserId\":\"999\",\"minGroupId\":\"0\",\"totalUsersSynced\":\"70\",\"totalGroupsSynced\":\"129\",\"totalUsersDeleted\":\"0\",\"totalGroupsDeleted\":\"0\"}','24'),(323,'2022-05-17 14:30:52','2022-05-17 14:30:52',2,2,'2022-05-17 14:30:52','rangerusersync','Unix',0,0,0,0,'{\"unixBackend\":\"nss\",\"fileName\":\"/etc/passwd\",\"syncTime\":\"2022-05-17 07:30:52\",\"lastModified\":\"1969-12-31 16:00:00\",\"minUserId\":\"999\",\"minGroupId\":\"0\",\"totalUsersSynced\":\"70\",\"totalGroupsSynced\":\"129\",\"totalUsersDeleted\":\"0\",\"totalGroupsDeleted\":\"0\"}','24'),(324,'2022-05-17 14:31:52','2022-05-17 14:31:52',2,2,'2022-05-17 14:31:52','rangerusersync','Unix',0,0,0,0,'{\"unixBackend\":\"nss\",\"fileName\":\"/etc/passwd\",\"syncTime\":\"2022-05-17 07:31:52\",\"lastModified\":\"1969-12-31 16:00:00\",\"minUserId\":\"999\",\"minGroupId\":\"0\",\"totalUsersSynced\":\"70\",\"totalGroupsSynced\":\"129\",\"totalUsersDeleted\":\"0\",\"totalGroupsDeleted\":\"0\"}','24'),(325,'2022-05-17 14:32:52','2022-05-17 14:32:52',2,2,'2022-05-17 14:32:52','rangerusersync','Unix',0,0,0,0,'{\"unixBackend\":\"nss\",\"fileName\":\"/etc/passwd\",\"syncTime\":\"2022-05-17 07:32:52\",\"lastModified\":\"1969-12-31 16:00:00\",\"minUserId\":\"999\",\"minGroupId\":\"0\",\"totalUsersSynced\":\"70\",\"totalGroupsSynced\":\"129\",\"totalUsersDeleted\":\"0\",\"totalGroupsDeleted\":\"0\"}','24'),(326,'2022-05-17 14:33:52','2022-05-17 14:33:52',2,2,'2022-05-17 14:33:52','rangerusersync','Unix',0,0,0,0,'{\"unixBackend\":\"nss\",\"fileName\":\"/etc/passwd\",\"syncTime\":\"2022-05-17 07:33:52\",\"lastModified\":\"1969-12-31 16:00:00\",\"minUserId\":\"999\",\"minGroupId\":\"0\",\"totalUsersSynced\":\"70\",\"totalGroupsSynced\":\"129\",\"totalUsersDeleted\":\"0\",\"totalGroupsDeleted\":\"0\"}','24'),(327,'2022-05-17 14:34:52','2022-05-17 14:34:52',2,2,'2022-05-17 14:34:52','rangerusersync','Unix',0,0,0,0,'{\"unixBackend\":\"nss\",\"fileName\":\"/etc/passwd\",\"syncTime\":\"2022-05-17 07:34:52\",\"lastModified\":\"1969-12-31 16:00:00\",\"minUserId\":\"999\",\"minGroupId\":\"0\",\"totalUsersSynced\":\"70\",\"totalGroupsSynced\":\"129\",\"totalUsersDeleted\":\"0\",\"totalGroupsDeleted\":\"0\"}','24'),(328,'2022-05-17 14:35:52','2022-05-17 14:35:52',2,2,'2022-05-17 14:35:52','rangerusersync','Unix',0,0,0,0,'{\"unixBackend\":\"nss\",\"fileName\":\"/etc/passwd\",\"syncTime\":\"2022-05-17 07:35:52\",\"lastModified\":\"1969-12-31 16:00:00\",\"minUserId\":\"999\",\"minGroupId\":\"0\",\"totalUsersSynced\":\"70\",\"totalGroupsSynced\":\"129\",\"totalUsersDeleted\":\"0\",\"totalGroupsDeleted\":\"0\"}','24'),(329,'2022-05-17 14:36:52','2022-05-17 14:36:52',2,2,'2022-05-17 14:36:52','rangerusersync','Unix',0,0,0,0,'{\"unixBackend\":\"nss\",\"fileName\":\"/etc/passwd\",\"syncTime\":\"2022-05-17 07:36:52\",\"lastModified\":\"1969-12-31 16:00:00\",\"minUserId\":\"999\",\"minGroupId\":\"0\",\"totalUsersSynced\":\"70\",\"totalGroupsSynced\":\"129\",\"totalUsersDeleted\":\"0\",\"totalGroupsDeleted\":\"0\"}','24'),(330,'2022-05-17 14:37:52','2022-05-17 14:37:52',2,2,'2022-05-17 14:37:52','rangerusersync','Unix',0,0,0,0,'{\"unixBackend\":\"nss\",\"fileName\":\"/etc/passwd\",\"syncTime\":\"2022-05-17 07:37:52\",\"lastModified\":\"1969-12-31 16:00:00\",\"minUserId\":\"999\",\"minGroupId\":\"0\",\"totalUsersSynced\":\"70\",\"totalGroupsSynced\":\"129\",\"totalUsersDeleted\":\"0\",\"totalGroupsDeleted\":\"0\"}','24'),(331,'2022-05-17 14:38:52','2022-05-17 14:38:52',2,2,'2022-05-17 14:38:52','rangerusersync','Unix',0,0,0,0,'{\"unixBackend\":\"nss\",\"fileName\":\"/etc/passwd\",\"syncTime\":\"2022-05-17 07:38:52\",\"lastModified\":\"1969-12-31 16:00:00\",\"minUserId\":\"999\",\"minGroupId\":\"0\",\"totalUsersSynced\":\"70\",\"totalGroupsSynced\":\"129\",\"totalUsersDeleted\":\"0\",\"totalGroupsDeleted\":\"0\"}','24'),(332,'2022-05-17 14:39:53','2022-05-17 14:39:53',2,2,'2022-05-17 14:39:53','rangerusersync','Unix',0,0,0,0,'{\"unixBackend\":\"nss\",\"fileName\":\"/etc/passwd\",\"syncTime\":\"2022-05-17 07:39:53\",\"lastModified\":\"1969-12-31 16:00:00\",\"minUserId\":\"999\",\"minGroupId\":\"0\",\"totalUsersSynced\":\"70\",\"totalGroupsSynced\":\"129\",\"totalUsersDeleted\":\"0\",\"totalGroupsDeleted\":\"0\"}','24'),(333,'2022-05-17 14:40:53','2022-05-17 14:40:53',2,2,'2022-05-17 14:40:53','rangerusersync','Unix',0,0,0,0,'{\"unixBackend\":\"nss\",\"fileName\":\"/etc/passwd\",\"syncTime\":\"2022-05-17 07:40:53\",\"lastModified\":\"1969-12-31 16:00:00\",\"minUserId\":\"999\",\"minGroupId\":\"0\",\"totalUsersSynced\":\"70\",\"totalGroupsSynced\":\"129\",\"totalUsersDeleted\":\"0\",\"totalGroupsDeleted\":\"0\"}','24'),(334,'2022-05-17 14:41:53','2022-05-17 14:41:53',2,2,'2022-05-17 14:41:53','rangerusersync','Unix',0,0,0,0,'{\"unixBackend\":\"nss\",\"fileName\":\"/etc/passwd\",\"syncTime\":\"2022-05-17 07:41:53\",\"lastModified\":\"1969-12-31 16:00:00\",\"minUserId\":\"999\",\"minGroupId\":\"0\",\"totalUsersSynced\":\"70\",\"totalGroupsSynced\":\"129\",\"totalUsersDeleted\":\"0\",\"totalGroupsDeleted\":\"0\"}','24'),(335,'2022-05-17 14:42:53','2022-05-17 14:42:53',2,2,'2022-05-17 14:42:53','rangerusersync','Unix',0,0,0,0,'{\"unixBackend\":\"nss\",\"fileName\":\"/etc/passwd\",\"syncTime\":\"2022-05-17 07:42:53\",\"lastModified\":\"1969-12-31 16:00:00\",\"minUserId\":\"999\",\"minGroupId\":\"0\",\"totalUsersSynced\":\"70\",\"totalGroupsSynced\":\"129\",\"totalUsersDeleted\":\"0\",\"totalGroupsDeleted\":\"0\"}','24'),(336,'2022-05-17 14:43:53','2022-05-17 14:43:53',2,2,'2022-05-17 14:43:53','rangerusersync','Unix',0,0,0,0,'{\"unixBackend\":\"nss\",\"fileName\":\"/etc/passwd\",\"syncTime\":\"2022-05-17 07:43:53\",\"lastModified\":\"1969-12-31 16:00:00\",\"minUserId\":\"999\",\"minGroupId\":\"0\",\"totalUsersSynced\":\"70\",\"totalGroupsSynced\":\"129\",\"totalUsersDeleted\":\"0\",\"totalGroupsDeleted\":\"0\"}','24'),(337,'2022-05-17 14:44:53','2022-05-17 14:44:53',2,2,'2022-05-17 14:44:53','rangerusersync','Unix',0,0,0,0,'{\"unixBackend\":\"nss\",\"fileName\":\"/etc/passwd\",\"syncTime\":\"2022-05-17 07:44:53\",\"lastModified\":\"1969-12-31 16:00:00\",\"minUserId\":\"999\",\"minGroupId\":\"0\",\"totalUsersSynced\":\"70\",\"totalGroupsSynced\":\"129\",\"totalUsersDeleted\":\"0\",\"totalGroupsDeleted\":\"0\"}','24'),(338,'2022-05-17 14:45:53','2022-05-17 14:45:53',2,2,'2022-05-17 14:45:53','rangerusersync','Unix',0,0,0,0,'{\"unixBackend\":\"nss\",\"fileName\":\"/etc/passwd\",\"syncTime\":\"2022-05-17 07:45:53\",\"lastModified\":\"1969-12-31 16:00:00\",\"minUserId\":\"999\",\"minGroupId\":\"0\",\"totalUsersSynced\":\"70\",\"totalGroupsSynced\":\"129\",\"totalUsersDeleted\":\"0\",\"totalGroupsDeleted\":\"0\"}','24'),(339,'2022-05-17 14:46:53','2022-05-17 14:46:53',2,2,'2022-05-17 14:46:53','rangerusersync','Unix',0,0,0,0,'{\"unixBackend\":\"nss\",\"fileName\":\"/etc/passwd\",\"syncTime\":\"2022-05-17 07:46:53\",\"lastModified\":\"1969-12-31 16:00:00\",\"minUserId\":\"999\",\"minGroupId\":\"0\",\"totalUsersSynced\":\"70\",\"totalGroupsSynced\":\"129\",\"totalUsersDeleted\":\"0\",\"totalGroupsDeleted\":\"0\"}','24'),(340,'2022-05-17 14:47:53','2022-05-17 14:47:53',2,2,'2022-05-17 14:47:53','rangerusersync','Unix',0,0,0,0,'{\"unixBackend\":\"nss\",\"fileName\":\"/etc/passwd\",\"syncTime\":\"2022-05-17 07:47:53\",\"lastModified\":\"1969-12-31 16:00:00\",\"minUserId\":\"999\",\"minGroupId\":\"0\",\"totalUsersSynced\":\"70\",\"totalGroupsSynced\":\"129\",\"totalUsersDeleted\":\"0\",\"totalGroupsDeleted\":\"0\"}','24'),(341,'2022-05-17 14:48:53','2022-05-17 14:48:53',2,2,'2022-05-17 14:48:53','rangerusersync','Unix',0,0,0,0,'{\"unixBackend\":\"nss\",\"fileName\":\"/etc/passwd\",\"syncTime\":\"2022-05-17 07:48:53\",\"lastModified\":\"1969-12-31 16:00:00\",\"minUserId\":\"999\",\"minGroupId\":\"0\",\"totalUsersSynced\":\"70\",\"totalGroupsSynced\":\"129\",\"totalUsersDeleted\":\"0\",\"totalGroupsDeleted\":\"0\"}','24'),(342,'2022-05-17 14:49:53','2022-05-17 14:49:53',2,2,'2022-05-17 14:49:53','rangerusersync','Unix',0,0,0,0,'{\"unixBackend\":\"nss\",\"fileName\":\"/etc/passwd\",\"syncTime\":\"2022-05-17 07:49:53\",\"lastModified\":\"1969-12-31 16:00:00\",\"minUserId\":\"999\",\"minGroupId\":\"0\",\"totalUsersSynced\":\"70\",\"totalGroupsSynced\":\"129\",\"totalUsersDeleted\":\"0\",\"totalGroupsDeleted\":\"0\"}','24'),(343,'2022-05-17 14:50:53','2022-05-17 14:50:53',2,2,'2022-05-17 14:50:53','rangerusersync','Unix',0,0,0,0,'{\"unixBackend\":\"nss\",\"fileName\":\"/etc/passwd\",\"syncTime\":\"2022-05-17 07:50:53\",\"lastModified\":\"1969-12-31 16:00:00\",\"minUserId\":\"999\",\"minGroupId\":\"0\",\"totalUsersSynced\":\"70\",\"totalGroupsSynced\":\"129\",\"totalUsersDeleted\":\"0\",\"totalGroupsDeleted\":\"0\"}','24'),(344,'2022-05-17 14:51:53','2022-05-17 14:51:53',2,2,'2022-05-17 14:51:53','rangerusersync','Unix',0,0,0,0,'{\"unixBackend\":\"nss\",\"fileName\":\"/etc/passwd\",\"syncTime\":\"2022-05-17 07:51:53\",\"lastModified\":\"1969-12-31 16:00:00\",\"minUserId\":\"999\",\"minGroupId\":\"0\",\"totalUsersSynced\":\"70\",\"totalGroupsSynced\":\"129\",\"totalUsersDeleted\":\"0\",\"totalGroupsDeleted\":\"0\"}','24'),(345,'2022-05-17 14:52:53','2022-05-17 14:52:53',2,2,'2022-05-17 14:52:53','rangerusersync','Unix',0,0,0,0,'{\"unixBackend\":\"nss\",\"fileName\":\"/etc/passwd\",\"syncTime\":\"2022-05-17 07:52:53\",\"lastModified\":\"1969-12-31 16:00:00\",\"minUserId\":\"999\",\"minGroupId\":\"0\",\"totalUsersSynced\":\"70\",\"totalGroupsSynced\":\"129\",\"totalUsersDeleted\":\"0\",\"totalGroupsDeleted\":\"0\"}','24'),(346,'2022-05-17 14:53:53','2022-05-17 14:53:53',2,2,'2022-05-17 14:53:53','rangerusersync','Unix',0,0,0,0,'{\"unixBackend\":\"nss\",\"fileName\":\"/etc/passwd\",\"syncTime\":\"2022-05-17 07:53:53\",\"lastModified\":\"1969-12-31 16:00:00\",\"minUserId\":\"999\",\"minGroupId\":\"0\",\"totalUsersSynced\":\"70\",\"totalGroupsSynced\":\"129\",\"totalUsersDeleted\":\"0\",\"totalGroupsDeleted\":\"0\"}','24'),(347,'2022-05-17 14:54:53','2022-05-17 14:54:53',2,2,'2022-05-17 14:54:53','rangerusersync','Unix',0,0,0,0,'{\"unixBackend\":\"nss\",\"fileName\":\"/etc/passwd\",\"syncTime\":\"2022-05-17 07:54:53\",\"lastModified\":\"1969-12-31 16:00:00\",\"minUserId\":\"999\",\"minGroupId\":\"0\",\"totalUsersSynced\":\"70\",\"totalGroupsSynced\":\"129\",\"totalUsersDeleted\":\"0\",\"totalGroupsDeleted\":\"0\"}','24'),(348,'2022-05-17 14:55:54','2022-05-17 14:55:54',2,2,'2022-05-17 14:55:54','rangerusersync','Unix',0,0,0,0,'{\"unixBackend\":\"nss\",\"fileName\":\"/etc/passwd\",\"syncTime\":\"2022-05-17 07:55:53\",\"lastModified\":\"1969-12-31 16:00:00\",\"minUserId\":\"999\",\"minGroupId\":\"0\",\"totalUsersSynced\":\"70\",\"totalGroupsSynced\":\"129\",\"totalUsersDeleted\":\"0\",\"totalGroupsDeleted\":\"0\"}','24'),(349,'2022-05-17 14:56:54','2022-05-17 14:56:54',2,2,'2022-05-17 14:56:54','rangerusersync','Unix',0,0,0,0,'{\"unixBackend\":\"nss\",\"fileName\":\"/etc/passwd\",\"syncTime\":\"2022-05-17 07:56:54\",\"lastModified\":\"1969-12-31 16:00:00\",\"minUserId\":\"999\",\"minGroupId\":\"0\",\"totalUsersSynced\":\"70\",\"totalGroupsSynced\":\"129\",\"totalUsersDeleted\":\"0\",\"totalGroupsDeleted\":\"0\"}','24'),(350,'2022-05-17 14:57:54','2022-05-17 14:57:54',2,2,'2022-05-17 14:57:54','rangerusersync','Unix',0,0,0,0,'{\"unixBackend\":\"nss\",\"fileName\":\"/etc/passwd\",\"syncTime\":\"2022-05-17 07:57:54\",\"lastModified\":\"1969-12-31 16:00:00\",\"minUserId\":\"999\",\"minGroupId\":\"0\",\"totalUsersSynced\":\"70\",\"totalGroupsSynced\":\"129\",\"totalUsersDeleted\":\"0\",\"totalGroupsDeleted\":\"0\"}','24'),(351,'2022-05-17 14:58:54','2022-05-17 14:58:54',2,2,'2022-05-17 14:58:54','rangerusersync','Unix',0,0,0,0,'{\"unixBackend\":\"nss\",\"fileName\":\"/etc/passwd\",\"syncTime\":\"2022-05-17 07:58:54\",\"lastModified\":\"1969-12-31 16:00:00\",\"minUserId\":\"999\",\"minGroupId\":\"0\",\"totalUsersSynced\":\"70\",\"totalGroupsSynced\":\"129\",\"totalUsersDeleted\":\"0\",\"totalGroupsDeleted\":\"0\"}','24'),(352,'2022-05-17 14:59:54','2022-05-17 14:59:54',2,2,'2022-05-17 14:59:54','rangerusersync','Unix',0,0,0,0,'{\"unixBackend\":\"nss\",\"fileName\":\"/etc/passwd\",\"syncTime\":\"2022-05-17 07:59:54\",\"lastModified\":\"1969-12-31 16:00:00\",\"minUserId\":\"999\",\"minGroupId\":\"0\",\"totalUsersSynced\":\"70\",\"totalGroupsSynced\":\"129\",\"totalUsersDeleted\":\"0\",\"totalGroupsDeleted\":\"0\"}','24'),(353,'2022-05-17 15:00:54','2022-05-17 15:00:54',2,2,'2022-05-17 15:00:54','rangerusersync','Unix',0,0,0,0,'{\"unixBackend\":\"nss\",\"fileName\":\"/etc/passwd\",\"syncTime\":\"2022-05-17 08:00:54\",\"lastModified\":\"1969-12-31 16:00:00\",\"minUserId\":\"999\",\"minGroupId\":\"0\",\"totalUsersSynced\":\"70\",\"totalGroupsSynced\":\"129\",\"totalUsersDeleted\":\"0\",\"totalGroupsDeleted\":\"0\"}','24'),(354,'2022-05-17 15:01:54','2022-05-17 15:01:54',2,2,'2022-05-17 15:01:54','rangerusersync','Unix',0,0,0,0,'{\"unixBackend\":\"nss\",\"fileName\":\"/etc/passwd\",\"syncTime\":\"2022-05-17 08:01:54\",\"lastModified\":\"1969-12-31 16:00:00\",\"minUserId\":\"999\",\"minGroupId\":\"0\",\"totalUsersSynced\":\"70\",\"totalGroupsSynced\":\"129\",\"totalUsersDeleted\":\"0\",\"totalGroupsDeleted\":\"0\"}','24'),(355,'2022-05-17 15:02:54','2022-05-17 15:02:54',2,2,'2022-05-17 15:02:54','rangerusersync','Unix',0,0,0,0,'{\"unixBackend\":\"nss\",\"fileName\":\"/etc/passwd\",\"syncTime\":\"2022-05-17 08:02:54\",\"lastModified\":\"1969-12-31 16:00:00\",\"minUserId\":\"999\",\"minGroupId\":\"0\",\"totalUsersSynced\":\"70\",\"totalGroupsSynced\":\"129\",\"totalUsersDeleted\":\"0\",\"totalGroupsDeleted\":\"0\"}','24'),(356,'2022-05-17 15:03:54','2022-05-17 15:03:54',2,2,'2022-05-17 15:03:54','rangerusersync','Unix',0,0,0,0,'{\"unixBackend\":\"nss\",\"fileName\":\"/etc/passwd\",\"syncTime\":\"2022-05-17 08:03:54\",\"lastModified\":\"1969-12-31 16:00:00\",\"minUserId\":\"999\",\"minGroupId\":\"0\",\"totalUsersSynced\":\"70\",\"totalGroupsSynced\":\"129\",\"totalUsersDeleted\":\"0\",\"totalGroupsDeleted\":\"0\"}','24'),(357,'2022-05-17 15:04:54','2022-05-17 15:04:54',2,2,'2022-05-17 15:04:54','rangerusersync','Unix',0,0,0,0,'{\"unixBackend\":\"nss\",\"fileName\":\"/etc/passwd\",\"syncTime\":\"2022-05-17 08:04:54\",\"lastModified\":\"1969-12-31 16:00:00\",\"minUserId\":\"999\",\"minGroupId\":\"0\",\"totalUsersSynced\":\"70\",\"totalGroupsSynced\":\"129\",\"totalUsersDeleted\":\"0\",\"totalGroupsDeleted\":\"0\"}','24'),(358,'2022-05-17 15:05:54','2022-05-17 15:05:54',2,2,'2022-05-17 15:05:54','rangerusersync','Unix',0,0,0,0,'{\"unixBackend\":\"nss\",\"fileName\":\"/etc/passwd\",\"syncTime\":\"2022-05-17 08:05:54\",\"lastModified\":\"1969-12-31 16:00:00\",\"minUserId\":\"999\",\"minGroupId\":\"0\",\"totalUsersSynced\":\"70\",\"totalGroupsSynced\":\"129\",\"totalUsersDeleted\":\"0\",\"totalGroupsDeleted\":\"0\"}','24'),(359,'2022-05-17 15:06:54','2022-05-17 15:06:54',2,2,'2022-05-17 15:06:54','rangerusersync','Unix',0,0,0,0,'{\"unixBackend\":\"nss\",\"fileName\":\"/etc/passwd\",\"syncTime\":\"2022-05-17 08:06:54\",\"lastModified\":\"1969-12-31 16:00:00\",\"minUserId\":\"999\",\"minGroupId\":\"0\",\"totalUsersSynced\":\"70\",\"totalGroupsSynced\":\"129\",\"totalUsersDeleted\":\"0\",\"totalGroupsDeleted\":\"0\"}','24'),(360,'2022-05-17 15:07:54','2022-05-17 15:07:54',2,2,'2022-05-17 15:07:54','rangerusersync','Unix',0,0,0,0,'{\"unixBackend\":\"nss\",\"fileName\":\"/etc/passwd\",\"syncTime\":\"2022-05-17 08:07:54\",\"lastModified\":\"1969-12-31 16:00:00\",\"minUserId\":\"999\",\"minGroupId\":\"0\",\"totalUsersSynced\":\"70\",\"totalGroupsSynced\":\"129\",\"totalUsersDeleted\":\"0\",\"totalGroupsDeleted\":\"0\"}','24'),(361,'2022-05-17 15:08:54','2022-05-17 15:08:54',2,2,'2022-05-17 15:08:54','rangerusersync','Unix',0,0,0,0,'{\"unixBackend\":\"nss\",\"fileName\":\"/etc/passwd\",\"syncTime\":\"2022-05-17 08:08:54\",\"lastModified\":\"1969-12-31 16:00:00\",\"minUserId\":\"999\",\"minGroupId\":\"0\",\"totalUsersSynced\":\"70\",\"totalGroupsSynced\":\"129\",\"totalUsersDeleted\":\"0\",\"totalGroupsDeleted\":\"0\"}','24'),(362,'2022-05-17 15:09:54','2022-05-17 15:09:54',2,2,'2022-05-17 15:09:54','rangerusersync','Unix',0,0,0,0,'{\"unixBackend\":\"nss\",\"fileName\":\"/etc/passwd\",\"syncTime\":\"2022-05-17 08:09:54\",\"lastModified\":\"1969-12-31 16:00:00\",\"minUserId\":\"999\",\"minGroupId\":\"0\",\"totalUsersSynced\":\"70\",\"totalGroupsSynced\":\"129\",\"totalUsersDeleted\":\"0\",\"totalGroupsDeleted\":\"0\"}','24'),(363,'2022-05-17 15:10:54','2022-05-17 15:10:54',2,2,'2022-05-17 15:10:54','rangerusersync','Unix',0,0,0,0,'{\"unixBackend\":\"nss\",\"fileName\":\"/etc/passwd\",\"syncTime\":\"2022-05-17 08:10:54\",\"lastModified\":\"1969-12-31 16:00:00\",\"minUserId\":\"999\",\"minGroupId\":\"0\",\"totalUsersSynced\":\"70\",\"totalGroupsSynced\":\"129\",\"totalUsersDeleted\":\"0\",\"totalGroupsDeleted\":\"0\"}','24'),(364,'2022-05-17 15:11:54','2022-05-17 15:11:54',2,2,'2022-05-17 15:11:54','rangerusersync','Unix',0,0,0,0,'{\"unixBackend\":\"nss\",\"fileName\":\"/etc/passwd\",\"syncTime\":\"2022-05-17 08:11:54\",\"lastModified\":\"1969-12-31 16:00:00\",\"minUserId\":\"999\",\"minGroupId\":\"0\",\"totalUsersSynced\":\"70\",\"totalGroupsSynced\":\"129\",\"totalUsersDeleted\":\"0\",\"totalGroupsDeleted\":\"0\"}','24'),(365,'2022-05-17 15:12:54','2022-05-17 15:12:54',2,2,'2022-05-17 15:12:54','rangerusersync','Unix',0,0,0,0,'{\"unixBackend\":\"nss\",\"fileName\":\"/etc/passwd\",\"syncTime\":\"2022-05-17 08:12:54\",\"lastModified\":\"1969-12-31 16:00:00\",\"minUserId\":\"999\",\"minGroupId\":\"0\",\"totalUsersSynced\":\"70\",\"totalGroupsSynced\":\"129\",\"totalUsersDeleted\":\"0\",\"totalGroupsDeleted\":\"0\"}','24'),(366,'2022-05-17 15:13:54','2022-05-17 15:13:54',2,2,'2022-05-17 15:13:54','rangerusersync','Unix',0,0,0,0,'{\"unixBackend\":\"nss\",\"fileName\":\"/etc/passwd\",\"syncTime\":\"2022-05-17 08:13:54\",\"lastModified\":\"1969-12-31 16:00:00\",\"minUserId\":\"999\",\"minGroupId\":\"0\",\"totalUsersSynced\":\"70\",\"totalGroupsSynced\":\"129\",\"totalUsersDeleted\":\"0\",\"totalGroupsDeleted\":\"0\"}','24'),(367,'2022-05-17 15:14:54','2022-05-17 15:14:54',2,2,'2022-05-17 15:14:54','rangerusersync','Unix',0,0,0,0,'{\"unixBackend\":\"nss\",\"fileName\":\"/etc/passwd\",\"syncTime\":\"2022-05-17 08:14:54\",\"lastModified\":\"1969-12-31 16:00:00\",\"minUserId\":\"999\",\"minGroupId\":\"0\",\"totalUsersSynced\":\"70\",\"totalGroupsSynced\":\"129\",\"totalUsersDeleted\":\"0\",\"totalGroupsDeleted\":\"0\"}','24'),(368,'2022-05-17 15:15:54','2022-05-17 15:15:54',2,2,'2022-05-17 15:15:54','rangerusersync','Unix',0,0,0,0,'{\"unixBackend\":\"nss\",\"fileName\":\"/etc/passwd\",\"syncTime\":\"2022-05-17 08:15:54\",\"lastModified\":\"1969-12-31 16:00:00\",\"minUserId\":\"999\",\"minGroupId\":\"0\",\"totalUsersSynced\":\"70\",\"totalGroupsSynced\":\"129\",\"totalUsersDeleted\":\"0\",\"totalGroupsDeleted\":\"0\"}','24'),(369,'2022-05-17 15:16:54','2022-05-17 15:16:54',2,2,'2022-05-17 15:16:54','rangerusersync','Unix',0,0,0,0,'{\"unixBackend\":\"nss\",\"fileName\":\"/etc/passwd\",\"syncTime\":\"2022-05-17 08:16:54\",\"lastModified\":\"1969-12-31 16:00:00\",\"minUserId\":\"999\",\"minGroupId\":\"0\",\"totalUsersSynced\":\"70\",\"totalGroupsSynced\":\"129\",\"totalUsersDeleted\":\"0\",\"totalGroupsDeleted\":\"0\"}','24'),(370,'2022-05-17 15:17:54','2022-05-17 15:17:54',2,2,'2022-05-17 15:17:54','rangerusersync','Unix',0,0,0,0,'{\"unixBackend\":\"nss\",\"fileName\":\"/etc/passwd\",\"syncTime\":\"2022-05-17 08:17:54\",\"lastModified\":\"1969-12-31 16:00:00\",\"minUserId\":\"999\",\"minGroupId\":\"0\",\"totalUsersSynced\":\"70\",\"totalGroupsSynced\":\"129\",\"totalUsersDeleted\":\"0\",\"totalGroupsDeleted\":\"0\"}','24'),(371,'2022-05-17 15:18:54','2022-05-17 15:18:54',2,2,'2022-05-17 15:18:54','rangerusersync','Unix',0,0,0,0,'{\"unixBackend\":\"nss\",\"fileName\":\"/etc/passwd\",\"syncTime\":\"2022-05-17 08:18:54\",\"lastModified\":\"1969-12-31 16:00:00\",\"minUserId\":\"999\",\"minGroupId\":\"0\",\"totalUsersSynced\":\"70\",\"totalGroupsSynced\":\"129\",\"totalUsersDeleted\":\"0\",\"totalGroupsDeleted\":\"0\"}','24'),(372,'2022-05-17 15:19:55','2022-05-17 15:19:55',2,2,'2022-05-17 15:19:55','rangerusersync','Unix',0,0,0,0,'{\"unixBackend\":\"nss\",\"fileName\":\"/etc/passwd\",\"syncTime\":\"2022-05-17 08:19:55\",\"lastModified\":\"1969-12-31 16:00:00\",\"minUserId\":\"999\",\"minGroupId\":\"0\",\"totalUsersSynced\":\"70\",\"totalGroupsSynced\":\"129\",\"totalUsersDeleted\":\"0\",\"totalGroupsDeleted\":\"0\"}','24'),(373,'2022-05-17 15:20:55','2022-05-17 15:20:55',2,2,'2022-05-17 15:20:55','rangerusersync','Unix',0,0,0,0,'{\"unixBackend\":\"nss\",\"fileName\":\"/etc/passwd\",\"syncTime\":\"2022-05-17 08:20:55\",\"lastModified\":\"1969-12-31 16:00:00\",\"minUserId\":\"999\",\"minGroupId\":\"0\",\"totalUsersSynced\":\"70\",\"totalGroupsSynced\":\"129\",\"totalUsersDeleted\":\"0\",\"totalGroupsDeleted\":\"0\"}','24'),(374,'2022-05-17 15:21:55','2022-05-17 15:21:55',2,2,'2022-05-17 15:21:55','rangerusersync','Unix',0,0,0,0,'{\"unixBackend\":\"nss\",\"fileName\":\"/etc/passwd\",\"syncTime\":\"2022-05-17 08:21:55\",\"lastModified\":\"1969-12-31 16:00:00\",\"minUserId\":\"999\",\"minGroupId\":\"0\",\"totalUsersSynced\":\"70\",\"totalGroupsSynced\":\"129\",\"totalUsersDeleted\":\"0\",\"totalGroupsDeleted\":\"0\"}','24'),(375,'2022-05-17 15:22:55','2022-05-17 15:22:55',2,2,'2022-05-17 15:22:55','rangerusersync','Unix',0,0,0,0,'{\"unixBackend\":\"nss\",\"fileName\":\"/etc/passwd\",\"syncTime\":\"2022-05-17 08:22:55\",\"lastModified\":\"1969-12-31 16:00:00\",\"minUserId\":\"999\",\"minGroupId\":\"0\",\"totalUsersSynced\":\"70\",\"totalGroupsSynced\":\"129\",\"totalUsersDeleted\":\"0\",\"totalGroupsDeleted\":\"0\"}','24'),(376,'2022-05-17 15:23:55','2022-05-17 15:23:55',2,2,'2022-05-17 15:23:55','rangerusersync','Unix',0,0,0,0,'{\"unixBackend\":\"nss\",\"fileName\":\"/etc/passwd\",\"syncTime\":\"2022-05-17 08:23:55\",\"lastModified\":\"1969-12-31 16:00:00\",\"minUserId\":\"999\",\"minGroupId\":\"0\",\"totalUsersSynced\":\"70\",\"totalGroupsSynced\":\"129\",\"totalUsersDeleted\":\"0\",\"totalGroupsDeleted\":\"0\"}','24'),(377,'2022-05-17 15:24:55','2022-05-17 15:24:55',2,2,'2022-05-17 15:24:55','rangerusersync','Unix',0,0,0,0,'{\"unixBackend\":\"nss\",\"fileName\":\"/etc/passwd\",\"syncTime\":\"2022-05-17 08:24:55\",\"lastModified\":\"1969-12-31 16:00:00\",\"minUserId\":\"999\",\"minGroupId\":\"0\",\"totalUsersSynced\":\"70\",\"totalGroupsSynced\":\"129\",\"totalUsersDeleted\":\"0\",\"totalGroupsDeleted\":\"0\"}','24'),(378,'2022-05-17 15:25:55','2022-05-17 15:25:55',2,2,'2022-05-17 15:25:55','rangerusersync','Unix',0,0,0,0,'{\"unixBackend\":\"nss\",\"fileName\":\"/etc/passwd\",\"syncTime\":\"2022-05-17 08:25:55\",\"lastModified\":\"1969-12-31 16:00:00\",\"minUserId\":\"999\",\"minGroupId\":\"0\",\"totalUsersSynced\":\"70\",\"totalGroupsSynced\":\"129\",\"totalUsersDeleted\":\"0\",\"totalGroupsDeleted\":\"0\"}','24'),(379,'2022-05-17 15:26:55','2022-05-17 15:26:55',2,2,'2022-05-17 15:26:55','rangerusersync','Unix',0,0,0,0,'{\"unixBackend\":\"nss\",\"fileName\":\"/etc/passwd\",\"syncTime\":\"2022-05-17 08:26:55\",\"lastModified\":\"1969-12-31 16:00:00\",\"minUserId\":\"999\",\"minGroupId\":\"0\",\"totalUsersSynced\":\"70\",\"totalGroupsSynced\":\"129\",\"totalUsersDeleted\":\"0\",\"totalGroupsDeleted\":\"0\"}','24'),(380,'2022-05-17 15:27:55','2022-05-17 15:27:55',2,2,'2022-05-17 15:27:55','rangerusersync','Unix',0,0,0,0,'{\"unixBackend\":\"nss\",\"fileName\":\"/etc/passwd\",\"syncTime\":\"2022-05-17 08:27:55\",\"lastModified\":\"1969-12-31 16:00:00\",\"minUserId\":\"999\",\"minGroupId\":\"0\",\"totalUsersSynced\":\"70\",\"totalGroupsSynced\":\"129\",\"totalUsersDeleted\":\"0\",\"totalGroupsDeleted\":\"0\"}','24'),(381,'2022-05-17 15:28:55','2022-05-17 15:28:55',2,2,'2022-05-17 15:28:55','rangerusersync','Unix',0,0,0,0,'{\"unixBackend\":\"nss\",\"fileName\":\"/etc/passwd\",\"syncTime\":\"2022-05-17 08:28:55\",\"lastModified\":\"1969-12-31 16:00:00\",\"minUserId\":\"999\",\"minGroupId\":\"0\",\"totalUsersSynced\":\"70\",\"totalGroupsSynced\":\"129\",\"totalUsersDeleted\":\"0\",\"totalGroupsDeleted\":\"0\"}','24'),(382,'2022-05-17 15:29:55','2022-05-17 15:29:55',2,2,'2022-05-17 15:29:55','rangerusersync','Unix',0,0,0,0,'{\"unixBackend\":\"nss\",\"fileName\":\"/etc/passwd\",\"syncTime\":\"2022-05-17 08:29:55\",\"lastModified\":\"1969-12-31 16:00:00\",\"minUserId\":\"999\",\"minGroupId\":\"0\",\"totalUsersSynced\":\"70\",\"totalGroupsSynced\":\"129\",\"totalUsersDeleted\":\"0\",\"totalGroupsDeleted\":\"0\"}','24'),(383,'2022-05-17 15:30:55','2022-05-17 15:30:55',2,2,'2022-05-17 15:30:55','rangerusersync','Unix',0,0,0,0,'{\"unixBackend\":\"nss\",\"fileName\":\"/etc/passwd\",\"syncTime\":\"2022-05-17 08:30:55\",\"lastModified\":\"1969-12-31 16:00:00\",\"minUserId\":\"999\",\"minGroupId\":\"0\",\"totalUsersSynced\":\"70\",\"totalGroupsSynced\":\"129\",\"totalUsersDeleted\":\"0\",\"totalGroupsDeleted\":\"0\"}','24'),(384,'2022-05-17 15:31:55','2022-05-17 15:31:55',2,2,'2022-05-17 15:31:55','rangerusersync','Unix',0,0,0,0,'{\"unixBackend\":\"nss\",\"fileName\":\"/etc/passwd\",\"syncTime\":\"2022-05-17 08:31:55\",\"lastModified\":\"1969-12-31 16:00:00\",\"minUserId\":\"999\",\"minGroupId\":\"0\",\"totalUsersSynced\":\"70\",\"totalGroupsSynced\":\"129\",\"totalUsersDeleted\":\"0\",\"totalGroupsDeleted\":\"0\"}','24'),(385,'2022-05-17 15:32:55','2022-05-17 15:32:55',2,2,'2022-05-17 15:32:55','rangerusersync','Unix',0,0,0,0,'{\"unixBackend\":\"nss\",\"fileName\":\"/etc/passwd\",\"syncTime\":\"2022-05-17 08:32:55\",\"lastModified\":\"1969-12-31 16:00:00\",\"minUserId\":\"999\",\"minGroupId\":\"0\",\"totalUsersSynced\":\"70\",\"totalGroupsSynced\":\"129\",\"totalUsersDeleted\":\"0\",\"totalGroupsDeleted\":\"0\"}','24'),(386,'2022-05-17 15:33:55','2022-05-17 15:33:55',2,2,'2022-05-17 15:33:55','rangerusersync','Unix',0,0,0,0,'{\"unixBackend\":\"nss\",\"fileName\":\"/etc/passwd\",\"syncTime\":\"2022-05-17 08:33:55\",\"lastModified\":\"1969-12-31 16:00:00\",\"minUserId\":\"999\",\"minGroupId\":\"0\",\"totalUsersSynced\":\"70\",\"totalGroupsSynced\":\"129\",\"totalUsersDeleted\":\"0\",\"totalGroupsDeleted\":\"0\"}','24'),(387,'2022-05-17 15:34:55','2022-05-17 15:34:55',2,2,'2022-05-17 15:34:55','rangerusersync','Unix',0,0,0,0,'{\"unixBackend\":\"nss\",\"fileName\":\"/etc/passwd\",\"syncTime\":\"2022-05-17 08:34:55\",\"lastModified\":\"1969-12-31 16:00:00\",\"minUserId\":\"999\",\"minGroupId\":\"0\",\"totalUsersSynced\":\"70\",\"totalGroupsSynced\":\"129\",\"totalUsersDeleted\":\"0\",\"totalGroupsDeleted\":\"0\"}','24'),(388,'2022-05-17 15:35:55','2022-05-17 15:35:55',2,2,'2022-05-17 15:35:55','rangerusersync','Unix',0,0,0,0,'{\"unixBackend\":\"nss\",\"fileName\":\"/etc/passwd\",\"syncTime\":\"2022-05-17 08:35:55\",\"lastModified\":\"1969-12-31 16:00:00\",\"minUserId\":\"999\",\"minGroupId\":\"0\",\"totalUsersSynced\":\"70\",\"totalGroupsSynced\":\"129\",\"totalUsersDeleted\":\"0\",\"totalGroupsDeleted\":\"0\"}','24'),(389,'2022-05-17 15:36:55','2022-05-17 15:36:55',2,2,'2022-05-17 15:36:55','rangerusersync','Unix',0,0,0,0,'{\"unixBackend\":\"nss\",\"fileName\":\"/etc/passwd\",\"syncTime\":\"2022-05-17 08:36:55\",\"lastModified\":\"1969-12-31 16:00:00\",\"minUserId\":\"999\",\"minGroupId\":\"0\",\"totalUsersSynced\":\"70\",\"totalGroupsSynced\":\"129\",\"totalUsersDeleted\":\"0\",\"totalGroupsDeleted\":\"0\"}','24'),(390,'2022-05-17 15:37:55','2022-05-17 15:37:55',2,2,'2022-05-17 15:37:55','rangerusersync','Unix',0,0,0,0,'{\"unixBackend\":\"nss\",\"fileName\":\"/etc/passwd\",\"syncTime\":\"2022-05-17 08:37:55\",\"lastModified\":\"1969-12-31 16:00:00\",\"minUserId\":\"999\",\"minGroupId\":\"0\",\"totalUsersSynced\":\"70\",\"totalGroupsSynced\":\"129\",\"totalUsersDeleted\":\"0\",\"totalGroupsDeleted\":\"0\"}','24'),(391,'2022-05-17 15:38:55','2022-05-17 15:38:55',2,2,'2022-05-17 15:38:55','rangerusersync','Unix',0,0,0,0,'{\"unixBackend\":\"nss\",\"fileName\":\"/etc/passwd\",\"syncTime\":\"2022-05-17 08:38:55\",\"lastModified\":\"1969-12-31 16:00:00\",\"minUserId\":\"999\",\"minGroupId\":\"0\",\"totalUsersSynced\":\"70\",\"totalGroupsSynced\":\"129\",\"totalUsersDeleted\":\"0\",\"totalGroupsDeleted\":\"0\"}','24'),(392,'2022-05-17 15:39:56','2022-05-17 15:39:56',2,2,'2022-05-17 15:39:56','rangerusersync','Unix',0,0,0,0,'{\"unixBackend\":\"nss\",\"fileName\":\"/etc/passwd\",\"syncTime\":\"2022-05-17 08:39:55\",\"lastModified\":\"1969-12-31 16:00:00\",\"minUserId\":\"999\",\"minGroupId\":\"0\",\"totalUsersSynced\":\"70\",\"totalGroupsSynced\":\"129\",\"totalUsersDeleted\":\"0\",\"totalGroupsDeleted\":\"0\"}','24'),(393,'2022-05-17 15:40:56','2022-05-17 15:40:56',2,2,'2022-05-17 15:40:56','rangerusersync','Unix',0,0,0,0,'{\"unixBackend\":\"nss\",\"fileName\":\"/etc/passwd\",\"syncTime\":\"2022-05-17 08:40:56\",\"lastModified\":\"1969-12-31 16:00:00\",\"minUserId\":\"999\",\"minGroupId\":\"0\",\"totalUsersSynced\":\"70\",\"totalGroupsSynced\":\"129\",\"totalUsersDeleted\":\"0\",\"totalGroupsDeleted\":\"0\"}','24'),(394,'2022-05-17 15:41:56','2022-05-17 15:41:56',2,2,'2022-05-17 15:41:56','rangerusersync','Unix',0,0,0,0,'{\"unixBackend\":\"nss\",\"fileName\":\"/etc/passwd\",\"syncTime\":\"2022-05-17 08:41:56\",\"lastModified\":\"1969-12-31 16:00:00\",\"minUserId\":\"999\",\"minGroupId\":\"0\",\"totalUsersSynced\":\"70\",\"totalGroupsSynced\":\"129\",\"totalUsersDeleted\":\"0\",\"totalGroupsDeleted\":\"0\"}','24'),(395,'2022-05-17 15:42:56','2022-05-17 15:42:56',2,2,'2022-05-17 15:42:56','rangerusersync','Unix',0,0,0,0,'{\"unixBackend\":\"nss\",\"fileName\":\"/etc/passwd\",\"syncTime\":\"2022-05-17 08:42:56\",\"lastModified\":\"1969-12-31 16:00:00\",\"minUserId\":\"999\",\"minGroupId\":\"0\",\"totalUsersSynced\":\"70\",\"totalGroupsSynced\":\"129\",\"totalUsersDeleted\":\"0\",\"totalGroupsDeleted\":\"0\"}','24'),(396,'2022-05-17 15:43:56','2022-05-17 15:43:56',2,2,'2022-05-17 15:43:56','rangerusersync','Unix',0,0,0,0,'{\"unixBackend\":\"nss\",\"fileName\":\"/etc/passwd\",\"syncTime\":\"2022-05-17 08:43:56\",\"lastModified\":\"1969-12-31 16:00:00\",\"minUserId\":\"999\",\"minGroupId\":\"0\",\"totalUsersSynced\":\"70\",\"totalGroupsSynced\":\"129\",\"totalUsersDeleted\":\"0\",\"totalGroupsDeleted\":\"0\"}','24'),(397,'2022-05-17 15:44:56','2022-05-17 15:44:56',2,2,'2022-05-17 15:44:56','rangerusersync','Unix',0,0,0,0,'{\"unixBackend\":\"nss\",\"fileName\":\"/etc/passwd\",\"syncTime\":\"2022-05-17 08:44:56\",\"lastModified\":\"1969-12-31 16:00:00\",\"minUserId\":\"999\",\"minGroupId\":\"0\",\"totalUsersSynced\":\"70\",\"totalGroupsSynced\":\"129\",\"totalUsersDeleted\":\"0\",\"totalGroupsDeleted\":\"0\"}','24'),(398,'2022-05-17 15:45:56','2022-05-17 15:45:56',2,2,'2022-05-17 15:45:56','rangerusersync','Unix',0,0,0,0,'{\"unixBackend\":\"nss\",\"fileName\":\"/etc/passwd\",\"syncTime\":\"2022-05-17 08:45:56\",\"lastModified\":\"1969-12-31 16:00:00\",\"minUserId\":\"999\",\"minGroupId\":\"0\",\"totalUsersSynced\":\"70\",\"totalGroupsSynced\":\"129\",\"totalUsersDeleted\":\"0\",\"totalGroupsDeleted\":\"0\"}','24'),(399,'2022-05-17 15:46:56','2022-05-17 15:46:56',2,2,'2022-05-17 15:46:56','rangerusersync','Unix',0,0,0,0,'{\"unixBackend\":\"nss\",\"fileName\":\"/etc/passwd\",\"syncTime\":\"2022-05-17 08:46:56\",\"lastModified\":\"1969-12-31 16:00:00\",\"minUserId\":\"999\",\"minGroupId\":\"0\",\"totalUsersSynced\":\"70\",\"totalGroupsSynced\":\"129\",\"totalUsersDeleted\":\"0\",\"totalGroupsDeleted\":\"0\"}','24'),(400,'2022-05-17 15:47:56','2022-05-17 15:47:56',2,2,'2022-05-17 15:47:56','rangerusersync','Unix',0,0,0,0,'{\"unixBackend\":\"nss\",\"fileName\":\"/etc/passwd\",\"syncTime\":\"2022-05-17 08:47:56\",\"lastModified\":\"1969-12-31 16:00:00\",\"minUserId\":\"999\",\"minGroupId\":\"0\",\"totalUsersSynced\":\"70\",\"totalGroupsSynced\":\"129\",\"totalUsersDeleted\":\"0\",\"totalGroupsDeleted\":\"0\"}','24'),(401,'2022-05-17 15:48:56','2022-05-17 15:48:56',2,2,'2022-05-17 15:48:56','rangerusersync','Unix',0,0,0,0,'{\"unixBackend\":\"nss\",\"fileName\":\"/etc/passwd\",\"syncTime\":\"2022-05-17 08:48:56\",\"lastModified\":\"1969-12-31 16:00:00\",\"minUserId\":\"999\",\"minGroupId\":\"0\",\"totalUsersSynced\":\"70\",\"totalGroupsSynced\":\"129\",\"totalUsersDeleted\":\"0\",\"totalGroupsDeleted\":\"0\"}','24'),(402,'2022-05-17 15:49:56','2022-05-17 15:49:56',2,2,'2022-05-17 15:49:56','rangerusersync','Unix',0,0,0,0,'{\"unixBackend\":\"nss\",\"fileName\":\"/etc/passwd\",\"syncTime\":\"2022-05-17 08:49:56\",\"lastModified\":\"1969-12-31 16:00:00\",\"minUserId\":\"999\",\"minGroupId\":\"0\",\"totalUsersSynced\":\"70\",\"totalGroupsSynced\":\"129\",\"totalUsersDeleted\":\"0\",\"totalGroupsDeleted\":\"0\"}','24'),(403,'2022-05-17 15:50:56','2022-05-17 15:50:56',2,2,'2022-05-17 15:50:56','rangerusersync','Unix',0,0,0,0,'{\"unixBackend\":\"nss\",\"fileName\":\"/etc/passwd\",\"syncTime\":\"2022-05-17 08:50:56\",\"lastModified\":\"1969-12-31 16:00:00\",\"minUserId\":\"999\",\"minGroupId\":\"0\",\"totalUsersSynced\":\"70\",\"totalGroupsSynced\":\"129\",\"totalUsersDeleted\":\"0\",\"totalGroupsDeleted\":\"0\"}','24'),(404,'2022-05-17 15:51:56','2022-05-17 15:51:56',2,2,'2022-05-17 15:51:56','rangerusersync','Unix',0,0,0,0,'{\"unixBackend\":\"nss\",\"fileName\":\"/etc/passwd\",\"syncTime\":\"2022-05-17 08:51:56\",\"lastModified\":\"1969-12-31 16:00:00\",\"minUserId\":\"999\",\"minGroupId\":\"0\",\"totalUsersSynced\":\"70\",\"totalGroupsSynced\":\"129\",\"totalUsersDeleted\":\"0\",\"totalGroupsDeleted\":\"0\"}','24'),(405,'2022-05-17 15:52:56','2022-05-17 15:52:56',2,2,'2022-05-17 15:52:56','rangerusersync','Unix',0,0,0,0,'{\"unixBackend\":\"nss\",\"fileName\":\"/etc/passwd\",\"syncTime\":\"2022-05-17 08:52:56\",\"lastModified\":\"1969-12-31 16:00:00\",\"minUserId\":\"999\",\"minGroupId\":\"0\",\"totalUsersSynced\":\"70\",\"totalGroupsSynced\":\"129\",\"totalUsersDeleted\":\"0\",\"totalGroupsDeleted\":\"0\"}','24'),(406,'2022-05-17 15:53:56','2022-05-17 15:53:56',2,2,'2022-05-17 15:53:56','rangerusersync','Unix',0,0,0,0,'{\"unixBackend\":\"nss\",\"fileName\":\"/etc/passwd\",\"syncTime\":\"2022-05-17 08:53:56\",\"lastModified\":\"1969-12-31 16:00:00\",\"minUserId\":\"999\",\"minGroupId\":\"0\",\"totalUsersSynced\":\"70\",\"totalGroupsSynced\":\"129\",\"totalUsersDeleted\":\"0\",\"totalGroupsDeleted\":\"0\"}','24'),(407,'2022-05-17 15:54:56','2022-05-17 15:54:56',2,2,'2022-05-17 15:54:56','rangerusersync','Unix',0,0,0,0,'{\"unixBackend\":\"nss\",\"fileName\":\"/etc/passwd\",\"syncTime\":\"2022-05-17 08:54:56\",\"lastModified\":\"1969-12-31 16:00:00\",\"minUserId\":\"999\",\"minGroupId\":\"0\",\"totalUsersSynced\":\"70\",\"totalGroupsSynced\":\"129\",\"totalUsersDeleted\":\"0\",\"totalGroupsDeleted\":\"0\"}','24'),(408,'2022-05-17 15:55:56','2022-05-17 15:55:56',2,2,'2022-05-17 15:55:56','rangerusersync','Unix',0,0,0,0,'{\"unixBackend\":\"nss\",\"fileName\":\"/etc/passwd\",\"syncTime\":\"2022-05-17 08:55:56\",\"lastModified\":\"1969-12-31 16:00:00\",\"minUserId\":\"999\",\"minGroupId\":\"0\",\"totalUsersSynced\":\"70\",\"totalGroupsSynced\":\"129\",\"totalUsersDeleted\":\"0\",\"totalGroupsDeleted\":\"0\"}','24'),(409,'2022-05-17 15:56:56','2022-05-17 15:56:56',2,2,'2022-05-17 15:56:56','rangerusersync','Unix',0,0,0,0,'{\"unixBackend\":\"nss\",\"fileName\":\"/etc/passwd\",\"syncTime\":\"2022-05-17 08:56:56\",\"lastModified\":\"1969-12-31 16:00:00\",\"minUserId\":\"999\",\"minGroupId\":\"0\",\"totalUsersSynced\":\"70\",\"totalGroupsSynced\":\"129\",\"totalUsersDeleted\":\"0\",\"totalGroupsDeleted\":\"0\"}','24'),(410,'2022-05-17 15:57:56','2022-05-17 15:57:56',2,2,'2022-05-17 15:57:56','rangerusersync','Unix',0,0,0,0,'{\"unixBackend\":\"nss\",\"fileName\":\"/etc/passwd\",\"syncTime\":\"2022-05-17 08:57:56\",\"lastModified\":\"1969-12-31 16:00:00\",\"minUserId\":\"999\",\"minGroupId\":\"0\",\"totalUsersSynced\":\"70\",\"totalGroupsSynced\":\"129\",\"totalUsersDeleted\":\"0\",\"totalGroupsDeleted\":\"0\"}','24'),(411,'2022-05-17 15:58:56','2022-05-17 15:58:56',2,2,'2022-05-17 15:58:56','rangerusersync','Unix',0,0,0,0,'{\"unixBackend\":\"nss\",\"fileName\":\"/etc/passwd\",\"syncTime\":\"2022-05-17 08:58:56\",\"lastModified\":\"1969-12-31 16:00:00\",\"minUserId\":\"999\",\"minGroupId\":\"0\",\"totalUsersSynced\":\"70\",\"totalGroupsSynced\":\"129\",\"totalUsersDeleted\":\"0\",\"totalGroupsDeleted\":\"0\"}','24'),(412,'2022-05-17 15:59:56','2022-05-17 15:59:56',2,2,'2022-05-17 15:59:56','rangerusersync','Unix',0,0,0,0,'{\"unixBackend\":\"nss\",\"fileName\":\"/etc/passwd\",\"syncTime\":\"2022-05-17 08:59:56\",\"lastModified\":\"1969-12-31 16:00:00\",\"minUserId\":\"999\",\"minGroupId\":\"0\",\"totalUsersSynced\":\"70\",\"totalGroupsSynced\":\"129\",\"totalUsersDeleted\":\"0\",\"totalGroupsDeleted\":\"0\"}','24'),(413,'2022-05-17 16:00:56','2022-05-17 16:00:56',2,2,'2022-05-17 16:00:56','rangerusersync','Unix',0,0,0,0,'{\"unixBackend\":\"nss\",\"fileName\":\"/etc/passwd\",\"syncTime\":\"2022-05-17 09:00:56\",\"lastModified\":\"1969-12-31 16:00:00\",\"minUserId\":\"999\",\"minGroupId\":\"0\",\"totalUsersSynced\":\"70\",\"totalGroupsSynced\":\"129\",\"totalUsersDeleted\":\"0\",\"totalGroupsDeleted\":\"0\"}','24'),(414,'2022-05-17 16:01:56','2022-05-17 16:01:56',2,2,'2022-05-17 16:01:56','rangerusersync','Unix',0,0,0,0,'{\"unixBackend\":\"nss\",\"fileName\":\"/etc/passwd\",\"syncTime\":\"2022-05-17 09:01:56\",\"lastModified\":\"1969-12-31 16:00:00\",\"minUserId\":\"999\",\"minGroupId\":\"0\",\"totalUsersSynced\":\"70\",\"totalGroupsSynced\":\"129\",\"totalUsersDeleted\":\"0\",\"totalGroupsDeleted\":\"0\"}','24'),(415,'2022-05-17 16:02:57','2022-05-17 16:02:57',2,2,'2022-05-17 16:02:57','rangerusersync','Unix',0,0,0,0,'{\"unixBackend\":\"nss\",\"fileName\":\"/etc/passwd\",\"syncTime\":\"2022-05-17 09:02:56\",\"lastModified\":\"1969-12-31 16:00:00\",\"minUserId\":\"999\",\"minGroupId\":\"0\",\"totalUsersSynced\":\"70\",\"totalGroupsSynced\":\"129\",\"totalUsersDeleted\":\"0\",\"totalGroupsDeleted\":\"0\"}','24'),(416,'2022-05-17 16:03:57','2022-05-17 16:03:57',2,2,'2022-05-17 16:03:57','rangerusersync','Unix',0,0,0,0,'{\"unixBackend\":\"nss\",\"fileName\":\"/etc/passwd\",\"syncTime\":\"2022-05-17 09:03:57\",\"lastModified\":\"1969-12-31 16:00:00\",\"minUserId\":\"999\",\"minGroupId\":\"0\",\"totalUsersSynced\":\"70\",\"totalGroupsSynced\":\"129\",\"totalUsersDeleted\":\"0\",\"totalGroupsDeleted\":\"0\"}','24'),(417,'2022-05-17 16:04:57','2022-05-17 16:04:57',2,2,'2022-05-17 16:04:57','rangerusersync','Unix',0,0,0,0,'{\"unixBackend\":\"nss\",\"fileName\":\"/etc/passwd\",\"syncTime\":\"2022-05-17 09:04:57\",\"lastModified\":\"1969-12-31 16:00:00\",\"minUserId\":\"999\",\"minGroupId\":\"0\",\"totalUsersSynced\":\"70\",\"totalGroupsSynced\":\"129\",\"totalUsersDeleted\":\"0\",\"totalGroupsDeleted\":\"0\"}','24'),(418,'2022-05-17 16:05:57','2022-05-17 16:05:57',2,2,'2022-05-17 16:05:57','rangerusersync','Unix',0,0,0,0,'{\"unixBackend\":\"nss\",\"fileName\":\"/etc/passwd\",\"syncTime\":\"2022-05-17 09:05:57\",\"lastModified\":\"1969-12-31 16:00:00\",\"minUserId\":\"999\",\"minGroupId\":\"0\",\"totalUsersSynced\":\"70\",\"totalGroupsSynced\":\"129\",\"totalUsersDeleted\":\"0\",\"totalGroupsDeleted\":\"0\"}','24'),(419,'2022-05-17 16:06:57','2022-05-17 16:06:57',2,2,'2022-05-17 16:06:57','rangerusersync','Unix',0,0,0,0,'{\"unixBackend\":\"nss\",\"fileName\":\"/etc/passwd\",\"syncTime\":\"2022-05-17 09:06:57\",\"lastModified\":\"1969-12-31 16:00:00\",\"minUserId\":\"999\",\"minGroupId\":\"0\",\"totalUsersSynced\":\"70\",\"totalGroupsSynced\":\"129\",\"totalUsersDeleted\":\"0\",\"totalGroupsDeleted\":\"0\"}','24'),(420,'2022-05-17 16:07:57','2022-05-17 16:07:57',2,2,'2022-05-17 16:07:57','rangerusersync','Unix',0,0,0,0,'{\"unixBackend\":\"nss\",\"fileName\":\"/etc/passwd\",\"syncTime\":\"2022-05-17 09:07:57\",\"lastModified\":\"1969-12-31 16:00:00\",\"minUserId\":\"999\",\"minGroupId\":\"0\",\"totalUsersSynced\":\"70\",\"totalGroupsSynced\":\"129\",\"totalUsersDeleted\":\"0\",\"totalGroupsDeleted\":\"0\"}','24'),(421,'2022-05-17 16:08:57','2022-05-17 16:08:57',2,2,'2022-05-17 16:08:57','rangerusersync','Unix',0,0,0,0,'{\"unixBackend\":\"nss\",\"fileName\":\"/etc/passwd\",\"syncTime\":\"2022-05-17 09:08:57\",\"lastModified\":\"1969-12-31 16:00:00\",\"minUserId\":\"999\",\"minGroupId\":\"0\",\"totalUsersSynced\":\"70\",\"totalGroupsSynced\":\"129\",\"totalUsersDeleted\":\"0\",\"totalGroupsDeleted\":\"0\"}','24'),(422,'2022-05-17 16:09:57','2022-05-17 16:09:57',2,2,'2022-05-17 16:09:57','rangerusersync','Unix',0,0,0,0,'{\"unixBackend\":\"nss\",\"fileName\":\"/etc/passwd\",\"syncTime\":\"2022-05-17 09:09:57\",\"lastModified\":\"1969-12-31 16:00:00\",\"minUserId\":\"999\",\"minGroupId\":\"0\",\"totalUsersSynced\":\"70\",\"totalGroupsSynced\":\"129\",\"totalUsersDeleted\":\"0\",\"totalGroupsDeleted\":\"0\"}','24'),(423,'2022-05-17 16:10:57','2022-05-17 16:10:57',2,2,'2022-05-17 16:10:57','rangerusersync','Unix',0,0,0,0,'{\"unixBackend\":\"nss\",\"fileName\":\"/etc/passwd\",\"syncTime\":\"2022-05-17 09:10:57\",\"lastModified\":\"1969-12-31 16:00:00\",\"minUserId\":\"999\",\"minGroupId\":\"0\",\"totalUsersSynced\":\"70\",\"totalGroupsSynced\":\"129\",\"totalUsersDeleted\":\"0\",\"totalGroupsDeleted\":\"0\"}','24'),(424,'2022-05-17 16:11:57','2022-05-17 16:11:57',2,2,'2022-05-17 16:11:57','rangerusersync','Unix',0,0,0,0,'{\"unixBackend\":\"nss\",\"fileName\":\"/etc/passwd\",\"syncTime\":\"2022-05-17 09:11:57\",\"lastModified\":\"1969-12-31 16:00:00\",\"minUserId\":\"999\",\"minGroupId\":\"0\",\"totalUsersSynced\":\"70\",\"totalGroupsSynced\":\"129\",\"totalUsersDeleted\":\"0\",\"totalGroupsDeleted\":\"0\"}','24'),(425,'2022-05-17 16:12:57','2022-05-17 16:12:57',2,2,'2022-05-17 16:12:57','rangerusersync','Unix',0,0,0,0,'{\"unixBackend\":\"nss\",\"fileName\":\"/etc/passwd\",\"syncTime\":\"2022-05-17 09:12:57\",\"lastModified\":\"1969-12-31 16:00:00\",\"minUserId\":\"999\",\"minGroupId\":\"0\",\"totalUsersSynced\":\"70\",\"totalGroupsSynced\":\"129\",\"totalUsersDeleted\":\"0\",\"totalGroupsDeleted\":\"0\"}','24'),(426,'2022-05-17 16:13:57','2022-05-17 16:13:57',2,2,'2022-05-17 16:13:57','rangerusersync','Unix',0,0,0,0,'{\"unixBackend\":\"nss\",\"fileName\":\"/etc/passwd\",\"syncTime\":\"2022-05-17 09:13:57\",\"lastModified\":\"1969-12-31 16:00:00\",\"minUserId\":\"999\",\"minGroupId\":\"0\",\"totalUsersSynced\":\"70\",\"totalGroupsSynced\":\"129\",\"totalUsersDeleted\":\"0\",\"totalGroupsDeleted\":\"0\"}','24'),(427,'2022-05-17 16:14:57','2022-05-17 16:14:57',2,2,'2022-05-17 16:14:57','rangerusersync','Unix',0,0,0,0,'{\"unixBackend\":\"nss\",\"fileName\":\"/etc/passwd\",\"syncTime\":\"2022-05-17 09:14:57\",\"lastModified\":\"1969-12-31 16:00:00\",\"minUserId\":\"999\",\"minGroupId\":\"0\",\"totalUsersSynced\":\"70\",\"totalGroupsSynced\":\"129\",\"totalUsersDeleted\":\"0\",\"totalGroupsDeleted\":\"0\"}','24'),(428,'2022-05-17 16:15:57','2022-05-17 16:15:57',2,2,'2022-05-17 16:15:57','rangerusersync','Unix',0,0,0,0,'{\"unixBackend\":\"nss\",\"fileName\":\"/etc/passwd\",\"syncTime\":\"2022-05-17 09:15:57\",\"lastModified\":\"1969-12-31 16:00:00\",\"minUserId\":\"999\",\"minGroupId\":\"0\",\"totalUsersSynced\":\"70\",\"totalGroupsSynced\":\"129\",\"totalUsersDeleted\":\"0\",\"totalGroupsDeleted\":\"0\"}','24'),(429,'2022-05-17 16:16:57','2022-05-17 16:16:57',2,2,'2022-05-17 16:16:57','rangerusersync','Unix',0,0,0,0,'{\"unixBackend\":\"nss\",\"fileName\":\"/etc/passwd\",\"syncTime\":\"2022-05-17 09:16:57\",\"lastModified\":\"1969-12-31 16:00:00\",\"minUserId\":\"999\",\"minGroupId\":\"0\",\"totalUsersSynced\":\"70\",\"totalGroupsSynced\":\"129\",\"totalUsersDeleted\":\"0\",\"totalGroupsDeleted\":\"0\"}','24'),(430,'2022-05-17 16:17:57','2022-05-17 16:17:57',2,2,'2022-05-17 16:17:57','rangerusersync','Unix',0,0,0,0,'{\"unixBackend\":\"nss\",\"fileName\":\"/etc/passwd\",\"syncTime\":\"2022-05-17 09:17:57\",\"lastModified\":\"1969-12-31 16:00:00\",\"minUserId\":\"999\",\"minGroupId\":\"0\",\"totalUsersSynced\":\"70\",\"totalGroupsSynced\":\"129\",\"totalUsersDeleted\":\"0\",\"totalGroupsDeleted\":\"0\"}','24'),(431,'2022-05-17 16:18:57','2022-05-17 16:18:57',2,2,'2022-05-17 16:18:57','rangerusersync','Unix',0,0,0,0,'{\"unixBackend\":\"nss\",\"fileName\":\"/etc/passwd\",\"syncTime\":\"2022-05-17 09:18:57\",\"lastModified\":\"1969-12-31 16:00:00\",\"minUserId\":\"999\",\"minGroupId\":\"0\",\"totalUsersSynced\":\"70\",\"totalGroupsSynced\":\"129\",\"totalUsersDeleted\":\"0\",\"totalGroupsDeleted\":\"0\"}','24'),(432,'2022-05-17 16:19:58','2022-05-17 16:19:58',2,2,'2022-05-17 16:19:58','rangerusersync','Unix',0,0,0,0,'{\"unixBackend\":\"nss\",\"fileName\":\"/etc/passwd\",\"syncTime\":\"2022-05-17 09:19:57\",\"lastModified\":\"1969-12-31 16:00:00\",\"minUserId\":\"999\",\"minGroupId\":\"0\",\"totalUsersSynced\":\"70\",\"totalGroupsSynced\":\"129\",\"totalUsersDeleted\":\"0\",\"totalGroupsDeleted\":\"0\"}','24'),(433,'2022-05-17 16:20:58','2022-05-17 16:20:58',2,2,'2022-05-17 16:20:58','rangerusersync','Unix',0,0,0,0,'{\"unixBackend\":\"nss\",\"fileName\":\"/etc/passwd\",\"syncTime\":\"2022-05-17 09:20:58\",\"lastModified\":\"1969-12-31 16:00:00\",\"minUserId\":\"999\",\"minGroupId\":\"0\",\"totalUsersSynced\":\"70\",\"totalGroupsSynced\":\"129\",\"totalUsersDeleted\":\"0\",\"totalGroupsDeleted\":\"0\"}','24'),(434,'2022-05-17 16:21:58','2022-05-17 16:21:58',2,2,'2022-05-17 16:21:58','rangerusersync','Unix',0,0,0,0,'{\"unixBackend\":\"nss\",\"fileName\":\"/etc/passwd\",\"syncTime\":\"2022-05-17 09:21:58\",\"lastModified\":\"1969-12-31 16:00:00\",\"minUserId\":\"999\",\"minGroupId\":\"0\",\"totalUsersSynced\":\"70\",\"totalGroupsSynced\":\"129\",\"totalUsersDeleted\":\"0\",\"totalGroupsDeleted\":\"0\"}','24'),(435,'2022-05-17 16:22:58','2022-05-17 16:22:58',2,2,'2022-05-17 16:22:58','rangerusersync','Unix',0,0,0,0,'{\"unixBackend\":\"nss\",\"fileName\":\"/etc/passwd\",\"syncTime\":\"2022-05-17 09:22:58\",\"lastModified\":\"1969-12-31 16:00:00\",\"minUserId\":\"999\",\"minGroupId\":\"0\",\"totalUsersSynced\":\"70\",\"totalGroupsSynced\":\"129\",\"totalUsersDeleted\":\"0\",\"totalGroupsDeleted\":\"0\"}','24'),(436,'2022-05-17 16:23:58','2022-05-17 16:23:58',2,2,'2022-05-17 16:23:58','rangerusersync','Unix',0,0,0,0,'{\"unixBackend\":\"nss\",\"fileName\":\"/etc/passwd\",\"syncTime\":\"2022-05-17 09:23:58\",\"lastModified\":\"1969-12-31 16:00:00\",\"minUserId\":\"999\",\"minGroupId\":\"0\",\"totalUsersSynced\":\"70\",\"totalGroupsSynced\":\"129\",\"totalUsersDeleted\":\"0\",\"totalGroupsDeleted\":\"0\"}','24'),(437,'2022-05-17 16:24:58','2022-05-17 16:24:58',2,2,'2022-05-17 16:24:58','rangerusersync','Unix',0,0,0,0,'{\"unixBackend\":\"nss\",\"fileName\":\"/etc/passwd\",\"syncTime\":\"2022-05-17 09:24:58\",\"lastModified\":\"1969-12-31 16:00:00\",\"minUserId\":\"999\",\"minGroupId\":\"0\",\"totalUsersSynced\":\"70\",\"totalGroupsSynced\":\"129\",\"totalUsersDeleted\":\"0\",\"totalGroupsDeleted\":\"0\"}','24'),(438,'2022-05-17 16:25:58','2022-05-17 16:25:58',2,2,'2022-05-17 16:25:58','rangerusersync','Unix',0,0,0,0,'{\"unixBackend\":\"nss\",\"fileName\":\"/etc/passwd\",\"syncTime\":\"2022-05-17 09:25:58\",\"lastModified\":\"1969-12-31 16:00:00\",\"minUserId\":\"999\",\"minGroupId\":\"0\",\"totalUsersSynced\":\"70\",\"totalGroupsSynced\":\"129\",\"totalUsersDeleted\":\"0\",\"totalGroupsDeleted\":\"0\"}','24'),(439,'2022-05-17 16:26:58','2022-05-17 16:26:58',2,2,'2022-05-17 16:26:58','rangerusersync','Unix',0,0,0,0,'{\"unixBackend\":\"nss\",\"fileName\":\"/etc/passwd\",\"syncTime\":\"2022-05-17 09:26:58\",\"lastModified\":\"1969-12-31 16:00:00\",\"minUserId\":\"999\",\"minGroupId\":\"0\",\"totalUsersSynced\":\"70\",\"totalGroupsSynced\":\"129\",\"totalUsersDeleted\":\"0\",\"totalGroupsDeleted\":\"0\"}','24'),(440,'2022-05-17 16:27:58','2022-05-17 16:27:58',2,2,'2022-05-17 16:27:58','rangerusersync','Unix',0,0,0,0,'{\"unixBackend\":\"nss\",\"fileName\":\"/etc/passwd\",\"syncTime\":\"2022-05-17 09:27:58\",\"lastModified\":\"1969-12-31 16:00:00\",\"minUserId\":\"999\",\"minGroupId\":\"0\",\"totalUsersSynced\":\"70\",\"totalGroupsSynced\":\"129\",\"totalUsersDeleted\":\"0\",\"totalGroupsDeleted\":\"0\"}','24'),(441,'2022-05-17 16:28:58','2022-05-17 16:28:58',2,2,'2022-05-17 16:28:58','rangerusersync','Unix',0,0,0,0,'{\"unixBackend\":\"nss\",\"fileName\":\"/etc/passwd\",\"syncTime\":\"2022-05-17 09:28:58\",\"lastModified\":\"1969-12-31 16:00:00\",\"minUserId\":\"999\",\"minGroupId\":\"0\",\"totalUsersSynced\":\"70\",\"totalGroupsSynced\":\"129\",\"totalUsersDeleted\":\"0\",\"totalGroupsDeleted\":\"0\"}','24'),(442,'2022-05-17 16:29:58','2022-05-17 16:29:58',2,2,'2022-05-17 16:29:58','rangerusersync','Unix',0,0,0,0,'{\"unixBackend\":\"nss\",\"fileName\":\"/etc/passwd\",\"syncTime\":\"2022-05-17 09:29:58\",\"lastModified\":\"1969-12-31 16:00:00\",\"minUserId\":\"999\",\"minGroupId\":\"0\",\"totalUsersSynced\":\"70\",\"totalGroupsSynced\":\"129\",\"totalUsersDeleted\":\"0\",\"totalGroupsDeleted\":\"0\"}','24'),(443,'2022-05-17 16:30:58','2022-05-17 16:30:58',2,2,'2022-05-17 16:30:58','rangerusersync','Unix',0,0,0,0,'{\"unixBackend\":\"nss\",\"fileName\":\"/etc/passwd\",\"syncTime\":\"2022-05-17 09:30:58\",\"lastModified\":\"1969-12-31 16:00:00\",\"minUserId\":\"999\",\"minGroupId\":\"0\",\"totalUsersSynced\":\"70\",\"totalGroupsSynced\":\"129\",\"totalUsersDeleted\":\"0\",\"totalGroupsDeleted\":\"0\"}','24'),(444,'2022-05-17 16:31:58','2022-05-17 16:31:58',2,2,'2022-05-17 16:31:58','rangerusersync','Unix',0,0,0,0,'{\"unixBackend\":\"nss\",\"fileName\":\"/etc/passwd\",\"syncTime\":\"2022-05-17 09:31:58\",\"lastModified\":\"1969-12-31 16:00:00\",\"minUserId\":\"999\",\"minGroupId\":\"0\",\"totalUsersSynced\":\"70\",\"totalGroupsSynced\":\"129\",\"totalUsersDeleted\":\"0\",\"totalGroupsDeleted\":\"0\"}','24'),(445,'2022-05-17 16:32:58','2022-05-17 16:32:58',2,2,'2022-05-17 16:32:58','rangerusersync','Unix',0,0,0,0,'{\"unixBackend\":\"nss\",\"fileName\":\"/etc/passwd\",\"syncTime\":\"2022-05-17 09:32:58\",\"lastModified\":\"1969-12-31 16:00:00\",\"minUserId\":\"999\",\"minGroupId\":\"0\",\"totalUsersSynced\":\"70\",\"totalGroupsSynced\":\"129\",\"totalUsersDeleted\":\"0\",\"totalGroupsDeleted\":\"0\"}','24'),(446,'2022-05-17 16:33:58','2022-05-17 16:33:58',2,2,'2022-05-17 16:33:58','rangerusersync','Unix',0,0,0,0,'{\"unixBackend\":\"nss\",\"fileName\":\"/etc/passwd\",\"syncTime\":\"2022-05-17 09:33:58\",\"lastModified\":\"1969-12-31 16:00:00\",\"minUserId\":\"999\",\"minGroupId\":\"0\",\"totalUsersSynced\":\"70\",\"totalGroupsSynced\":\"129\",\"totalUsersDeleted\":\"0\",\"totalGroupsDeleted\":\"0\"}','24'),(447,'2022-05-17 16:34:58','2022-05-17 16:34:58',2,2,'2022-05-17 16:34:58','rangerusersync','Unix',0,0,0,0,'{\"unixBackend\":\"nss\",\"fileName\":\"/etc/passwd\",\"syncTime\":\"2022-05-17 09:34:58\",\"lastModified\":\"1969-12-31 16:00:00\",\"minUserId\":\"999\",\"minGroupId\":\"0\",\"totalUsersSynced\":\"70\",\"totalGroupsSynced\":\"129\",\"totalUsersDeleted\":\"0\",\"totalGroupsDeleted\":\"0\"}','24'),(448,'2022-05-17 16:35:58','2022-05-17 16:35:58',2,2,'2022-05-17 16:35:58','rangerusersync','Unix',0,0,0,0,'{\"unixBackend\":\"nss\",\"fileName\":\"/etc/passwd\",\"syncTime\":\"2022-05-17 09:35:58\",\"lastModified\":\"1969-12-31 16:00:00\",\"minUserId\":\"999\",\"minGroupId\":\"0\",\"totalUsersSynced\":\"70\",\"totalGroupsSynced\":\"129\",\"totalUsersDeleted\":\"0\",\"totalGroupsDeleted\":\"0\"}','24'),(449,'2022-05-17 16:36:58','2022-05-17 16:36:58',2,2,'2022-05-17 16:36:58','rangerusersync','Unix',0,0,0,0,'{\"unixBackend\":\"nss\",\"fileName\":\"/etc/passwd\",\"syncTime\":\"2022-05-17 09:36:58\",\"lastModified\":\"1969-12-31 16:00:00\",\"minUserId\":\"999\",\"minGroupId\":\"0\",\"totalUsersSynced\":\"70\",\"totalGroupsSynced\":\"129\",\"totalUsersDeleted\":\"0\",\"totalGroupsDeleted\":\"0\"}','24'),(450,'2022-05-17 16:37:58','2022-05-17 16:37:58',2,2,'2022-05-17 16:37:58','rangerusersync','Unix',0,0,0,0,'{\"unixBackend\":\"nss\",\"fileName\":\"/etc/passwd\",\"syncTime\":\"2022-05-17 09:37:58\",\"lastModified\":\"1969-12-31 16:00:00\",\"minUserId\":\"999\",\"minGroupId\":\"0\",\"totalUsersSynced\":\"70\",\"totalGroupsSynced\":\"129\",\"totalUsersDeleted\":\"0\",\"totalGroupsDeleted\":\"0\"}','24'),(451,'2022-05-17 16:38:58','2022-05-17 16:38:58',2,2,'2022-05-17 16:38:58','rangerusersync','Unix',0,0,0,0,'{\"unixBackend\":\"nss\",\"fileName\":\"/etc/passwd\",\"syncTime\":\"2022-05-17 09:38:58\",\"lastModified\":\"1969-12-31 16:00:00\",\"minUserId\":\"999\",\"minGroupId\":\"0\",\"totalUsersSynced\":\"70\",\"totalGroupsSynced\":\"129\",\"totalUsersDeleted\":\"0\",\"totalGroupsDeleted\":\"0\"}','24'),(452,'2022-05-17 16:39:58','2022-05-17 16:39:58',2,2,'2022-05-17 16:39:58','rangerusersync','Unix',0,0,0,0,'{\"unixBackend\":\"nss\",\"fileName\":\"/etc/passwd\",\"syncTime\":\"2022-05-17 09:39:58\",\"lastModified\":\"1969-12-31 16:00:00\",\"minUserId\":\"999\",\"minGroupId\":\"0\",\"totalUsersSynced\":\"70\",\"totalGroupsSynced\":\"129\",\"totalUsersDeleted\":\"0\",\"totalGroupsDeleted\":\"0\"}','24'),(453,'2022-05-17 16:40:58','2022-05-17 16:40:58',2,2,'2022-05-17 16:40:58','rangerusersync','Unix',0,0,0,0,'{\"unixBackend\":\"nss\",\"fileName\":\"/etc/passwd\",\"syncTime\":\"2022-05-17 09:40:58\",\"lastModified\":\"1969-12-31 16:00:00\",\"minUserId\":\"999\",\"minGroupId\":\"0\",\"totalUsersSynced\":\"70\",\"totalGroupsSynced\":\"129\",\"totalUsersDeleted\":\"0\",\"totalGroupsDeleted\":\"0\"}','24'),(454,'2022-05-17 16:41:59','2022-05-17 16:41:59',2,2,'2022-05-17 16:41:59','rangerusersync','Unix',0,0,0,0,'{\"unixBackend\":\"nss\",\"fileName\":\"/etc/passwd\",\"syncTime\":\"2022-05-17 09:41:58\",\"lastModified\":\"1969-12-31 16:00:00\",\"minUserId\":\"999\",\"minGroupId\":\"0\",\"totalUsersSynced\":\"70\",\"totalGroupsSynced\":\"129\",\"totalUsersDeleted\":\"0\",\"totalGroupsDeleted\":\"0\"}','24'),(455,'2022-05-17 16:42:59','2022-05-17 16:42:59',2,2,'2022-05-17 16:42:59','rangerusersync','Unix',0,0,0,0,'{\"unixBackend\":\"nss\",\"fileName\":\"/etc/passwd\",\"syncTime\":\"2022-05-17 09:42:59\",\"lastModified\":\"1969-12-31 16:00:00\",\"minUserId\":\"999\",\"minGroupId\":\"0\",\"totalUsersSynced\":\"70\",\"totalGroupsSynced\":\"129\",\"totalUsersDeleted\":\"0\",\"totalGroupsDeleted\":\"0\"}','24'),(456,'2022-05-17 16:43:59','2022-05-17 16:43:59',2,2,'2022-05-17 16:43:59','rangerusersync','Unix',0,0,0,0,'{\"unixBackend\":\"nss\",\"fileName\":\"/etc/passwd\",\"syncTime\":\"2022-05-17 09:43:59\",\"lastModified\":\"1969-12-31 16:00:00\",\"minUserId\":\"999\",\"minGroupId\":\"0\",\"totalUsersSynced\":\"70\",\"totalGroupsSynced\":\"129\",\"totalUsersDeleted\":\"0\",\"totalGroupsDeleted\":\"0\"}','24'),(457,'2022-05-17 16:44:59','2022-05-17 16:44:59',2,2,'2022-05-17 16:44:59','rangerusersync','Unix',0,0,0,0,'{\"unixBackend\":\"nss\",\"fileName\":\"/etc/passwd\",\"syncTime\":\"2022-05-17 09:44:59\",\"lastModified\":\"1969-12-31 16:00:00\",\"minUserId\":\"999\",\"minGroupId\":\"0\",\"totalUsersSynced\":\"70\",\"totalGroupsSynced\":\"129\",\"totalUsersDeleted\":\"0\",\"totalGroupsDeleted\":\"0\"}','24'),(458,'2022-05-17 16:45:59','2022-05-17 16:45:59',2,2,'2022-05-17 16:45:59','rangerusersync','Unix',0,0,0,0,'{\"unixBackend\":\"nss\",\"fileName\":\"/etc/passwd\",\"syncTime\":\"2022-05-17 09:45:59\",\"lastModified\":\"1969-12-31 16:00:00\",\"minUserId\":\"999\",\"minGroupId\":\"0\",\"totalUsersSynced\":\"70\",\"totalGroupsSynced\":\"129\",\"totalUsersDeleted\":\"0\",\"totalGroupsDeleted\":\"0\"}','24'),(459,'2022-05-17 16:46:59','2022-05-17 16:46:59',2,2,'2022-05-17 16:46:59','rangerusersync','Unix',0,0,0,0,'{\"unixBackend\":\"nss\",\"fileName\":\"/etc/passwd\",\"syncTime\":\"2022-05-17 09:46:59\",\"lastModified\":\"1969-12-31 16:00:00\",\"minUserId\":\"999\",\"minGroupId\":\"0\",\"totalUsersSynced\":\"70\",\"totalGroupsSynced\":\"129\",\"totalUsersDeleted\":\"0\",\"totalGroupsDeleted\":\"0\"}','24'),(460,'2022-05-17 16:47:59','2022-05-17 16:47:59',2,2,'2022-05-17 16:47:59','rangerusersync','Unix',0,0,0,0,'{\"unixBackend\":\"nss\",\"fileName\":\"/etc/passwd\",\"syncTime\":\"2022-05-17 09:47:59\",\"lastModified\":\"1969-12-31 16:00:00\",\"minUserId\":\"999\",\"minGroupId\":\"0\",\"totalUsersSynced\":\"70\",\"totalGroupsSynced\":\"129\",\"totalUsersDeleted\":\"0\",\"totalGroupsDeleted\":\"0\"}','24'),(461,'2022-05-17 16:48:59','2022-05-17 16:48:59',2,2,'2022-05-17 16:48:59','rangerusersync','Unix',0,0,0,0,'{\"unixBackend\":\"nss\",\"fileName\":\"/etc/passwd\",\"syncTime\":\"2022-05-17 09:48:59\",\"lastModified\":\"1969-12-31 16:00:00\",\"minUserId\":\"999\",\"minGroupId\":\"0\",\"totalUsersSynced\":\"70\",\"totalGroupsSynced\":\"129\",\"totalUsersDeleted\":\"0\",\"totalGroupsDeleted\":\"0\"}','24'),(462,'2022-05-17 16:49:59','2022-05-17 16:49:59',2,2,'2022-05-17 16:49:59','rangerusersync','Unix',0,0,0,0,'{\"unixBackend\":\"nss\",\"fileName\":\"/etc/passwd\",\"syncTime\":\"2022-05-17 09:49:59\",\"lastModified\":\"1969-12-31 16:00:00\",\"minUserId\":\"999\",\"minGroupId\":\"0\",\"totalUsersSynced\":\"70\",\"totalGroupsSynced\":\"129\",\"totalUsersDeleted\":\"0\",\"totalGroupsDeleted\":\"0\"}','24'),(463,'2022-05-17 16:50:59','2022-05-17 16:50:59',2,2,'2022-05-17 16:50:59','rangerusersync','Unix',0,0,0,0,'{\"unixBackend\":\"nss\",\"fileName\":\"/etc/passwd\",\"syncTime\":\"2022-05-17 09:50:59\",\"lastModified\":\"1969-12-31 16:00:00\",\"minUserId\":\"999\",\"minGroupId\":\"0\",\"totalUsersSynced\":\"70\",\"totalGroupsSynced\":\"129\",\"totalUsersDeleted\":\"0\",\"totalGroupsDeleted\":\"0\"}','24'),(464,'2022-05-17 16:51:59','2022-05-17 16:51:59',2,2,'2022-05-17 16:51:59','rangerusersync','Unix',0,0,0,0,'{\"unixBackend\":\"nss\",\"fileName\":\"/etc/passwd\",\"syncTime\":\"2022-05-17 09:51:59\",\"lastModified\":\"1969-12-31 16:00:00\",\"minUserId\":\"999\",\"minGroupId\":\"0\",\"totalUsersSynced\":\"70\",\"totalGroupsSynced\":\"129\",\"totalUsersDeleted\":\"0\",\"totalGroupsDeleted\":\"0\"}','24'),(465,'2022-05-17 16:52:59','2022-05-17 16:52:59',2,2,'2022-05-17 16:52:59','rangerusersync','Unix',0,0,0,0,'{\"unixBackend\":\"nss\",\"fileName\":\"/etc/passwd\",\"syncTime\":\"2022-05-17 09:52:59\",\"lastModified\":\"1969-12-31 16:00:00\",\"minUserId\":\"999\",\"minGroupId\":\"0\",\"totalUsersSynced\":\"70\",\"totalGroupsSynced\":\"129\",\"totalUsersDeleted\":\"0\",\"totalGroupsDeleted\":\"0\"}','24'),(466,'2022-05-17 16:53:59','2022-05-17 16:53:59',2,2,'2022-05-17 16:53:59','rangerusersync','Unix',0,0,0,0,'{\"unixBackend\":\"nss\",\"fileName\":\"/etc/passwd\",\"syncTime\":\"2022-05-17 09:53:59\",\"lastModified\":\"1969-12-31 16:00:00\",\"minUserId\":\"999\",\"minGroupId\":\"0\",\"totalUsersSynced\":\"70\",\"totalGroupsSynced\":\"129\",\"totalUsersDeleted\":\"0\",\"totalGroupsDeleted\":\"0\"}','24'),(467,'2022-05-17 16:54:59','2022-05-17 16:54:59',2,2,'2022-05-17 16:54:59','rangerusersync','Unix',0,0,0,0,'{\"unixBackend\":\"nss\",\"fileName\":\"/etc/passwd\",\"syncTime\":\"2022-05-17 09:54:59\",\"lastModified\":\"1969-12-31 16:00:00\",\"minUserId\":\"999\",\"minGroupId\":\"0\",\"totalUsersSynced\":\"70\",\"totalGroupsSynced\":\"129\",\"totalUsersDeleted\":\"0\",\"totalGroupsDeleted\":\"0\"}','24'),(468,'2022-05-17 16:55:59','2022-05-17 16:55:59',2,2,'2022-05-17 16:55:59','rangerusersync','Unix',0,0,0,0,'{\"unixBackend\":\"nss\",\"fileName\":\"/etc/passwd\",\"syncTime\":\"2022-05-17 09:55:59\",\"lastModified\":\"1969-12-31 16:00:00\",\"minUserId\":\"999\",\"minGroupId\":\"0\",\"totalUsersSynced\":\"70\",\"totalGroupsSynced\":\"129\",\"totalUsersDeleted\":\"0\",\"totalGroupsDeleted\":\"0\"}','24'),(469,'2022-05-17 16:56:59','2022-05-17 16:56:59',2,2,'2022-05-17 16:56:59','rangerusersync','Unix',0,0,0,0,'{\"unixBackend\":\"nss\",\"fileName\":\"/etc/passwd\",\"syncTime\":\"2022-05-17 09:56:59\",\"lastModified\":\"1969-12-31 16:00:00\",\"minUserId\":\"999\",\"minGroupId\":\"0\",\"totalUsersSynced\":\"70\",\"totalGroupsSynced\":\"129\",\"totalUsersDeleted\":\"0\",\"totalGroupsDeleted\":\"0\"}','24'),(470,'2022-05-17 16:57:59','2022-05-17 16:57:59',2,2,'2022-05-17 16:57:59','rangerusersync','Unix',0,0,0,0,'{\"unixBackend\":\"nss\",\"fileName\":\"/etc/passwd\",\"syncTime\":\"2022-05-17 09:57:59\",\"lastModified\":\"1969-12-31 16:00:00\",\"minUserId\":\"999\",\"minGroupId\":\"0\",\"totalUsersSynced\":\"70\",\"totalGroupsSynced\":\"129\",\"totalUsersDeleted\":\"0\",\"totalGroupsDeleted\":\"0\"}','24'),(471,'2022-05-17 16:58:59','2022-05-17 16:58:59',2,2,'2022-05-17 16:58:59','rangerusersync','Unix',0,0,0,0,'{\"unixBackend\":\"nss\",\"fileName\":\"/etc/passwd\",\"syncTime\":\"2022-05-17 09:58:59\",\"lastModified\":\"1969-12-31 16:00:00\",\"minUserId\":\"999\",\"minGroupId\":\"0\",\"totalUsersSynced\":\"70\",\"totalGroupsSynced\":\"129\",\"totalUsersDeleted\":\"0\",\"totalGroupsDeleted\":\"0\"}','24'),(472,'2022-05-17 16:59:59','2022-05-17 16:59:59',2,2,'2022-05-17 16:59:59','rangerusersync','Unix',0,0,0,0,'{\"unixBackend\":\"nss\",\"fileName\":\"/etc/passwd\",\"syncTime\":\"2022-05-17 09:59:59\",\"lastModified\":\"1969-12-31 16:00:00\",\"minUserId\":\"999\",\"minGroupId\":\"0\",\"totalUsersSynced\":\"70\",\"totalGroupsSynced\":\"129\",\"totalUsersDeleted\":\"0\",\"totalGroupsDeleted\":\"0\"}','24'),(473,'2022-05-17 17:00:59','2022-05-17 17:00:59',2,2,'2022-05-17 17:00:59','rangerusersync','Unix',0,0,0,0,'{\"unixBackend\":\"nss\",\"fileName\":\"/etc/passwd\",\"syncTime\":\"2022-05-17 10:00:59\",\"lastModified\":\"1969-12-31 16:00:00\",\"minUserId\":\"999\",\"minGroupId\":\"0\",\"totalUsersSynced\":\"70\",\"totalGroupsSynced\":\"129\",\"totalUsersDeleted\":\"0\",\"totalGroupsDeleted\":\"0\"}','24'),(474,'2022-05-17 17:01:59','2022-05-17 17:01:59',2,2,'2022-05-17 17:01:59','rangerusersync','Unix',0,0,0,0,'{\"unixBackend\":\"nss\",\"fileName\":\"/etc/passwd\",\"syncTime\":\"2022-05-17 10:01:59\",\"lastModified\":\"1969-12-31 16:00:00\",\"minUserId\":\"999\",\"minGroupId\":\"0\",\"totalUsersSynced\":\"70\",\"totalGroupsSynced\":\"129\",\"totalUsersDeleted\":\"0\",\"totalGroupsDeleted\":\"0\"}','24'),(475,'2022-05-17 17:02:59','2022-05-17 17:02:59',2,2,'2022-05-17 17:02:59','rangerusersync','Unix',0,0,0,0,'{\"unixBackend\":\"nss\",\"fileName\":\"/etc/passwd\",\"syncTime\":\"2022-05-17 10:02:59\",\"lastModified\":\"1969-12-31 16:00:00\",\"minUserId\":\"999\",\"minGroupId\":\"0\",\"totalUsersSynced\":\"70\",\"totalGroupsSynced\":\"129\",\"totalUsersDeleted\":\"0\",\"totalGroupsDeleted\":\"0\"}','24'),(476,'2022-05-17 17:03:59','2022-05-17 17:03:59',2,2,'2022-05-17 17:03:59','rangerusersync','Unix',0,0,0,0,'{\"unixBackend\":\"nss\",\"fileName\":\"/etc/passwd\",\"syncTime\":\"2022-05-17 10:03:59\",\"lastModified\":\"1969-12-31 16:00:00\",\"minUserId\":\"999\",\"minGroupId\":\"0\",\"totalUsersSynced\":\"70\",\"totalGroupsSynced\":\"129\",\"totalUsersDeleted\":\"0\",\"totalGroupsDeleted\":\"0\"}','24'),(477,'2022-05-17 17:04:59','2022-05-17 17:04:59',2,2,'2022-05-17 17:04:59','rangerusersync','Unix',0,0,0,0,'{\"unixBackend\":\"nss\",\"fileName\":\"/etc/passwd\",\"syncTime\":\"2022-05-17 10:04:59\",\"lastModified\":\"1969-12-31 16:00:00\",\"minUserId\":\"999\",\"minGroupId\":\"0\",\"totalUsersSynced\":\"70\",\"totalGroupsSynced\":\"129\",\"totalUsersDeleted\":\"0\",\"totalGroupsDeleted\":\"0\"}','24'),(478,'2022-05-18 09:49:29','2022-05-18 09:49:29',2,2,'2022-05-18 09:49:29','rangerusersync','Unix',0,0,0,0,'{\"unixBackend\":\"nss\",\"fileName\":\"/etc/passwd\",\"syncTime\":\"2022-05-18 02:49:29\",\"lastModified\":\"1969-12-31 16:00:00\",\"minUserId\":\"999\",\"minGroupId\":\"0\",\"totalUsersSynced\":\"70\",\"totalGroupsSynced\":\"129\",\"totalUsersDeleted\":\"0\",\"totalGroupsDeleted\":\"0\"}','27'),(479,'2022-05-18 09:50:29','2022-05-18 09:50:29',2,2,'2022-05-18 09:50:29','rangerusersync','Unix',0,0,0,0,'{\"unixBackend\":\"nss\",\"fileName\":\"/etc/passwd\",\"syncTime\":\"2022-05-18 02:50:29\",\"lastModified\":\"1969-12-31 16:00:00\",\"minUserId\":\"999\",\"minGroupId\":\"0\",\"totalUsersSynced\":\"70\",\"totalGroupsSynced\":\"129\",\"totalUsersDeleted\":\"0\",\"totalGroupsDeleted\":\"0\"}','27'),(480,'2022-05-18 09:51:29','2022-05-18 09:51:29',2,2,'2022-05-18 09:51:29','rangerusersync','Unix',0,0,0,0,'{\"unixBackend\":\"nss\",\"fileName\":\"/etc/passwd\",\"syncTime\":\"2022-05-18 02:51:29\",\"lastModified\":\"1969-12-31 16:00:00\",\"minUserId\":\"999\",\"minGroupId\":\"0\",\"totalUsersSynced\":\"70\",\"totalGroupsSynced\":\"129\",\"totalUsersDeleted\":\"0\",\"totalGroupsDeleted\":\"0\"}','27'),(481,'2022-05-18 09:52:29','2022-05-18 09:52:29',2,2,'2022-05-18 09:52:29','rangerusersync','Unix',0,0,0,0,'{\"unixBackend\":\"nss\",\"fileName\":\"/etc/passwd\",\"syncTime\":\"2022-05-18 02:52:29\",\"lastModified\":\"1969-12-31 16:00:00\",\"minUserId\":\"999\",\"minGroupId\":\"0\",\"totalUsersSynced\":\"70\",\"totalGroupsSynced\":\"129\",\"totalUsersDeleted\":\"0\",\"totalGroupsDeleted\":\"0\"}','27'),(482,'2022-05-18 09:53:30','2022-05-18 09:53:30',2,2,'2022-05-18 09:53:30','rangerusersync','Unix',0,0,0,0,'{\"unixBackend\":\"nss\",\"fileName\":\"/etc/passwd\",\"syncTime\":\"2022-05-18 02:53:30\",\"lastModified\":\"1969-12-31 16:00:00\",\"minUserId\":\"999\",\"minGroupId\":\"0\",\"totalUsersSynced\":\"70\",\"totalGroupsSynced\":\"129\",\"totalUsersDeleted\":\"0\",\"totalGroupsDeleted\":\"0\"}','27'),(483,'2022-05-18 09:54:30','2022-05-18 09:54:30',2,2,'2022-05-18 09:54:30','rangerusersync','Unix',0,0,0,0,'{\"unixBackend\":\"nss\",\"fileName\":\"/etc/passwd\",\"syncTime\":\"2022-05-18 02:54:30\",\"lastModified\":\"1969-12-31 16:00:00\",\"minUserId\":\"999\",\"minGroupId\":\"0\",\"totalUsersSynced\":\"70\",\"totalGroupsSynced\":\"129\",\"totalUsersDeleted\":\"0\",\"totalGroupsDeleted\":\"0\"}','27'),(484,'2022-05-18 09:55:30','2022-05-18 09:55:30',2,2,'2022-05-18 09:55:30','rangerusersync','Unix',0,0,0,0,'{\"unixBackend\":\"nss\",\"fileName\":\"/etc/passwd\",\"syncTime\":\"2022-05-18 02:55:30\",\"lastModified\":\"1969-12-31 16:00:00\",\"minUserId\":\"999\",\"minGroupId\":\"0\",\"totalUsersSynced\":\"70\",\"totalGroupsSynced\":\"129\",\"totalUsersDeleted\":\"0\",\"totalGroupsDeleted\":\"0\"}','27'),(485,'2022-05-18 09:56:30','2022-05-18 09:56:30',2,2,'2022-05-18 09:56:30','rangerusersync','Unix',0,0,0,0,'{\"unixBackend\":\"nss\",\"fileName\":\"/etc/passwd\",\"syncTime\":\"2022-05-18 02:56:30\",\"lastModified\":\"1969-12-31 16:00:00\",\"minUserId\":\"999\",\"minGroupId\":\"0\",\"totalUsersSynced\":\"70\",\"totalGroupsSynced\":\"129\",\"totalUsersDeleted\":\"0\",\"totalGroupsDeleted\":\"0\"}','27'),(486,'2022-05-18 09:57:30','2022-05-18 09:57:30',2,2,'2022-05-18 09:57:30','rangerusersync','Unix',0,0,0,0,'{\"unixBackend\":\"nss\",\"fileName\":\"/etc/passwd\",\"syncTime\":\"2022-05-18 02:57:30\",\"lastModified\":\"1969-12-31 16:00:00\",\"minUserId\":\"999\",\"minGroupId\":\"0\",\"totalUsersSynced\":\"70\",\"totalGroupsSynced\":\"129\",\"totalUsersDeleted\":\"0\",\"totalGroupsDeleted\":\"0\"}','27'),(487,'2022-05-18 09:58:30','2022-05-18 09:58:30',2,2,'2022-05-18 09:58:30','rangerusersync','Unix',0,0,0,0,'{\"unixBackend\":\"nss\",\"fileName\":\"/etc/passwd\",\"syncTime\":\"2022-05-18 02:58:30\",\"lastModified\":\"1969-12-31 16:00:00\",\"minUserId\":\"999\",\"minGroupId\":\"0\",\"totalUsersSynced\":\"70\",\"totalGroupsSynced\":\"129\",\"totalUsersDeleted\":\"0\",\"totalGroupsDeleted\":\"0\"}','27'),(488,'2022-05-18 09:59:30','2022-05-18 09:59:30',2,2,'2022-05-18 09:59:30','rangerusersync','Unix',0,0,0,0,'{\"unixBackend\":\"nss\",\"fileName\":\"/etc/passwd\",\"syncTime\":\"2022-05-18 02:59:30\",\"lastModified\":\"1969-12-31 16:00:00\",\"minUserId\":\"999\",\"minGroupId\":\"0\",\"totalUsersSynced\":\"70\",\"totalGroupsSynced\":\"129\",\"totalUsersDeleted\":\"0\",\"totalGroupsDeleted\":\"0\"}','27'),(489,'2022-05-18 10:00:30','2022-05-18 10:00:30',2,2,'2022-05-18 10:00:30','rangerusersync','Unix',0,0,0,0,'{\"unixBackend\":\"nss\",\"fileName\":\"/etc/passwd\",\"syncTime\":\"2022-05-18 03:00:30\",\"lastModified\":\"1969-12-31 16:00:00\",\"minUserId\":\"999\",\"minGroupId\":\"0\",\"totalUsersSynced\":\"70\",\"totalGroupsSynced\":\"129\",\"totalUsersDeleted\":\"0\",\"totalGroupsDeleted\":\"0\"}','27'),(490,'2022-05-18 10:01:30','2022-05-18 10:01:30',2,2,'2022-05-18 10:01:30','rangerusersync','Unix',0,0,0,0,'{\"unixBackend\":\"nss\",\"fileName\":\"/etc/passwd\",\"syncTime\":\"2022-05-18 03:01:30\",\"lastModified\":\"1969-12-31 16:00:00\",\"minUserId\":\"999\",\"minGroupId\":\"0\",\"totalUsersSynced\":\"70\",\"totalGroupsSynced\":\"129\",\"totalUsersDeleted\":\"0\",\"totalGroupsDeleted\":\"0\"}','27'),(491,'2022-05-18 10:02:30','2022-05-18 10:02:30',2,2,'2022-05-18 10:02:30','rangerusersync','Unix',0,0,0,0,'{\"unixBackend\":\"nss\",\"fileName\":\"/etc/passwd\",\"syncTime\":\"2022-05-18 03:02:30\",\"lastModified\":\"1969-12-31 16:00:00\",\"minUserId\":\"999\",\"minGroupId\":\"0\",\"totalUsersSynced\":\"70\",\"totalGroupsSynced\":\"129\",\"totalUsersDeleted\":\"0\",\"totalGroupsDeleted\":\"0\"}','27'),(492,'2022-05-18 10:03:30','2022-05-18 10:03:30',2,2,'2022-05-18 10:03:30','rangerusersync','Unix',0,0,0,0,'{\"unixBackend\":\"nss\",\"fileName\":\"/etc/passwd\",\"syncTime\":\"2022-05-18 03:03:30\",\"lastModified\":\"1969-12-31 16:00:00\",\"minUserId\":\"999\",\"minGroupId\":\"0\",\"totalUsersSynced\":\"70\",\"totalGroupsSynced\":\"129\",\"totalUsersDeleted\":\"0\",\"totalGroupsDeleted\":\"0\"}','27'),(493,'2022-05-18 10:04:30','2022-05-18 10:04:30',2,2,'2022-05-18 10:04:30','rangerusersync','Unix',0,0,0,0,'{\"unixBackend\":\"nss\",\"fileName\":\"/etc/passwd\",\"syncTime\":\"2022-05-18 03:04:30\",\"lastModified\":\"1969-12-31 16:00:00\",\"minUserId\":\"999\",\"minGroupId\":\"0\",\"totalUsersSynced\":\"70\",\"totalGroupsSynced\":\"129\",\"totalUsersDeleted\":\"0\",\"totalGroupsDeleted\":\"0\"}','27'),(494,'2022-05-18 10:05:30','2022-05-18 10:05:30',2,2,'2022-05-18 10:05:30','rangerusersync','Unix',0,0,0,0,'{\"unixBackend\":\"nss\",\"fileName\":\"/etc/passwd\",\"syncTime\":\"2022-05-18 03:05:30\",\"lastModified\":\"1969-12-31 16:00:00\",\"minUserId\":\"999\",\"minGroupId\":\"0\",\"totalUsersSynced\":\"70\",\"totalGroupsSynced\":\"129\",\"totalUsersDeleted\":\"0\",\"totalGroupsDeleted\":\"0\"}','27'),(495,'2022-05-18 10:06:30','2022-05-18 10:06:30',2,2,'2022-05-18 10:06:30','rangerusersync','Unix',0,0,0,0,'{\"unixBackend\":\"nss\",\"fileName\":\"/etc/passwd\",\"syncTime\":\"2022-05-18 03:06:30\",\"lastModified\":\"1969-12-31 16:00:00\",\"minUserId\":\"999\",\"minGroupId\":\"0\",\"totalUsersSynced\":\"70\",\"totalGroupsSynced\":\"129\",\"totalUsersDeleted\":\"0\",\"totalGroupsDeleted\":\"0\"}','27'),(496,'2022-05-18 10:07:30','2022-05-18 10:07:30',2,2,'2022-05-18 10:07:30','rangerusersync','Unix',0,0,0,0,'{\"unixBackend\":\"nss\",\"fileName\":\"/etc/passwd\",\"syncTime\":\"2022-05-18 03:07:30\",\"lastModified\":\"1969-12-31 16:00:00\",\"minUserId\":\"999\",\"minGroupId\":\"0\",\"totalUsersSynced\":\"70\",\"totalGroupsSynced\":\"129\",\"totalUsersDeleted\":\"0\",\"totalGroupsDeleted\":\"0\"}','27'),(497,'2022-05-18 10:08:30','2022-05-18 10:08:30',2,2,'2022-05-18 10:08:30','rangerusersync','Unix',0,0,0,0,'{\"unixBackend\":\"nss\",\"fileName\":\"/etc/passwd\",\"syncTime\":\"2022-05-18 03:08:30\",\"lastModified\":\"1969-12-31 16:00:00\",\"minUserId\":\"999\",\"minGroupId\":\"0\",\"totalUsersSynced\":\"70\",\"totalGroupsSynced\":\"129\",\"totalUsersDeleted\":\"0\",\"totalGroupsDeleted\":\"0\"}','27'),(498,'2022-05-18 10:09:30','2022-05-18 10:09:30',2,2,'2022-05-18 10:09:30','rangerusersync','Unix',0,0,0,0,'{\"unixBackend\":\"nss\",\"fileName\":\"/etc/passwd\",\"syncTime\":\"2022-05-18 03:09:30\",\"lastModified\":\"1969-12-31 16:00:00\",\"minUserId\":\"999\",\"minGroupId\":\"0\",\"totalUsersSynced\":\"70\",\"totalGroupsSynced\":\"129\",\"totalUsersDeleted\":\"0\",\"totalGroupsDeleted\":\"0\"}','27'),(499,'2022-05-18 10:10:30','2022-05-18 10:10:30',2,2,'2022-05-18 10:10:30','rangerusersync','Unix',0,0,0,0,'{\"unixBackend\":\"nss\",\"fileName\":\"/etc/passwd\",\"syncTime\":\"2022-05-18 03:10:30\",\"lastModified\":\"1969-12-31 16:00:00\",\"minUserId\":\"999\",\"minGroupId\":\"0\",\"totalUsersSynced\":\"70\",\"totalGroupsSynced\":\"129\",\"totalUsersDeleted\":\"0\",\"totalGroupsDeleted\":\"0\"}','27'),(500,'2022-05-18 10:11:30','2022-05-18 10:11:30',2,2,'2022-05-18 10:11:30','rangerusersync','Unix',0,0,0,0,'{\"unixBackend\":\"nss\",\"fileName\":\"/etc/passwd\",\"syncTime\":\"2022-05-18 03:11:30\",\"lastModified\":\"1969-12-31 16:00:00\",\"minUserId\":\"999\",\"minGroupId\":\"0\",\"totalUsersSynced\":\"70\",\"totalGroupsSynced\":\"129\",\"totalUsersDeleted\":\"0\",\"totalGroupsDeleted\":\"0\"}','27'),(501,'2022-05-18 10:12:31','2022-05-18 10:12:31',2,2,'2022-05-18 10:12:31','rangerusersync','Unix',0,0,0,0,'{\"unixBackend\":\"nss\",\"fileName\":\"/etc/passwd\",\"syncTime\":\"2022-05-18 03:12:30\",\"lastModified\":\"1969-12-31 16:00:00\",\"minUserId\":\"999\",\"minGroupId\":\"0\",\"totalUsersSynced\":\"70\",\"totalGroupsSynced\":\"129\",\"totalUsersDeleted\":\"0\",\"totalGroupsDeleted\":\"0\"}','27'),(502,'2022-05-18 10:13:31','2022-05-18 10:13:31',2,2,'2022-05-18 10:13:31','rangerusersync','Unix',0,0,0,0,'{\"unixBackend\":\"nss\",\"fileName\":\"/etc/passwd\",\"syncTime\":\"2022-05-18 03:13:31\",\"lastModified\":\"1969-12-31 16:00:00\",\"minUserId\":\"999\",\"minGroupId\":\"0\",\"totalUsersSynced\":\"70\",\"totalGroupsSynced\":\"129\",\"totalUsersDeleted\":\"0\",\"totalGroupsDeleted\":\"0\"}','27'),(503,'2022-05-18 10:14:31','2022-05-18 10:14:31',2,2,'2022-05-18 10:14:31','rangerusersync','Unix',0,0,0,0,'{\"unixBackend\":\"nss\",\"fileName\":\"/etc/passwd\",\"syncTime\":\"2022-05-18 03:14:31\",\"lastModified\":\"1969-12-31 16:00:00\",\"minUserId\":\"999\",\"minGroupId\":\"0\",\"totalUsersSynced\":\"70\",\"totalGroupsSynced\":\"129\",\"totalUsersDeleted\":\"0\",\"totalGroupsDeleted\":\"0\"}','27'),(504,'2022-05-18 10:15:31','2022-05-18 10:15:31',2,2,'2022-05-18 10:15:31','rangerusersync','Unix',0,0,0,0,'{\"unixBackend\":\"nss\",\"fileName\":\"/etc/passwd\",\"syncTime\":\"2022-05-18 03:15:31\",\"lastModified\":\"1969-12-31 16:00:00\",\"minUserId\":\"999\",\"minGroupId\":\"0\",\"totalUsersSynced\":\"70\",\"totalGroupsSynced\":\"129\",\"totalUsersDeleted\":\"0\",\"totalGroupsDeleted\":\"0\"}','27'),(505,'2022-05-18 10:16:31','2022-05-18 10:16:31',2,2,'2022-05-18 10:16:31','rangerusersync','Unix',0,0,0,0,'{\"unixBackend\":\"nss\",\"fileName\":\"/etc/passwd\",\"syncTime\":\"2022-05-18 03:16:31\",\"lastModified\":\"1969-12-31 16:00:00\",\"minUserId\":\"999\",\"minGroupId\":\"0\",\"totalUsersSynced\":\"70\",\"totalGroupsSynced\":\"129\",\"totalUsersDeleted\":\"0\",\"totalGroupsDeleted\":\"0\"}','27'),(506,'2022-05-18 10:17:31','2022-05-18 10:17:31',2,2,'2022-05-18 10:17:31','rangerusersync','Unix',0,0,0,0,'{\"unixBackend\":\"nss\",\"fileName\":\"/etc/passwd\",\"syncTime\":\"2022-05-18 03:17:31\",\"lastModified\":\"1969-12-31 16:00:00\",\"minUserId\":\"999\",\"minGroupId\":\"0\",\"totalUsersSynced\":\"70\",\"totalGroupsSynced\":\"129\",\"totalUsersDeleted\":\"0\",\"totalGroupsDeleted\":\"0\"}','27'),(507,'2022-05-18 10:18:31','2022-05-18 10:18:31',2,2,'2022-05-18 10:18:31','rangerusersync','Unix',0,0,0,0,'{\"unixBackend\":\"nss\",\"fileName\":\"/etc/passwd\",\"syncTime\":\"2022-05-18 03:18:31\",\"lastModified\":\"1969-12-31 16:00:00\",\"minUserId\":\"999\",\"minGroupId\":\"0\",\"totalUsersSynced\":\"70\",\"totalGroupsSynced\":\"129\",\"totalUsersDeleted\":\"0\",\"totalGroupsDeleted\":\"0\"}','27'),(508,'2022-05-18 10:19:31','2022-05-18 10:19:31',2,2,'2022-05-18 10:19:31','rangerusersync','Unix',0,0,0,0,'{\"unixBackend\":\"nss\",\"fileName\":\"/etc/passwd\",\"syncTime\":\"2022-05-18 03:19:31\",\"lastModified\":\"1969-12-31 16:00:00\",\"minUserId\":\"999\",\"minGroupId\":\"0\",\"totalUsersSynced\":\"70\",\"totalGroupsSynced\":\"129\",\"totalUsersDeleted\":\"0\",\"totalGroupsDeleted\":\"0\"}','27'),(509,'2022-05-18 10:20:31','2022-05-18 10:20:31',2,2,'2022-05-18 10:20:31','rangerusersync','Unix',0,0,0,0,'{\"unixBackend\":\"nss\",\"fileName\":\"/etc/passwd\",\"syncTime\":\"2022-05-18 03:20:31\",\"lastModified\":\"1969-12-31 16:00:00\",\"minUserId\":\"999\",\"minGroupId\":\"0\",\"totalUsersSynced\":\"70\",\"totalGroupsSynced\":\"129\",\"totalUsersDeleted\":\"0\",\"totalGroupsDeleted\":\"0\"}','27'),(510,'2022-05-18 10:21:31','2022-05-18 10:21:31',2,2,'2022-05-18 10:21:31','rangerusersync','Unix',0,0,0,0,'{\"unixBackend\":\"nss\",\"fileName\":\"/etc/passwd\",\"syncTime\":\"2022-05-18 03:21:31\",\"lastModified\":\"1969-12-31 16:00:00\",\"minUserId\":\"999\",\"minGroupId\":\"0\",\"totalUsersSynced\":\"70\",\"totalGroupsSynced\":\"129\",\"totalUsersDeleted\":\"0\",\"totalGroupsDeleted\":\"0\"}','27'),(511,'2022-05-18 10:22:31','2022-05-18 10:22:31',2,2,'2022-05-18 10:22:31','rangerusersync','Unix',0,0,0,0,'{\"unixBackend\":\"nss\",\"fileName\":\"/etc/passwd\",\"syncTime\":\"2022-05-18 03:22:31\",\"lastModified\":\"1969-12-31 16:00:00\",\"minUserId\":\"999\",\"minGroupId\":\"0\",\"totalUsersSynced\":\"70\",\"totalGroupsSynced\":\"129\",\"totalUsersDeleted\":\"0\",\"totalGroupsDeleted\":\"0\"}','27'),(512,'2022-05-18 10:23:31','2022-05-18 10:23:31',2,2,'2022-05-18 10:23:31','rangerusersync','Unix',0,0,0,0,'{\"unixBackend\":\"nss\",\"fileName\":\"/etc/passwd\",\"syncTime\":\"2022-05-18 03:23:31\",\"lastModified\":\"1969-12-31 16:00:00\",\"minUserId\":\"999\",\"minGroupId\":\"0\",\"totalUsersSynced\":\"70\",\"totalGroupsSynced\":\"129\",\"totalUsersDeleted\":\"0\",\"totalGroupsDeleted\":\"0\"}','27'),(513,'2022-05-18 10:24:31','2022-05-18 10:24:31',2,2,'2022-05-18 10:24:31','rangerusersync','Unix',0,0,0,0,'{\"unixBackend\":\"nss\",\"fileName\":\"/etc/passwd\",\"syncTime\":\"2022-05-18 03:24:31\",\"lastModified\":\"1969-12-31 16:00:00\",\"minUserId\":\"999\",\"minGroupId\":\"0\",\"totalUsersSynced\":\"70\",\"totalGroupsSynced\":\"129\",\"totalUsersDeleted\":\"0\",\"totalGroupsDeleted\":\"0\"}','27'),(514,'2022-05-18 10:25:31','2022-05-18 10:25:31',2,2,'2022-05-18 10:25:31','rangerusersync','Unix',0,0,0,0,'{\"unixBackend\":\"nss\",\"fileName\":\"/etc/passwd\",\"syncTime\":\"2022-05-18 03:25:31\",\"lastModified\":\"1969-12-31 16:00:00\",\"minUserId\":\"999\",\"minGroupId\":\"0\",\"totalUsersSynced\":\"70\",\"totalGroupsSynced\":\"129\",\"totalUsersDeleted\":\"0\",\"totalGroupsDeleted\":\"0\"}','27'),(515,'2022-05-18 10:26:31','2022-05-18 10:26:31',2,2,'2022-05-18 10:26:31','rangerusersync','Unix',0,0,0,0,'{\"unixBackend\":\"nss\",\"fileName\":\"/etc/passwd\",\"syncTime\":\"2022-05-18 03:26:31\",\"lastModified\":\"1969-12-31 16:00:00\",\"minUserId\":\"999\",\"minGroupId\":\"0\",\"totalUsersSynced\":\"70\",\"totalGroupsSynced\":\"129\",\"totalUsersDeleted\":\"0\",\"totalGroupsDeleted\":\"0\"}','27'),(516,'2022-05-18 10:27:31','2022-05-18 10:27:31',2,2,'2022-05-18 10:27:31','rangerusersync','Unix',0,0,0,0,'{\"unixBackend\":\"nss\",\"fileName\":\"/etc/passwd\",\"syncTime\":\"2022-05-18 03:27:31\",\"lastModified\":\"1969-12-31 16:00:00\",\"minUserId\":\"999\",\"minGroupId\":\"0\",\"totalUsersSynced\":\"70\",\"totalGroupsSynced\":\"129\",\"totalUsersDeleted\":\"0\",\"totalGroupsDeleted\":\"0\"}','27'),(517,'2022-05-18 10:28:31','2022-05-18 10:28:31',2,2,'2022-05-18 10:28:31','rangerusersync','Unix',0,0,0,0,'{\"unixBackend\":\"nss\",\"fileName\":\"/etc/passwd\",\"syncTime\":\"2022-05-18 03:28:31\",\"lastModified\":\"1969-12-31 16:00:00\",\"minUserId\":\"999\",\"minGroupId\":\"0\",\"totalUsersSynced\":\"70\",\"totalGroupsSynced\":\"129\",\"totalUsersDeleted\":\"0\",\"totalGroupsDeleted\":\"0\"}','27'),(518,'2022-05-18 10:29:31','2022-05-18 10:29:31',2,2,'2022-05-18 10:29:31','rangerusersync','Unix',0,0,0,0,'{\"unixBackend\":\"nss\",\"fileName\":\"/etc/passwd\",\"syncTime\":\"2022-05-18 03:29:31\",\"lastModified\":\"1969-12-31 16:00:00\",\"minUserId\":\"999\",\"minGroupId\":\"0\",\"totalUsersSynced\":\"70\",\"totalGroupsSynced\":\"129\",\"totalUsersDeleted\":\"0\",\"totalGroupsDeleted\":\"0\"}','27'),(519,'2022-05-18 10:30:31','2022-05-18 10:30:31',2,2,'2022-05-18 10:30:31','rangerusersync','Unix',0,0,0,0,'{\"unixBackend\":\"nss\",\"fileName\":\"/etc/passwd\",\"syncTime\":\"2022-05-18 03:30:31\",\"lastModified\":\"1969-12-31 16:00:00\",\"minUserId\":\"999\",\"minGroupId\":\"0\",\"totalUsersSynced\":\"70\",\"totalGroupsSynced\":\"129\",\"totalUsersDeleted\":\"0\",\"totalGroupsDeleted\":\"0\"}','27'),(520,'2022-05-18 10:31:31','2022-05-18 10:31:31',2,2,'2022-05-18 10:31:31','rangerusersync','Unix',0,0,0,0,'{\"unixBackend\":\"nss\",\"fileName\":\"/etc/passwd\",\"syncTime\":\"2022-05-18 03:31:31\",\"lastModified\":\"1969-12-31 16:00:00\",\"minUserId\":\"999\",\"minGroupId\":\"0\",\"totalUsersSynced\":\"70\",\"totalGroupsSynced\":\"129\",\"totalUsersDeleted\":\"0\",\"totalGroupsDeleted\":\"0\"}','27'),(521,'2022-05-18 10:32:31','2022-05-18 10:32:31',2,2,'2022-05-18 10:32:31','rangerusersync','Unix',0,0,0,0,'{\"unixBackend\":\"nss\",\"fileName\":\"/etc/passwd\",\"syncTime\":\"2022-05-18 03:32:31\",\"lastModified\":\"1969-12-31 16:00:00\",\"minUserId\":\"999\",\"minGroupId\":\"0\",\"totalUsersSynced\":\"70\",\"totalGroupsSynced\":\"129\",\"totalUsersDeleted\":\"0\",\"totalGroupsDeleted\":\"0\"}','27'),(522,'2022-05-18 10:33:31','2022-05-18 10:33:31',2,2,'2022-05-18 10:33:31','rangerusersync','Unix',0,0,0,0,'{\"unixBackend\":\"nss\",\"fileName\":\"/etc/passwd\",\"syncTime\":\"2022-05-18 03:33:31\",\"lastModified\":\"1969-12-31 16:00:00\",\"minUserId\":\"999\",\"minGroupId\":\"0\",\"totalUsersSynced\":\"70\",\"totalGroupsSynced\":\"129\",\"totalUsersDeleted\":\"0\",\"totalGroupsDeleted\":\"0\"}','27');
/*!40000 ALTER TABLE `x_ugsync_audit_info` ENABLE KEYS */;
UNLOCK TABLES;

--
-- Table structure for table `x_user`
--

DROP TABLE IF EXISTS `x_user`;
/*!40101 SET @saved_cs_client     = @@character_set_client */;
/*!40101 SET character_set_client = utf8 */;
CREATE TABLE `x_user` (
  `id` bigint(20) NOT NULL AUTO_INCREMENT,
  `create_time` datetime DEFAULT NULL,
  `update_time` datetime DEFAULT NULL,
  `added_by_id` bigint(20) DEFAULT NULL,
  `upd_by_id` bigint(20) DEFAULT NULL,
  `user_name` varchar(767) NOT NULL,
  `descr` varchar(4000) NOT NULL,
  `status` int(11) NOT NULL DEFAULT 0,
  `cred_store_id` bigint(20) DEFAULT NULL,
  `is_visible` int(11) NOT NULL DEFAULT 1,
  `other_attributes` varchar(4000) DEFAULT NULL,
  PRIMARY KEY (`id`),
  UNIQUE KEY `x_user_UK_user_name` (`user_name`),
  KEY `x_user_FK_added_by_id` (`added_by_id`),
  KEY `x_user_FK_upd_by_id` (`upd_by_id`),
  KEY `x_user_FK_cred_store_id` (`cred_store_id`),
  KEY `x_user_cr_time` (`create_time`),
  KEY `x_user_up_time` (`update_time`),
  CONSTRAINT `x_user_FK_added_by_id` FOREIGN KEY (`added_by_id`) REFERENCES `x_portal_user` (`id`),
  CONSTRAINT `x_user_FK_cred_store_id` FOREIGN KEY (`cred_store_id`) REFERENCES `x_cred_store` (`id`),
  CONSTRAINT `x_user_FK_upd_by_id` FOREIGN KEY (`upd_by_id`) REFERENCES `x_portal_user` (`id`)
) ENGINE=InnoDB AUTO_INCREMENT=71 DEFAULT CHARSET=utf8 ROW_FORMAT=DYNAMIC;
/*!40101 SET character_set_client = @saved_cs_client */;

--
-- Dumping data for table `x_user`
--

LOCK TABLES `x_user` WRITE;
/*!40000 ALTER TABLE `x_user` DISABLE KEYS */;
INSERT INTO `x_user` VALUES (1,'2022-05-16 13:23:42','2022-05-16 13:23:42',NULL,NULL,'admin','Administrator',0,NULL,1,NULL),(2,'2022-05-16 13:23:42','2022-05-16 13:23:42',NULL,NULL,'rangerusersync','rangerusersync',0,NULL,1,NULL),(3,'2022-05-16 13:23:42','2022-05-16 13:23:42',NULL,NULL,'keyadmin','keyadmin',0,NULL,1,NULL),(4,'2022-05-16 13:23:42','2022-05-16 13:23:42',NULL,NULL,'rangertagsync','rangertagsync',0,NULL,1,NULL),(5,'2022-05-16 13:24:10','2022-05-16 13:24:10',1,1,'{USER}','{USER}',0,NULL,1,NULL),(6,'2022-05-16 13:24:10','2022-05-16 13:24:10',1,1,'{OWNER}','{OWNER}',0,NULL,1,NULL),(7,'2022-05-16 13:24:57','2022-05-16 13:24:57',2,2,'atlas','atlas - add from Unix box',0,NULL,1,'{\"sync_source\":\"Unix\",\"full_name\":\"atlas\",\"original_name\":\"atlas\"}'),(8,'2022-05-16 13:24:57','2022-05-16 13:24:57',2,2,'cmadmin-4483f1fa','cmadmin-4483f1fa - add from Unix box',0,NULL,1,'{\"sync_source\":\"Unix\",\"full_name\":\"cmadmin-4483f1fa\",\"original_name\":\"cmadmin-4483f1fa\"}'),(9,'2022-05-16 13:24:57','2022-05-16 13:24:57',2,2,'nifi','nifi - add from Unix box',0,NULL,1,'{\"sync_source\":\"Unix\",\"full_name\":\"nifi\",\"original_name\":\"nifi\"}'),(10,'2022-05-16 13:24:57','2022-05-16 13:24:57',2,2,'stella_sale','stella_sale - add from Unix box',0,NULL,1,'{\"sync_source\":\"Unix\",\"full_name\":\"stella_sale\",\"original_name\":\"stella_sale\"}'),(11,'2022-05-16 13:24:57','2022-05-16 13:24:57',2,2,'dpprofiler','dpprofiler - add from Unix box',0,NULL,1,'{\"sync_source\":\"Unix\",\"full_name\":\"dpprofiler\",\"original_name\":\"dpprofiler\"}'),(12,'2022-05-16 13:24:57','2022-05-16 13:24:57',2,2,'flume','flume - add from Unix box',0,NULL,1,'{\"sync_source\":\"Unix\",\"full_name\":\"flume\",\"original_name\":\"flume\"}'),(13,'2022-05-16 13:24:57','2022-05-16 13:24:57',2,2,'schemaregistry','schemaregistry - add from Unix box',0,NULL,1,'{\"sync_source\":\"Unix\",\"full_name\":\"schemaregistry\",\"original_name\":\"schemaregistry\"}'),(14,'2022-05-16 13:24:57','2022-05-16 13:24:57',2,2,'omar_ops','omar_ops - add from Unix box',0,NULL,1,'{\"sync_source\":\"Unix\",\"full_name\":\"omar_ops\",\"original_name\":\"omar_ops\"}'),(15,'2022-05-16 13:24:57','2022-05-16 13:24:57',2,2,'bo_biz','bo_biz - add from Unix box',0,NULL,1,'{\"sync_source\":\"Unix\",\"full_name\":\"bo_biz\",\"original_name\":\"bo_biz\"}'),(16,'2022-05-16 13:24:57','2022-05-16 13:24:57',2,2,'zookeeper','zookeeper - add from Unix box',0,NULL,1,'{\"sync_source\":\"Unix\",\"full_name\":\"zookeeper\",\"original_name\":\"zookeeper\"}'),(17,'2022-05-16 13:24:57','2022-05-16 13:24:57',2,2,'tez','tez - add from Unix box',0,NULL,1,'{\"sync_source\":\"Unix\",\"full_name\":\"tez\",\"original_name\":\"tez\"}'),(18,'2022-05-16 13:24:57','2022-05-16 13:24:57',2,2,'nifiregistry','nifiregistry - add from Unix box',0,NULL,1,'{\"sync_source\":\"Unix\",\"full_name\":\"nifiregistry\",\"original_name\":\"nifiregistry\"}'),(19,'2022-05-16 13:24:57','2022-05-16 13:24:57',2,2,'impala','impala - add from Unix box',0,NULL,1,'{\"sync_source\":\"Unix\",\"full_name\":\"impala\",\"original_name\":\"impala\"}'),(20,'2022-05-16 13:24:57','2022-05-16 13:24:57',2,2,'dana_dev','dana_dev - add from Unix box',0,NULL,1,'{\"sync_source\":\"Unix\",\"full_name\":\"dana_dev\",\"original_name\":\"dana_dev\"}'),(21,'2022-05-16 13:24:57','2022-05-16 13:24:57',2,2,'flink','flink - add from Unix box',0,NULL,1,'{\"sync_source\":\"Unix\",\"full_name\":\"flink\",\"original_name\":\"flink\"}'),(22,'2022-05-16 13:24:57','2022-05-16 13:24:57',2,2,'grace_gov','grace_gov - add from Unix box',0,NULL,1,'{\"sync_source\":\"Unix\",\"full_name\":\"grace_gov\",\"original_name\":\"grace_gov\"}'),(23,'2022-05-16 13:24:57','2022-05-16 13:24:57',2,2,'livy','livy - add from Unix box',0,NULL,1,'{\"sync_source\":\"Unix\",\"full_name\":\"livy\",\"original_name\":\"livy\"}'),(24,'2022-05-16 13:24:57','2022-05-16 13:24:57',2,2,'druid','druid - add from Unix box',0,NULL,1,'{\"sync_source\":\"Unix\",\"full_name\":\"druid\",\"original_name\":\"druid\"}'),(25,'2022-05-16 13:24:57','2022-05-16 13:24:57',2,2,'kafka','kafka - add from Unix box',0,NULL,1,'{\"sync_source\":\"Unix\",\"full_name\":\"kafka\",\"original_name\":\"kafka\"}'),(26,'2022-05-16 13:24:57','2022-05-16 14:06:28',2,68,'allan_admin','allan_admin - add from Unix box',0,NULL,1,'{\"sync_source\":\"Unix\",\"full_name\":\"allan_admin\",\"original_name\":\"allan_admin\"}'),(27,'2022-05-16 13:24:57','2022-05-16 13:24:57',2,2,'streamsrepmgr','streamsrepmgr - add from Unix box',0,NULL,1,'{\"sync_source\":\"Unix\",\"full_name\":\"streamsrepmgr\",\"original_name\":\"streamsrepmgr\"}'),(28,'2022-05-16 13:24:58','2022-05-16 13:24:58',2,2,'support','support - add from Unix box',0,NULL,1,'{\"sync_source\":\"Unix\",\"full_name\":\"support\",\"original_name\":\"support\"}'),(29,'2022-05-16 13:24:58','2022-05-16 13:24:58',2,2,'mapred','mapred - add from Unix box',0,NULL,1,'{\"sync_source\":\"Unix\",\"full_name\":\"mapred\",\"original_name\":\"mapred\"}'),(30,'2022-05-16 13:24:58','2022-05-16 13:24:58',2,2,'knox','knox - add from Unix box',0,NULL,1,'{\"sync_source\":\"Unix\",\"full_name\":\"knox\",\"original_name\":\"knox\"}'),(31,'2022-05-16 13:24:58','2022-05-16 13:24:58',2,2,'hive','hive - add from Unix box',0,NULL,1,'{\"sync_source\":\"Unix\",\"full_name\":\"hive\",\"original_name\":\"hive\"}'),(32,'2022-05-16 13:24:58','2022-05-16 13:24:58',2,2,'cloudera-scm','cloudera-scm - add from Unix box',0,NULL,1,'{\"sync_source\":\"Unix\",\"full_name\":\"cloudera-scm\",\"original_name\":\"cloudera-scm\"}'),(33,'2022-05-16 13:24:58','2022-05-16 13:24:58',2,2,'httpfs','httpfs - add from Unix box',0,NULL,1,'{\"sync_source\":\"Unix\",\"full_name\":\"httpfs\",\"original_name\":\"httpfs\"}'),(34,'2022-05-16 13:24:58','2022-05-16 13:24:58',2,2,'superset','superset - add from Unix box',0,NULL,1,'{\"sync_source\":\"Unix\",\"full_name\":\"superset\",\"original_name\":\"superset\"}'),(35,'2022-05-16 13:24:58','2022-05-16 13:24:58',2,2,'denis_deng','denis_deng - add from Unix box',0,NULL,1,'{\"sync_source\":\"Unix\",\"full_name\":\"denis_deng\",\"original_name\":\"denis_deng\"}'),(36,'2022-05-16 13:24:58','2022-05-16 13:24:58',2,2,'streamsmsgmgr','streamsmsgmgr - add from Unix box',0,NULL,1,'{\"sync_source\":\"Unix\",\"full_name\":\"streamsmsgmgr\",\"original_name\":\"streamsmsgmgr\"}'),(37,'2022-05-16 13:24:58','2022-05-16 13:24:58',2,2,'ranger','ranger - add from Unix box',0,NULL,1,'{\"sync_source\":\"Unix\",\"full_name\":\"ranger\",\"original_name\":\"ranger\"}'),(38,'2022-05-16 13:24:58','2022-05-16 13:24:58',2,2,'kudu','kudu - add from Unix box',0,NULL,1,'{\"sync_source\":\"Unix\",\"full_name\":\"kudu\",\"original_name\":\"kudu\"}'),(39,'2022-05-16 13:24:58','2022-05-16 13:24:58',2,2,'training','training - add from Unix box',0,NULL,1,'{\"sync_source\":\"Unix\",\"full_name\":\"training\",\"original_name\":\"training\"}'),(40,'2022-05-16 13:24:58','2022-05-16 13:24:58',2,2,'hamal_hr','hamal_hr - add from Unix box',0,NULL,1,'{\"sync_source\":\"Unix\",\"full_name\":\"hamal_hr\",\"original_name\":\"hamal_hr\"}'),(41,'2022-05-16 13:24:58','2022-05-16 13:24:58',2,2,'steff_sci','steff_sci - add from Unix box',0,NULL,1,'{\"sync_source\":\"Unix\",\"full_name\":\"steff_sci\",\"original_name\":\"steff_sci\"}'),(42,'2022-05-16 13:24:58','2022-05-16 13:24:58',2,2,'omid','omid - add from Unix box',0,NULL,1,'{\"sync_source\":\"Unix\",\"full_name\":\"omid\",\"original_name\":\"omid\"}'),(43,'2022-05-16 13:24:58','2022-05-16 13:24:58',2,2,'ozone','ozone - add from Unix box',0,NULL,1,'{\"sync_source\":\"Unix\",\"full_name\":\"ozone\",\"original_name\":\"ozone\"}'),(44,'2022-05-16 13:24:58','2022-05-16 13:24:58',2,2,'nifitoolkit','nifitoolkit - add from Unix box',0,NULL,1,'{\"sync_source\":\"Unix\",\"full_name\":\"nifitoolkit\",\"original_name\":\"nifitoolkit\"}'),(45,'2022-05-16 13:24:58','2022-05-16 13:24:58',2,2,'kms','kms - add from Unix box',0,NULL,1,'{\"sync_source\":\"Unix\",\"full_name\":\"kms\",\"original_name\":\"kms\"}'),(46,'2022-05-16 13:24:58','2022-05-16 13:24:58',2,2,'cruisecontrol','cruisecontrol - add from Unix box',0,NULL,1,'{\"sync_source\":\"Unix\",\"full_name\":\"cruisecontrol\",\"original_name\":\"cruisecontrol\"}'),(47,'2022-05-16 13:24:58','2022-05-16 13:24:58',2,2,'accumulo','accumulo - add from Unix box',0,NULL,1,'{\"sync_source\":\"Unix\",\"full_name\":\"accumulo\",\"original_name\":\"accumulo\"}'),(48,'2022-05-16 13:24:58','2022-05-16 13:24:58',2,2,'polkitd','polkitd - add from Unix box',0,NULL,1,'{\"sync_source\":\"Unix\",\"full_name\":\"polkitd\",\"original_name\":\"polkitd\"}'),(49,'2022-05-16 13:24:58','2022-05-16 13:24:58',2,2,'nfsnobody','nfsnobody - add from Unix box',0,NULL,1,'{\"sync_source\":\"Unix\",\"full_name\":\"nfsnobody\",\"original_name\":\"nfsnobody\"}'),(50,'2022-05-16 13:24:58','2022-05-16 13:24:58',2,2,'spark','spark - add from Unix box',0,NULL,1,'{\"sync_source\":\"Unix\",\"full_name\":\"spark\",\"original_name\":\"spark\"}'),(51,'2022-05-16 13:24:58','2022-05-16 13:24:58',2,2,'solr','solr - add from Unix box',0,NULL,1,'{\"sync_source\":\"Unix\",\"full_name\":\"solr\",\"original_name\":\"solr\"}'),(52,'2022-05-16 13:24:58','2022-05-16 13:24:58',2,2,'fina_fin','fina_fin - add from Unix box',0,NULL,1,'{\"sync_source\":\"Unix\",\"full_name\":\"fina_fin\",\"original_name\":\"fina_fin\"}'),(53,'2022-05-16 13:24:58','2022-05-16 13:24:58',2,2,'hbase','hbase - add from Unix box',0,NULL,1,'{\"sync_source\":\"Unix\",\"full_name\":\"hbase\",\"original_name\":\"hbase\"}'),(54,'2022-05-16 13:24:58','2022-05-16 13:24:58',2,2,'rangerrms','rangerrms - add from Unix box',0,NULL,1,'{\"sync_source\":\"Unix\",\"full_name\":\"rangerrms\",\"original_name\":\"rangerrms\"}'),(55,'2022-05-16 13:24:58','2022-05-16 13:24:58',2,2,'oozie','oozie - add from Unix box',0,NULL,1,'{\"sync_source\":\"Unix\",\"full_name\":\"oozie\",\"original_name\":\"oozie\"}'),(56,'2022-05-16 13:24:58','2022-05-16 13:24:58',2,2,'zeppelin','zeppelin - add from Unix box',0,NULL,1,'{\"sync_source\":\"Unix\",\"full_name\":\"zeppelin\",\"original_name\":\"zeppelin\"}'),(57,'2022-05-16 13:24:58','2022-05-16 14:05:48',2,68,'sam_sec','sam_sec - add from Unix box',0,NULL,1,'{\"sync_source\":\"Unix\",\"full_name\":\"sam_sec\",\"original_name\":\"sam_sec\"}'),(58,'2022-05-16 13:24:58','2022-05-16 13:24:58',2,2,'phoenix','phoenix - add from Unix box',0,NULL,1,'{\"sync_source\":\"Unix\",\"full_name\":\"phoenix\",\"original_name\":\"phoenix\"}'),(59,'2022-05-16 13:24:58','2022-05-16 13:24:58',2,2,'rangerraz','rangerraz - add from Unix box',0,NULL,1,'{\"sync_source\":\"Unix\",\"full_name\":\"rangerraz\",\"original_name\":\"rangerraz\"}'),(60,'2022-05-16 13:24:58','2022-05-16 13:24:58',2,2,'hdfs','hdfs - add from Unix box',0,NULL,1,'{\"sync_source\":\"Unix\",\"full_name\":\"hdfs\",\"original_name\":\"hdfs\"}'),(61,'2022-05-16 13:24:58','2022-05-16 13:24:58',2,2,'hue','hue - add from Unix box',0,NULL,1,'{\"sync_source\":\"Unix\",\"full_name\":\"hue\",\"original_name\":\"hue\"}'),(62,'2022-05-16 13:24:58','2022-05-16 13:24:58',2,2,'sqoop','sqoop - add from Unix box',0,NULL,1,'{\"sync_source\":\"Unix\",\"full_name\":\"sqoop\",\"original_name\":\"sqoop\"}'),(63,'2022-05-16 13:24:58','2022-05-16 13:24:58',2,2,'yarn','yarn - add from Unix box',0,NULL,1,'{\"sync_source\":\"Unix\",\"full_name\":\"yarn\",\"original_name\":\"yarn\"}'),(64,'2022-05-16 13:24:58','2022-05-16 13:24:58',2,2,'diego_deng','diego_deng - add from Unix box',0,NULL,1,'{\"sync_source\":\"Unix\",\"full_name\":\"diego_deng\",\"original_name\":\"diego_deng\"}'),(65,'2022-05-16 13:25:00','2022-05-16 13:25:00',1,1,'rangerlookup','rangerlookup',0,NULL,1,NULL),(66,'2022-05-16 13:25:09','2022-05-16 13:25:09',1,1,'beacon','beacon',0,NULL,1,NULL),(67,'2022-05-16 13:25:16','2022-05-16 13:25:16',1,1,'om','om',0,NULL,1,NULL),(68,'2022-05-16 13:25:18','2022-05-16 13:25:18',1,1,'mlgov','mlgov',0,NULL,1,NULL),(69,'2022-05-16 13:25:25','2022-05-16 13:25:25',1,1,'storm','storm',0,NULL,1,NULL),(70,'2022-05-16 14:04:05','2022-05-16 14:04:05',1,1,'cdpadmin','cdpadmin',0,NULL,1,NULL);
/*!40000 ALTER TABLE `x_user` ENABLE KEYS */;
UNLOCK TABLES;

--
-- Table structure for table `x_user_module_perm`
--

DROP TABLE IF EXISTS `x_user_module_perm`;
/*!40101 SET @saved_cs_client     = @@character_set_client */;
/*!40101 SET character_set_client = utf8 */;
CREATE TABLE `x_user_module_perm` (
  `id` bigint(20) NOT NULL AUTO_INCREMENT,
  `user_id` bigint(20) DEFAULT NULL,
  `module_id` bigint(20) DEFAULT NULL,
  `create_time` datetime DEFAULT NULL,
  `update_time` datetime DEFAULT NULL,
  `added_by_id` bigint(20) DEFAULT NULL,
  `upd_by_id` bigint(20) DEFAULT NULL,
  `is_allowed` int(11) NOT NULL DEFAULT 1,
  PRIMARY KEY (`id`),
  KEY `x_user_module_perm_idx_module_id` (`module_id`),
  KEY `x_user_module_perm_idx_user_id` (`user_id`),
  CONSTRAINT `x_user_module_perm_FK_module_id` FOREIGN KEY (`module_id`) REFERENCES `x_modules_master` (`id`) ON DELETE CASCADE ON UPDATE CASCADE,
  CONSTRAINT `x_user_module_perm_FK_user_id` FOREIGN KEY (`user_id`) REFERENCES `x_portal_user` (`id`) ON DELETE CASCADE ON UPDATE CASCADE
) ENGINE=InnoDB AUTO_INCREMENT=231 DEFAULT CHARSET=utf8 ROW_FORMAT=DYNAMIC;
/*!40101 SET character_set_client = @saved_cs_client */;

--
-- Dumping data for table `x_user_module_perm`
--

LOCK TABLES `x_user_module_perm` WRITE;
/*!40000 ALTER TABLE `x_user_module_perm` DISABLE KEYS */;
INSERT INTO `x_user_module_perm` VALUES (1,1,3,'2022-05-16 13:23:42','2022-05-16 13:23:42',1,1,1),(2,1,1,'2022-05-16 13:23:42','2022-05-16 13:23:42',1,1,1),(3,1,4,'2022-05-16 13:23:42','2022-05-16 13:23:42',1,1,1),(4,1,2,'2022-05-16 13:23:42','2022-05-16 13:23:42',1,1,1),(5,1,6,'2022-05-16 13:23:42','2022-05-16 13:23:42',1,1,1),(6,2,3,'2022-05-16 13:23:42','2022-05-16 13:23:42',1,1,1),(7,2,1,'2022-05-16 13:23:42','2022-05-16 13:23:42',1,1,1),(8,2,4,'2022-05-16 13:23:42','2022-05-16 13:23:42',1,1,1),(9,2,2,'2022-05-16 13:23:42','2022-05-16 13:23:42',1,1,1),(10,2,6,'2022-05-16 13:23:42','2022-05-16 13:23:42',1,1,1),(11,3,5,'2022-05-16 13:23:42','2022-05-16 13:23:42',1,1,1),(12,3,3,'2022-05-16 13:23:42','2022-05-16 13:23:42',1,1,1),(13,3,1,'2022-05-16 13:23:42','2022-05-16 13:23:42',1,1,1),(14,4,3,'2022-05-16 13:23:42','2022-05-16 13:23:42',1,1,1),(15,4,1,'2022-05-16 13:23:42','2022-05-16 13:23:42',1,1,1),(16,4,4,'2022-05-16 13:23:42','2022-05-16 13:23:42',1,1,1),(17,4,2,'2022-05-16 13:23:42','2022-05-16 13:23:42',1,1,1),(18,4,6,'2022-05-16 13:23:42','2022-05-16 13:23:42',1,1,1),(19,3,2,'2022-05-16 13:23:42','2022-05-16 13:23:42',1,1,1),(20,3,4,'2022-05-16 13:23:42','2022-05-16 13:23:42',1,1,1),(21,1,7,'2022-05-16 13:23:42','2022-05-16 13:23:42',1,1,1),(22,2,7,'2022-05-16 13:23:42','2022-05-16 13:23:42',1,1,1),(23,4,7,'2022-05-16 13:23:42','2022-05-16 13:23:42',1,1,1),(24,5,1,'2022-05-16 13:24:57','2022-05-16 13:24:57',2,2,1),(25,5,3,'2022-05-16 13:24:57','2022-05-16 13:24:57',2,2,1),(26,5,7,'2022-05-16 13:24:57','2022-05-16 13:24:57',2,2,1),(27,6,1,'2022-05-16 13:24:57','2022-05-16 13:24:57',2,2,1),(28,6,3,'2022-05-16 13:24:57','2022-05-16 13:24:57',2,2,1),(29,6,7,'2022-05-16 13:24:57','2022-05-16 13:24:57',2,2,1),(30,7,1,'2022-05-16 13:24:57','2022-05-16 13:24:57',2,2,1),(31,7,3,'2022-05-16 13:24:57','2022-05-16 13:24:57',2,2,1),(32,7,7,'2022-05-16 13:24:57','2022-05-16 13:24:57',2,2,1),(33,8,1,'2022-05-16 13:24:57','2022-05-16 13:24:57',2,2,1),(34,8,3,'2022-05-16 13:24:57','2022-05-16 13:24:57',2,2,1),(35,8,7,'2022-05-16 13:24:57','2022-05-16 13:24:57',2,2,1),(36,9,1,'2022-05-16 13:24:57','2022-05-16 13:24:57',2,2,1),(37,9,3,'2022-05-16 13:24:57','2022-05-16 13:24:57',2,2,1),(38,9,7,'2022-05-16 13:24:57','2022-05-16 13:24:57',2,2,1),(39,10,1,'2022-05-16 13:24:57','2022-05-16 13:24:57',2,2,1),(40,10,3,'2022-05-16 13:24:57','2022-05-16 13:24:57',2,2,1),(41,10,7,'2022-05-16 13:24:57','2022-05-16 13:24:57',2,2,1),(42,11,1,'2022-05-16 13:24:57','2022-05-16 13:24:57',2,2,1),(43,11,3,'2022-05-16 13:24:57','2022-05-16 13:24:57',2,2,1),(44,11,7,'2022-05-16 13:24:57','2022-05-16 13:24:57',2,2,1),(45,12,1,'2022-05-16 13:24:57','2022-05-16 13:24:57',2,2,1),(46,12,3,'2022-05-16 13:24:57','2022-05-16 13:24:57',2,2,1),(47,12,7,'2022-05-16 13:24:57','2022-05-16 13:24:57',2,2,1),(48,13,1,'2022-05-16 13:24:57','2022-05-16 13:24:57',2,2,1),(49,13,3,'2022-05-16 13:24:57','2022-05-16 13:24:57',2,2,1),(50,13,7,'2022-05-16 13:24:57','2022-05-16 13:24:57',2,2,1),(51,14,1,'2022-05-16 13:24:57','2022-05-16 13:24:57',2,2,1),(52,14,3,'2022-05-16 13:24:57','2022-05-16 13:24:57',2,2,1),(53,14,7,'2022-05-16 13:24:57','2022-05-16 13:24:57',2,2,1),(54,15,1,'2022-05-16 13:24:57','2022-05-16 13:24:57',2,2,1),(55,15,3,'2022-05-16 13:24:57','2022-05-16 13:24:57',2,2,1),(56,15,7,'2022-05-16 13:24:57','2022-05-16 13:24:57',2,2,1),(57,16,1,'2022-05-16 13:24:57','2022-05-16 13:24:57',2,2,1),(58,16,3,'2022-05-16 13:24:57','2022-05-16 13:24:57',2,2,1),(59,16,7,'2022-05-16 13:24:57','2022-05-16 13:24:57',2,2,1),(60,17,1,'2022-05-16 13:24:57','2022-05-16 13:24:57',2,2,1),(61,17,3,'2022-05-16 13:24:57','2022-05-16 13:24:57',2,2,1),(62,17,7,'2022-05-16 13:24:57','2022-05-16 13:24:57',2,2,1),(63,18,1,'2022-05-16 13:24:57','2022-05-16 13:24:57',2,2,1),(64,18,3,'2022-05-16 13:24:57','2022-05-16 13:24:57',2,2,1),(65,18,7,'2022-05-16 13:24:57','2022-05-16 13:24:57',2,2,1),(66,19,1,'2022-05-16 13:24:57','2022-05-16 13:24:57',2,2,1),(67,19,3,'2022-05-16 13:24:57','2022-05-16 13:24:57',2,2,1),(68,19,7,'2022-05-16 13:24:57','2022-05-16 13:24:57',2,2,1),(69,20,1,'2022-05-16 13:24:57','2022-05-16 13:24:57',2,2,1),(70,20,3,'2022-05-16 13:24:57','2022-05-16 13:24:57',2,2,1),(71,20,7,'2022-05-16 13:24:57','2022-05-16 13:24:57',2,2,1),(72,21,1,'2022-05-16 13:24:57','2022-05-16 13:24:57',2,2,1),(73,21,3,'2022-05-16 13:24:57','2022-05-16 13:24:57',2,2,1),(74,21,7,'2022-05-16 13:24:57','2022-05-16 13:24:57',2,2,1),(75,22,1,'2022-05-16 13:24:57','2022-05-16 13:24:57',2,2,1),(76,22,3,'2022-05-16 13:24:57','2022-05-16 13:24:57',2,2,1),(77,22,7,'2022-05-16 13:24:57','2022-05-16 13:24:57',2,2,1),(78,23,1,'2022-05-16 13:24:57','2022-05-16 13:24:57',2,2,1),(79,23,3,'2022-05-16 13:24:57','2022-05-16 13:24:57',2,2,1),(80,23,7,'2022-05-16 13:24:57','2022-05-16 13:24:57',2,2,1),(84,25,1,'2022-05-16 13:24:57','2022-05-16 13:24:57',2,2,1),(85,25,3,'2022-05-16 13:24:57','2022-05-16 13:24:57',2,2,1),(86,25,7,'2022-05-16 13:24:57','2022-05-16 13:24:57',2,2,1),(87,26,1,'2022-05-16 13:24:58','2022-05-16 13:24:58',2,2,1),(88,26,3,'2022-05-16 13:24:58','2022-05-16 13:24:58',2,2,1),(89,26,7,'2022-05-16 13:24:58','2022-05-16 13:24:58',2,2,1),(90,27,1,'2022-05-16 13:24:58','2022-05-16 13:24:58',2,2,1),(91,27,3,'2022-05-16 13:24:58','2022-05-16 13:24:58',2,2,1),(92,27,7,'2022-05-16 13:24:58','2022-05-16 13:24:58',2,2,1),(93,28,1,'2022-05-16 13:24:58','2022-05-16 13:24:58',2,2,1),(94,28,3,'2022-05-16 13:24:58','2022-05-16 13:24:58',2,2,1),(95,28,7,'2022-05-16 13:24:58','2022-05-16 13:24:58',2,2,1),(96,29,1,'2022-05-16 13:24:58','2022-05-16 13:24:58',2,2,1),(97,29,3,'2022-05-16 13:24:58','2022-05-16 13:24:58',2,2,1),(98,29,7,'2022-05-16 13:24:58','2022-05-16 13:24:58',2,2,1),(99,30,1,'2022-05-16 13:24:58','2022-05-16 13:24:58',2,2,1),(100,30,3,'2022-05-16 13:24:58','2022-05-16 13:24:58',2,2,1),(101,30,7,'2022-05-16 13:24:58','2022-05-16 13:24:58',2,2,1),(102,31,1,'2022-05-16 13:24:58','2022-05-16 13:24:58',2,2,1),(103,31,3,'2022-05-16 13:24:58','2022-05-16 13:24:58',2,2,1),(104,31,7,'2022-05-16 13:24:58','2022-05-16 13:24:58',2,2,1),(105,32,1,'2022-05-16 13:24:58','2022-05-16 13:24:58',2,2,1),(106,32,3,'2022-05-16 13:24:58','2022-05-16 13:24:58',2,2,1),(107,32,7,'2022-05-16 13:24:58','2022-05-16 13:24:58',2,2,1),(108,33,1,'2022-05-16 13:24:58','2022-05-16 13:24:58',2,2,1),(109,33,3,'2022-05-16 13:24:58','2022-05-16 13:24:58',2,2,1),(110,33,7,'2022-05-16 13:24:58','2022-05-16 13:24:58',2,2,1),(111,34,1,'2022-05-16 13:24:58','2022-05-16 13:24:58',2,2,1),(112,34,3,'2022-05-16 13:24:58','2022-05-16 13:24:58',2,2,1),(113,34,7,'2022-05-16 13:24:58','2022-05-16 13:24:58',2,2,1),(114,35,1,'2022-05-16 13:24:58','2022-05-16 13:24:58',2,2,1),(115,35,3,'2022-05-16 13:24:58','2022-05-16 13:24:58',2,2,1),(116,35,7,'2022-05-16 13:24:58','2022-05-16 13:24:58',2,2,1),(117,36,1,'2022-05-16 13:24:58','2022-05-16 13:24:58',2,2,1),(118,36,3,'2022-05-16 13:24:58','2022-05-16 13:24:58',2,2,1),(119,36,7,'2022-05-16 13:24:58','2022-05-16 13:24:58',2,2,1),(120,37,1,'2022-05-16 13:24:58','2022-05-16 13:24:58',2,2,1),(121,37,3,'2022-05-16 13:24:58','2022-05-16 13:24:58',2,2,1),(122,37,7,'2022-05-16 13:24:58','2022-05-16 13:24:58',2,2,1),(123,38,1,'2022-05-16 13:24:58','2022-05-16 13:24:58',2,2,1),(124,38,3,'2022-05-16 13:24:58','2022-05-16 13:24:58',2,2,1),(125,38,7,'2022-05-16 13:24:58','2022-05-16 13:24:58',2,2,1),(126,39,1,'2022-05-16 13:24:58','2022-05-16 13:24:58',2,2,1),(127,39,3,'2022-05-16 13:24:58','2022-05-16 13:24:58',2,2,1),(128,39,7,'2022-05-16 13:24:58','2022-05-16 13:24:58',2,2,1),(129,40,1,'2022-05-16 13:24:58','2022-05-16 13:24:58',2,2,1),(130,40,3,'2022-05-16 13:24:58','2022-05-16 13:24:58',2,2,1),(131,40,7,'2022-05-16 13:24:58','2022-05-16 13:24:58',2,2,1),(132,41,1,'2022-05-16 13:24:58','2022-05-16 13:24:58',2,2,1),(133,41,3,'2022-05-16 13:24:58','2022-05-16 13:24:58',2,2,1),(134,41,7,'2022-05-16 13:24:58','2022-05-16 13:24:58',2,2,1),(135,42,1,'2022-05-16 13:24:58','2022-05-16 13:24:58',2,2,1),(136,42,3,'2022-05-16 13:24:58','2022-05-16 13:24:58',2,2,1),(137,42,7,'2022-05-16 13:24:58','2022-05-16 13:24:58',2,2,1),(138,43,1,'2022-05-16 13:24:58','2022-05-16 13:24:58',2,2,1),(139,43,3,'2022-05-16 13:24:58','2022-05-16 13:24:58',2,2,1),(140,43,7,'2022-05-16 13:24:58','2022-05-16 13:24:58',2,2,1),(141,44,1,'2022-05-16 13:24:58','2022-05-16 13:24:58',2,2,1),(142,44,3,'2022-05-16 13:24:58','2022-05-16 13:24:58',2,2,1),(143,44,7,'2022-05-16 13:24:58','2022-05-16 13:24:58',2,2,1),(144,45,1,'2022-05-16 13:24:58','2022-05-16 13:24:58',2,2,1),(145,45,3,'2022-05-16 13:24:58','2022-05-16 13:24:58',2,2,1),(146,45,7,'2022-05-16 13:24:58','2022-05-16 13:24:58',2,2,1),(147,46,1,'2022-05-16 13:24:58','2022-05-16 13:24:58',2,2,1),(148,46,3,'2022-05-16 13:24:58','2022-05-16 13:24:58',2,2,1),(149,46,7,'2022-05-16 13:24:58','2022-05-16 13:24:58',2,2,1),(150,47,1,'2022-05-16 13:24:58','2022-05-16 13:24:58',2,2,1),(151,47,3,'2022-05-16 13:24:58','2022-05-16 13:24:58',2,2,1),(152,47,7,'2022-05-16 13:24:58','2022-05-16 13:24:58',2,2,1),(153,48,1,'2022-05-16 13:24:58','2022-05-16 13:24:58',2,2,1),(154,48,3,'2022-05-16 13:24:58','2022-05-16 13:24:58',2,2,1),(155,48,7,'2022-05-16 13:24:58','2022-05-16 13:24:58',2,2,1),(156,49,1,'2022-05-16 13:24:58','2022-05-16 13:24:58',2,2,1),(157,49,3,'2022-05-16 13:24:58','2022-05-16 13:24:58',2,2,1),(158,49,7,'2022-05-16 13:24:58','2022-05-16 13:24:58',2,2,1),(159,50,1,'2022-05-16 13:24:58','2022-05-16 13:24:58',2,2,1),(160,50,3,'2022-05-16 13:24:58','2022-05-16 13:24:58',2,2,1),(161,50,7,'2022-05-16 13:24:58','2022-05-16 13:24:58',2,2,1),(162,51,1,'2022-05-16 13:24:58','2022-05-16 13:24:58',2,2,1),(163,51,3,'2022-05-16 13:24:58','2022-05-16 13:24:58',2,2,1),(164,51,7,'2022-05-16 13:24:58','2022-05-16 13:24:58',2,2,1),(165,52,1,'2022-05-16 13:24:58','2022-05-16 13:24:58',2,2,1),(166,52,3,'2022-05-16 13:24:58','2022-05-16 13:24:58',2,2,1),(167,52,7,'2022-05-16 13:24:58','2022-05-16 13:24:58',2,2,1),(168,53,1,'2022-05-16 13:24:58','2022-05-16 13:24:58',2,2,1),(169,53,3,'2022-05-16 13:24:58','2022-05-16 13:24:58',2,2,1),(170,53,7,'2022-05-16 13:24:58','2022-05-16 13:24:58',2,2,1),(171,54,1,'2022-05-16 13:24:58','2022-05-16 13:24:58',2,2,1),(172,54,3,'2022-05-16 13:24:58','2022-05-16 13:24:58',2,2,1),(173,54,7,'2022-05-16 13:24:58','2022-05-16 13:24:58',2,2,1),(177,56,1,'2022-05-16 13:24:58','2022-05-16 13:24:58',2,2,1),(178,56,3,'2022-05-16 13:24:58','2022-05-16 13:24:58',2,2,1),(179,56,7,'2022-05-16 13:24:58','2022-05-16 13:24:58',2,2,1),(180,57,1,'2022-05-16 13:24:58','2022-05-16 13:24:58',2,2,1),(181,57,3,'2022-05-16 13:24:58','2022-05-16 13:24:58',2,2,1),(182,57,7,'2022-05-16 13:24:58','2022-05-16 13:24:58',2,2,1),(183,58,1,'2022-05-16 13:24:58','2022-05-16 13:24:58',2,2,1),(184,58,3,'2022-05-16 13:24:58','2022-05-16 13:24:58',2,2,1),(185,58,7,'2022-05-16 13:24:58','2022-05-16 13:24:58',2,2,1),(186,59,1,'2022-05-16 13:24:58','2022-05-16 13:24:58',2,2,1),(187,59,3,'2022-05-16 13:24:58','2022-05-16 13:24:58',2,2,1),(188,59,7,'2022-05-16 13:24:58','2022-05-16 13:24:58',2,2,1),(189,60,1,'2022-05-16 13:24:58','2022-05-16 13:24:58',2,2,1),(190,60,3,'2022-05-16 13:24:58','2022-05-16 13:24:58',2,2,1),(191,60,7,'2022-05-16 13:24:58','2022-05-16 13:24:58',2,2,1),(192,61,1,'2022-05-16 13:24:58','2022-05-16 13:24:58',2,2,1),(193,61,3,'2022-05-16 13:24:58','2022-05-16 13:24:58',2,2,1),(194,61,7,'2022-05-16 13:24:58','2022-05-16 13:24:58',2,2,1),(195,62,1,'2022-05-16 13:24:58','2022-05-16 13:24:58',2,2,1),(196,62,3,'2022-05-16 13:24:58','2022-05-16 13:24:58',2,2,1),(197,62,7,'2022-05-16 13:24:58','2022-05-16 13:24:58',2,2,1),(198,63,1,'2022-05-16 13:25:00','2022-05-16 13:25:00',1,1,1),(199,63,3,'2022-05-16 13:25:00','2022-05-16 13:25:00',1,1,1),(200,63,7,'2022-05-16 13:25:00','2022-05-16 13:25:00',1,1,1),(201,64,1,'2022-05-16 13:25:09','2022-05-16 13:25:09',1,1,1),(202,64,3,'2022-05-16 13:25:09','2022-05-16 13:25:09',1,1,1),(203,64,7,'2022-05-16 13:25:09','2022-05-16 13:25:09',1,1,1),(204,65,1,'2022-05-16 13:25:16','2022-05-16 13:25:16',1,1,1),(205,65,3,'2022-05-16 13:25:16','2022-05-16 13:25:16',1,1,1),(206,65,7,'2022-05-16 13:25:16','2022-05-16 13:25:16',1,1,1),(207,66,1,'2022-05-16 13:25:18','2022-05-16 13:25:18',1,1,1),(208,66,3,'2022-05-16 13:25:18','2022-05-16 13:25:18',1,1,1),(209,66,7,'2022-05-16 13:25:18','2022-05-16 13:25:18',1,1,1),(210,67,1,'2022-05-16 13:25:25','2022-05-16 13:25:25',1,1,1),(211,67,3,'2022-05-16 13:25:25','2022-05-16 13:25:25',1,1,1),(212,67,7,'2022-05-16 13:25:25','2022-05-16 13:25:25',1,1,1),(213,68,3,'2022-05-16 14:04:05','2022-05-16 14:04:05',1,1,1),(214,68,1,'2022-05-16 14:04:05','2022-05-16 14:04:05',1,1,1),(215,68,4,'2022-05-16 14:04:05','2022-05-16 14:04:05',1,1,1),(216,68,2,'2022-05-16 14:04:05','2022-05-16 14:04:05',1,1,1),(217,68,6,'2022-05-16 14:04:05','2022-05-16 14:04:05',1,1,1),(218,68,7,'2022-05-16 14:04:05','2022-05-16 14:04:05',1,1,1),(219,55,3,'2022-05-16 14:05:48','2022-05-16 14:05:48',68,68,1),(220,55,1,'2022-05-16 14:05:48','2022-05-16 14:05:48',68,68,1),(221,55,4,'2022-05-16 14:05:48','2022-05-16 14:05:48',68,68,1),(222,55,2,'2022-05-16 14:05:48','2022-05-16 14:05:48',68,68,1),(223,55,6,'2022-05-16 14:05:48','2022-05-16 14:05:48',68,68,1),(224,55,7,'2022-05-16 14:05:48','2022-05-16 14:05:48',68,68,1),(225,24,3,'2022-05-16 14:06:28','2022-05-16 14:06:28',68,68,1),(226,24,1,'2022-05-16 14:06:28','2022-05-16 14:06:28',68,68,1),(227,24,4,'2022-05-16 14:06:28','2022-05-16 14:06:28',68,68,1),(228,24,2,'2022-05-16 14:06:28','2022-05-16 14:06:28',68,68,1),(229,24,6,'2022-05-16 14:06:28','2022-05-16 14:06:28',68,68,1),(230,24,7,'2022-05-16 14:06:28','2022-05-16 14:06:28',68,68,1);
/*!40000 ALTER TABLE `x_user_module_perm` ENABLE KEYS */;
UNLOCK TABLES;

--
-- Table structure for table `xa_access_audit`
--

DROP TABLE IF EXISTS `xa_access_audit`;
/*!40101 SET @saved_cs_client     = @@character_set_client */;
/*!40101 SET character_set_client = utf8 */;
CREATE TABLE `xa_access_audit` (
  `id` bigint(20) NOT NULL AUTO_INCREMENT,
  `create_time` datetime DEFAULT NULL,
  `update_time` datetime DEFAULT NULL,
  `added_by_id` bigint(20) DEFAULT NULL,
  `upd_by_id` bigint(20) DEFAULT NULL,
  `audit_type` int(11) NOT NULL DEFAULT 0,
  `access_result` int(11) DEFAULT 0,
  `access_type` varchar(255) DEFAULT NULL,
  `acl_enforcer` varchar(255) DEFAULT NULL,
  `agent_id` varchar(255) DEFAULT NULL,
  `client_ip` varchar(255) DEFAULT NULL,
  `client_type` varchar(255) DEFAULT NULL,
  `policy_id` bigint(20) DEFAULT 0,
  `repo_name` varchar(255) DEFAULT NULL,
  `repo_type` int(11) DEFAULT 0,
  `result_reason` varchar(255) DEFAULT NULL,
  `session_id` varchar(255) DEFAULT NULL,
  `event_time` datetime DEFAULT NULL,
  `request_user` varchar(255) DEFAULT NULL,
  `action` varchar(2000) DEFAULT NULL,
  `request_data` varchar(2000) DEFAULT NULL,
  `resource_path` varchar(2000) DEFAULT NULL,
  `resource_type` varchar(255) DEFAULT NULL,
  PRIMARY KEY (`id`),
  KEY `xa_access_audit_added_by_id` (`added_by_id`),
  KEY `xa_access_audit_upd_by_id` (`upd_by_id`),
  KEY `xa_access_audit_cr_time` (`create_time`),
  KEY `xa_access_audit_up_time` (`update_time`),
  KEY `xa_access_audit_event_time` (`event_time`)
) ENGINE=InnoDB DEFAULT CHARSET=utf8 ROW_FORMAT=DYNAMIC;
/*!40101 SET character_set_client = @saved_cs_client */;

--
-- Dumping data for table `xa_access_audit`
--

LOCK TABLES `xa_access_audit` WRITE;
/*!40000 ALTER TABLE `xa_access_audit` DISABLE KEYS */;
/*!40000 ALTER TABLE `xa_access_audit` ENABLE KEYS */;
UNLOCK TABLES;

--
-- Final view structure for view `vx_trx_log`
--

/*!50001 DROP TABLE IF EXISTS `vx_trx_log`*/;
/*!50001 DROP VIEW IF EXISTS `vx_trx_log`*/;
/*!50001 SET @saved_cs_client          = @@character_set_client */;
/*!50001 SET @saved_cs_results         = @@character_set_results */;
/*!50001 SET @saved_col_connection     = @@collation_connection */;
/*!50001 SET character_set_client      = latin1 */;
/*!50001 SET character_set_results     = latin1 */;
/*!50001 SET collation_connection      = latin1_swedish_ci */;
/*!50001 CREATE ALGORITHM=UNDEFINED */
/*!50013 DEFINER=`rangeradmin`@`%` SQL SECURITY DEFINER */
/*!50001 VIEW `vx_trx_log` AS select `x_trx_log`.`id` AS `id`,`x_trx_log`.`create_time` AS `create_time`,`x_trx_log`.`update_time` AS `update_time`,`x_trx_log`.`added_by_id` AS `added_by_id`,`x_trx_log`.`upd_by_id` AS `upd_by_id`,`x_trx_log`.`class_type` AS `class_type`,`x_trx_log`.`object_id` AS `object_id`,`x_trx_log`.`parent_object_id` AS `parent_object_id`,`x_trx_log`.`parent_object_class_type` AS `parent_object_class_type`,`x_trx_log`.`attr_name` AS `attr_name`,`x_trx_log`.`parent_object_name` AS `parent_object_name`,`x_trx_log`.`object_name` AS `object_name`,`x_trx_log`.`prev_val` AS `prev_val`,`x_trx_log`.`new_val` AS `new_val`,`x_trx_log`.`trx_id` AS `trx_id`,`x_trx_log`.`action` AS `action`,`x_trx_log`.`sess_id` AS `sess_id`,`x_trx_log`.`req_id` AS `req_id`,`x_trx_log`.`sess_type` AS `sess_type` from `x_trx_log` where `x_trx_log`.`id` in (select min(`x_trx_log`.`id`) from `x_trx_log` group by `x_trx_log`.`trx_id`) */;
/*!50001 SET character_set_client      = @saved_cs_client */;
/*!50001 SET character_set_results     = @saved_cs_results */;
/*!50001 SET collation_connection      = @saved_col_connection */;
/*!40103 SET TIME_ZONE=@OLD_TIME_ZONE */;

/*!40101 SET SQL_MODE=@OLD_SQL_MODE */;
/*!40014 SET FOREIGN_KEY_CHECKS=@OLD_FOREIGN_KEY_CHECKS */;
/*!40014 SET UNIQUE_CHECKS=@OLD_UNIQUE_CHECKS */;
/*!40101 SET CHARACTER_SET_CLIENT=@OLD_CHARACTER_SET_CLIENT */;
/*!40101 SET CHARACTER_SET_RESULTS=@OLD_CHARACTER_SET_RESULTS */;
/*!40101 SET COLLATION_CONNECTION=@OLD_COLLATION_CONNECTION */;
/*!40111 SET SQL_NOTES=@OLD_SQL_NOTES */;

-- Dump completed on 2022-05-18  3:33:41
